polled_at_utc,station_id,num_bikes_available,num_docks_available,is_renting,is_returning,is_installed,last_reported
2026-09-16T02:10:47+00:00,6026,7,26,True,True,True,1789524644
2026-09-16T02:10:47+00:00,5431,12,8,True,True,True,1789524644
2026-09-16T02:10:47+00:00,5424,0,18,True,True,True,1789524644
2026-09-16T02:10:47+00:00,5220,1,19,True,True,True,1789524644
2026-09-16T02:10:47+00:00,5217,18,12,True,True,True,1789524644
2026-09-16T02:10:47+00:00,5113,4,10,True,True,True,1789524644
2026-09-16T02:10:47+00:00,4683,2,17,True,True,True,1789524644
2026-09-16T02:10:47+00:00,4552,10,7,True,True,True,1789524644
2026-09-16T02:10:47+00:00,3725,5,13,True,True,True,1789524644
2026-09-16T02:10:47+00:00,2358,9,4,True,True,True,1789524644
2026-09-16T02:10:47+00:00,2357,5,18,True,True,True,1789524644
2026-09-16T02:10:47+00:00,2355,11,1,True,True,True,1789524644
2026-09-16T02:10:47+00:00,2351,0,16,True,True,True,1789524644
2026-09-16T02:10:47+00:00,2350,5,18,True,True,True,1789524644
2026-09-16T02:10:47+00:00,2349,6,15,True,True,True,1789524644
2026-09-16T02:10:47+00:00,2347,17,13,True,True,True,1789524644
2026-09-16T02:10:47+00:00,2340,0,21,True,True,True,1789524644
2026-09-16T02:10:47+00:00,2339,7,21,True,True,True,1789524644
2026-09-16T02:10:47+00:00,2337,12,3,True,True,True,1789524644
2026-09-16T02:10:47+00:00,2334,0,11,True,True,True,1789524644
2026-09-16T02:10:47+00:00,2333,14,1,True,True,True,1789524644
2026-09-16T02:10:47+00:00,2332,2,10,True,True,True,1789524644
2026-09-16T02:10:47+00:00,2330,11,2,True,True,True,1789524644
2026-09-16T02:10:47+00:00,2329,13,2,True,True,True,1789524644
2026-09-16T02:10:47+00:00,2328,8,11,True,True,True,1789524644
2026-09-16T02:10:47+00:00,2315,11,6,True,True,True,1789524644
2026-09-16T02:10:47+00:00,2308,0,7,True,True,True,1789524644
2026-09-16T02:10:47+00:00,2307,1,29,True,True,True,1789524644
2026-09-16T02:10:47+00:00,2306,17,1,True,True,True,1789524644
2026-09-16T02:10:47+00:00,2305,3,11,True,True,True,1789524644
2026-09-16T02:10:47+00:00,2304,11,7,True,True,True,1789524644
2026-09-16T02:10:47+00:00,2280,10,1,True,True,True,1789524644
2026-09-16T02:10:47+00:00,2270,12,8,True,True,True,1789524644
2026-09-16T02:10:47+00:00,1919,4,2,True,True,True,1789524644
2026-09-16T02:10:47+00:00,1755,11,20,True,True,True,1789524644
2026-09-16T02:10:47+00:00,1101,9,13,True,True,True,1789524644
2026-09-16T02:10:47+00:00,1023,12,3,True,True,True,1789524644
2026-09-16T02:10:47+00:00,1009,2,7,True,True,True,1789524644
2026-09-16T02:10:47+00:00,970,20,4,True,True,True,1789524644
2026-09-16T02:10:47+00:00,787,7,5,True,True,True,1789524644
2026-09-16T02:10:47+00:00,627,10,20,True,True,True,1789524644
2026-09-16T02:10:47+00:00,623,4,15,True,True,True,1789524644
2026-09-16T02:10:47+00:00,624,11,8,True,True,True,1789524644
2026-09-16T02:10:47+00:00,626,6,16,True,True,True,1789524644
2026-09-16T02:10:47+00:00,614,0,23,True,True,True,1789524644
2026-09-16T02:10:47+00:00,616,13,2,True,True,True,1789524644
2026-09-16T02:10:47+00:00,618,0,39,True,True,True,1789524644
2026-09-16T02:10:47+00:00,621,2,23,True,True,True,1789524644
2026-09-16T02:10:47+00:00,622,2,23,True,True,True,1789524644
2026-09-16T02:10:47+00:00,613,10,8,True,True,True,1789524644
2026-09-16T02:10:47+00:00,620,7,33,True,True,True,1789524644
2026-09-16T02:10:47+00:00,596,9,8,True,True,True,1789524644
2026-09-16T02:10:47+00:00,617,7,10,True,True,True,1789524644
2026-09-16T02:10:47+00:00,609,21,6,True,True,True,1789524644
2026-09-16T02:10:47+00:00,607,15,10,True,True,True,1789524644
2026-09-16T02:10:47+00:00,603,2,15,True,True,True,1789524644
2026-09-16T02:10:47+00:00,590,18,19,True,True,True,1789524644
2026-09-16T02:10:47+00:00,610,5,15,True,True,True,1789524644
2026-09-16T02:10:47+00:00,608,2,18,True,True,True,1789524644
2026-09-16T02:10:47+00:00,593,1,29,True,True,True,1789524644
2026-09-16T02:10:47+00:00,530,4,4,True,True,True,1789524644
2026-09-16T02:10:47+00:00,463,4,15,True,True,True,1789524644
2026-09-16T02:10:47+00:00,475,16,8,True,True,True,1789524644
2026-09-16T02:10:47+00:00,439,4,21,True,True,True,1789524644
2026-09-16T02:10:47+00:00,600,10,0,True,True,True,1789524644
2026-09-16T02:10:47+00:00,440,9,7,True,True,True,1789524644
2026-09-16T02:10:47+00:00,612,1,16,True,True,True,1789524644
2026-09-16T02:10:47+00:00,491,16,2,True,True,True,1789524644
2026-09-16T02:10:47+00:00,493,12,12,True,True,True,1789524644
2026-09-16T02:10:47+00:00,410,5,21,True,True,True,1789524644
2026-09-16T02:10:47+00:00,605,12,5,True,True,True,1789524644
2026-09-16T02:10:47+00:00,388,5,13,True,True,True,1789524644
2026-09-16T02:10:47+00:00,591,0,24,True,True,True,1789524644
2026-09-16T02:10:47+00:00,592,1,16,True,True,True,1789524644
2026-09-16T02:10:47+00:00,585,13,3,True,True,True,1789524644
2026-09-16T02:10:47+00:00,565,3,14,True,True,True,1789524644
2026-09-16T02:10:47+00:00,571,12,8,True,True,True,1789524644
2026-09-16T02:10:47+00:00,568,1,13,True,True,True,1789524644
2026-09-16T02:10:47+00:00,588,2,16,True,True,True,1789524644
2026-09-16T02:10:47+00:00,584,8,26,True,True,True,1789524644
2026-09-16T02:10:47+00:00,569,10,19,True,True,True,1789524644
2026-09-16T02:10:47+00:00,577,23,7,True,True,True,1789524644
2026-09-16T02:10:47+00:00,564,3,26,True,True,True,1789524644
2026-09-16T02:10:47+00:00,570,1,13,True,True,True,1789524644
2026-09-16T02:10:47+00:00,572,15,23,True,True,True,1789524644
2026-09-16T02:10:47+00:00,586,24,0,True,True,True,1789524644
2026-09-16T02:10:47+00:00,576,4,14,True,True,True,1789524644
2026-09-16T02:10:47+00:00,566,11,13,True,True,True,1789524644
2026-09-16T02:10:47+00:00,602,1,16,True,True,True,1789524644
2026-09-16T02:10:47+00:00,575,0,28,True,True,True,1789524644
2026-09-16T02:10:47+00:00,567,3,33,True,True,True,1789524644
2026-09-16T02:10:47+00:00,582,12,14,True,True,True,1789524644
2026-09-16T02:10:47+00:00,595,18,4,True,True,True,1789524644
2026-09-16T02:10:47+00:00,542,8,10,True,True,True,1789524644
2026-09-16T02:10:47+00:00,563,17,0,True,True,True,1789524644
2026-09-16T02:10:47+00:00,558,3,11,True,True,True,1789524644
2026-09-16T02:10:47+00:00,552,15,3,True,True,True,1789524644
2026-09-16T02:10:47+00:00,555,3,10,True,True,True,1789524644
2026-09-16T02:10:47+00:00,573,6,18,True,True,True,1789524644
2026-09-16T02:10:47+00:00,561,1,19,True,True,True,1789524644
2026-09-16T02:10:47+00:00,615,14,7,True,True,True,1789524644
2026-09-16T02:10:47+00:00,543,0,18,True,True,True,1789524644
2026-09-16T02:10:47+00:00,554,1,19,True,True,True,1789524644
2026-09-16T02:10:47+00:00,574,0,12,True,True,True,1789524644
2026-09-16T02:10:47+00:00,560,2,6,True,True,True,1789524644
2026-09-16T02:10:47+00:00,548,6,10,True,True,True,1789524644
2026-09-16T02:10:47+00:00,559,8,8,True,True,True,1789524644
2026-09-16T02:10:47+00:00,545,5,33,True,True,True,1789524644
2026-09-16T02:10:47+00:00,550,1,8,True,True,True,1789524644
2026-09-16T02:10:47+00:00,541,6,3,True,True,True,1789524644
2026-09-16T02:10:47+00:00,527,5,6,True,True,True,1789524644
2026-09-16T02:10:47+00:00,529,1,18,True,True,True,1789524644
2026-09-16T02:10:47+00:00,526,5,10,True,True,True,1789524644
2026-09-16T02:10:47+00:00,537,12,5,True,True,True,1789524644
2026-09-16T02:10:47+00:00,547,27,3,True,True,True,1789524644
2026-09-16T02:10:47+00:00,601,1,17,True,True,True,1789524644
2026-09-16T02:10:47+00:00,533,6,6,True,True,True,1789524644
2026-09-16T02:10:47+00:00,535,1,24,True,True,True,1789524644
2026-09-16T02:10:47+00:00,524,0,20,True,True,True,1789524644
2026-09-16T02:10:47+00:00,519,11,11,True,True,True,1789524644
2026-09-16T02:10:47+00:00,534,0,38,True,True,True,1789524644
2026-09-16T02:10:47+00:00,521,0,4,True,True,True,1789524644
2026-09-16T02:10:47+00:00,518,1,16,True,True,True,1789524644
2026-09-16T02:10:47+00:00,556,0,18,True,True,True,1789524644
2026-09-16T02:10:47+00:00,525,0,14,True,True,True,1789524644
2026-09-16T02:10:47+00:00,517,0,14,True,True,True,1789524644
2026-09-16T02:10:47+00:00,523,14,16,True,True,True,1789524644
2026-09-16T02:10:47+00:00,522,7,0,True,True,True,1789524644
2026-09-16T02:10:47+00:00,594,12,7,True,True,True,1789524644
2026-09-16T02:10:47+00:00,532,0,19,True,True,True,1789524644
2026-09-16T02:10:47+00:00,509,3,9,True,True,True,1789524644
2026-09-16T02:10:47+00:00,531,1,14,True,True,True,1789524644
2026-09-16T02:10:47+00:00,536,1,6,True,True,True,1789524644
2026-09-16T02:10:47+00:00,562,3,34,True,True,True,1789524644
2026-09-16T02:10:47+00:00,511,15,5,True,True,True,1789524644
2026-09-16T02:10:47+00:00,505,2,15,True,True,True,1789524644
2026-09-16T02:10:47+00:00,501,0,17,True,True,True,1789524644
2026-09-16T02:10:47+00:00,514,1,11,True,True,True,1789524644
2026-09-16T02:10:47+00:00,500,6,11,True,True,True,1789524644
2026-09-16T02:10:47+00:00,503,26,3,True,True,True,1789524644
2026-09-16T02:10:47+00:00,513,0,13,True,True,True,1789524644
2026-09-16T02:10:47+00:00,498,3,8,True,True,True,1789524644
2026-09-16T02:10:47+00:00,507,9,10,True,True,True,1789524644
2026-09-16T02:10:47+00:00,512,12,12,True,True,True,1789524644
2026-09-16T02:10:47+00:00,619,1,41,True,True,True,1789524644
2026-09-16T02:10:47+00:00,474,11,30,True,True,True,1789524644
2026-09-16T02:10:47+00:00,580,25,16,True,True,True,1789524644
2026-09-16T02:10:47+00:00,496,0,41,True,True,True,1789524644
2026-09-16T02:10:47+00:00,482,2,16,True,True,True,1789524644
2026-09-16T02:10:47+00:00,407,11,0,True,True,True,1789524644
2026-09-16T02:10:47+00:00,409,6,15,True,True,True,1789524644
2026-09-16T02:10:47+00:00,451,3,16,True,True,True,1789524644
2026-09-16T02:10:47+00:00,402,2,15,True,True,True,1789524644
2026-09-16T02:10:47+00:00,516,2,12,True,True,True,1789524644
2026-09-16T02:10:47+00:00,625,4,38,True,True,True,1789524644
2026-09-16T02:10:47+00:00,429,16,4,True,True,True,1789524644
2026-09-16T02:10:47+00:00,380,10,10,True,True,True,1789524644
2026-09-16T02:10:47+00:00,583,9,8,True,True,True,1789524644
2026-09-16T02:10:47+00:00,398,4,10,True,True,True,1789524644
2026-09-16T02:10:47+00:00,381,14,0,True,True,True,1789524644
2026-09-16T02:10:47+00:00,464,10,33,True,True,True,1789524644
2026-09-16T02:10:47+00:00,442,13,1,True,True,True,1789524644
2026-09-16T02:10:47+00:00,483,10,11,True,True,True,1789524644
2026-09-16T02:10:47+00:00,458,0,14,True,True,True,1789524644
2026-09-16T02:10:47+00:00,499,7,8,True,True,True,1789524644
2026-09-16T02:10:47+00:00,472,7,16,True,True,True,1789524644
2026-09-16T02:10:47+00:00,506,3,23,True,True,True,1789524644
2026-09-16T02:10:47+00:00,465,0,10,True,True,True,1789524644
2026-09-16T02:10:47+00:00,611,12,27,True,True,True,1789524644
2026-09-16T02:10:47+00:00,404,6,18,True,True,True,1789524644
2026-09-16T02:10:47+00:00,579,9,6,True,True,True,1789524644
2026-09-16T02:10:47+00:00,589,7,16,True,True,True,1789524644
2026-09-16T02:10:47+00:00,434,0,15,True,True,True,1789524644
2026-09-16T02:10:47+00:00,462,2,11,True,True,True,1789524644
2026-09-16T02:10:47+00:00,578,4,20,True,True,True,1789524644
2026-09-16T02:10:47+00:00,415,0,11,True,True,True,1789524644
2026-09-16T02:10:47+00:00,423,13,6,True,True,True,1789524644
2026-09-16T02:10:47+00:00,412,7,1,True,True,True,1789524644
2026-09-16T02:10:47+00:00,387,10,5,True,True,True,1789524644
2026-09-16T02:10:47+00:00,441,2,12,True,True,True,1789524644
2026-09-16T02:10:47+00:00,454,3,16,True,True,True,1789524644
2026-09-16T02:10:47+00:00,436,2,9,True,True,True,1789524644
2026-09-16T02:10:47+00:00,394,1,17,True,True,True,1789524644
2026-09-16T02:10:47+00:00,497,18,9,True,True,True,1789524644
2026-09-16T02:10:47+00:00,581,16,4,True,True,True,1789524644
2026-09-16T02:10:47+00:00,461,0,20,True,True,True,1789524644
2026-09-16T02:10:47+00:00,599,20,28,True,True,True,1789524644
2026-09-16T02:10:47+00:00,428,8,15,True,True,True,1789524644
2026-09-16T02:10:47+00:00,400,3,21,True,True,True,1789524644
2026-09-16T02:10:47+00:00,487,0,19,True,True,True,1789524644
2026-09-16T02:10:47+00:00,438,19,20,True,True,True,1789524644
2026-09-16T02:10:47+00:00,459,0,8,True,True,True,1789524644
2026-09-16T02:10:47+00:00,433,5,13,True,True,True,1789524644
2026-09-16T02:10:47+00:00,399,17,11,True,True,True,1789524644
2026-09-16T02:10:47+00:00,489,0,28,True,True,True,1789524644
2026-09-16T02:10:47+00:00,742,22,6,True,True,True,1789524644
2026-09-16T02:10:47+00:00,551,30,2,True,True,True,1789524644
2026-09-16T02:10:47+00:00,406,3,4,True,True,True,1789524644
2026-09-16T02:10:47+00:00,488,12,11,True,True,True,1789524644
2026-09-16T02:10:47+00:00,540,0,35,True,True,True,1789524644
2026-09-16T02:10:47+00:00,431,5,10,True,True,True,1789524644
2026-09-16T02:10:47+00:00,393,3,16,True,True,True,1789524644
2026-09-16T02:10:47+00:00,420,1,18,True,True,True,1789524644
2026-09-16T02:10:47+00:00,397,16,15,True,True,True,1789524644
2026-09-16T02:10:47+00:00,390,17,13,True,True,True,1789524644
2026-09-16T02:10:47+00:00,449,9,15,True,True,True,1789524644
2026-09-16T02:10:47+00:00,430,7,35,True,True,True,1789524644
2026-09-16T02:10:47+00:00,484,18,14,True,True,True,1789524644
2026-09-16T02:10:47+00:00,479,9,20,True,True,True,1789524644
2026-09-16T02:10:47+00:00,403,4,10,True,True,True,1789524644
2026-09-16T02:10:47+00:00,435,1,27,True,True,True,1789524644
2026-09-16T02:10:47+00:00,426,3,17,True,True,True,1789524644
2026-09-16T02:10:47+00:00,450,1,13,True,True,True,1789524644
2026-09-16T02:10:47+00:00,456,10,22,True,True,True,1789524644
2026-09-16T02:10:47+00:00,468,12,1,True,True,True,1789524644
2026-09-16T02:10:47+00:00,453,0,30,True,True,True,1789524644
2026-09-16T02:10:47+00:00,466,1,13,True,True,True,1789524644
2026-09-16T02:10:47+00:00,469,1,27,True,True,True,1789524644
2026-09-16T02:10:47+00:00,416,2,13,True,True,True,1789524644
2026-09-16T02:10:47+00:00,391,3,10,True,True,True,1789524644
2026-09-16T02:10:47+00:00,389,2,14,True,True,True,1789524644
2026-09-16T02:10:47+00:00,470,3,11,True,True,True,1789524644
2026-09-16T02:10:47+00:00,384,9,7,True,True,True,1789524644
2026-09-16T02:10:47+00:00,425,3,5,True,True,True,1789524644
2026-09-16T02:10:47+00:00,411,1,10,True,True,True,1789524644
2026-09-16T02:10:47+00:00,598,7,24,True,True,True,1789524644
2026-09-16T02:10:47+00:00,444,16,1,True,True,True,1789524644
2026-09-16T02:10:47+00:00,447,6,24,True,True,True,1789524644
2026-09-16T02:10:47+00:00,408,6,7,True,True,True,1789524644
2026-09-16T02:10:47+00:00,737,22,1,True,True,True,1789524644
2026-09-16T02:10:47+00:00,432,6,5,True,True,True,1789524644
2026-09-16T02:10:47+00:00,401,4,2,True,True,True,1789524644
2026-09-16T02:10:47+00:00,452,0,30,True,True,True,1789524644
2026-09-16T02:10:47+00:00,392,1,7,True,True,True,1789524644
2026-09-16T02:10:47+00:00,481,8,34,True,True,True,1789524644
2026-09-16T02:10:47+00:00,495,16,24,True,True,True,1789524644
2026-09-16T02:10:47+00:00,478,3,8,True,True,True,1789524644
2026-09-16T02:10:47+00:00,414,7,3,True,True,True,1789524644
2026-09-16T02:10:47+00:00,476,6,11,True,True,True,1789524644
2026-09-16T02:10:47+00:00,445,11,6,True,True,True,1789524644
2026-09-16T02:10:47+00:00,748,2,27,True,True,True,1789524644
2026-09-16T02:10:47+00:00,473,1,6,True,True,True,1789524644
2026-09-16T02:10:47+00:00,383,20,8,True,True,True,1789524644
2026-09-16T02:10:47+00:00,480,24,0,True,True,True,1789524644
2026-09-16T02:10:47+00:00,421,13,8,True,True,True,1789524644
2026-09-16T02:10:47+00:00,746,4,5,True,True,True,1789524644
2026-09-16T02:10:47+00:00,417,1,10,True,True,True,1789524644
2026-09-16T02:10:47+00:00,427,2,10,True,True,True,1789524644
2026-09-16T02:10:47+00:00,395,0,13,True,True,True,1789524644
2026-09-16T02:10:47+00:00,418,2,25,True,True,True,1789524644
2026-09-16T02:10:47+00:00,413,3,10,True,True,True,1789524644
2026-09-16T02:10:47+00:00,486,4,19,True,True,True,1789524644
2026-09-16T02:10:47+00:00,597,9,1,True,True,True,1789524644
2026-09-16T02:10:47+00:00,422,2,10,True,True,True,1789524644
2026-09-16T02:10:47+00:00,382,6,3,True,True,True,1789524644
2026-09-16T02:10:47+00:00,396,16,5,True,True,True,1789524644
2026-09-16T02:10:47+00:00,735,12,0,True,True,True,1789524644
2026-09-16T02:10:47+00:00,437,0,24,True,True,True,1789524644
2026-09-16T02:10:47+00:00,446,5,16,True,True,True,1789524644
2026-09-16T02:10:47+00:00,424,0,9,True,True,True,1789524644
2026-09-16T02:10:47+00:00,455,6,6,True,True,True,1789524644
2026-09-16T02:10:47+00:00,457,3,6,True,True,True,1789524644
2026-09-16T02:10:47+00:00,377,13,13,True,True,True,1789524644
2026-09-16T02:10:47+00:00,738,7,5,True,True,True,1789524644
2026-09-16T02:10:47+00:00,460,17,11,True,True,True,1789524644
2026-09-16T02:10:47+00:00,744,6,0,True,True,True,1789524644
2026-09-16T02:10:47+00:00,485,6,8,True,True,True,1789524644
2026-09-16T02:25:47+00:00,6026,7,26,True,True,True,1789525540
2026-09-16T02:25:47+00:00,5431,12,8,True,True,True,1789525540
2026-09-16T02:25:47+00:00,5424,0,18,True,True,True,1789525540
2026-09-16T02:25:47+00:00,5220,1,19,True,True,True,1789525540
2026-09-16T02:25:47+00:00,5217,18,12,True,True,True,1789525540
2026-09-16T02:25:47+00:00,5113,4,10,True,True,True,1789525540
2026-09-16T02:25:47+00:00,4683,2,17,True,True,True,1789525540
2026-09-16T02:25:47+00:00,4552,10,7,True,True,True,1789525540
2026-09-16T02:25:47+00:00,3725,5,13,True,True,True,1789525540
2026-09-16T02:25:47+00:00,2358,9,4,True,True,True,1789525540
2026-09-16T02:25:47+00:00,2357,5,18,True,True,True,1789525540
2026-09-16T02:25:47+00:00,2355,11,1,True,True,True,1789525540
2026-09-16T02:25:47+00:00,2351,0,16,True,True,True,1789525540
2026-09-16T02:25:47+00:00,2350,5,18,True,True,True,1789525540
2026-09-16T02:25:47+00:00,2349,6,15,True,True,True,1789525540
2026-09-16T02:25:47+00:00,2347,17,13,True,True,True,1789525540
2026-09-16T02:25:47+00:00,2340,0,21,True,True,True,1789525540
2026-09-16T02:25:47+00:00,2339,7,21,True,True,True,1789525540
2026-09-16T02:25:47+00:00,2337,12,3,True,True,True,1789525540
2026-09-16T02:25:47+00:00,2334,0,11,True,True,True,1789525540
2026-09-16T02:25:47+00:00,2333,14,1,True,True,True,1789525540
2026-09-16T02:25:47+00:00,2332,2,10,True,True,True,1789525540
2026-09-16T02:25:47+00:00,2330,11,2,True,True,True,1789525540
2026-09-16T02:25:47+00:00,2329,13,2,True,True,True,1789525540
2026-09-16T02:25:47+00:00,2328,8,11,True,True,True,1789525540
2026-09-16T02:25:47+00:00,2315,11,6,True,True,True,1789525540
2026-09-16T02:25:47+00:00,2308,0,7,True,True,True,1789525540
2026-09-16T02:25:47+00:00,2307,1,29,True,True,True,1789525540
2026-09-16T02:25:47+00:00,2306,17,1,True,True,True,1789525540
2026-09-16T02:25:47+00:00,2305,3,11,True,True,True,1789525540
2026-09-16T02:25:47+00:00,2304,11,7,True,True,True,1789525540
2026-09-16T02:25:47+00:00,2280,10,1,True,True,True,1789525540
2026-09-16T02:25:47+00:00,2270,12,8,True,True,True,1789525540
2026-09-16T02:25:47+00:00,1919,4,2,True,True,True,1789525540
2026-09-16T02:25:47+00:00,1755,11,20,True,True,True,1789525540
2026-09-16T02:25:47+00:00,1101,8,13,True,True,True,1789525540
2026-09-16T02:25:47+00:00,1023,12,3,True,True,True,1789525540
2026-09-16T02:25:47+00:00,1009,2,7,True,True,True,1789525540
2026-09-16T02:25:47+00:00,970,20,4,True,True,True,1789525540
2026-09-16T02:25:47+00:00,787,7,5,True,True,True,1789525540
2026-09-16T02:25:47+00:00,627,10,20,True,True,True,1789525540
2026-09-16T02:25:47+00:00,623,4,15,True,True,True,1789525540
2026-09-16T02:25:47+00:00,624,11,8,True,True,True,1789525540
2026-09-16T02:25:47+00:00,626,6,16,True,True,True,1789525540
2026-09-16T02:25:47+00:00,614,0,23,True,True,True,1789525540
2026-09-16T02:25:47+00:00,616,13,2,True,True,True,1789525540
2026-09-16T02:25:47+00:00,618,0,39,True,True,True,1789525540
2026-09-16T02:25:47+00:00,621,2,23,True,True,True,1789525540
2026-09-16T02:25:47+00:00,622,2,23,True,True,True,1789525540
2026-09-16T02:25:47+00:00,613,10,8,True,True,True,1789525540
2026-09-16T02:25:47+00:00,620,7,33,True,True,True,1789525540
2026-09-16T02:25:47+00:00,596,9,8,True,True,True,1789525540
2026-09-16T02:25:47+00:00,617,7,10,True,True,True,1789525540
2026-09-16T02:25:47+00:00,609,21,6,True,True,True,1789525540
2026-09-16T02:25:47+00:00,607,15,10,True,True,True,1789525540
2026-09-16T02:25:47+00:00,603,2,15,True,True,True,1789525540
2026-09-16T02:25:47+00:00,590,18,19,True,True,True,1789525540
2026-09-16T02:25:47+00:00,610,5,15,True,True,True,1789525540
2026-09-16T02:25:47+00:00,608,2,18,True,True,True,1789525540
2026-09-16T02:25:47+00:00,593,1,29,True,True,True,1789525540
2026-09-16T02:25:47+00:00,530,4,4,True,True,True,1789525540
2026-09-16T02:25:47+00:00,463,4,15,True,True,True,1789525540
2026-09-16T02:25:47+00:00,475,16,8,True,True,True,1789525540
2026-09-16T02:25:47+00:00,439,4,21,True,True,True,1789525540
2026-09-16T02:25:47+00:00,600,10,0,True,True,True,1789525540
2026-09-16T02:25:47+00:00,440,9,7,True,True,True,1789525540
2026-09-16T02:25:47+00:00,612,1,16,True,True,True,1789525540
2026-09-16T02:25:47+00:00,491,16,2,True,True,True,1789525540
2026-09-16T02:25:47+00:00,493,12,12,True,True,True,1789525540
2026-09-16T02:25:47+00:00,410,5,21,True,True,True,1789525540
2026-09-16T02:25:47+00:00,605,12,5,True,True,True,1789525540
2026-09-16T02:25:47+00:00,388,5,13,True,True,True,1789525540
2026-09-16T02:25:47+00:00,591,0,24,True,True,True,1789525540
2026-09-16T02:25:47+00:00,592,1,16,True,True,True,1789525540
2026-09-16T02:25:47+00:00,585,13,3,True,True,True,1789525540
2026-09-16T02:25:47+00:00,565,3,14,True,True,True,1789525540
2026-09-16T02:25:47+00:00,571,12,8,True,True,True,1789525540
2026-09-16T02:25:47+00:00,568,1,13,True,True,True,1789525540
2026-09-16T02:25:47+00:00,588,2,16,True,True,True,1789525540
2026-09-16T02:25:47+00:00,584,8,26,True,True,True,1789525540
2026-09-16T02:25:47+00:00,569,10,19,True,True,True,1789525540
2026-09-16T02:25:47+00:00,577,23,7,True,True,True,1789525540
2026-09-16T02:25:47+00:00,564,3,26,True,True,True,1789525540
2026-09-16T02:25:47+00:00,570,1,13,True,True,True,1789525540
2026-09-16T02:25:47+00:00,572,15,23,True,True,True,1789525540
2026-09-16T02:25:47+00:00,586,24,0,True,True,True,1789525540
2026-09-16T02:25:47+00:00,576,4,14,True,True,True,1789525540
2026-09-16T02:25:47+00:00,566,11,13,True,True,True,1789525540
2026-09-16T02:25:47+00:00,602,1,16,True,True,True,1789525540
2026-09-16T02:25:47+00:00,575,0,28,True,True,True,1789525540
2026-09-16T02:25:47+00:00,567,3,33,True,True,True,1789525540
2026-09-16T02:25:47+00:00,582,12,14,True,True,True,1789525540
2026-09-16T02:25:47+00:00,595,18,4,True,True,True,1789525540
2026-09-16T02:25:47+00:00,542,8,10,True,True,True,1789525540
2026-09-16T02:25:47+00:00,563,17,0,True,True,True,1789525540
2026-09-16T02:25:47+00:00,558,3,11,True,True,True,1789525540
2026-09-16T02:25:47+00:00,552,15,3,True,True,True,1789525540
2026-09-16T02:25:47+00:00,555,3,10,True,True,True,1789525540
2026-09-16T02:25:47+00:00,573,6,18,True,True,True,1789525540
2026-09-16T02:25:47+00:00,561,1,19,True,True,True,1789525540
2026-09-16T02:25:47+00:00,615,14,7,True,True,True,1789525540
2026-09-16T02:25:47+00:00,543,0,18,True,True,True,1789525540
2026-09-16T02:25:47+00:00,554,1,19,True,True,True,1789525540
2026-09-16T02:25:47+00:00,574,0,12,True,True,True,1789525540
2026-09-16T02:25:47+00:00,560,2,6,True,True,True,1789525540
2026-09-16T02:25:47+00:00,548,6,10,True,True,True,1789525540
2026-09-16T02:25:47+00:00,559,8,8,True,True,True,1789525540
2026-09-16T02:25:47+00:00,545,5,33,True,True,True,1789525540
2026-09-16T02:25:47+00:00,550,1,8,True,True,True,1789525540
2026-09-16T02:25:47+00:00,541,6,3,True,True,True,1789525540
2026-09-16T02:25:47+00:00,527,5,6,True,True,True,1789525540
2026-09-16T02:25:47+00:00,529,1,18,True,True,True,1789525540
2026-09-16T02:25:47+00:00,526,5,10,True,True,True,1789525540
2026-09-16T02:25:47+00:00,537,12,5,True,True,True,1789525540
2026-09-16T02:25:47+00:00,547,27,3,True,True,True,1789525540
2026-09-16T02:25:47+00:00,601,1,17,True,True,True,1789525540
2026-09-16T02:25:47+00:00,533,6,6,True,True,True,1789525540
2026-09-16T02:25:47+00:00,535,1,24,True,True,True,1789525540
2026-09-16T02:25:47+00:00,524,0,20,True,True,True,1789525540
2026-09-16T02:25:47+00:00,519,11,11,True,True,True,1789525540
2026-09-16T02:25:47+00:00,534,0,38,True,True,True,1789525540
2026-09-16T02:25:47+00:00,521,0,4,True,True,True,1789525540
2026-09-16T02:25:47+00:00,518,1,16,True,True,True,1789525540
2026-09-16T02:25:47+00:00,556,0,18,True,True,True,1789525540
2026-09-16T02:25:47+00:00,525,0,14,True,True,True,1789525540
2026-09-16T02:25:47+00:00,517,0,14,True,True,True,1789525540
2026-09-16T02:25:47+00:00,523,14,16,True,True,True,1789525540
2026-09-16T02:25:47+00:00,522,7,0,True,True,True,1789525540
2026-09-16T02:25:47+00:00,594,12,7,True,True,True,1789525540
2026-09-16T02:25:47+00:00,532,0,19,True,True,True,1789525540
2026-09-16T02:25:47+00:00,509,3,9,True,True,True,1789525540
2026-09-16T02:25:47+00:00,531,1,14,True,True,True,1789525540
2026-09-16T02:25:47+00:00,536,1,6,True,True,True,1789525540
2026-09-16T02:25:47+00:00,562,3,34,True,True,True,1789525540
2026-09-16T02:25:47+00:00,511,15,5,True,True,True,1789525540
2026-09-16T02:25:47+00:00,505,2,15,True,True,True,1789525540
2026-09-16T02:25:47+00:00,501,0,17,True,True,True,1789525540
2026-09-16T02:25:47+00:00,514,1,11,True,True,True,1789525540
2026-09-16T02:25:47+00:00,500,6,11,True,True,True,1789525540
2026-09-16T02:25:47+00:00,503,26,3,True,True,True,1789525540
2026-09-16T02:25:47+00:00,513,0,13,True,True,True,1789525540
2026-09-16T02:25:47+00:00,498,3,8,True,True,True,1789525540
2026-09-16T02:25:47+00:00,507,9,10,True,True,True,1789525540
2026-09-16T02:25:47+00:00,512,12,12,True,True,True,1789525540
2026-09-16T02:25:47+00:00,619,1,41,True,True,True,1789525540
2026-09-16T02:25:47+00:00,474,11,30,True,True,True,1789525540
2026-09-16T02:25:47+00:00,580,25,16,True,True,True,1789525540
2026-09-16T02:25:47+00:00,496,0,41,True,True,True,1789525540
2026-09-16T02:25:47+00:00,482,2,16,True,True,True,1789525540
2026-09-16T02:25:47+00:00,407,11,0,True,True,True,1789525540
2026-09-16T02:25:47+00:00,409,6,15,True,True,True,1789525540
2026-09-16T02:25:47+00:00,451,3,16,True,True,True,1789525540
2026-09-16T02:25:47+00:00,402,2,15,True,True,True,1789525540
2026-09-16T02:25:47+00:00,516,2,12,True,True,True,1789525540
2026-09-16T02:25:47+00:00,625,4,38,True,True,True,1789525540
2026-09-16T02:25:47+00:00,429,16,4,True,True,True,1789525540
2026-09-16T02:25:47+00:00,380,10,10,True,True,True,1789525540
2026-09-16T02:25:47+00:00,583,9,8,True,True,True,1789525540
2026-09-16T02:25:47+00:00,398,4,10,True,True,True,1789525540
2026-09-16T02:25:47+00:00,381,14,0,True,True,True,1789525540
2026-09-16T02:25:47+00:00,464,10,33,True,True,True,1789525540
2026-09-16T02:25:47+00:00,442,13,1,True,True,True,1789525540
2026-09-16T02:25:47+00:00,483,10,11,True,True,True,1789525540
2026-09-16T02:25:47+00:00,458,0,14,True,True,True,1789525540
2026-09-16T02:25:47+00:00,499,7,8,True,True,True,1789525540
2026-09-16T02:25:47+00:00,472,7,16,True,True,True,1789525540
2026-09-16T02:25:47+00:00,506,3,23,True,True,True,1789525540
2026-09-16T02:25:47+00:00,465,0,10,True,True,True,1789525540
2026-09-16T02:25:47+00:00,611,12,27,True,True,True,1789525540
2026-09-16T02:25:47+00:00,404,6,18,True,True,True,1789525540
2026-09-16T02:25:47+00:00,579,9,6,True,True,True,1789525540
2026-09-16T02:25:47+00:00,589,7,16,True,True,True,1789525540
2026-09-16T02:25:47+00:00,434,0,15,True,True,True,1789525540
2026-09-16T02:25:47+00:00,462,2,11,True,True,True,1789525540
2026-09-16T02:25:47+00:00,578,4,20,True,True,True,1789525540
2026-09-16T02:25:47+00:00,415,0,11,True,True,True,1789525540
2026-09-16T02:25:47+00:00,423,13,6,True,True,True,1789525540
2026-09-16T02:25:47+00:00,412,7,1,True,True,True,1789525540
2026-09-16T02:25:47+00:00,387,10,5,True,True,True,1789525540
2026-09-16T02:25:47+00:00,441,2,12,True,True,True,1789525540
2026-09-16T02:25:47+00:00,454,3,16,True,True,True,1789525540
2026-09-16T02:25:47+00:00,436,2,9,True,True,True,1789525540
2026-09-16T02:25:47+00:00,394,1,17,True,True,True,1789525540
2026-09-16T02:25:47+00:00,497,18,9,True,True,True,1789525540
2026-09-16T02:25:47+00:00,581,16,4,True,True,True,1789525540
2026-09-16T02:25:47+00:00,461,0,20,True,True,True,1789525540
2026-09-16T02:25:47+00:00,599,20,28,True,True,True,1789525540
2026-09-16T02:25:47+00:00,428,8,15,True,True,True,1789525540
2026-09-16T02:25:47+00:00,400,3,21,True,True,True,1789525540
2026-09-16T02:25:47+00:00,487,0,19,True,True,True,1789525540
2026-09-16T02:25:47+00:00,438,19,20,True,True,True,1789525540
2026-09-16T02:25:47+00:00,459,0,8,True,True,True,1789525540
2026-09-16T02:25:47+00:00,433,5,13,True,True,True,1789525540
2026-09-16T02:25:47+00:00,399,17,11,True,True,True,1789525540
2026-09-16T02:25:47+00:00,489,0,28,True,True,True,1789525540
2026-09-16T02:25:47+00:00,742,22,6,True,True,True,1789525540
2026-09-16T02:25:47+00:00,551,30,2,True,True,True,1789525540
2026-09-16T02:25:47+00:00,406,3,4,True,True,True,1789525540
2026-09-16T02:25:47+00:00,488,12,11,True,True,True,1789525540
2026-09-16T02:25:47+00:00,540,0,35,True,True,True,1789525540
2026-09-16T02:25:47+00:00,431,5,10,True,True,True,1789525540
2026-09-16T02:25:47+00:00,393,3,16,True,True,True,1789525540
2026-09-16T02:25:47+00:00,420,1,18,True,True,True,1789525540
2026-09-16T02:25:47+00:00,397,16,15,True,True,True,1789525540
2026-09-16T02:25:47+00:00,390,17,13,True,True,True,1789525540
2026-09-16T02:25:47+00:00,449,9,15,True,True,True,1789525540
2026-09-16T02:25:47+00:00,430,7,35,True,True,True,1789525540
2026-09-16T02:25:47+00:00,484,18,14,True,True,True,1789525540
2026-09-16T02:25:47+00:00,479,9,20,True,True,True,1789525540
2026-09-16T02:25:47+00:00,403,4,10,True,True,True,1789525540
2026-09-16T02:25:47+00:00,435,1,27,True,True,True,1789525540
2026-09-16T02:25:47+00:00,426,3,17,True,True,True,1789525540
2026-09-16T02:25:47+00:00,450,1,13,True,True,True,1789525540
2026-09-16T02:25:47+00:00,456,10,22,True,True,True,1789525540
2026-09-16T02:25:47+00:00,468,12,1,True,True,True,1789525540
2026-09-16T02:25:47+00:00,453,0,30,True,True,True,1789525540
2026-09-16T02:25:47+00:00,466,1,13,True,True,True,1789525540
2026-09-16T02:25:47+00:00,469,1,27,True,True,True,1789525540
2026-09-16T02:25:47+00:00,416,2,13,True,True,True,1789525540
2026-09-16T02:25:47+00:00,391,3,10,True,True,True,1789525540
2026-09-16T02:25:47+00:00,389,2,14,True,True,True,1789525540
2026-09-16T02:25:47+00:00,470,3,11,True,True,True,1789525540
2026-09-16T02:25:47+00:00,384,9,7,True,True,True,1789525540
2026-09-16T02:25:47+00:00,425,3,5,True,True,True,1789525540
2026-09-16T02:25:47+00:00,411,1,10,True,True,True,1789525540
2026-09-16T02:25:47+00:00,598,7,24,True,True,True,1789525540
2026-09-16T02:25:47+00:00,444,16,1,True,True,True,1789525540
2026-09-16T02:25:47+00:00,447,6,24,True,True,True,1789525540
2026-09-16T02:25:47+00:00,408,6,7,True,True,True,1789525540
2026-09-16T02:25:47+00:00,737,22,1,True,True,True,1789525540
2026-09-16T02:25:47+00:00,432,6,5,True,True,True,1789525540
2026-09-16T02:25:47+00:00,401,4,2,True,True,True,1789525540
2026-09-16T02:25:47+00:00,452,0,30,True,True,True,1789525540
2026-09-16T02:25:47+00:00,392,1,7,True,True,True,1789525540
2026-09-16T02:25:47+00:00,481,8,34,True,True,True,1789525540
2026-09-16T02:25:47+00:00,495,16,24,True,True,True,1789525540
2026-09-16T02:25:47+00:00,478,3,8,True,True,True,1789525540
2026-09-16T02:25:47+00:00,414,7,3,True,True,True,1789525540
2026-09-16T02:25:47+00:00,476,6,11,True,True,True,1789525540
2026-09-16T02:25:47+00:00,445,11,6,True,True,True,1789525540
2026-09-16T02:25:47+00:00,748,2,27,True,True,True,1789525540
2026-09-16T02:25:47+00:00,473,1,6,True,True,True,1789525540
2026-09-16T02:25:47+00:00,383,20,8,True,True,True,1789525540
2026-09-16T02:25:47+00:00,480,24,0,True,True,True,1789525540
2026-09-16T02:25:47+00:00,421,13,8,True,True,True,1789525540
2026-09-16T02:25:47+00:00,746,4,5,True,True,True,1789525540
2026-09-16T02:25:47+00:00,417,1,10,True,True,True,1789525540
2026-09-16T02:25:47+00:00,427,2,10,True,True,True,1789525540
2026-09-16T02:25:47+00:00,395,0,13,True,True,True,1789525540
2026-09-16T02:25:47+00:00,418,2,25,True,True,True,1789525540
2026-09-16T02:25:47+00:00,413,3,10,True,True,True,1789525540
2026-09-16T02:25:47+00:00,486,4,19,True,True,True,1789525540
2026-09-16T02:25:47+00:00,597,9,1,True,True,True,1789525540
2026-09-16T02:25:47+00:00,422,2,10,True,True,True,1789525540
2026-09-16T02:25:47+00:00,382,6,3,True,True,True,1789525540
2026-09-16T02:25:47+00:00,396,16,5,True,True,True,1789525540
2026-09-16T02:25:47+00:00,735,12,0,True,True,True,1789525540
2026-09-16T02:25:47+00:00,437,0,24,True,True,True,1789525540
2026-09-16T02:25:47+00:00,446,5,16,True,True,True,1789525540
2026-09-16T02:25:47+00:00,424,0,9,True,True,True,1789525540
2026-09-16T02:25:47+00:00,455,6,6,True,True,True,1789525540
2026-09-16T02:25:47+00:00,457,3,6,True,True,True,1789525540
2026-09-16T02:25:47+00:00,377,13,13,True,True,True,1789525540
2026-09-16T02:25:47+00:00,738,7,5,True,True,True,1789525540
2026-09-16T02:25:47+00:00,460,17,11,True,True,True,1789525540
2026-09-16T02:25:47+00:00,744,6,0,True,True,True,1789525540
2026-09-16T02:25:47+00:00,485,6,8,True,True,True,1789525540
2026-09-16T02:40:47+00:00,6026,7,26,True,True,True,1789526437
2026-09-16T02:40:47+00:00,5431,12,8,True,True,True,1789526437
2026-09-16T02:40:47+00:00,5424,0,18,True,True,True,1789526437
2026-09-16T02:40:47+00:00,5220,1,19,True,True,True,1789526437
2026-09-16T02:40:47+00:00,5217,18,12,True,True,True,1789526437
2026-09-16T02:40:47+00:00,5113,4,10,True,True,True,1789526437
2026-09-16T02:40:47+00:00,4683,2,17,True,True,True,1789526437
2026-09-16T02:40:47+00:00,4552,10,7,True,True,True,1789526437
2026-09-16T02:40:47+00:00,3725,5,13,True,True,True,1789526437
2026-09-16T02:40:47+00:00,2358,9,4,True,True,True,1789526437
2026-09-16T02:40:47+00:00,2357,5,18,True,True,True,1789526437
2026-09-16T02:40:47+00:00,2355,11,1,True,True,True,1789526437
2026-09-16T02:40:47+00:00,2351,0,16,True,True,True,1789526437
2026-09-16T02:40:47+00:00,2350,5,18,True,True,True,1789526437
2026-09-16T02:40:47+00:00,2349,6,15,True,True,True,1789526437
2026-09-16T02:40:47+00:00,2347,17,13,True,True,True,1789526437
2026-09-16T02:40:47+00:00,2340,0,21,True,True,True,1789526437
2026-09-16T02:40:47+00:00,2339,7,21,True,True,True,1789526437
2026-09-16T02:40:47+00:00,2337,12,3,True,True,True,1789526437
2026-09-16T02:40:47+00:00,2334,0,11,True,True,True,1789526437
2026-09-16T02:40:47+00:00,2333,14,1,True,True,True,1789526437
2026-09-16T02:40:47+00:00,2332,2,10,True,True,True,1789526437
2026-09-16T02:40:47+00:00,2330,11,2,True,True,True,1789526437
2026-09-16T02:40:47+00:00,2329,13,2,True,True,True,1789526437
2026-09-16T02:40:47+00:00,2328,8,11,True,True,True,1789526437
2026-09-16T02:40:47+00:00,2315,11,6,True,True,True,1789526437
2026-09-16T02:40:47+00:00,2308,0,7,True,True,True,1789526437
2026-09-16T02:40:47+00:00,2307,1,29,True,True,True,1789526437
2026-09-16T02:40:47+00:00,2306,17,1,True,True,True,1789526437
2026-09-16T02:40:47+00:00,2305,3,11,True,True,True,1789526437
2026-09-16T02:40:47+00:00,2304,11,7,True,True,True,1789526437
2026-09-16T02:40:47+00:00,2280,10,1,True,True,True,1789526437
2026-09-16T02:40:47+00:00,2270,12,8,True,True,True,1789526437
2026-09-16T02:40:47+00:00,1919,4,2,True,True,True,1789526437
2026-09-16T02:40:47+00:00,1755,11,20,True,True,True,1789526437
2026-09-16T02:40:47+00:00,1101,9,13,True,True,True,1789526437
2026-09-16T02:40:47+00:00,1023,12,3,True,True,True,1789526437
2026-09-16T02:40:47+00:00,1009,2,7,True,True,True,1789526437
2026-09-16T02:40:47+00:00,970,20,4,True,True,True,1789526437
2026-09-16T02:40:47+00:00,787,7,5,True,True,True,1789526437
2026-09-16T02:40:47+00:00,627,10,20,True,True,True,1789526437
2026-09-16T02:40:47+00:00,623,4,15,True,True,True,1789526437
2026-09-16T02:40:47+00:00,624,11,8,True,True,True,1789526437
2026-09-16T02:40:47+00:00,626,6,16,True,True,True,1789526437
2026-09-16T02:40:47+00:00,614,0,23,True,True,True,1789526437
2026-09-16T02:40:47+00:00,616,13,2,True,True,True,1789526437
2026-09-16T02:40:47+00:00,618,0,39,True,True,True,1789526437
2026-09-16T02:40:47+00:00,621,2,23,True,True,True,1789526437
2026-09-16T02:40:47+00:00,622,2,23,True,True,True,1789526437
2026-09-16T02:40:47+00:00,613,10,8,True,True,True,1789526437
2026-09-16T02:40:47+00:00,620,7,33,True,True,True,1789526437
2026-09-16T02:40:47+00:00,596,9,8,True,True,True,1789526437
2026-09-16T02:40:47+00:00,617,7,10,True,True,True,1789526437
2026-09-16T02:40:47+00:00,609,21,6,True,True,True,1789526437
2026-09-16T02:40:47+00:00,607,15,10,True,True,True,1789526437
2026-09-16T02:40:47+00:00,603,2,15,True,True,True,1789526437
2026-09-16T02:40:47+00:00,590,18,19,True,True,True,1789526437
2026-09-16T02:40:47+00:00,610,5,15,True,True,True,1789526437
2026-09-16T02:40:47+00:00,608,2,18,True,True,True,1789526437
2026-09-16T02:40:47+00:00,593,1,29,True,True,True,1789526437
2026-09-16T02:40:47+00:00,530,4,4,True,True,True,1789526437
2026-09-16T02:40:47+00:00,463,4,15,True,True,True,1789526437
2026-09-16T02:40:47+00:00,475,16,8,True,True,True,1789526437
2026-09-16T02:40:47+00:00,439,4,21,True,True,True,1789526437
2026-09-16T02:40:47+00:00,600,10,0,True,True,True,1789526437
2026-09-16T02:40:47+00:00,440,9,7,True,True,True,1789526437
2026-09-16T02:40:47+00:00,612,1,16,True,True,True,1789526437
2026-09-16T02:40:47+00:00,491,16,2,True,True,True,1789526437
2026-09-16T02:40:47+00:00,493,12,12,True,True,True,1789526437
2026-09-16T02:40:47+00:00,410,5,21,True,True,True,1789526437
2026-09-16T02:40:47+00:00,605,12,5,True,True,True,1789526437
2026-09-16T02:40:47+00:00,388,5,13,True,True,True,1789526437
2026-09-16T02:40:47+00:00,591,0,24,True,True,True,1789526437
2026-09-16T02:40:47+00:00,592,1,16,True,True,True,1789526437
2026-09-16T02:40:47+00:00,585,13,3,True,True,True,1789526437
2026-09-16T02:40:47+00:00,565,3,14,True,True,True,1789526437
2026-09-16T02:40:47+00:00,571,12,8,True,True,True,1789526437
2026-09-16T02:40:47+00:00,568,1,13,True,True,True,1789526437
2026-09-16T02:40:47+00:00,588,2,16,True,True,True,1789526437
2026-09-16T02:40:47+00:00,584,8,26,True,True,True,1789526437
2026-09-16T02:40:47+00:00,569,10,19,True,True,True,1789526437
2026-09-16T02:40:47+00:00,577,23,7,True,True,True,1789526437
2026-09-16T02:40:47+00:00,564,3,26,True,True,True,1789526437
2026-09-16T02:40:47+00:00,570,1,13,True,True,True,1789526437
2026-09-16T02:40:47+00:00,572,15,23,True,True,True,1789526437
2026-09-16T02:40:47+00:00,586,24,0,True,True,True,1789526437
2026-09-16T02:40:47+00:00,576,4,14,True,True,True,1789526437
2026-09-16T02:40:47+00:00,566,11,13,True,True,True,1789526437
2026-09-16T02:40:47+00:00,602,1,16,True,True,True,1789526437
2026-09-16T02:40:47+00:00,575,0,28,True,True,True,1789526437
2026-09-16T02:40:47+00:00,567,3,33,True,True,True,1789526437
2026-09-16T02:40:47+00:00,582,12,14,True,True,True,1789526437
2026-09-16T02:40:47+00:00,595,18,4,True,True,True,1789526437
2026-09-16T02:40:47+00:00,542,8,10,True,True,True,1789526437
2026-09-16T02:40:47+00:00,563,17,0,True,True,True,1789526437
2026-09-16T02:40:47+00:00,558,3,11,True,True,True,1789526437
2026-09-16T02:40:47+00:00,552,15,3,True,True,True,1789526437
2026-09-16T02:40:47+00:00,555,3,10,True,True,True,1789526437
2026-09-16T02:40:47+00:00,573,6,18,True,True,True,1789526437
2026-09-16T02:40:47+00:00,561,1,19,True,True,True,1789526437
2026-09-16T02:40:47+00:00,615,14,7,True,True,True,1789526437
2026-09-16T02:40:47+00:00,543,0,18,True,True,True,1789526437
2026-09-16T02:40:47+00:00,554,1,19,True,True,True,1789526437
2026-09-16T02:40:47+00:00,574,0,12,True,True,True,1789526437
2026-09-16T02:40:47+00:00,560,2,6,True,True,True,1789526437
2026-09-16T02:40:47+00:00,548,6,10,True,True,True,1789526437
2026-09-16T02:40:47+00:00,559,8,8,True,True,True,1789526437
2026-09-16T02:40:47+00:00,545,5,33,True,True,True,1789526437
2026-09-16T02:40:47+00:00,550,1,8,True,True,True,1789526437
2026-09-16T02:40:47+00:00,541,6,3,True,True,True,1789526437
2026-09-16T02:40:47+00:00,527,5,6,True,True,True,1789526437
2026-09-16T02:40:47+00:00,529,1,18,True,True,True,1789526437
2026-09-16T02:40:47+00:00,526,5,10,True,True,True,1789526437
2026-09-16T02:40:47+00:00,537,12,5,True,True,True,1789526437
2026-09-16T02:40:47+00:00,547,27,3,True,True,True,1789526437
2026-09-16T02:40:47+00:00,601,1,17,True,True,True,1789526437
2026-09-16T02:40:47+00:00,533,6,6,True,True,True,1789526437
2026-09-16T02:40:47+00:00,535,1,24,True,True,True,1789526437
2026-09-16T02:40:47+00:00,524,0,20,True,True,True,1789526437
2026-09-16T02:40:47+00:00,519,11,11,True,True,True,1789526437
2026-09-16T02:40:47+00:00,534,0,38,True,True,True,1789526437
2026-09-16T02:40:47+00:00,521,0,4,True,True,True,1789526437
2026-09-16T02:40:47+00:00,518,1,16,True,True,True,1789526437
2026-09-16T02:40:47+00:00,556,0,18,True,True,True,1789526437
2026-09-16T02:40:47+00:00,525,0,14,True,True,True,1789526437
2026-09-16T02:40:47+00:00,517,0,14,True,True,True,1789526437
2026-09-16T02:40:47+00:00,523,14,16,True,True,True,1789526437
2026-09-16T02:40:47+00:00,522,7,0,True,True,True,1789526437
2026-09-16T02:40:47+00:00,594,12,7,True,True,True,1789526437
2026-09-16T02:40:47+00:00,532,0,19,True,True,True,1789526437
2026-09-16T02:40:47+00:00,509,3,9,True,True,True,1789526437
2026-09-16T02:40:47+00:00,531,1,14,True,True,True,1789526437
2026-09-16T02:40:47+00:00,536,1,6,True,True,True,1789526437
2026-09-16T02:40:47+00:00,562,3,34,True,True,True,1789526437
2026-09-16T02:40:47+00:00,511,15,5,True,True,True,1789526437
2026-09-16T02:40:47+00:00,505,2,15,True,True,True,1789526437
2026-09-16T02:40:47+00:00,501,0,17,True,True,True,1789526437
2026-09-16T02:40:47+00:00,514,1,11,True,True,True,1789526437
2026-09-16T02:40:47+00:00,500,6,11,True,True,True,1789526437
2026-09-16T02:40:47+00:00,503,26,3,True,True,True,1789526437
2026-09-16T02:40:47+00:00,513,0,13,True,True,True,1789526437
2026-09-16T02:40:47+00:00,498,3,8,True,True,True,1789526437
2026-09-16T02:40:47+00:00,507,9,10,True,True,True,1789526437
2026-09-16T02:40:47+00:00,512,12,12,True,True,True,1789526437
2026-09-16T02:40:47+00:00,619,1,41,True,True,True,1789526437
2026-09-16T02:40:47+00:00,474,11,30,True,True,True,1789526437
2026-09-16T02:40:47+00:00,580,25,16,True,True,True,1789526437
2026-09-16T02:40:47+00:00,496,0,41,True,True,True,1789526437
2026-09-16T02:40:47+00:00,482,2,16,True,True,True,1789526437
2026-09-16T02:40:47+00:00,407,11,0,True,True,True,1789526437
2026-09-16T02:40:47+00:00,409,6,15,True,True,True,1789526437
2026-09-16T02:40:47+00:00,451,3,16,True,True,True,1789526437
2026-09-16T02:40:47+00:00,402,2,15,True,True,True,1789526437
2026-09-16T02:40:47+00:00,516,2,12,True,True,True,1789526437
2026-09-16T02:40:47+00:00,625,4,38,True,True,True,1789526437
2026-09-16T02:40:47+00:00,429,16,4,True,True,True,1789526437
2026-09-16T02:40:47+00:00,380,10,10,True,True,True,1789526437
2026-09-16T02:40:47+00:00,583,9,8,True,True,True,1789526437
2026-09-16T02:40:47+00:00,398,4,10,True,True,True,1789526437
2026-09-16T02:40:47+00:00,381,14,0,True,True,True,1789526437
2026-09-16T02:40:47+00:00,464,10,33,True,True,True,1789526437
2026-09-16T02:40:47+00:00,442,13,1,True,True,True,1789526437
2026-09-16T02:40:47+00:00,483,10,11,True,True,True,1789526437
2026-09-16T02:40:47+00:00,458,0,14,True,True,True,1789526437
2026-09-16T02:40:47+00:00,499,7,8,True,True,True,1789526437
2026-09-16T02:40:47+00:00,472,7,16,True,True,True,1789526437
2026-09-16T02:40:47+00:00,506,3,23,True,True,True,1789526437
2026-09-16T02:40:47+00:00,465,0,10,True,True,True,1789526437
2026-09-16T02:40:47+00:00,611,12,27,True,True,True,1789526437
2026-09-16T02:40:47+00:00,404,6,18,True,True,True,1789526437
2026-09-16T02:40:47+00:00,579,9,6,True,True,True,1789526437
2026-09-16T02:40:47+00:00,589,7,16,True,True,True,1789526437
2026-09-16T02:40:47+00:00,434,0,15,True,True,True,1789526437
2026-09-16T02:40:47+00:00,462,2,11,True,True,True,1789526437
2026-09-16T02:40:47+00:00,578,4,20,True,True,True,1789526437
2026-09-16T02:40:47+00:00,415,0,11,True,True,True,1789526437
2026-09-16T02:40:47+00:00,423,13,6,True,True,True,1789526437
2026-09-16T02:40:47+00:00,412,7,1,True,True,True,1789526437
2026-09-16T02:40:47+00:00,387,10,5,True,True,True,1789526437
2026-09-16T02:40:47+00:00,441,2,12,True,True,True,1789526437
2026-09-16T02:40:47+00:00,454,3,16,True,True,True,1789526437
2026-09-16T02:40:47+00:00,436,2,9,True,True,True,1789526437
2026-09-16T02:40:47+00:00,394,1,17,True,True,True,1789526437
2026-09-16T02:40:47+00:00,497,18,9,True,True,True,1789526437
2026-09-16T02:40:47+00:00,581,16,4,True,True,True,1789526437
2026-09-16T02:40:47+00:00,461,0,20,True,True,True,1789526437
2026-09-16T02:40:47+00:00,599,20,28,True,True,True,1789526437
2026-09-16T02:40:47+00:00,428,8,15,True,True,True,1789526437
2026-09-16T02:40:47+00:00,400,3,21,True,True,True,1789526437
2026-09-16T02:40:47+00:00,487,0,19,True,True,True,1789526437
2026-09-16T02:40:47+00:00,438,19,20,True,True,True,1789526437
2026-09-16T02:40:47+00:00,459,0,8,True,True,True,1789526437
2026-09-16T02:40:47+00:00,433,5,13,True,True,True,1789526437
2026-09-16T02:40:47+00:00,399,17,11,True,True,True,1789526437
2026-09-16T02:40:47+00:00,489,0,28,True,True,True,1789526437
2026-09-16T02:40:47+00:00,742,22,6,True,True,True,1789526437
2026-09-16T02:40:47+00:00,551,30,2,True,True,True,1789526437
2026-09-16T02:40:47+00:00,406,3,4,True,True,True,1789526437
2026-09-16T02:40:47+00:00,488,12,11,True,True,True,1789526437
2026-09-16T02:40:47+00:00,540,0,35,True,True,True,1789526437
2026-09-16T02:40:47+00:00,431,5,10,True,True,True,1789526437
2026-09-16T02:40:47+00:00,393,3,16,True,True,True,1789526437
2026-09-16T02:40:47+00:00,420,1,18,True,True,True,1789526437
2026-09-16T02:40:47+00:00,397,16,15,True,True,True,1789526437
2026-09-16T02:40:47+00:00,390,17,13,True,True,True,1789526437
2026-09-16T02:40:47+00:00,449,9,15,True,True,True,1789526437
2026-09-16T02:40:47+00:00,430,7,35,True,True,True,1789526437
2026-09-16T02:40:47+00:00,484,18,14,True,True,True,1789526437
2026-09-16T02:40:47+00:00,479,9,20,True,True,True,1789526437
2026-09-16T02:40:47+00:00,403,4,10,True,True,True,1789526437
2026-09-16T02:40:47+00:00,435,1,27,True,True,True,1789526437
2026-09-16T02:40:47+00:00,426,3,17,True,True,True,1789526437
2026-09-16T02:40:47+00:00,450,1,13,True,True,True,1789526437
2026-09-16T02:40:47+00:00,456,10,22,True,True,True,1789526437
2026-09-16T02:40:47+00:00,468,12,1,True,True,True,1789526437
2026-09-16T02:40:47+00:00,453,0,30,True,True,True,1789526437
2026-09-16T02:40:47+00:00,466,1,13,True,True,True,1789526437
2026-09-16T02:40:47+00:00,469,1,27,True,True,True,1789526437
2026-09-16T02:40:47+00:00,416,2,13,True,True,True,1789526437
2026-09-16T02:40:47+00:00,391,3,10,True,True,True,1789526437
2026-09-16T02:40:47+00:00,389,2,14,True,True,True,1789526437
2026-09-16T02:40:47+00:00,470,3,11,True,True,True,1789526437
2026-09-16T02:40:47+00:00,384,9,7,True,True,True,1789526437
2026-09-16T02:40:47+00:00,425,3,5,True,True,True,1789526437
2026-09-16T02:40:47+00:00,411,1,10,True,True,True,1789526437
2026-09-16T02:40:47+00:00,598,7,24,True,True,True,1789526437
2026-09-16T02:40:47+00:00,444,16,1,True,True,True,1789526437
2026-09-16T02:40:47+00:00,447,6,24,True,True,True,1789526437
2026-09-16T02:40:47+00:00,408,6,7,True,True,True,1789526437
2026-09-16T02:40:47+00:00,737,22,1,True,True,True,1789526437
2026-09-16T02:40:47+00:00,432,6,5,True,True,True,1789526437
2026-09-16T02:40:47+00:00,401,4,2,True,True,True,1789526437
2026-09-16T02:40:47+00:00,452,0,30,True,True,True,1789526437
2026-09-16T02:40:47+00:00,392,1,7,True,True,True,1789526437
2026-09-16T02:40:47+00:00,481,8,34,True,True,True,1789526437
2026-09-16T02:40:47+00:00,495,16,24,True,True,True,1789526437
2026-09-16T02:40:47+00:00,478,3,8,True,True,True,1789526437
2026-09-16T02:40:47+00:00,414,7,3,True,True,True,1789526437
2026-09-16T02:40:47+00:00,476,6,11,True,True,True,1789526437
2026-09-16T02:40:47+00:00,445,11,6,True,True,True,1789526437
2026-09-16T02:40:47+00:00,748,2,27,True,True,True,1789526437
2026-09-16T02:40:47+00:00,473,1,6,True,True,True,1789526437
2026-09-16T02:40:47+00:00,383,20,8,True,True,True,1789526437
2026-09-16T02:40:47+00:00,480,24,0,True,True,True,1789526437
2026-09-16T02:40:47+00:00,421,13,8,True,True,True,1789526437
2026-09-16T02:40:47+00:00,746,4,5,True,True,True,1789526437
2026-09-16T02:40:47+00:00,417,1,10,True,True,True,1789526437
2026-09-16T02:40:47+00:00,427,2,10,True,True,True,1789526437
2026-09-16T02:40:47+00:00,395,0,13,True,True,True,1789526437
2026-09-16T02:40:47+00:00,418,2,25,True,True,True,1789526437
2026-09-16T02:40:47+00:00,413,3,10,True,True,True,1789526437
2026-09-16T02:40:47+00:00,486,4,19,True,True,True,1789526437
2026-09-16T02:40:47+00:00,597,9,1,True,True,True,1789526437
2026-09-16T02:40:47+00:00,422,2,10,True,True,True,1789526437
2026-09-16T02:40:47+00:00,382,6,3,True,True,True,1789526437
2026-09-16T02:40:47+00:00,396,16,5,True,True,True,1789526437
2026-09-16T02:40:47+00:00,735,12,0,True,True,True,1789526437
2026-09-16T02:40:47+00:00,437,0,24,True,True,True,1789526437
2026-09-16T02:40:47+00:00,446,5,16,True,True,True,1789526437
2026-09-16T02:40:47+00:00,424,0,9,True,True,True,1789526437
2026-09-16T02:40:47+00:00,455,6,6,True,True,True,1789526437
2026-09-16T02:40:47+00:00,457,3,6,True,True,True,1789526437
2026-09-16T02:40:47+00:00,377,13,13,True,True,True,1789526437
2026-09-16T02:40:47+00:00,738,7,5,True,True,True,1789526437
2026-09-16T02:40:47+00:00,460,17,11,True,True,True,1789526437
2026-09-16T02:40:47+00:00,744,6,0,True,True,True,1789526437
2026-09-16T02:40:47+00:00,485,6,8,True,True,True,1789526437
2026-09-16T02:55:47+00:00,6026,7,26,True,True,True,1789527345
2026-09-16T02:55:47+00:00,5431,12,8,True,True,True,1789527345
2026-09-16T02:55:47+00:00,5424,0,18,True,True,True,1789527345
2026-09-16T02:55:47+00:00,5220,1,19,True,True,True,1789527345
2026-09-16T02:55:47+00:00,5217,18,12,True,True,True,1789527345
2026-09-16T02:55:47+00:00,5113,4,10,True,True,True,1789527345
2026-09-16T02:55:47+00:00,4683,2,17,True,True,True,1789527345
2026-09-16T02:55:47+00:00,4552,10,7,True,True,True,1789527345
2026-09-16T02:55:47+00:00,3725,5,13,True,True,True,1789527345
2026-09-16T02:55:47+00:00,2358,9,4,True,True,True,1789527345
2026-09-16T02:55:47+00:00,2357,5,18,True,True,True,1789527345
2026-09-16T02:55:47+00:00,2355,11,1,True,True,True,1789527345
2026-09-16T02:55:47+00:00,2351,0,16,True,True,True,1789527345
2026-09-16T02:55:47+00:00,2350,5,18,True,True,True,1789527345
2026-09-16T02:55:47+00:00,2349,6,15,True,True,True,1789527345
2026-09-16T02:55:47+00:00,2347,17,13,True,True,True,1789527345
2026-09-16T02:55:47+00:00,2340,0,21,True,True,True,1789527345
2026-09-16T02:55:47+00:00,2339,7,21,True,True,True,1789527345
2026-09-16T02:55:47+00:00,2337,12,3,True,True,True,1789527345
2026-09-16T02:55:47+00:00,2334,0,11,True,True,True,1789527345
2026-09-16T02:55:47+00:00,2333,14,1,True,True,True,1789527345
2026-09-16T02:55:47+00:00,2332,2,10,True,True,True,1789527345
2026-09-16T02:55:47+00:00,2330,11,2,True,True,True,1789527345
2026-09-16T02:55:47+00:00,2329,13,2,True,True,True,1789527345
2026-09-16T02:55:47+00:00,2328,8,11,True,True,True,1789527345
2026-09-16T02:55:47+00:00,2315,11,6,True,True,True,1789527345
2026-09-16T02:55:47+00:00,2308,0,7,True,True,True,1789527345
2026-09-16T02:55:47+00:00,2307,1,29,True,True,True,1789527345
2026-09-16T02:55:47+00:00,2306,17,1,True,True,True,1789527345
2026-09-16T02:55:47+00:00,2305,3,11,True,True,True,1789527345
2026-09-16T02:55:47+00:00,2304,11,7,True,True,True,1789527345
2026-09-16T02:55:47+00:00,2280,10,1,True,True,True,1789527345
2026-09-16T02:55:47+00:00,2270,12,8,True,True,True,1789527345
2026-09-16T02:55:47+00:00,1919,4,2,True,True,True,1789527345
2026-09-16T02:55:47+00:00,1755,11,20,True,True,True,1789527345
2026-09-16T02:55:47+00:00,1101,8,13,True,True,True,1789527345
2026-09-16T02:55:47+00:00,1023,12,3,True,True,True,1789527345
2026-09-16T02:55:47+00:00,1009,2,7,True,True,True,1789527345
2026-09-16T02:55:47+00:00,970,20,4,True,True,True,1789527345
2026-09-16T02:55:47+00:00,787,7,5,True,True,True,1789527345
2026-09-16T02:55:47+00:00,627,10,20,True,True,True,1789527345
2026-09-16T02:55:47+00:00,623,4,15,True,True,True,1789527345
2026-09-16T02:55:47+00:00,624,11,8,True,True,True,1789527345
2026-09-16T02:55:47+00:00,626,6,16,True,True,True,1789527345
2026-09-16T02:55:47+00:00,614,0,23,True,True,True,1789527345
2026-09-16T02:55:47+00:00,616,13,2,True,True,True,1789527345
2026-09-16T02:55:47+00:00,618,0,39,True,True,True,1789527345
2026-09-16T02:55:47+00:00,621,2,23,True,True,True,1789527345
2026-09-16T02:55:47+00:00,622,2,23,True,True,True,1789527345
2026-09-16T02:55:47+00:00,613,10,8,True,True,True,1789527345
2026-09-16T02:55:47+00:00,620,7,33,True,True,True,1789527345
2026-09-16T02:55:47+00:00,596,9,8,True,True,True,1789527345
2026-09-16T02:55:47+00:00,617,7,10,True,True,True,1789527345
2026-09-16T02:55:47+00:00,609,21,6,True,True,True,1789527345
2026-09-16T02:55:47+00:00,607,15,10,True,True,True,1789527345
2026-09-16T02:55:47+00:00,603,2,15,True,True,True,1789527345
2026-09-16T02:55:47+00:00,590,18,19,True,True,True,1789527345
2026-09-16T02:55:47+00:00,610,5,15,True,True,True,1789527345
2026-09-16T02:55:47+00:00,608,2,18,True,True,True,1789527345
2026-09-16T02:55:47+00:00,593,1,29,True,True,True,1789527345
2026-09-16T02:55:47+00:00,530,4,4,True,True,True,1789527345
2026-09-16T02:55:47+00:00,463,4,15,True,True,True,1789527345
2026-09-16T02:55:47+00:00,475,16,8,True,True,True,1789527345
2026-09-16T02:55:47+00:00,439,4,21,True,True,True,1789527345
2026-09-16T02:55:47+00:00,600,10,0,True,True,True,1789527345
2026-09-16T02:55:47+00:00,440,9,7,True,True,True,1789527345
2026-09-16T02:55:47+00:00,612,1,16,True,True,True,1789527345
2026-09-16T02:55:47+00:00,491,16,2,True,True,True,1789527345
2026-09-16T02:55:47+00:00,493,12,12,True,True,True,1789527345
2026-09-16T02:55:47+00:00,410,5,21,True,True,True,1789527345
2026-09-16T02:55:47+00:00,605,12,5,True,True,True,1789527345
2026-09-16T02:55:47+00:00,388,5,13,True,True,True,1789527345
2026-09-16T02:55:47+00:00,591,0,24,True,True,True,1789527345
2026-09-16T02:55:47+00:00,592,1,16,True,True,True,1789527345
2026-09-16T02:55:47+00:00,585,13,3,True,True,True,1789527345
2026-09-16T02:55:47+00:00,565,3,14,True,True,True,1789527345
2026-09-16T02:55:47+00:00,571,12,8,True,True,True,1789527345
2026-09-16T02:55:47+00:00,568,1,13,True,True,True,1789527345
2026-09-16T02:55:47+00:00,588,2,16,True,True,True,1789527345
2026-09-16T02:55:47+00:00,584,8,26,True,True,True,1789527345
2026-09-16T02:55:47+00:00,569,10,19,True,True,True,1789527345
2026-09-16T02:55:47+00:00,577,23,7,True,True,True,1789527345
2026-09-16T02:55:47+00:00,564,3,26,True,True,True,1789527345
2026-09-16T02:55:47+00:00,570,1,13,True,True,True,1789527345
2026-09-16T02:55:47+00:00,572,15,23,True,True,True,1789527345
2026-09-16T02:55:47+00:00,586,24,0,True,True,True,1789527345
2026-09-16T02:55:47+00:00,576,4,14,True,True,True,1789527345
2026-09-16T02:55:47+00:00,566,11,13,True,True,True,1789527345
2026-09-16T02:55:47+00:00,602,1,16,True,True,True,1789527345
2026-09-16T02:55:47+00:00,575,0,28,True,True,True,1789527345
2026-09-16T02:55:47+00:00,567,3,33,True,True,True,1789527345
2026-09-16T02:55:47+00:00,582,12,14,True,True,True,1789527345
2026-09-16T02:55:47+00:00,595,18,4,True,True,True,1789527345
2026-09-16T02:55:47+00:00,542,8,10,True,True,True,1789527345
2026-09-16T02:55:47+00:00,563,17,0,True,True,True,1789527345
2026-09-16T02:55:47+00:00,558,3,11,True,True,True,1789527345
2026-09-16T02:55:47+00:00,552,15,3,True,True,True,1789527345
2026-09-16T02:55:47+00:00,555,3,10,True,True,True,1789527345
2026-09-16T02:55:47+00:00,573,6,18,True,True,True,1789527345
2026-09-16T02:55:47+00:00,561,1,19,True,True,True,1789527345
2026-09-16T02:55:47+00:00,615,14,7,True,True,True,1789527345
2026-09-16T02:55:47+00:00,543,0,18,True,True,True,1789527345
2026-09-16T02:55:47+00:00,554,1,19,True,True,True,1789527345
2026-09-16T02:55:47+00:00,574,0,12,True,True,True,1789527345
2026-09-16T02:55:47+00:00,560,2,6,True,True,True,1789527345
2026-09-16T02:55:47+00:00,548,6,10,True,True,True,1789527345
2026-09-16T02:55:47+00:00,559,8,8,True,True,True,1789527345
2026-09-16T02:55:47+00:00,545,5,33,True,True,True,1789527345
2026-09-16T02:55:47+00:00,550,1,8,True,True,True,1789527345
2026-09-16T02:55:47+00:00,541,6,3,True,True,True,1789527345
2026-09-16T02:55:47+00:00,527,5,6,True,True,True,1789527345
2026-09-16T02:55:47+00:00,529,1,18,True,True,True,1789527345
2026-09-16T02:55:47+00:00,526,5,10,True,True,True,1789527345
2026-09-16T02:55:47+00:00,537,12,5,True,True,True,1789527345
2026-09-16T02:55:47+00:00,547,27,3,True,True,True,1789527345
2026-09-16T02:55:47+00:00,601,1,17,True,True,True,1789527345
2026-09-16T02:55:47+00:00,533,6,6,True,True,True,1789527345
2026-09-16T02:55:47+00:00,535,1,24,True,True,True,1789527345
2026-09-16T02:55:47+00:00,524,0,20,True,True,True,1789527345
2026-09-16T02:55:47+00:00,519,11,11,True,True,True,1789527345
2026-09-16T02:55:47+00:00,534,0,38,True,True,True,1789527345
2026-09-16T02:55:47+00:00,521,0,4,True,True,True,1789527345
2026-09-16T02:55:47+00:00,518,1,16,True,True,True,1789527345
2026-09-16T02:55:47+00:00,556,0,18,True,True,True,1789527345
2026-09-16T02:55:47+00:00,525,0,14,True,True,True,1789527345
2026-09-16T02:55:47+00:00,517,0,14,True,True,True,1789527345
2026-09-16T02:55:47+00:00,523,14,16,True,True,True,1789527345
2026-09-16T02:55:47+00:00,522,7,0,True,True,True,1789527345
2026-09-16T02:55:47+00:00,594,12,7,True,True,True,1789527345
2026-09-16T02:55:47+00:00,532,0,19,True,True,True,1789527345
2026-09-16T02:55:47+00:00,509,3,9,True,True,True,1789527345
2026-09-16T02:55:47+00:00,531,1,14,True,True,True,1789527345
2026-09-16T02:55:47+00:00,536,1,6,True,True,True,1789527345
2026-09-16T02:55:47+00:00,562,3,34,True,True,True,1789527345
2026-09-16T02:55:47+00:00,511,15,5,True,True,True,1789527345
2026-09-16T02:55:47+00:00,505,2,15,True,True,True,1789527345
2026-09-16T02:55:47+00:00,501,0,17,True,True,True,1789527345
2026-09-16T02:55:47+00:00,514,1,11,True,True,True,1789527345
2026-09-16T02:55:47+00:00,500,6,11,True,True,True,1789527345
2026-09-16T02:55:47+00:00,503,26,3,True,True,True,1789527345
2026-09-16T02:55:47+00:00,513,0,13,True,True,True,1789527345
2026-09-16T02:55:47+00:00,498,3,8,True,True,True,1789527345
2026-09-16T02:55:47+00:00,507,9,10,True,True,True,1789527345
2026-09-16T02:55:47+00:00,512,12,12,True,True,True,1789527345
2026-09-16T02:55:47+00:00,619,1,41,True,True,True,1789527345
2026-09-16T02:55:47+00:00,474,11,30,True,True,True,1789527345
2026-09-16T02:55:47+00:00,580,25,16,True,True,True,1789527345
2026-09-16T02:55:47+00:00,496,0,41,True,True,True,1789527345
2026-09-16T02:55:47+00:00,482,2,16,True,True,True,1789527345
2026-09-16T02:55:47+00:00,407,11,0,True,True,True,1789527345
2026-09-16T02:55:47+00:00,409,6,15,True,True,True,1789527345
2026-09-16T02:55:47+00:00,451,3,16,True,True,True,1789527345
2026-09-16T02:55:47+00:00,402,2,15,True,True,True,1789527345
2026-09-16T02:55:47+00:00,516,2,12,True,True,True,1789527345
2026-09-16T02:55:47+00:00,625,4,38,True,True,True,1789527345
2026-09-16T02:55:47+00:00,429,16,4,True,True,True,1789527345
2026-09-16T02:55:47+00:00,380,10,10,True,True,True,1789527345
2026-09-16T02:55:47+00:00,583,9,8,True,True,True,1789527345
2026-09-16T02:55:47+00:00,398,4,10,True,True,True,1789527345
2026-09-16T02:55:47+00:00,381,14,0,True,True,True,1789527345
2026-09-16T02:55:47+00:00,464,10,33,True,True,True,1789527345
2026-09-16T02:55:47+00:00,442,13,1,True,True,True,1789527345
2026-09-16T02:55:47+00:00,483,10,11,True,True,True,1789527345
2026-09-16T02:55:47+00:00,458,0,14,True,True,True,1789527345
2026-09-16T02:55:47+00:00,499,7,8,True,True,True,1789527345
2026-09-16T02:55:47+00:00,472,7,16,True,True,True,1789527345
2026-09-16T02:55:47+00:00,506,3,23,True,True,True,1789527345
2026-09-16T02:55:47+00:00,465,0,10,True,True,True,1789527345
2026-09-16T02:55:47+00:00,611,12,27,True,True,True,1789527345
2026-09-16T02:55:47+00:00,404,6,18,True,True,True,1789527345
2026-09-16T02:55:47+00:00,579,9,6,True,True,True,1789527345
2026-09-16T02:55:47+00:00,589,7,16,True,True,True,1789527345
2026-09-16T02:55:47+00:00,434,0,15,True,True,True,1789527345
2026-09-16T02:55:47+00:00,462,2,11,True,True,True,1789527345
2026-09-16T02:55:47+00:00,578,4,20,True,True,True,1789527345
2026-09-16T02:55:47+00:00,415,0,11,True,True,True,1789527345
2026-09-16T02:55:47+00:00,423,13,6,True,True,True,1789527345
2026-09-16T02:55:47+00:00,412,7,1,True,True,True,1789527345
2026-09-16T02:55:47+00:00,387,10,5,True,True,True,1789527345
2026-09-16T02:55:47+00:00,441,2,12,True,True,True,1789527345
2026-09-16T02:55:47+00:00,454,3,16,True,True,True,1789527345
2026-09-16T02:55:47+00:00,436,2,9,True,True,True,1789527345
2026-09-16T02:55:47+00:00,394,1,17,True,True,True,1789527345
2026-09-16T02:55:47+00:00,497,18,9,True,True,True,1789527345
2026-09-16T02:55:47+00:00,581,16,4,True,True,True,1789527345
2026-09-16T02:55:47+00:00,461,0,20,True,True,True,1789527345
2026-09-16T02:55:47+00:00,599,20,28,True,True,True,1789527345
2026-09-16T02:55:47+00:00,428,8,15,True,True,True,1789527345
2026-09-16T02:55:47+00:00,400,3,21,True,True,True,1789527345
2026-09-16T02:55:47+00:00,487,0,19,True,True,True,1789527345
2026-09-16T02:55:47+00:00,438,19,20,True,True,True,1789527345
2026-09-16T02:55:47+00:00,459,0,8,True,True,True,1789527345
2026-09-16T02:55:47+00:00,433,5,13,True,True,True,1789527345
2026-09-16T02:55:47+00:00,399,17,11,True,True,True,1789527345
2026-09-16T02:55:47+00:00,489,0,28,True,True,True,1789527345
2026-09-16T02:55:47+00:00,742,22,6,True,True,True,1789527345
2026-09-16T02:55:47+00:00,551,30,2,True,True,True,1789527345
2026-09-16T02:55:47+00:00,406,3,4,True,True,True,1789527345
2026-09-16T02:55:47+00:00,488,12,11,True,True,True,1789527345
2026-09-16T02:55:47+00:00,540,0,35,True,True,True,1789527345
2026-09-16T02:55:47+00:00,431,5,10,True,True,True,1789527345
2026-09-16T02:55:47+00:00,393,3,16,True,True,True,1789527345
2026-09-16T02:55:47+00:00,420,1,18,True,True,True,1789527345
2026-09-16T02:55:47+00:00,397,16,15,True,True,True,1789527345
2026-09-16T02:55:47+00:00,390,17,13,True,True,True,1789527345
2026-09-16T02:55:47+00:00,449,9,15,True,True,True,1789527345
2026-09-16T02:55:47+00:00,430,7,35,True,True,True,1789527345
2026-09-16T02:55:47+00:00,484,18,14,True,True,True,1789527345
2026-09-16T02:55:47+00:00,479,9,20,True,True,True,1789527345
2026-09-16T02:55:47+00:00,403,4,10,True,True,True,1789527345
2026-09-16T02:55:47+00:00,435,1,27,True,True,True,1789527345
2026-09-16T02:55:47+00:00,426,3,17,True,True,True,1789527345
2026-09-16T02:55:47+00:00,450,1,13,True,True,True,1789527345
2026-09-16T02:55:47+00:00,456,10,22,True,True,True,1789527345
2026-09-16T02:55:47+00:00,468,12,1,True,True,True,1789527345
2026-09-16T02:55:47+00:00,453,0,30,True,True,True,1789527345
2026-09-16T02:55:47+00:00,466,1,13,True,True,True,1789527345
2026-09-16T02:55:47+00:00,469,1,27,True,True,True,1789527345
2026-09-16T02:55:47+00:00,416,2,13,True,True,True,1789527345
2026-09-16T02:55:47+00:00,391,3,10,True,True,True,1789527345
2026-09-16T02:55:47+00:00,389,2,14,True,True,True,1789527345
2026-09-16T02:55:47+00:00,470,3,11,True,True,True,1789527345
2026-09-16T02:55:47+00:00,384,9,7,True,True,True,1789527345
2026-09-16T02:55:47+00:00,425,3,5,True,True,True,1789527345
2026-09-16T02:55:47+00:00,411,1,10,True,True,True,1789527345
2026-09-16T02:55:47+00:00,598,7,24,True,True,True,1789527345
2026-09-16T02:55:47+00:00,444,16,1,True,True,True,1789527345
2026-09-16T02:55:47+00:00,447,6,24,True,True,True,1789527345
2026-09-16T02:55:47+00:00,408,6,7,True,True,True,1789527345
2026-09-16T02:55:47+00:00,737,22,1,True,True,True,1789527345
2026-09-16T02:55:47+00:00,432,6,5,True,True,True,1789527345
2026-09-16T02:55:47+00:00,401,4,2,True,True,True,1789527345
2026-09-16T02:55:47+00:00,452,0,30,True,True,True,1789527345
2026-09-16T02:55:47+00:00,392,1,7,True,True,True,1789527345
2026-09-16T02:55:47+00:00,481,8,34,True,True,True,1789527345
2026-09-16T02:55:47+00:00,495,16,24,True,True,True,1789527345
2026-09-16T02:55:47+00:00,478,3,8,True,True,True,1789527345
2026-09-16T02:55:47+00:00,414,7,3,True,True,True,1789527345
2026-09-16T02:55:47+00:00,476,6,11,True,True,True,1789527345
2026-09-16T02:55:47+00:00,445,11,6,True,True,True,1789527345
2026-09-16T02:55:47+00:00,748,2,27,True,True,True,1789527345
2026-09-16T02:55:47+00:00,473,1,6,True,True,True,1789527345
2026-09-16T02:55:47+00:00,383,20,8,True,True,True,1789527345
2026-09-16T02:55:47+00:00,480,24,0,True,True,True,1789527345
2026-09-16T02:55:47+00:00,421,13,8,True,True,True,1789527345
2026-09-16T02:55:47+00:00,746,4,5,True,True,True,1789527345
2026-09-16T02:55:47+00:00,417,1,10,True,True,True,1789527345
2026-09-16T02:55:47+00:00,427,2,10,True,True,True,1789527345
2026-09-16T02:55:47+00:00,395,0,13,True,True,True,1789527345
2026-09-16T02:55:47+00:00,418,2,25,True,True,True,1789527345
2026-09-16T02:55:47+00:00,413,3,10,True,True,True,1789527345
2026-09-16T02:55:47+00:00,486,4,19,True,True,True,1789527345
2026-09-16T02:55:47+00:00,597,9,1,True,True,True,1789527345
2026-09-16T02:55:47+00:00,422,2,10,True,True,True,1789527345
2026-09-16T02:55:47+00:00,382,6,3,True,True,True,1789527345
2026-09-16T02:55:47+00:00,396,16,5,True,True,True,1789527345
2026-09-16T02:55:47+00:00,735,12,0,True,True,True,1789527345
2026-09-16T02:55:47+00:00,437,0,24,True,True,True,1789527345
2026-09-16T02:55:47+00:00,446,5,16,True,True,True,1789527345
2026-09-16T02:55:47+00:00,424,0,9,True,True,True,1789527345
2026-09-16T02:55:47+00:00,455,6,6,True,True,True,1789527345
2026-09-16T02:55:47+00:00,457,3,6,True,True,True,1789527345
2026-09-16T02:55:47+00:00,377,13,13,True,True,True,1789527345
2026-09-16T02:55:47+00:00,738,7,5,True,True,True,1789527345
2026-09-16T02:55:47+00:00,460,17,11,True,True,True,1789527345
2026-09-16T02:55:47+00:00,744,6,0,True,True,True,1789527345
2026-09-16T02:55:47+00:00,485,6,8,True,True,True,1789527345
2026-09-16T03:10:47+00:00,6026,7,26,True,True,True,1789528237
2026-09-16T03:10:47+00:00,5431,12,8,True,True,True,1789528237
2026-09-16T03:10:47+00:00,5424,0,18,True,True,True,1789528237
2026-09-16T03:10:47+00:00,5220,1,19,True,True,True,1789528237
2026-09-16T03:10:47+00:00,5217,18,12,True,True,True,1789528237
2026-09-16T03:10:47+00:00,5113,4,10,True,True,True,1789528237
2026-09-16T03:10:47+00:00,4683,2,17,True,True,True,1789528237
2026-09-16T03:10:47+00:00,4552,10,7,True,True,True,1789528237
2026-09-16T03:10:47+00:00,3725,5,13,True,True,True,1789528237
2026-09-16T03:10:47+00:00,2358,9,4,True,True,True,1789528237
2026-09-16T03:10:47+00:00,2357,5,18,True,True,True,1789528237
2026-09-16T03:10:47+00:00,2355,11,1,True,True,True,1789528237
2026-09-16T03:10:47+00:00,2351,0,16,True,True,True,1789528237
2026-09-16T03:10:47+00:00,2350,5,18,True,True,True,1789528237
2026-09-16T03:10:47+00:00,2349,6,15,True,True,True,1789528237
2026-09-16T03:10:47+00:00,2347,17,13,True,True,True,1789528237
2026-09-16T03:10:47+00:00,2340,0,21,True,True,True,1789528237
2026-09-16T03:10:47+00:00,2339,7,21,True,True,True,1789528237
2026-09-16T03:10:47+00:00,2337,12,3,True,True,True,1789528237
2026-09-16T03:10:47+00:00,2334,0,11,True,True,True,1789528237
2026-09-16T03:10:47+00:00,2333,14,1,True,True,True,1789528237
2026-09-16T03:10:47+00:00,2332,2,10,True,True,True,1789528237
2026-09-16T03:10:47+00:00,2330,11,2,True,True,True,1789528237
2026-09-16T03:10:47+00:00,2329,13,2,True,True,True,1789528237
2026-09-16T03:10:47+00:00,2328,8,11,True,True,True,1789528237
2026-09-16T03:10:47+00:00,2315,11,6,True,True,True,1789528237
2026-09-16T03:10:47+00:00,2308,0,7,True,True,True,1789528237
2026-09-16T03:10:47+00:00,2307,1,29,True,True,True,1789528237
2026-09-16T03:10:47+00:00,2306,17,1,True,True,True,1789528237
2026-09-16T03:10:47+00:00,2305,3,11,True,True,True,1789528237
2026-09-16T03:10:47+00:00,2304,11,7,True,True,True,1789528237
2026-09-16T03:10:47+00:00,2280,10,1,True,True,True,1789528237
2026-09-16T03:10:47+00:00,2270,12,8,True,True,True,1789528237
2026-09-16T03:10:47+00:00,1919,4,2,True,True,True,1789528237
2026-09-16T03:10:47+00:00,1755,11,20,True,True,True,1789528237
2026-09-16T03:10:47+00:00,1101,8,13,True,True,True,1789528237
2026-09-16T03:10:47+00:00,1023,12,3,True,True,True,1789528237
2026-09-16T03:10:47+00:00,1009,2,7,True,True,True,1789528237
2026-09-16T03:10:47+00:00,970,20,4,True,True,True,1789528237
2026-09-16T03:10:47+00:00,787,7,5,True,True,True,1789528237
2026-09-16T03:10:47+00:00,627,10,20,True,True,True,1789528237
2026-09-16T03:10:47+00:00,623,4,15,True,True,True,1789528237
2026-09-16T03:10:47+00:00,624,11,8,True,True,True,1789528237
2026-09-16T03:10:47+00:00,626,6,16,True,True,True,1789528237
2026-09-16T03:10:47+00:00,614,0,23,True,True,True,1789528237
2026-09-16T03:10:47+00:00,616,13,2,True,True,True,1789528237
2026-09-16T03:10:47+00:00,618,0,39,True,True,True,1789528237
2026-09-16T03:10:47+00:00,621,2,23,True,True,True,1789528237
2026-09-16T03:10:47+00:00,622,2,23,True,True,True,1789528237
2026-09-16T03:10:47+00:00,613,10,8,True,True,True,1789528237
2026-09-16T03:10:47+00:00,620,6,34,True,True,True,1789528237
2026-09-16T03:10:47+00:00,596,9,8,True,True,True,1789528237
2026-09-16T03:10:47+00:00,617,7,10,True,True,True,1789528237
2026-09-16T03:10:47+00:00,609,21,6,True,True,True,1789528237
2026-09-16T03:10:47+00:00,607,15,10,True,True,True,1789528237
2026-09-16T03:10:47+00:00,603,2,15,True,True,True,1789528237
2026-09-16T03:10:47+00:00,590,18,19,True,True,True,1789528237
2026-09-16T03:10:47+00:00,610,5,15,True,True,True,1789528237
2026-09-16T03:10:47+00:00,608,2,18,True,True,True,1789528237
2026-09-16T03:10:47+00:00,593,1,29,True,True,True,1789528237
2026-09-16T03:10:47+00:00,530,4,4,True,True,True,1789528237
2026-09-16T03:10:47+00:00,463,4,15,True,True,True,1789528237
2026-09-16T03:10:47+00:00,475,16,8,True,True,True,1789528237
2026-09-16T03:10:47+00:00,439,4,21,True,True,True,1789528237
2026-09-16T03:10:47+00:00,600,10,0,True,True,True,1789528237
2026-09-16T03:10:47+00:00,440,9,7,True,True,True,1789528237
2026-09-16T03:10:47+00:00,612,1,16,True,True,True,1789528237
2026-09-16T03:10:47+00:00,491,16,2,True,True,True,1789528237
2026-09-16T03:10:47+00:00,493,12,12,True,True,True,1789528237
2026-09-16T03:10:47+00:00,410,5,21,True,True,True,1789528237
2026-09-16T03:10:47+00:00,605,12,5,True,True,True,1789528237
2026-09-16T03:10:47+00:00,388,5,13,True,True,True,1789528237
2026-09-16T03:10:47+00:00,591,0,24,True,True,True,1789528237
2026-09-16T03:10:47+00:00,592,1,16,True,True,True,1789528237
2026-09-16T03:10:47+00:00,585,13,3,True,True,True,1789528237
2026-09-16T03:10:47+00:00,565,3,14,True,True,True,1789528237
2026-09-16T03:10:47+00:00,571,12,8,True,True,True,1789528237
2026-09-16T03:10:47+00:00,568,1,13,True,True,True,1789528237
2026-09-16T03:10:47+00:00,588,2,16,True,True,True,1789528237
2026-09-16T03:10:47+00:00,584,8,26,True,True,True,1789528237
2026-09-16T03:10:47+00:00,569,10,19,True,True,True,1789528237
2026-09-16T03:10:47+00:00,577,23,7,True,True,True,1789528237
2026-09-16T03:10:47+00:00,564,3,26,True,True,True,1789528237
2026-09-16T03:10:47+00:00,570,1,13,True,True,True,1789528237
2026-09-16T03:10:47+00:00,572,15,23,True,True,True,1789528237
2026-09-16T03:10:47+00:00,586,24,0,True,True,True,1789528237
2026-09-16T03:10:47+00:00,576,4,14,True,True,True,1789528237
2026-09-16T03:10:47+00:00,566,11,13,True,True,True,1789528237
2026-09-16T03:10:47+00:00,602,1,16,True,True,True,1789528237
2026-09-16T03:10:47+00:00,575,0,28,True,True,True,1789528237
2026-09-16T03:10:47+00:00,567,3,33,True,True,True,1789528237
2026-09-16T03:10:47+00:00,582,12,14,True,True,True,1789528237
2026-09-16T03:10:47+00:00,595,18,4,True,True,True,1789528237
2026-09-16T03:10:47+00:00,542,8,10,True,True,True,1789528237
2026-09-16T03:10:47+00:00,563,17,0,True,True,True,1789528237
2026-09-16T03:10:47+00:00,558,3,11,True,True,True,1789528237
2026-09-16T03:10:47+00:00,552,15,3,True,True,True,1789528237
2026-09-16T03:10:47+00:00,555,3,10,True,True,True,1789528237
2026-09-16T03:10:47+00:00,573,6,18,True,True,True,1789528237
2026-09-16T03:10:47+00:00,561,1,19,True,True,True,1789528237
2026-09-16T03:10:47+00:00,615,14,7,True,True,True,1789528237
2026-09-16T03:10:47+00:00,543,0,18,True,True,True,1789528237
2026-09-16T03:10:47+00:00,554,1,19,True,True,True,1789528237
2026-09-16T03:10:47+00:00,574,0,12,True,True,True,1789528237
2026-09-16T03:10:47+00:00,560,2,6,True,True,True,1789528237
2026-09-16T03:10:47+00:00,548,6,10,True,True,True,1789528237
2026-09-16T03:10:47+00:00,559,8,8,True,True,True,1789528237
2026-09-16T03:10:47+00:00,545,5,33,True,True,True,1789528237
2026-09-16T03:10:47+00:00,550,1,8,True,True,True,1789528237
2026-09-16T03:10:47+00:00,541,6,3,True,True,True,1789528237
2026-09-16T03:10:47+00:00,527,5,6,True,True,True,1789528237
2026-09-16T03:10:47+00:00,529,1,18,True,True,True,1789528237
2026-09-16T03:10:47+00:00,526,5,10,True,True,True,1789528237
2026-09-16T03:10:47+00:00,537,12,5,True,True,True,1789528237
2026-09-16T03:10:47+00:00,547,27,3,True,True,True,1789528237
2026-09-16T03:10:47+00:00,601,1,17,True,True,True,1789528237
2026-09-16T03:10:47+00:00,533,6,6,True,True,True,1789528237
2026-09-16T03:10:47+00:00,535,1,24,True,True,True,1789528237
2026-09-16T03:10:47+00:00,524,0,20,True,True,True,1789528237
2026-09-16T03:10:47+00:00,519,11,11,True,True,True,1789528237
2026-09-16T03:10:47+00:00,534,0,38,True,True,True,1789528237
2026-09-16T03:10:47+00:00,521,0,4,True,True,True,1789528237
2026-09-16T03:10:47+00:00,518,1,16,True,True,True,1789528237
2026-09-16T03:10:47+00:00,556,0,18,True,True,True,1789528237
2026-09-16T03:10:47+00:00,525,0,14,True,True,True,1789528237
2026-09-16T03:10:47+00:00,517,0,14,True,True,True,1789528237
2026-09-16T03:10:47+00:00,523,14,16,True,True,True,1789528237
2026-09-16T03:10:47+00:00,522,7,0,True,True,True,1789528237
2026-09-16T03:10:47+00:00,594,12,7,True,True,True,1789528237
2026-09-16T03:10:47+00:00,532,0,19,True,True,True,1789528237
2026-09-16T03:10:47+00:00,509,3,9,True,True,True,1789528237
2026-09-16T03:10:47+00:00,531,1,14,True,True,True,1789528237
2026-09-16T03:10:47+00:00,536,1,6,True,True,True,1789528237
2026-09-16T03:10:47+00:00,562,3,34,True,True,True,1789528237
2026-09-16T03:10:47+00:00,511,15,5,True,True,True,1789528237
2026-09-16T03:10:47+00:00,505,2,15,True,True,True,1789528237
2026-09-16T03:10:47+00:00,501,0,17,True,True,True,1789528237
2026-09-16T03:10:47+00:00,514,1,11,True,True,True,1789528237
2026-09-16T03:10:47+00:00,500,6,11,True,True,True,1789528237
2026-09-16T03:10:47+00:00,503,26,3,True,True,True,1789528237
2026-09-16T03:10:47+00:00,513,0,13,True,True,True,1789528237
2026-09-16T03:10:47+00:00,498,3,8,True,True,True,1789528237
2026-09-16T03:10:47+00:00,507,9,10,True,True,True,1789528237
2026-09-16T03:10:47+00:00,512,12,12,True,True,True,1789528237
2026-09-16T03:10:47+00:00,619,1,41,True,True,True,1789528237
2026-09-16T03:10:47+00:00,474,11,30,True,True,True,1789528237
2026-09-16T03:10:47+00:00,580,25,16,True,True,True,1789528237
2026-09-16T03:10:47+00:00,496,0,41,True,True,True,1789528237
2026-09-16T03:10:47+00:00,482,2,16,True,True,True,1789528237
2026-09-16T03:10:47+00:00,407,11,0,True,True,True,1789528237
2026-09-16T03:10:47+00:00,409,6,15,True,True,True,1789528237
2026-09-16T03:10:47+00:00,451,3,16,True,True,True,1789528237
2026-09-16T03:10:47+00:00,402,2,15,True,True,True,1789528237
2026-09-16T03:10:47+00:00,516,2,12,True,True,True,1789528237
2026-09-16T03:10:47+00:00,625,4,38,True,True,True,1789528237
2026-09-16T03:10:47+00:00,429,16,4,True,True,True,1789528237
2026-09-16T03:10:47+00:00,380,10,10,True,True,True,1789528237
2026-09-16T03:10:47+00:00,583,9,8,True,True,True,1789528237
2026-09-16T03:10:47+00:00,398,4,10,True,True,True,1789528237
2026-09-16T03:10:47+00:00,381,14,0,True,True,True,1789528237
2026-09-16T03:10:47+00:00,464,10,33,True,True,True,1789528237
2026-09-16T03:10:47+00:00,442,13,1,True,True,True,1789528237
2026-09-16T03:10:47+00:00,483,10,11,True,True,True,1789528237
2026-09-16T03:10:47+00:00,458,0,14,True,True,True,1789528237
2026-09-16T03:10:47+00:00,499,7,8,True,True,True,1789528237
2026-09-16T03:10:47+00:00,472,7,16,True,True,True,1789528237
2026-09-16T03:10:47+00:00,506,3,23,True,True,True,1789528237
2026-09-16T03:10:47+00:00,465,0,10,True,True,True,1789528237
2026-09-16T03:10:47+00:00,611,12,27,True,True,True,1789528237
2026-09-16T03:10:47+00:00,404,6,18,True,True,True,1789528237
2026-09-16T03:10:47+00:00,579,9,6,True,True,True,1789528237
2026-09-16T03:10:47+00:00,589,7,16,True,True,True,1789528237
2026-09-16T03:10:47+00:00,434,0,15,True,True,True,1789528237
2026-09-16T03:10:47+00:00,462,2,11,True,True,True,1789528237
2026-09-16T03:10:47+00:00,578,4,20,True,True,True,1789528237
2026-09-16T03:10:47+00:00,415,0,11,True,True,True,1789528237
2026-09-16T03:10:47+00:00,423,13,6,True,True,True,1789528237
2026-09-16T03:10:47+00:00,412,7,1,True,True,True,1789528237
2026-09-16T03:10:47+00:00,387,10,5,True,True,True,1789528237
2026-09-16T03:10:47+00:00,441,2,12,True,True,True,1789528237
2026-09-16T03:10:47+00:00,454,3,16,True,True,True,1789528237
2026-09-16T03:10:47+00:00,436,2,9,True,True,True,1789528237
2026-09-16T03:10:47+00:00,394,1,17,True,True,True,1789528237
2026-09-16T03:10:47+00:00,497,18,9,True,True,True,1789528237
2026-09-16T03:10:47+00:00,581,16,4,True,True,True,1789528237
2026-09-16T03:10:47+00:00,461,0,20,True,True,True,1789528237
2026-09-16T03:10:47+00:00,599,20,28,True,True,True,1789528237
2026-09-16T03:10:47+00:00,428,8,15,True,True,True,1789528237
2026-09-16T03:10:47+00:00,400,3,21,True,True,True,1789528237
2026-09-16T03:10:47+00:00,487,0,19,True,True,True,1789528237
2026-09-16T03:10:47+00:00,438,19,20,True,True,True,1789528237
2026-09-16T03:10:47+00:00,459,0,8,True,True,True,1789528237
2026-09-16T03:10:47+00:00,433,5,13,True,True,True,1789528237
2026-09-16T03:10:47+00:00,399,17,11,True,True,True,1789528237
2026-09-16T03:10:47+00:00,489,0,28,True,True,True,1789528237
2026-09-16T03:10:47+00:00,742,22,6,True,True,True,1789528237
2026-09-16T03:10:47+00:00,551,30,2,True,True,True,1789528237
2026-09-16T03:10:47+00:00,406,3,4,True,True,True,1789528237
2026-09-16T03:10:47+00:00,488,12,11,True,True,True,1789528237
2026-09-16T03:10:47+00:00,540,0,35,True,True,True,1789528237
2026-09-16T03:10:47+00:00,431,5,10,True,True,True,1789528237
2026-09-16T03:10:47+00:00,393,3,16,True,True,True,1789528237
2026-09-16T03:10:47+00:00,420,1,18,True,True,True,1789528237
2026-09-16T03:10:47+00:00,397,16,15,True,True,True,1789528237
2026-09-16T03:10:47+00:00,390,17,13,True,True,True,1789528237
2026-09-16T03:10:47+00:00,449,9,15,True,True,True,1789528237
2026-09-16T03:10:47+00:00,430,7,35,True,True,True,1789528237
2026-09-16T03:10:47+00:00,484,18,14,True,True,True,1789528237
2026-09-16T03:10:47+00:00,479,9,20,True,True,True,1789528237
2026-09-16T03:10:47+00:00,403,4,10,True,True,True,1789528237
2026-09-16T03:10:47+00:00,435,1,27,True,True,True,1789528237
2026-09-16T03:10:47+00:00,426,3,17,True,True,True,1789528237
2026-09-16T03:10:47+00:00,450,1,13,True,True,True,1789528237
2026-09-16T03:10:47+00:00,456,10,22,True,True,True,1789528237
2026-09-16T03:10:47+00:00,468,12,1,True,True,True,1789528237
2026-09-16T03:10:47+00:00,453,0,30,True,True,True,1789528237
2026-09-16T03:10:47+00:00,466,1,13,True,True,True,1789528237
2026-09-16T03:10:47+00:00,469,1,27,True,True,True,1789528237
2026-09-16T03:10:47+00:00,416,2,13,True,True,True,1789528237
2026-09-16T03:10:47+00:00,391,3,10,True,True,True,1789528237
2026-09-16T03:10:47+00:00,389,2,14,True,True,True,1789528237
2026-09-16T03:10:47+00:00,470,3,11,True,True,True,1789528237
2026-09-16T03:10:47+00:00,384,9,7,True,True,True,1789528237
2026-09-16T03:10:47+00:00,425,3,5,True,True,True,1789528237
2026-09-16T03:10:47+00:00,411,1,10,True,True,True,1789528237
2026-09-16T03:10:47+00:00,598,6,25,True,True,True,1789528237
2026-09-16T03:10:47+00:00,444,16,1,True,True,True,1789528237
2026-09-16T03:10:47+00:00,447,6,24,True,True,True,1789528237
2026-09-16T03:10:47+00:00,408,6,7,True,True,True,1789528237
2026-09-16T03:10:47+00:00,737,22,1,True,True,True,1789528237
2026-09-16T03:10:47+00:00,432,6,5,True,True,True,1789528237
2026-09-16T03:10:47+00:00,401,4,2,True,True,True,1789528237
2026-09-16T03:10:47+00:00,452,0,30,True,True,True,1789528237
2026-09-16T03:10:47+00:00,392,1,7,True,True,True,1789528237
2026-09-16T03:10:47+00:00,481,8,34,True,True,True,1789528237
2026-09-16T03:10:47+00:00,495,16,24,True,True,True,1789528237
2026-09-16T03:10:47+00:00,478,3,8,True,True,True,1789528237
2026-09-16T03:10:47+00:00,414,7,3,True,True,True,1789528237
2026-09-16T03:10:47+00:00,476,6,11,True,True,True,1789528237
2026-09-16T03:10:47+00:00,445,11,6,True,True,True,1789528237
2026-09-16T03:10:47+00:00,748,2,27,True,True,True,1789528237
2026-09-16T03:10:47+00:00,473,1,6,True,True,True,1789528237
2026-09-16T03:10:47+00:00,383,20,8,True,True,True,1789528237
2026-09-16T03:10:47+00:00,480,24,0,True,True,True,1789528237
2026-09-16T03:10:47+00:00,421,13,8,True,True,True,1789528237
2026-09-16T03:10:47+00:00,746,4,5,True,True,True,1789528237
2026-09-16T03:10:47+00:00,417,1,10,True,True,True,1789528237
2026-09-16T03:10:47+00:00,427,2,10,True,True,True,1789528237
2026-09-16T03:10:47+00:00,395,0,13,True,True,True,1789528237
2026-09-16T03:10:47+00:00,418,2,25,True,True,True,1789528237
2026-09-16T03:10:47+00:00,413,3,10,True,True,True,1789528237
2026-09-16T03:10:47+00:00,486,4,19,True,True,True,1789528237
2026-09-16T03:10:47+00:00,597,8,2,True,True,True,1789528237
2026-09-16T03:10:47+00:00,422,2,10,True,True,True,1789528237
2026-09-16T03:10:47+00:00,382,6,3,True,True,True,1789528237
2026-09-16T03:10:47+00:00,396,16,5,True,True,True,1789528237
2026-09-16T03:10:47+00:00,735,12,0,True,True,True,1789528237
2026-09-16T03:10:47+00:00,437,0,24,True,True,True,1789528237
2026-09-16T03:10:47+00:00,446,5,16,True,True,True,1789528237
2026-09-16T03:10:47+00:00,424,0,9,True,True,True,1789528237
2026-09-16T03:10:47+00:00,455,6,6,True,True,True,1789528237
2026-09-16T03:10:47+00:00,457,3,6,True,True,True,1789528237
2026-09-16T03:10:47+00:00,377,13,13,True,True,True,1789528237
2026-09-16T03:10:47+00:00,738,7,5,True,True,True,1789528237
2026-09-16T03:10:47+00:00,460,17,11,True,True,True,1789528237
2026-09-16T03:10:47+00:00,744,6,0,True,True,True,1789528237
2026-09-16T03:10:47+00:00,485,6,8,True,True,True,1789528237
2026-09-16T03:25:47+00:00,6026,7,26,True,True,True,1789529140
2026-09-16T03:25:47+00:00,5431,12,8,True,True,True,1789529140
2026-09-16T03:25:47+00:00,5424,0,18,True,True,True,1789529140
2026-09-16T03:25:47+00:00,5220,1,19,True,True,True,1789529140
2026-09-16T03:25:47+00:00,5217,18,12,True,True,True,1789529140
2026-09-16T03:25:47+00:00,5113,4,10,True,True,True,1789529140
2026-09-16T03:25:47+00:00,4683,2,17,True,True,True,1789529140
2026-09-16T03:25:47+00:00,4552,10,7,True,True,True,1789529140
2026-09-16T03:25:47+00:00,3725,5,13,True,True,True,1789529140
2026-09-16T03:25:47+00:00,2358,9,4,True,True,True,1789529140
2026-09-16T03:25:47+00:00,2357,5,18,True,True,True,1789529140
2026-09-16T03:25:47+00:00,2355,11,1,True,True,True,1789529140
2026-09-16T03:25:47+00:00,2351,0,16,True,True,True,1789529140
2026-09-16T03:25:47+00:00,2350,5,18,True,True,True,1789529140
2026-09-16T03:25:47+00:00,2349,6,15,True,True,True,1789529140
2026-09-16T03:25:47+00:00,2347,17,13,True,True,True,1789529140
2026-09-16T03:25:47+00:00,2340,0,21,True,True,True,1789529140
2026-09-16T03:25:47+00:00,2339,7,21,True,True,True,1789529140
2026-09-16T03:25:47+00:00,2337,12,3,True,True,True,1789529140
2026-09-16T03:25:47+00:00,2334,0,11,True,True,True,1789529140
2026-09-16T03:25:47+00:00,2333,14,1,True,True,True,1789529140
2026-09-16T03:25:47+00:00,2332,2,10,True,True,True,1789529140
2026-09-16T03:25:47+00:00,2330,11,2,True,True,True,1789529140
2026-09-16T03:25:47+00:00,2329,13,2,True,True,True,1789529140
2026-09-16T03:25:47+00:00,2328,8,11,True,True,True,1789529140
2026-09-16T03:25:47+00:00,2315,11,6,True,True,True,1789529140
2026-09-16T03:25:47+00:00,2308,0,7,True,True,True,1789529140
2026-09-16T03:25:47+00:00,2307,1,29,True,True,True,1789529140
2026-09-16T03:25:47+00:00,2306,17,1,True,True,True,1789529140
2026-09-16T03:25:47+00:00,2305,3,11,True,True,True,1789529140
2026-09-16T03:25:47+00:00,2304,11,7,True,True,True,1789529140
2026-09-16T03:25:47+00:00,2280,10,1,True,True,True,1789529140
2026-09-16T03:25:47+00:00,2270,12,8,True,True,True,1789529140
2026-09-16T03:25:47+00:00,1919,4,2,True,True,True,1789529140
2026-09-16T03:25:47+00:00,1755,11,20,True,True,True,1789529140
2026-09-16T03:25:47+00:00,1101,9,13,True,True,True,1789529140
2026-09-16T03:25:47+00:00,1023,12,3,True,True,True,1789529140
2026-09-16T03:25:47+00:00,1009,2,7,True,True,True,1789529140
2026-09-16T03:25:47+00:00,970,20,4,True,True,True,1789529140
2026-09-16T03:25:47+00:00,787,7,5,True,True,True,1789529140
2026-09-16T03:25:47+00:00,627,10,20,True,True,True,1789529140
2026-09-16T03:25:47+00:00,623,4,15,True,True,True,1789529140
2026-09-16T03:25:47+00:00,624,11,8,True,True,True,1789529140
2026-09-16T03:25:47+00:00,626,6,16,True,True,True,1789529140
2026-09-16T03:25:47+00:00,614,0,23,True,True,True,1789529140
2026-09-16T03:25:47+00:00,616,13,2,True,True,True,1789529140
2026-09-16T03:25:47+00:00,618,0,39,True,True,True,1789529140
2026-09-16T03:25:47+00:00,621,2,23,True,True,True,1789529140
2026-09-16T03:25:47+00:00,622,2,23,True,True,True,1789529140
2026-09-16T03:25:47+00:00,613,10,8,True,True,True,1789529140
2026-09-16T03:25:47+00:00,620,6,34,True,True,True,1789529140
2026-09-16T03:25:47+00:00,596,9,8,True,True,True,1789529140
2026-09-16T03:25:47+00:00,617,7,10,True,True,True,1789529140
2026-09-16T03:25:47+00:00,609,21,6,True,True,True,1789529140
2026-09-16T03:25:47+00:00,607,15,10,True,True,True,1789529140
2026-09-16T03:25:47+00:00,603,2,15,True,True,True,1789529140
2026-09-16T03:25:47+00:00,590,18,19,True,True,True,1789529140
2026-09-16T03:25:47+00:00,610,5,15,True,True,True,1789529140
2026-09-16T03:25:47+00:00,608,2,18,True,True,True,1789529140
2026-09-16T03:25:47+00:00,593,1,29,True,True,True,1789529140
2026-09-16T03:25:47+00:00,530,4,4,True,True,True,1789529140
2026-09-16T03:25:47+00:00,463,4,15,True,True,True,1789529140
2026-09-16T03:25:47+00:00,475,16,8,True,True,True,1789529140
2026-09-16T03:25:47+00:00,439,4,21,True,True,True,1789529140
2026-09-16T03:25:47+00:00,600,10,0,True,True,True,1789529140
2026-09-16T03:25:47+00:00,440,9,7,True,True,True,1789529140
2026-09-16T03:25:47+00:00,612,1,16,True,True,True,1789529140
2026-09-16T03:25:47+00:00,491,16,2,True,True,True,1789529140
2026-09-16T03:25:47+00:00,493,12,12,True,True,True,1789529140
2026-09-16T03:25:47+00:00,410,5,21,True,True,True,1789529140
2026-09-16T03:25:47+00:00,605,12,5,True,True,True,1789529140
2026-09-16T03:25:47+00:00,388,5,13,True,True,True,1789529140
2026-09-16T03:25:47+00:00,591,0,24,True,True,True,1789529140
2026-09-16T03:25:47+00:00,592,1,16,True,True,True,1789529140
2026-09-16T03:25:47+00:00,585,13,3,True,True,True,1789529140
2026-09-16T03:25:47+00:00,565,3,14,True,True,True,1789529140
2026-09-16T03:25:47+00:00,571,12,8,True,True,True,1789529140
2026-09-16T03:25:47+00:00,568,1,13,True,True,True,1789529140
2026-09-16T03:25:47+00:00,588,2,16,True,True,True,1789529140
2026-09-16T03:25:47+00:00,584,8,26,True,True,True,1789529140
2026-09-16T03:25:47+00:00,569,10,19,True,True,True,1789529140
2026-09-16T03:25:47+00:00,577,23,7,True,True,True,1789529140
2026-09-16T03:25:47+00:00,564,3,26,True,True,True,1789529140
2026-09-16T03:25:47+00:00,570,2,12,True,True,True,1789529140
2026-09-16T03:25:47+00:00,572,15,23,True,True,True,1789529140
2026-09-16T03:25:47+00:00,586,24,0,True,True,True,1789529140
2026-09-16T03:25:47+00:00,576,4,14,True,True,True,1789529140
2026-09-16T03:25:47+00:00,566,11,13,True,True,True,1789529140
2026-09-16T03:25:47+00:00,602,1,16,True,True,True,1789529140
2026-09-16T03:25:47+00:00,575,0,28,True,True,True,1789529140
2026-09-16T03:25:47+00:00,567,3,33,True,True,True,1789529140
2026-09-16T03:25:47+00:00,582,12,14,True,True,True,1789529140
2026-09-16T03:25:47+00:00,595,18,4,True,True,True,1789529140
2026-09-16T03:25:47+00:00,542,8,10,True,True,True,1789529140
2026-09-16T03:25:47+00:00,563,17,0,True,True,True,1789529140
2026-09-16T03:25:47+00:00,558,3,11,True,True,True,1789529140
2026-09-16T03:25:47+00:00,552,15,3,True,True,True,1789529140
2026-09-16T03:25:47+00:00,555,3,10,True,True,True,1789529140
2026-09-16T03:25:47+00:00,573,6,18,True,True,True,1789529140
2026-09-16T03:25:47+00:00,561,1,19,True,True,True,1789529140
2026-09-16T03:25:47+00:00,615,14,7,True,True,True,1789529140
2026-09-16T03:25:47+00:00,543,0,18,True,True,True,1789529140
2026-09-16T03:25:47+00:00,554,1,19,True,True,True,1789529140
2026-09-16T03:25:47+00:00,574,0,12,True,True,True,1789529140
2026-09-16T03:25:47+00:00,560,2,6,True,True,True,1789529140
2026-09-16T03:25:47+00:00,548,6,10,True,True,True,1789529140
2026-09-16T03:25:47+00:00,559,8,8,True,True,True,1789529140
2026-09-16T03:25:47+00:00,545,5,33,True,True,True,1789529140
2026-09-16T03:25:47+00:00,550,1,8,True,True,True,1789529140
2026-09-16T03:25:47+00:00,541,6,3,True,True,True,1789529140
2026-09-16T03:25:47+00:00,527,5,6,True,True,True,1789529140
2026-09-16T03:25:47+00:00,529,1,18,True,True,True,1789529140
2026-09-16T03:25:47+00:00,526,5,10,True,True,True,1789529140
2026-09-16T03:25:47+00:00,537,12,5,True,True,True,1789529140
2026-09-16T03:25:47+00:00,547,27,3,True,True,True,1789529140
2026-09-16T03:25:47+00:00,601,1,17,True,True,True,1789529140
2026-09-16T03:25:47+00:00,533,6,6,True,True,True,1789529140
2026-09-16T03:25:47+00:00,535,1,24,True,True,True,1789529140
2026-09-16T03:25:47+00:00,524,0,20,True,True,True,1789529140
2026-09-16T03:25:47+00:00,519,11,11,True,True,True,1789529140
2026-09-16T03:25:47+00:00,534,0,38,True,True,True,1789529140
2026-09-16T03:25:47+00:00,521,0,4,True,True,True,1789529140
2026-09-16T03:25:47+00:00,518,1,16,True,True,True,1789529140
2026-09-16T03:25:47+00:00,556,0,18,True,True,True,1789529140
2026-09-16T03:25:47+00:00,525,0,14,True,True,True,1789529140
2026-09-16T03:25:47+00:00,517,0,14,True,True,True,1789529140
2026-09-16T03:25:47+00:00,523,15,15,True,True,True,1789529140
2026-09-16T03:25:47+00:00,522,7,0,True,True,True,1789529140
2026-09-16T03:25:47+00:00,594,12,7,True,True,True,1789529140
2026-09-16T03:25:47+00:00,532,0,19,True,True,True,1789529140
2026-09-16T03:25:47+00:00,509,3,9,True,True,True,1789529140
2026-09-16T03:25:47+00:00,531,1,14,True,True,True,1789529140
2026-09-16T03:25:47+00:00,536,1,6,True,True,True,1789529140
2026-09-16T03:25:47+00:00,562,3,34,True,True,True,1789529140
2026-09-16T03:25:47+00:00,511,15,5,True,True,True,1789529140
2026-09-16T03:25:47+00:00,505,2,15,True,True,True,1789529140
2026-09-16T03:25:47+00:00,501,0,17,True,True,True,1789529140
2026-09-16T03:25:47+00:00,514,1,11,True,True,True,1789529140
2026-09-16T03:25:47+00:00,500,6,11,True,True,True,1789529140
2026-09-16T03:25:47+00:00,503,26,3,True,True,True,1789529140
2026-09-16T03:25:47+00:00,513,0,13,True,True,True,1789529140
2026-09-16T03:25:47+00:00,498,3,8,True,True,True,1789529140
2026-09-16T03:25:47+00:00,507,9,10,True,True,True,1789529140
2026-09-16T03:25:47+00:00,512,12,12,True,True,True,1789529140
2026-09-16T03:25:47+00:00,619,1,41,True,True,True,1789529140
2026-09-16T03:25:47+00:00,474,11,30,True,True,True,1789529140
2026-09-16T03:25:47+00:00,580,25,16,True,True,True,1789529140
2026-09-16T03:25:47+00:00,496,0,41,True,True,True,1789529140
2026-09-16T03:25:47+00:00,482,2,16,True,True,True,1789529140
2026-09-16T03:25:47+00:00,407,11,0,True,True,True,1789529140
2026-09-16T03:25:47+00:00,409,6,15,True,True,True,1789529140
2026-09-16T03:25:47+00:00,451,3,16,True,True,True,1789529140
2026-09-16T03:25:47+00:00,402,2,15,True,True,True,1789529140
2026-09-16T03:25:47+00:00,516,2,12,True,True,True,1789529140
2026-09-16T03:25:47+00:00,625,4,38,True,True,True,1789529140
2026-09-16T03:25:47+00:00,429,16,4,True,True,True,1789529140
2026-09-16T03:25:47+00:00,380,10,10,True,True,True,1789529140
2026-09-16T03:25:47+00:00,583,9,8,True,True,True,1789529140
2026-09-16T03:25:47+00:00,398,4,10,True,True,True,1789529140
2026-09-16T03:25:47+00:00,381,14,0,True,True,True,1789529140
2026-09-16T03:25:47+00:00,464,10,33,True,True,True,1789529140
2026-09-16T03:25:47+00:00,442,13,1,True,True,True,1789529140
2026-09-16T03:25:47+00:00,483,10,11,True,True,True,1789529140
2026-09-16T03:25:47+00:00,458,0,14,True,True,True,1789529140
2026-09-16T03:25:47+00:00,499,7,8,True,True,True,1789529140
2026-09-16T03:25:47+00:00,472,7,16,True,True,True,1789529140
2026-09-16T03:25:47+00:00,506,3,23,True,True,True,1789529140
2026-09-16T03:25:47+00:00,465,0,10,True,True,True,1789529140
2026-09-16T03:25:47+00:00,611,12,27,True,True,True,1789529140
2026-09-16T03:25:47+00:00,404,6,18,True,True,True,1789529140
2026-09-16T03:25:47+00:00,579,9,6,True,True,True,1789529140
2026-09-16T03:25:47+00:00,589,7,16,True,True,True,1789529140
2026-09-16T03:25:47+00:00,434,0,15,True,True,True,1789529140
2026-09-16T03:25:47+00:00,462,2,11,True,True,True,1789529140
2026-09-16T03:25:47+00:00,578,4,20,True,True,True,1789529140
2026-09-16T03:25:47+00:00,415,0,11,True,True,True,1789529140
2026-09-16T03:25:47+00:00,423,13,6,True,True,True,1789529140
2026-09-16T03:25:47+00:00,412,7,1,True,True,True,1789529140
2026-09-16T03:25:47+00:00,387,10,5,True,True,True,1789529140
2026-09-16T03:25:47+00:00,441,2,12,True,True,True,1789529140
2026-09-16T03:25:47+00:00,454,3,16,True,True,True,1789529140
2026-09-16T03:25:47+00:00,436,2,9,True,True,True,1789529140
2026-09-16T03:25:47+00:00,394,1,17,True,True,True,1789529140
2026-09-16T03:25:47+00:00,497,18,9,True,True,True,1789529140
2026-09-16T03:25:47+00:00,581,16,4,True,True,True,1789529140
2026-09-16T03:25:47+00:00,461,0,20,True,True,True,1789529140
2026-09-16T03:25:47+00:00,599,20,28,True,True,True,1789529140
2026-09-16T03:25:47+00:00,428,8,15,True,True,True,1789529140
2026-09-16T03:25:47+00:00,400,3,21,True,True,True,1789529140
2026-09-16T03:25:47+00:00,487,0,19,True,True,True,1789529140
2026-09-16T03:25:47+00:00,438,19,20,True,True,True,1789529140
2026-09-16T03:25:47+00:00,459,0,8,True,True,True,1789529140
2026-09-16T03:25:47+00:00,433,5,13,True,True,True,1789529140
2026-09-16T03:25:47+00:00,399,17,11,True,True,True,1789529140
2026-09-16T03:25:47+00:00,489,0,28,True,True,True,1789529140
2026-09-16T03:25:47+00:00,742,22,6,True,True,True,1789529140
2026-09-16T03:25:47+00:00,551,30,2,True,True,True,1789529140
2026-09-16T03:25:47+00:00,406,3,4,True,True,True,1789529140
2026-09-16T03:25:47+00:00,488,12,11,True,True,True,1789529140
2026-09-16T03:25:47+00:00,540,0,35,True,True,True,1789529140
2026-09-16T03:25:47+00:00,431,5,10,True,True,True,1789529140
2026-09-16T03:25:47+00:00,393,3,16,True,True,True,1789529140
2026-09-16T03:25:47+00:00,420,1,18,True,True,True,1789529140
2026-09-16T03:25:47+00:00,397,16,15,True,True,True,1789529140
2026-09-16T03:25:47+00:00,390,17,13,True,True,True,1789529140
2026-09-16T03:25:47+00:00,449,9,15,True,True,True,1789529140
2026-09-16T03:25:47+00:00,430,7,35,True,True,True,1789529140
2026-09-16T03:25:47+00:00,484,18,14,True,True,True,1789529140
2026-09-16T03:25:47+00:00,479,9,20,True,True,True,1789529140
2026-09-16T03:25:47+00:00,403,4,10,True,True,True,1789529140
2026-09-16T03:25:47+00:00,435,2,26,True,True,True,1789529140
2026-09-16T03:25:47+00:00,426,2,18,True,True,True,1789529140
2026-09-16T03:25:47+00:00,450,1,13,True,True,True,1789529140
2026-09-16T03:25:47+00:00,456,10,22,True,True,True,1789529140
2026-09-16T03:25:47+00:00,468,12,1,True,True,True,1789529140
2026-09-16T03:25:47+00:00,453,0,30,True,True,True,1789529140
2026-09-16T03:25:47+00:00,466,1,13,True,True,True,1789529140
2026-09-16T03:25:47+00:00,469,1,27,True,True,True,1789529140
2026-09-16T03:25:47+00:00,416,2,13,True,True,True,1789529140
2026-09-16T03:25:47+00:00,391,3,10,True,True,True,1789529140
2026-09-16T03:25:47+00:00,389,2,14,True,True,True,1789529140
2026-09-16T03:25:47+00:00,470,3,11,True,True,True,1789529140
2026-09-16T03:25:47+00:00,384,9,7,True,True,True,1789529140
2026-09-16T03:25:47+00:00,425,3,5,True,True,True,1789529140
2026-09-16T03:25:47+00:00,411,1,10,True,True,True,1789529140
2026-09-16T03:25:47+00:00,598,6,25,True,True,True,1789529140
2026-09-16T03:25:47+00:00,444,16,1,True,True,True,1789529140
2026-09-16T03:25:47+00:00,447,6,24,True,True,True,1789529140
2026-09-16T03:25:47+00:00,408,6,7,True,True,True,1789529140
2026-09-16T03:25:47+00:00,737,22,1,True,True,True,1789529140
2026-09-16T03:25:47+00:00,432,6,5,True,True,True,1789529140
2026-09-16T03:25:47+00:00,401,4,2,True,True,True,1789529140
2026-09-16T03:25:47+00:00,452,0,30,True,True,True,1789529140
2026-09-16T03:25:47+00:00,392,1,7,True,True,True,1789529140
2026-09-16T03:25:47+00:00,481,8,34,True,True,True,1789529140
2026-09-16T03:25:47+00:00,495,16,24,True,True,True,1789529140
2026-09-16T03:25:47+00:00,478,3,8,True,True,True,1789529140
2026-09-16T03:25:47+00:00,414,7,3,True,True,True,1789529140
2026-09-16T03:25:47+00:00,476,6,11,True,True,True,1789529140
2026-09-16T03:25:47+00:00,445,11,6,True,True,True,1789529140
2026-09-16T03:25:47+00:00,748,2,27,True,True,True,1789529140
2026-09-16T03:25:47+00:00,473,1,6,True,True,True,1789529140
2026-09-16T03:25:47+00:00,383,20,8,True,True,True,1789529140
2026-09-16T03:25:47+00:00,480,24,0,True,True,True,1789529140
2026-09-16T03:25:47+00:00,421,13,8,True,True,True,1789529140
2026-09-16T03:25:47+00:00,746,4,5,True,True,True,1789529140
2026-09-16T03:25:47+00:00,417,1,10,True,True,True,1789529140
2026-09-16T03:25:47+00:00,427,2,10,True,True,True,1789529140
2026-09-16T03:25:47+00:00,395,0,13,True,True,True,1789529140
2026-09-16T03:25:47+00:00,418,2,25,True,True,True,1789529140
2026-09-16T03:25:47+00:00,413,3,10,True,True,True,1789529140
2026-09-16T03:25:47+00:00,486,4,19,True,True,True,1789529140
2026-09-16T03:25:47+00:00,597,8,2,True,True,True,1789529140
2026-09-16T03:25:47+00:00,422,2,10,True,True,True,1789529140
2026-09-16T03:25:47+00:00,382,6,3,True,True,True,1789529140
2026-09-16T03:25:47+00:00,396,16,5,True,True,True,1789529140
2026-09-16T03:25:47+00:00,735,12,0,True,True,True,1789529140
2026-09-16T03:25:47+00:00,437,0,24,True,True,True,1789529140
2026-09-16T03:25:47+00:00,446,5,16,True,True,True,1789529140
2026-09-16T03:25:47+00:00,424,0,9,True,True,True,1789529140
2026-09-16T03:25:47+00:00,455,6,6,True,True,True,1789529140
2026-09-16T03:25:47+00:00,457,2,7,True,True,True,1789529140
2026-09-16T03:25:47+00:00,377,13,13,True,True,True,1789529140
2026-09-16T03:25:47+00:00,738,7,5,True,True,True,1789529140
2026-09-16T03:25:47+00:00,460,17,11,True,True,True,1789529140
2026-09-16T03:25:47+00:00,744,6,0,True,True,True,1789529140
2026-09-16T03:25:47+00:00,485,6,8,True,True,True,1789529140
2026-09-16T03:40:47+00:00,6026,7,26,True,True,True,1789530033
2026-09-16T03:40:47+00:00,5431,12,8,True,True,True,1789530033
2026-09-16T03:40:47+00:00,5424,0,18,True,True,True,1789530033
2026-09-16T03:40:47+00:00,5220,1,19,True,True,True,1789530033
2026-09-16T03:40:47+00:00,5217,18,12,True,True,True,1789530033
2026-09-16T03:40:47+00:00,5113,3,11,True,True,True,1789530033
2026-09-16T03:40:47+00:00,4683,2,17,True,True,True,1789530033
2026-09-16T03:40:47+00:00,4552,10,7,True,True,True,1789530033
2026-09-16T03:40:47+00:00,3725,5,13,True,True,True,1789530033
2026-09-16T03:40:47+00:00,2358,9,4,True,True,True,1789530033
2026-09-16T03:40:47+00:00,2357,5,18,True,True,True,1789530033
2026-09-16T03:40:47+00:00,2355,11,1,True,True,True,1789530033
2026-09-16T03:40:47+00:00,2351,0,16,True,True,True,1789530033
2026-09-16T03:40:47+00:00,2350,5,18,True,True,True,1789530033
2026-09-16T03:40:47+00:00,2349,6,15,True,True,True,1789530033
2026-09-16T03:40:47+00:00,2347,17,13,True,True,True,1789530033
2026-09-16T03:40:47+00:00,2340,0,21,True,True,True,1789530033
2026-09-16T03:40:47+00:00,2339,7,21,True,True,True,1789530033
2026-09-16T03:40:47+00:00,2337,12,3,True,True,True,1789530033
2026-09-16T03:40:47+00:00,2334,0,11,True,True,True,1789530033
2026-09-16T03:40:47+00:00,2333,14,1,True,True,True,1789530033
2026-09-16T03:40:47+00:00,2332,2,10,True,True,True,1789530033
2026-09-16T03:40:47+00:00,2330,11,2,True,True,True,1789530033
2026-09-16T03:40:47+00:00,2329,13,2,True,True,True,1789530033
2026-09-16T03:40:47+00:00,2328,8,11,True,True,True,1789530033
2026-09-16T03:40:47+00:00,2315,11,6,True,True,True,1789530033
2026-09-16T03:40:47+00:00,2308,0,7,True,True,True,1789530033
2026-09-16T03:40:47+00:00,2307,1,29,True,True,True,1789530033
2026-09-16T03:40:47+00:00,2306,17,1,True,True,True,1789530033
2026-09-16T03:40:47+00:00,2305,3,11,True,True,True,1789530033
2026-09-16T03:40:47+00:00,2304,11,7,True,True,True,1789530033
2026-09-16T03:40:47+00:00,2280,10,1,True,True,True,1789530033
2026-09-16T03:40:47+00:00,2270,12,8,True,True,True,1789530033
2026-09-16T03:40:47+00:00,1919,4,2,True,True,True,1789530033
2026-09-16T03:40:47+00:00,1755,11,20,True,True,True,1789530033
2026-09-16T03:40:47+00:00,1101,8,13,True,True,True,1789530033
2026-09-16T03:40:47+00:00,1023,12,3,True,True,True,1789530033
2026-09-16T03:40:47+00:00,1009,2,7,True,True,True,1789530033
2026-09-16T03:40:47+00:00,970,20,4,True,True,True,1789530033
2026-09-16T03:40:47+00:00,787,7,5,True,True,True,1789530033
2026-09-16T03:40:47+00:00,627,10,20,True,True,True,1789530033
2026-09-16T03:40:47+00:00,623,4,15,True,True,True,1789530033
2026-09-16T03:40:47+00:00,624,11,8,True,True,True,1789530033
2026-09-16T03:40:47+00:00,626,6,16,True,True,True,1789530033
2026-09-16T03:40:47+00:00,614,0,23,True,True,True,1789530033
2026-09-16T03:40:47+00:00,616,13,2,True,True,True,1789530033
2026-09-16T03:40:47+00:00,618,0,39,True,True,True,1789530033
2026-09-16T03:40:47+00:00,621,2,23,True,True,True,1789530033
2026-09-16T03:40:47+00:00,622,2,23,True,True,True,1789530033
2026-09-16T03:40:47+00:00,613,10,8,True,True,True,1789530033
2026-09-16T03:40:47+00:00,620,5,35,True,True,True,1789530033
2026-09-16T03:40:47+00:00,596,9,8,True,True,True,1789530033
2026-09-16T03:40:47+00:00,617,7,10,True,True,True,1789530033
2026-09-16T03:40:47+00:00,609,21,6,True,True,True,1789530033
2026-09-16T03:40:47+00:00,607,15,10,True,True,True,1789530033
2026-09-16T03:40:47+00:00,603,1,16,True,True,True,1789530033
2026-09-16T03:40:47+00:00,590,18,19,True,True,True,1789530033
2026-09-16T03:40:47+00:00,610,5,15,True,True,True,1789530033
2026-09-16T03:40:47+00:00,608,2,18,True,True,True,1789530033
2026-09-16T03:40:47+00:00,593,1,29,True,True,True,1789530033
2026-09-16T03:40:47+00:00,530,5,3,True,True,True,1789530033
2026-09-16T03:40:47+00:00,463,4,15,True,True,True,1789530033
2026-09-16T03:40:47+00:00,475,16,8,True,True,True,1789530033
2026-09-16T03:40:47+00:00,439,4,21,True,True,True,1789530033
2026-09-16T03:40:47+00:00,600,10,0,True,True,True,1789530033
2026-09-16T03:40:47+00:00,440,9,7,True,True,True,1789530033
2026-09-16T03:40:47+00:00,612,1,16,True,True,True,1789530033
2026-09-16T03:40:47+00:00,491,16,2,True,True,True,1789530033
2026-09-16T03:40:47+00:00,493,12,12,True,True,True,1789530033
2026-09-16T03:40:47+00:00,410,5,21,True,True,True,1789530033
2026-09-16T03:40:47+00:00,605,12,5,True,True,True,1789530033
2026-09-16T03:40:47+00:00,388,5,13,True,True,True,1789530033
2026-09-16T03:40:47+00:00,591,0,24,True,True,True,1789530033
2026-09-16T03:40:47+00:00,592,1,16,True,True,True,1789530033
2026-09-16T03:40:47+00:00,585,13,3,True,True,True,1789530033
2026-09-16T03:40:47+00:00,565,3,14,True,True,True,1789530033
2026-09-16T03:40:47+00:00,571,12,8,True,True,True,1789530033
2026-09-16T03:40:47+00:00,568,1,13,True,True,True,1789530033
2026-09-16T03:40:47+00:00,588,2,16,True,True,True,1789530033
2026-09-16T03:40:47+00:00,584,8,26,True,True,True,1789530033
2026-09-16T03:40:47+00:00,569,10,19,True,True,True,1789530033
2026-09-16T03:40:47+00:00,577,23,7,True,True,True,1789530033
2026-09-16T03:40:47+00:00,564,3,26,True,True,True,1789530033
2026-09-16T03:40:47+00:00,570,2,12,True,True,True,1789530033
2026-09-16T03:40:47+00:00,572,15,23,True,True,True,1789530033
2026-09-16T03:40:47+00:00,586,24,0,True,True,True,1789530033
2026-09-16T03:40:47+00:00,576,4,14,True,True,True,1789530033
2026-09-16T03:40:47+00:00,566,11,13,True,True,True,1789530033
2026-09-16T03:40:47+00:00,602,1,16,True,True,True,1789530033
2026-09-16T03:40:47+00:00,575,0,28,True,True,True,1789530033
2026-09-16T03:40:47+00:00,567,3,33,True,True,True,1789530033
2026-09-16T03:40:47+00:00,582,12,14,True,True,True,1789530033
2026-09-16T03:40:47+00:00,595,18,4,True,True,True,1789530033
2026-09-16T03:40:47+00:00,542,8,10,True,True,True,1789530033
2026-09-16T03:40:47+00:00,563,17,0,True,True,True,1789530033
2026-09-16T03:40:47+00:00,558,3,11,True,True,True,1789530033
2026-09-16T03:40:47+00:00,552,15,3,True,True,True,1789530033
2026-09-16T03:40:47+00:00,555,3,10,True,True,True,1789530033
2026-09-16T03:40:47+00:00,573,6,18,True,True,True,1789530033
2026-09-16T03:40:47+00:00,561,1,19,True,True,True,1789530033
2026-09-16T03:40:47+00:00,615,15,6,True,True,True,1789530033
2026-09-16T03:40:47+00:00,543,0,18,True,True,True,1789530033
2026-09-16T03:40:47+00:00,554,1,19,True,True,True,1789530033
2026-09-16T03:40:47+00:00,574,0,12,True,True,True,1789530033
2026-09-16T03:40:47+00:00,560,2,6,True,True,True,1789530033
2026-09-16T03:40:47+00:00,548,6,10,True,True,True,1789530033
2026-09-16T03:40:47+00:00,559,8,8,True,True,True,1789530033
2026-09-16T03:40:47+00:00,545,5,33,True,True,True,1789530033
2026-09-16T03:40:47+00:00,550,1,8,True,True,True,1789530033
2026-09-16T03:40:47+00:00,541,6,3,True,True,True,1789530033
2026-09-16T03:40:47+00:00,527,5,6,True,True,True,1789530033
2026-09-16T03:40:47+00:00,529,1,18,True,True,True,1789530033
2026-09-16T03:40:47+00:00,526,5,10,True,True,True,1789530033
2026-09-16T03:40:47+00:00,537,12,5,True,True,True,1789530033
2026-09-16T03:40:47+00:00,547,27,3,True,True,True,1789530033
2026-09-16T03:40:47+00:00,601,1,17,True,True,True,1789530033
2026-09-16T03:40:47+00:00,533,6,6,True,True,True,1789530033
2026-09-16T03:40:47+00:00,535,1,24,True,True,True,1789530033
2026-09-16T03:40:47+00:00,524,0,20,True,True,True,1789530033
2026-09-16T03:40:47+00:00,519,11,11,True,True,True,1789530033
2026-09-16T03:40:47+00:00,534,0,38,True,True,True,1789530033
2026-09-16T03:40:47+00:00,521,0,4,True,True,True,1789530033
2026-09-16T03:40:47+00:00,518,1,16,True,True,True,1789530033
2026-09-16T03:40:47+00:00,556,0,18,True,True,True,1789530033
2026-09-16T03:40:47+00:00,525,0,14,True,True,True,1789530033
2026-09-16T03:40:47+00:00,517,0,14,True,True,True,1789530033
2026-09-16T03:40:47+00:00,523,15,15,True,True,True,1789530033
2026-09-16T03:40:47+00:00,522,7,0,True,True,True,1789530033
2026-09-16T03:40:47+00:00,594,12,7,True,True,True,1789530033
2026-09-16T03:40:47+00:00,532,0,19,True,True,True,1789530033
2026-09-16T03:40:47+00:00,509,3,9,True,True,True,1789530033
2026-09-16T03:40:47+00:00,531,1,14,True,True,True,1789530033
2026-09-16T03:40:47+00:00,536,1,6,True,True,True,1789530033
2026-09-16T03:40:47+00:00,562,3,34,True,True,True,1789530033
2026-09-16T03:40:47+00:00,511,15,5,True,True,True,1789530033
2026-09-16T03:40:47+00:00,505,2,15,True,True,True,1789530033
2026-09-16T03:40:47+00:00,501,0,17,True,True,True,1789530033
2026-09-16T03:40:47+00:00,514,1,11,True,True,True,1789530033
2026-09-16T03:40:47+00:00,500,6,11,True,True,True,1789530033
2026-09-16T03:40:47+00:00,503,26,3,True,True,True,1789530033
2026-09-16T03:40:47+00:00,513,0,13,True,True,True,1789530033
2026-09-16T03:40:47+00:00,498,3,8,True,True,True,1789530033
2026-09-16T03:40:47+00:00,507,9,10,True,True,True,1789530033
2026-09-16T03:40:47+00:00,512,12,12,True,True,True,1789530033
2026-09-16T03:40:47+00:00,619,1,41,True,True,True,1789530033
2026-09-16T03:40:47+00:00,474,11,30,True,True,True,1789530033
2026-09-16T03:40:47+00:00,580,25,16,True,True,True,1789530033
2026-09-16T03:40:47+00:00,496,0,41,True,True,True,1789530033
2026-09-16T03:40:47+00:00,482,2,16,True,True,True,1789530033
2026-09-16T03:40:47+00:00,407,11,0,True,True,True,1789530033
2026-09-16T03:40:47+00:00,409,6,15,True,True,True,1789530033
2026-09-16T03:40:47+00:00,451,3,16,True,True,True,1789530033
2026-09-16T03:40:47+00:00,402,2,15,True,True,True,1789530033
2026-09-16T03:40:47+00:00,516,2,12,True,True,True,1789530033
2026-09-16T03:40:47+00:00,625,4,38,True,True,True,1789530033
2026-09-16T03:40:47+00:00,429,16,4,True,True,True,1789530033
2026-09-16T03:40:47+00:00,380,10,10,True,True,True,1789530033
2026-09-16T03:40:47+00:00,583,9,8,True,True,True,1789530033
2026-09-16T03:40:47+00:00,398,4,10,True,True,True,1789530033
2026-09-16T03:40:47+00:00,381,14,0,True,True,True,1789530033
2026-09-16T03:40:47+00:00,464,10,33,True,True,True,1789530033
2026-09-16T03:40:47+00:00,442,13,1,True,True,True,1789530033
2026-09-16T03:40:47+00:00,483,10,11,True,True,True,1789530033
2026-09-16T03:40:47+00:00,458,0,14,True,True,True,1789530033
2026-09-16T03:40:47+00:00,499,6,9,True,True,True,1789530033
2026-09-16T03:40:47+00:00,472,7,16,True,True,True,1789530033
2026-09-16T03:40:47+00:00,506,3,23,True,True,True,1789530033
2026-09-16T03:40:47+00:00,465,0,10,True,True,True,1789530033
2026-09-16T03:40:47+00:00,611,12,27,True,True,True,1789530033
2026-09-16T03:40:47+00:00,404,6,18,True,True,True,1789530033
2026-09-16T03:40:47+00:00,579,9,6,True,True,True,1789530033
2026-09-16T03:40:47+00:00,589,7,16,True,True,True,1789530033
2026-09-16T03:40:47+00:00,434,0,15,True,True,True,1789530033
2026-09-16T03:40:47+00:00,462,2,11,True,True,True,1789530033
2026-09-16T03:40:47+00:00,578,4,20,True,True,True,1789530033
2026-09-16T03:40:47+00:00,415,0,11,True,True,True,1789530033
2026-09-16T03:40:47+00:00,423,13,6,True,True,True,1789530033
2026-09-16T03:40:47+00:00,412,7,1,True,True,True,1789530033
2026-09-16T03:40:47+00:00,387,10,5,True,True,True,1789530033
2026-09-16T03:40:47+00:00,441,2,12,True,True,True,1789530033
2026-09-16T03:40:47+00:00,454,3,16,True,True,True,1789530033
2026-09-16T03:40:47+00:00,436,2,9,True,True,True,1789530033
2026-09-16T03:40:47+00:00,394,1,17,True,True,True,1789530033
2026-09-16T03:40:47+00:00,497,18,9,True,True,True,1789530033
2026-09-16T03:40:47+00:00,581,16,4,True,True,True,1789530033
2026-09-16T03:40:47+00:00,461,0,20,True,True,True,1789530033
2026-09-16T03:40:47+00:00,599,20,28,True,True,True,1789530033
2026-09-16T03:40:47+00:00,428,8,15,True,True,True,1789530033
2026-09-16T03:40:47+00:00,400,3,21,True,True,True,1789530033
2026-09-16T03:40:47+00:00,487,0,19,True,True,True,1789530033
2026-09-16T03:40:47+00:00,438,19,20,True,True,True,1789530033
2026-09-16T03:40:47+00:00,459,0,8,True,True,True,1789530033
2026-09-16T03:40:47+00:00,433,5,13,True,True,True,1789530033
2026-09-16T03:40:47+00:00,399,17,11,True,True,True,1789530033
2026-09-16T03:40:47+00:00,489,0,28,True,True,True,1789530033
2026-09-16T03:40:47+00:00,742,22,6,True,True,True,1789530033
2026-09-16T03:40:47+00:00,551,30,2,True,True,True,1789530033
2026-09-16T03:40:47+00:00,406,3,4,True,True,True,1789530033
2026-09-16T03:40:47+00:00,488,12,11,True,True,True,1789530033
2026-09-16T03:40:47+00:00,540,0,35,True,True,True,1789530033
2026-09-16T03:40:47+00:00,431,5,10,True,True,True,1789530033
2026-09-16T03:40:47+00:00,393,3,16,True,True,True,1789530033
2026-09-16T03:40:47+00:00,420,1,18,True,True,True,1789530033
2026-09-16T03:40:47+00:00,397,16,15,True,True,True,1789530033
2026-09-16T03:40:47+00:00,390,17,13,True,True,True,1789530033
2026-09-16T03:40:47+00:00,449,9,15,True,True,True,1789530033
2026-09-16T03:40:47+00:00,430,7,35,True,True,True,1789530033
2026-09-16T03:40:47+00:00,484,18,14,True,True,True,1789530033
2026-09-16T03:40:47+00:00,479,9,20,True,True,True,1789530033
2026-09-16T03:40:47+00:00,403,3,11,True,True,True,1789530033
2026-09-16T03:40:47+00:00,435,2,26,True,True,True,1789530033
2026-09-16T03:40:47+00:00,426,2,18,True,True,True,1789530033
2026-09-16T03:40:47+00:00,450,1,13,True,True,True,1789530033
2026-09-16T03:40:47+00:00,456,10,22,True,True,True,1789530033
2026-09-16T03:40:47+00:00,468,12,1,True,True,True,1789530033
2026-09-16T03:40:47+00:00,453,0,30,True,True,True,1789530033
2026-09-16T03:40:47+00:00,466,1,13,True,True,True,1789530033
2026-09-16T03:40:47+00:00,469,1,27,True,True,True,1789530033
2026-09-16T03:40:47+00:00,416,2,13,True,True,True,1789530033
2026-09-16T03:40:47+00:00,391,3,10,True,True,True,1789530033
2026-09-16T03:40:47+00:00,389,2,14,True,True,True,1789530033
2026-09-16T03:40:47+00:00,470,3,11,True,True,True,1789530033
2026-09-16T03:40:47+00:00,384,9,7,True,True,True,1789530033
2026-09-16T03:40:47+00:00,425,3,5,True,True,True,1789530033
2026-09-16T03:40:47+00:00,411,1,10,True,True,True,1789530033
2026-09-16T03:40:47+00:00,598,6,25,True,True,True,1789530033
2026-09-16T03:40:47+00:00,444,16,1,True,True,True,1789530033
2026-09-16T03:40:47+00:00,447,6,24,True,True,True,1789530033
2026-09-16T03:40:47+00:00,408,6,7,True,True,True,1789530033
2026-09-16T03:40:47+00:00,737,22,1,True,True,True,1789530033
2026-09-16T03:40:47+00:00,432,6,5,True,True,True,1789530033
2026-09-16T03:40:47+00:00,401,4,2,True,True,True,1789530033
2026-09-16T03:40:47+00:00,452,0,30,True,True,True,1789530033
2026-09-16T03:40:47+00:00,392,1,7,True,True,True,1789530033
2026-09-16T03:40:47+00:00,481,8,34,True,True,True,1789530033
2026-09-16T03:40:47+00:00,495,16,24,True,True,True,1789530033
2026-09-16T03:40:47+00:00,478,3,8,True,True,True,1789530033
2026-09-16T03:40:47+00:00,414,7,3,True,True,True,1789530033
2026-09-16T03:40:47+00:00,476,6,11,True,True,True,1789530033
2026-09-16T03:40:47+00:00,445,11,6,True,True,True,1789530033
2026-09-16T03:40:47+00:00,748,2,27,True,True,True,1789530033
2026-09-16T03:40:47+00:00,473,1,6,True,True,True,1789530033
2026-09-16T03:40:47+00:00,383,20,8,True,True,True,1789530033
2026-09-16T03:40:47+00:00,480,24,0,True,True,True,1789530033
2026-09-16T03:40:47+00:00,421,13,8,True,True,True,1789530033
2026-09-16T03:40:47+00:00,746,4,5,True,True,True,1789530033
2026-09-16T03:40:47+00:00,417,1,10,True,True,True,1789530033
2026-09-16T03:40:47+00:00,427,2,10,True,True,True,1789530033
2026-09-16T03:40:47+00:00,395,0,13,True,True,True,1789530033
2026-09-16T03:40:47+00:00,418,2,25,True,True,True,1789530033
2026-09-16T03:40:47+00:00,413,3,10,True,True,True,1789530033
2026-09-16T03:40:47+00:00,486,4,19,True,True,True,1789530033
2026-09-16T03:40:47+00:00,597,8,2,True,True,True,1789530033
2026-09-16T03:40:47+00:00,422,2,10,True,True,True,1789530033
2026-09-16T03:40:47+00:00,382,5,4,True,True,True,1789530033
2026-09-16T03:40:47+00:00,396,16,5,True,True,True,1789530033
2026-09-16T03:40:47+00:00,735,12,0,True,True,True,1789530033
2026-09-16T03:40:47+00:00,437,0,24,True,True,True,1789530033
2026-09-16T03:40:47+00:00,446,5,16,True,True,True,1789530033
2026-09-16T03:40:47+00:00,424,0,9,True,True,True,1789530033
2026-09-16T03:40:47+00:00,455,6,6,True,True,True,1789530033
2026-09-16T03:40:47+00:00,457,2,7,True,True,True,1789530033
2026-09-16T03:40:47+00:00,377,13,13,True,True,True,1789530033
2026-09-16T03:40:47+00:00,738,7,5,True,True,True,1789530033
2026-09-16T03:40:47+00:00,460,17,11,True,True,True,1789530033
2026-09-16T03:40:47+00:00,744,6,0,True,True,True,1789530033
2026-09-16T03:40:47+00:00,485,6,8,True,True,True,1789530033
2026-09-16T03:55:47+00:00,6026,6,27,True,True,True,1789530945
2026-09-16T03:55:47+00:00,5431,12,8,True,True,True,1789530945
2026-09-16T03:55:47+00:00,5424,0,18,True,True,True,1789530945
2026-09-16T03:55:47+00:00,5220,0,20,True,True,True,1789530945
2026-09-16T03:55:47+00:00,5217,18,12,True,True,True,1789530945
2026-09-16T03:55:47+00:00,5113,3,11,True,True,True,1789530945
2026-09-16T03:55:47+00:00,4683,2,17,True,True,True,1789530945
2026-09-16T03:55:47+00:00,4552,10,7,True,True,True,1789530945
2026-09-16T03:55:47+00:00,3725,5,13,True,True,True,1789530945
2026-09-16T03:55:47+00:00,2358,9,4,True,True,True,1789530945
2026-09-16T03:55:47+00:00,2357,5,18,True,True,True,1789530945
2026-09-16T03:55:47+00:00,2355,11,1,True,True,True,1789530945
2026-09-16T03:55:47+00:00,2351,0,16,True,True,True,1789530945
2026-09-16T03:55:47+00:00,2350,5,18,True,True,True,1789530945
2026-09-16T03:55:47+00:00,2349,6,15,True,True,True,1789530945
2026-09-16T03:55:47+00:00,2347,17,13,True,True,True,1789530945
2026-09-16T03:55:47+00:00,2340,0,21,True,True,True,1789530945
2026-09-16T03:55:47+00:00,2339,7,21,True,True,True,1789530945
2026-09-16T03:55:47+00:00,2337,12,3,True,True,True,1789530945
2026-09-16T03:55:47+00:00,2334,0,11,True,True,True,1789530945
2026-09-16T03:55:47+00:00,2333,14,1,True,True,True,1789530945
2026-09-16T03:55:47+00:00,2332,2,10,True,True,True,1789530945
2026-09-16T03:55:47+00:00,2330,11,2,True,True,True,1789530945
2026-09-16T03:55:47+00:00,2329,13,2,True,True,True,1789530945
2026-09-16T03:55:47+00:00,2328,9,10,True,True,True,1789530945
2026-09-16T03:55:47+00:00,2315,11,6,True,True,True,1789530945
2026-09-16T03:55:47+00:00,2308,0,7,True,True,True,1789530945
2026-09-16T03:55:47+00:00,2307,1,29,True,True,True,1789530945
2026-09-16T03:55:47+00:00,2306,17,1,True,True,True,1789530945
2026-09-16T03:55:47+00:00,2305,3,11,True,True,True,1789530945
2026-09-16T03:55:47+00:00,2304,11,7,True,True,True,1789530945
2026-09-16T03:55:47+00:00,2280,10,1,True,True,True,1789530945
2026-09-16T03:55:47+00:00,2270,12,8,True,True,True,1789530945
2026-09-16T03:55:47+00:00,1919,4,2,True,True,True,1789530945
2026-09-16T03:55:47+00:00,1755,11,20,True,True,True,1789530945
2026-09-16T03:55:47+00:00,1101,9,13,True,True,True,1789530945
2026-09-16T03:55:47+00:00,1023,13,2,True,True,True,1789530945
2026-09-16T03:55:47+00:00,1009,2,7,True,True,True,1789530945
2026-09-16T03:55:47+00:00,970,20,4,True,True,True,1789530945
2026-09-16T03:55:47+00:00,787,7,5,True,True,True,1789530945
2026-09-16T03:55:47+00:00,627,10,20,True,True,True,1789530945
2026-09-16T03:55:47+00:00,623,4,15,True,True,True,1789530945
2026-09-16T03:55:47+00:00,624,12,7,True,True,True,1789530945
2026-09-16T03:55:47+00:00,626,6,16,True,True,True,1789530945
2026-09-16T03:55:47+00:00,614,0,23,True,True,True,1789530945
2026-09-16T03:55:47+00:00,616,13,2,True,True,True,1789530945
2026-09-16T03:55:47+00:00,618,0,39,True,True,True,1789530945
2026-09-16T03:55:47+00:00,621,2,23,True,True,True,1789530945
2026-09-16T03:55:47+00:00,622,2,23,True,True,True,1789530945
2026-09-16T03:55:47+00:00,613,10,8,True,True,True,1789530945
2026-09-16T03:55:47+00:00,620,5,35,True,True,True,1789530945
2026-09-16T03:55:47+00:00,596,9,8,True,True,True,1789530945
2026-09-16T03:55:47+00:00,617,7,10,True,True,True,1789530945
2026-09-16T03:55:47+00:00,609,21,6,True,True,True,1789530945
2026-09-16T03:55:47+00:00,607,15,10,True,True,True,1789530945
2026-09-16T03:55:47+00:00,603,1,16,True,True,True,1789530945
2026-09-16T03:55:47+00:00,590,18,19,True,True,True,1789530945
2026-09-16T03:55:47+00:00,610,5,15,True,True,True,1789530945
2026-09-16T03:55:47+00:00,608,2,18,True,True,True,1789530945
2026-09-16T03:55:47+00:00,593,1,29,True,True,True,1789530945
2026-09-16T03:55:47+00:00,530,4,4,True,True,True,1789530945
2026-09-16T03:55:47+00:00,463,4,15,True,True,True,1789530945
2026-09-16T03:55:47+00:00,475,16,8,True,True,True,1789530945
2026-09-16T03:55:47+00:00,439,5,20,True,True,True,1789530945
2026-09-16T03:55:47+00:00,600,10,0,True,True,True,1789530945
2026-09-16T03:55:47+00:00,440,9,7,True,True,True,1789530945
2026-09-16T03:55:47+00:00,612,1,16,True,True,True,1789530945
2026-09-16T03:55:47+00:00,491,16,2,True,True,True,1789530945
2026-09-16T03:55:47+00:00,493,12,12,True,True,True,1789530945
2026-09-16T03:55:47+00:00,410,5,21,True,True,True,1789530945
2026-09-16T03:55:47+00:00,605,12,5,True,True,True,1789530945
2026-09-16T03:55:47+00:00,388,5,13,True,True,True,1789530945
2026-09-16T03:55:47+00:00,591,0,24,True,True,True,1789530945
2026-09-16T03:55:47+00:00,592,1,16,True,True,True,1789530945
2026-09-16T03:55:47+00:00,585,13,3,True,True,True,1789530945
2026-09-16T03:55:47+00:00,565,3,14,True,True,True,1789530945
2026-09-16T03:55:47+00:00,571,12,8,True,True,True,1789530945
2026-09-16T03:55:47+00:00,568,1,13,True,True,True,1789530945
2026-09-16T03:55:47+00:00,588,1,17,True,True,True,1789530945
2026-09-16T03:55:47+00:00,584,8,26,True,True,True,1789530945
2026-09-16T03:55:47+00:00,569,10,19,True,True,True,1789530945
2026-09-16T03:55:47+00:00,577,23,7,True,True,True,1789530945
2026-09-16T03:55:47+00:00,564,3,26,True,True,True,1789530945
2026-09-16T03:55:47+00:00,570,2,12,True,True,True,1789530945
2026-09-16T03:55:47+00:00,572,14,24,True,True,True,1789530945
2026-09-16T03:55:47+00:00,586,24,0,True,True,True,1789530945
2026-09-16T03:55:47+00:00,576,4,14,True,True,True,1789530945
2026-09-16T03:55:47+00:00,566,11,13,True,True,True,1789530945
2026-09-16T03:55:47+00:00,602,1,16,True,True,True,1789530945
2026-09-16T03:55:47+00:00,575,0,28,True,True,True,1789530945
2026-09-16T03:55:47+00:00,567,3,33,True,True,True,1789530945
2026-09-16T03:55:47+00:00,582,11,15,True,True,True,1789530945
2026-09-16T03:55:47+00:00,595,18,4,True,True,True,1789530945
2026-09-16T03:55:47+00:00,542,7,11,True,True,True,1789530945
2026-09-16T03:55:47+00:00,563,17,0,True,True,True,1789530945
2026-09-16T03:55:47+00:00,558,3,11,True,True,True,1789530945
2026-09-16T03:55:47+00:00,552,15,3,True,True,True,1789530945
2026-09-16T03:55:47+00:00,555,3,10,True,True,True,1789530945
2026-09-16T03:55:47+00:00,573,6,18,True,True,True,1789530945
2026-09-16T03:55:47+00:00,561,1,19,True,True,True,1789530945
2026-09-16T03:55:47+00:00,615,15,6,True,True,True,1789530945
2026-09-16T03:55:47+00:00,543,0,18,True,True,True,1789530945
2026-09-16T03:55:47+00:00,554,1,19,True,True,True,1789530945
2026-09-16T03:55:47+00:00,574,0,12,True,True,True,1789530945
2026-09-16T03:55:47+00:00,560,2,6,True,True,True,1789530945
2026-09-16T03:55:47+00:00,548,5,11,True,True,True,1789530945
2026-09-16T03:55:47+00:00,559,8,8,True,True,True,1789530945
2026-09-16T03:55:47+00:00,545,5,33,True,True,True,1789530945
2026-09-16T03:55:47+00:00,550,1,8,True,True,True,1789530945
2026-09-16T03:55:47+00:00,541,6,3,True,True,True,1789530945
2026-09-16T03:55:47+00:00,527,5,6,True,True,True,1789530945
2026-09-16T03:55:47+00:00,529,1,18,True,True,True,1789530945
2026-09-16T03:55:47+00:00,526,5,10,True,True,True,1789530945
2026-09-16T03:55:47+00:00,537,12,5,True,True,True,1789530945
2026-09-16T03:55:47+00:00,547,27,3,True,True,True,1789530945
2026-09-16T03:55:47+00:00,601,1,17,True,True,True,1789530945
2026-09-16T03:55:47+00:00,533,6,6,True,True,True,1789530945
2026-09-16T03:55:47+00:00,535,1,24,True,True,True,1789530945
2026-09-16T03:55:47+00:00,524,0,20,True,True,True,1789530945
2026-09-16T03:55:47+00:00,519,11,11,True,True,True,1789530945
2026-09-16T03:55:47+00:00,534,0,38,True,True,True,1789530945
2026-09-16T03:55:47+00:00,521,0,4,True,True,True,1789530945
2026-09-16T03:55:47+00:00,518,1,16,True,True,True,1789530945
2026-09-16T03:55:47+00:00,556,0,18,True,True,True,1789530945
2026-09-16T03:55:47+00:00,525,0,14,True,True,True,1789530945
2026-09-16T03:55:47+00:00,517,0,14,True,True,True,1789530945
2026-09-16T03:55:47+00:00,523,15,15,True,True,True,1789530945
2026-09-16T03:55:47+00:00,522,7,0,True,True,True,1789530945
2026-09-16T03:55:47+00:00,594,12,7,True,True,True,1789530945
2026-09-16T03:55:47+00:00,532,0,19,True,True,True,1789530945
2026-09-16T03:55:47+00:00,509,3,9,True,True,True,1789530945
2026-09-16T03:55:47+00:00,531,1,14,True,True,True,1789530945
2026-09-16T03:55:47+00:00,536,1,6,True,True,True,1789530945
2026-09-16T03:55:47+00:00,562,3,34,True,True,True,1789530945
2026-09-16T03:55:47+00:00,511,16,4,True,True,True,1789530945
2026-09-16T03:55:47+00:00,505,2,15,True,True,True,1789530945
2026-09-16T03:55:47+00:00,501,0,17,True,True,True,1789530945
2026-09-16T03:55:47+00:00,514,1,11,True,True,True,1789530945
2026-09-16T03:55:47+00:00,500,5,12,True,True,True,1789530945
2026-09-16T03:55:47+00:00,503,26,3,True,True,True,1789530945
2026-09-16T03:55:47+00:00,513,0,13,True,True,True,1789530945
2026-09-16T03:55:47+00:00,498,3,8,True,True,True,1789530945
2026-09-16T03:55:47+00:00,507,10,9,True,True,True,1789530945
2026-09-16T03:55:47+00:00,512,12,12,True,True,True,1789530945
2026-09-16T03:55:47+00:00,619,1,41,True,True,True,1789530945
2026-09-16T03:55:47+00:00,474,11,30,True,True,True,1789530945
2026-09-16T03:55:47+00:00,580,25,16,True,True,True,1789530945
2026-09-16T03:55:47+00:00,496,0,41,True,True,True,1789530945
2026-09-16T03:55:47+00:00,482,2,16,True,True,True,1789530945
2026-09-16T03:55:47+00:00,407,11,0,True,True,True,1789530945
2026-09-16T03:55:47+00:00,409,6,15,True,True,True,1789530945
2026-09-16T03:55:47+00:00,451,3,16,True,True,True,1789530945
2026-09-16T03:55:47+00:00,402,2,15,True,True,True,1789530945
2026-09-16T03:55:47+00:00,516,2,12,True,True,True,1789530945
2026-09-16T03:55:47+00:00,625,4,38,True,True,True,1789530945
2026-09-16T03:55:47+00:00,429,16,4,True,True,True,1789530945
2026-09-16T03:55:47+00:00,380,10,10,True,True,True,1789530945
2026-09-16T03:55:47+00:00,583,9,8,True,True,True,1789530945
2026-09-16T03:55:47+00:00,398,4,10,True,True,True,1789530945
2026-09-16T03:55:47+00:00,381,14,0,True,True,True,1789530945
2026-09-16T03:55:47+00:00,464,10,33,True,True,True,1789530945
2026-09-16T03:55:47+00:00,442,13,1,True,True,True,1789530945
2026-09-16T03:55:47+00:00,483,10,11,True,True,True,1789530945
2026-09-16T03:55:47+00:00,458,0,14,True,True,True,1789530945
2026-09-16T03:55:47+00:00,499,6,9,True,True,True,1789530945
2026-09-16T03:55:47+00:00,472,7,16,True,True,True,1789530945
2026-09-16T03:55:47+00:00,506,3,23,True,True,True,1789530945
2026-09-16T03:55:47+00:00,465,0,10,True,True,True,1789530945
2026-09-16T03:55:47+00:00,611,12,27,True,True,True,1789530945
2026-09-16T03:55:47+00:00,404,6,18,True,True,True,1789530945
2026-09-16T03:55:47+00:00,579,9,6,True,True,True,1789530945
2026-09-16T03:55:47+00:00,589,7,16,True,True,True,1789530945
2026-09-16T03:55:47+00:00,434,0,15,True,True,True,1789530945
2026-09-16T03:55:47+00:00,462,2,11,True,True,True,1789530945
2026-09-16T03:55:47+00:00,578,4,20,True,True,True,1789530945
2026-09-16T03:55:47+00:00,415,0,11,True,True,True,1789530945
2026-09-16T03:55:47+00:00,423,12,7,True,True,True,1789530945
2026-09-16T03:55:47+00:00,412,7,1,True,True,True,1789530945
2026-09-16T03:55:47+00:00,387,11,4,True,True,True,1789530945
2026-09-16T03:55:47+00:00,441,2,12,True,True,True,1789530945
2026-09-16T03:55:47+00:00,454,3,16,True,True,True,1789530945
2026-09-16T03:55:47+00:00,436,3,8,True,True,True,1789530945
2026-09-16T03:55:47+00:00,394,1,17,True,True,True,1789530945
2026-09-16T03:55:47+00:00,497,18,9,True,True,True,1789530945
2026-09-16T03:55:47+00:00,581,16,4,True,True,True,1789530945
2026-09-16T03:55:47+00:00,461,0,20,True,True,True,1789530945
2026-09-16T03:55:47+00:00,599,20,28,True,True,True,1789530945
2026-09-16T03:55:47+00:00,428,8,15,True,True,True,1789530945
2026-09-16T03:55:47+00:00,400,3,21,True,True,True,1789530945
2026-09-16T03:55:47+00:00,487,0,19,True,True,True,1789530945
2026-09-16T03:55:47+00:00,438,19,20,True,True,True,1789530945
2026-09-16T03:55:47+00:00,459,0,8,True,True,True,1789530945
2026-09-16T03:55:47+00:00,433,5,13,True,True,True,1789530945
2026-09-16T03:55:47+00:00,399,17,11,True,True,True,1789530945
2026-09-16T03:55:47+00:00,489,0,28,True,True,True,1789530945
2026-09-16T03:55:47+00:00,742,22,6,True,True,True,1789530945
2026-09-16T03:55:47+00:00,551,30,2,True,True,True,1789530945
2026-09-16T03:55:47+00:00,406,3,4,True,True,True,1789530945
2026-09-16T03:55:47+00:00,488,12,11,True,True,True,1789530945
2026-09-16T03:55:47+00:00,540,0,35,True,True,True,1789530945
2026-09-16T03:55:47+00:00,431,5,10,True,True,True,1789530945
2026-09-16T03:55:47+00:00,393,3,16,True,True,True,1789530945
2026-09-16T03:55:47+00:00,420,1,18,True,True,True,1789530945
2026-09-16T03:55:47+00:00,397,16,15,True,True,True,1789530945
2026-09-16T03:55:47+00:00,390,17,13,True,True,True,1789530945
2026-09-16T03:55:47+00:00,449,9,15,True,True,True,1789530945
2026-09-16T03:55:47+00:00,430,7,35,True,True,True,1789530945
2026-09-16T03:55:47+00:00,484,18,14,True,True,True,1789530945
2026-09-16T03:55:47+00:00,479,9,20,True,True,True,1789530945
2026-09-16T03:55:47+00:00,403,3,11,True,True,True,1789530945
2026-09-16T03:55:47+00:00,435,2,26,True,True,True,1789530945
2026-09-16T03:55:47+00:00,426,2,18,True,True,True,1789530945
2026-09-16T03:55:47+00:00,450,1,13,True,True,True,1789530945
2026-09-16T03:55:47+00:00,456,10,22,True,True,True,1789530945
2026-09-16T03:55:47+00:00,468,12,1,True,True,True,1789530945
2026-09-16T03:55:47+00:00,453,0,30,True,True,True,1789530945
2026-09-16T03:55:47+00:00,466,1,13,True,True,True,1789530945
2026-09-16T03:55:47+00:00,469,1,27,True,True,True,1789530945
2026-09-16T03:55:47+00:00,416,2,13,True,True,True,1789530945
2026-09-16T03:55:47+00:00,391,3,10,True,True,True,1789530945
2026-09-16T03:55:47+00:00,389,2,14,True,True,True,1789530945
2026-09-16T03:55:47+00:00,470,3,11,True,True,True,1789530945
2026-09-16T03:55:47+00:00,384,9,7,True,True,True,1789530945
2026-09-16T03:55:47+00:00,425,3,5,True,True,True,1789530945
2026-09-16T03:55:47+00:00,411,1,10,True,True,True,1789530945
2026-09-16T03:55:47+00:00,598,6,25,True,True,True,1789530945
2026-09-16T03:55:47+00:00,444,16,1,True,True,True,1789530945
2026-09-16T03:55:47+00:00,447,6,24,True,True,True,1789530945
2026-09-16T03:55:47+00:00,408,6,7,True,True,True,1789530945
2026-09-16T03:55:47+00:00,737,22,1,True,True,True,1789530945
2026-09-16T03:55:47+00:00,432,6,5,True,True,True,1789530945
2026-09-16T03:55:47+00:00,401,4,2,True,True,True,1789530945
2026-09-16T03:55:47+00:00,452,0,30,True,True,True,1789530945
2026-09-16T03:55:47+00:00,392,1,7,True,True,True,1789530945
2026-09-16T03:55:47+00:00,481,8,34,True,True,True,1789530945
2026-09-16T03:55:47+00:00,495,16,24,True,True,True,1789530945
2026-09-16T03:55:47+00:00,478,5,6,True,True,True,1789530945
2026-09-16T03:55:47+00:00,414,7,3,True,True,True,1789530945
2026-09-16T03:55:47+00:00,476,6,11,True,True,True,1789530945
2026-09-16T03:55:47+00:00,445,11,6,True,True,True,1789530945
2026-09-16T03:55:47+00:00,748,2,27,True,True,True,1789530945
2026-09-16T03:55:47+00:00,473,1,6,True,True,True,1789530945
2026-09-16T03:55:47+00:00,383,20,8,True,True,True,1789530945
2026-09-16T03:55:47+00:00,480,24,0,True,True,True,1789530945
2026-09-16T03:55:47+00:00,421,13,8,True,True,True,1789530945
2026-09-16T03:55:47+00:00,746,4,5,True,True,True,1789530945
2026-09-16T03:55:47+00:00,417,1,10,True,True,True,1789530945
2026-09-16T03:55:47+00:00,427,2,10,True,True,True,1789530945
2026-09-16T03:55:47+00:00,395,0,13,True,True,True,1789530945
2026-09-16T03:55:47+00:00,418,2,25,True,True,True,1789530945
2026-09-16T03:55:47+00:00,413,3,10,True,True,True,1789530945
2026-09-16T03:55:47+00:00,486,4,19,True,True,True,1789530945
2026-09-16T03:55:47+00:00,597,8,2,True,True,True,1789530945
2026-09-16T03:55:47+00:00,422,2,10,True,True,True,1789530945
2026-09-16T03:55:47+00:00,382,5,4,True,True,True,1789530945
2026-09-16T03:55:47+00:00,396,16,5,True,True,True,1789530945
2026-09-16T03:55:47+00:00,735,12,0,True,True,True,1789530945
2026-09-16T03:55:47+00:00,437,0,24,True,True,True,1789530945
2026-09-16T03:55:47+00:00,446,6,15,True,True,True,1789530945
2026-09-16T03:55:47+00:00,424,0,9,True,True,True,1789530945
2026-09-16T03:55:47+00:00,455,6,6,True,True,True,1789530945
2026-09-16T03:55:47+00:00,457,1,8,True,True,True,1789530945
2026-09-16T03:55:47+00:00,377,13,13,True,True,True,1789530945
2026-09-16T03:55:47+00:00,738,7,5,True,True,True,1789530945
2026-09-16T03:55:47+00:00,460,16,12,True,True,True,1789530945
2026-09-16T03:55:47+00:00,744,6,0,True,True,True,1789530945
2026-09-16T03:55:47+00:00,485,6,8,True,True,True,1789530945
2026-09-16T04:10:47+00:00,6026,8,25,True,True,True,1789531845
2026-09-16T04:10:47+00:00,5431,12,8,True,True,True,1789531845
2026-09-16T04:10:47+00:00,5424,0,18,True,True,True,1789531845
2026-09-16T04:10:47+00:00,5220,0,20,True,True,True,1789531845
2026-09-16T04:10:47+00:00,5217,18,12,True,True,True,1789531845
2026-09-16T04:10:47+00:00,5113,3,11,True,True,True,1789531845
2026-09-16T04:10:47+00:00,4683,2,17,True,True,True,1789531845
2026-09-16T04:10:47+00:00,4552,10,7,True,True,True,1789531845
2026-09-16T04:10:47+00:00,3725,5,13,True,True,True,1789531845
2026-09-16T04:10:47+00:00,2358,9,4,True,True,True,1789531845
2026-09-16T04:10:47+00:00,2357,5,18,True,True,True,1789531845
2026-09-16T04:10:47+00:00,2355,11,1,True,True,True,1789531845
2026-09-16T04:10:47+00:00,2351,0,16,True,True,True,1789531845
2026-09-16T04:10:47+00:00,2350,5,18,True,True,True,1789531845
2026-09-16T04:10:47+00:00,2349,6,15,True,True,True,1789531845
2026-09-16T04:10:47+00:00,2347,17,13,True,True,True,1789531845
2026-09-16T04:10:47+00:00,2340,0,21,True,True,True,1789531845
2026-09-16T04:10:47+00:00,2339,7,21,True,True,True,1789531845
2026-09-16T04:10:47+00:00,2337,12,3,True,True,True,1789531845
2026-09-16T04:10:47+00:00,2334,0,11,True,True,True,1789531845
2026-09-16T04:10:47+00:00,2333,14,1,True,True,True,1789531845
2026-09-16T04:10:47+00:00,2332,1,11,True,True,True,1789531845
2026-09-16T04:10:47+00:00,2330,11,2,True,True,True,1789531845
2026-09-16T04:10:47+00:00,2329,13,2,True,True,True,1789531845
2026-09-16T04:10:47+00:00,2328,10,9,True,True,True,1789531845
2026-09-16T04:10:47+00:00,2315,11,6,True,True,True,1789531845
2026-09-16T04:10:47+00:00,2308,0,7,True,True,True,1789531845
2026-09-16T04:10:47+00:00,2307,1,29,True,True,True,1789531845
2026-09-16T04:10:47+00:00,2306,17,1,True,True,True,1789531845
2026-09-16T04:10:47+00:00,2305,3,11,True,True,True,1789531845
2026-09-16T04:10:47+00:00,2304,11,7,True,True,True,1789531845
2026-09-16T04:10:47+00:00,2280,10,1,True,True,True,1789531845
2026-09-16T04:10:47+00:00,2270,12,8,True,True,True,1789531845
2026-09-16T04:10:47+00:00,1919,4,2,True,True,True,1789531845
2026-09-16T04:10:47+00:00,1755,11,20,True,True,True,1789531845
2026-09-16T04:10:47+00:00,1101,9,13,True,True,True,1789531845
2026-09-16T04:10:47+00:00,1023,13,2,True,True,True,1789531845
2026-09-16T04:10:47+00:00,1009,2,7,True,True,True,1789531845
2026-09-16T04:10:47+00:00,970,20,4,True,True,True,1789531845
2026-09-16T04:10:47+00:00,787,7,5,True,True,True,1789531845
2026-09-16T04:10:47+00:00,627,10,20,True,True,True,1789531845
2026-09-16T04:10:47+00:00,623,4,15,True,True,True,1789531845
2026-09-16T04:10:47+00:00,624,12,7,True,True,True,1789531845
2026-09-16T04:10:47+00:00,626,6,16,True,True,True,1789531845
2026-09-16T04:10:47+00:00,614,0,23,True,True,True,1789531845
2026-09-16T04:10:47+00:00,616,13,2,True,True,True,1789531845
2026-09-16T04:10:47+00:00,618,0,39,True,True,True,1789531845
2026-09-16T04:10:47+00:00,621,2,23,True,True,True,1789531845
2026-09-16T04:10:47+00:00,622,2,23,True,True,True,1789531845
2026-09-16T04:10:47+00:00,613,10,8,True,True,True,1789531845
2026-09-16T04:10:47+00:00,620,6,34,True,True,True,1789531845
2026-09-16T04:10:47+00:00,596,9,8,True,True,True,1789531845
2026-09-16T04:10:47+00:00,617,7,10,True,True,True,1789531845
2026-09-16T04:10:47+00:00,609,21,6,True,True,True,1789531845
2026-09-16T04:10:47+00:00,607,14,11,True,True,True,1789531845
2026-09-16T04:10:47+00:00,603,1,16,True,True,True,1789531845
2026-09-16T04:10:47+00:00,590,18,19,True,True,True,1789531845
2026-09-16T04:10:47+00:00,610,4,16,True,True,True,1789531845
2026-09-16T04:10:47+00:00,608,2,18,True,True,True,1789531845
2026-09-16T04:10:47+00:00,593,0,30,True,True,True,1789531845
2026-09-16T04:10:47+00:00,530,4,4,True,True,True,1789531845
2026-09-16T04:10:47+00:00,463,4,15,True,True,True,1789531845
2026-09-16T04:10:47+00:00,475,16,8,True,True,True,1789531845
2026-09-16T04:10:47+00:00,439,5,20,True,True,True,1789531845
2026-09-16T04:10:47+00:00,600,10,0,True,True,True,1789531845
2026-09-16T04:10:47+00:00,440,8,8,True,True,True,1789531845
2026-09-16T04:10:47+00:00,612,1,16,True,True,True,1789531845
2026-09-16T04:10:47+00:00,491,16,2,True,True,True,1789531845
2026-09-16T04:10:47+00:00,493,11,13,True,True,True,1789531845
2026-09-16T04:10:47+00:00,410,5,21,True,True,True,1789531845
2026-09-16T04:10:47+00:00,605,12,5,True,True,True,1789531845
2026-09-16T04:10:47+00:00,388,5,13,True,True,True,1789531845
2026-09-16T04:10:47+00:00,591,0,24,True,True,True,1789531845
2026-09-16T04:10:47+00:00,592,1,16,True,True,True,1789531845
2026-09-16T04:10:47+00:00,585,13,3,True,True,True,1789531845
2026-09-16T04:10:47+00:00,565,3,14,True,True,True,1789531845
2026-09-16T04:10:47+00:00,571,12,8,True,True,True,1789531845
2026-09-16T04:10:47+00:00,568,1,13,True,True,True,1789531845
2026-09-16T04:10:47+00:00,588,1,17,True,True,True,1789531845
2026-09-16T04:10:47+00:00,584,8,26,True,True,True,1789531845
2026-09-16T04:10:47+00:00,569,10,19,True,True,True,1789531845
2026-09-16T04:10:47+00:00,577,24,6,True,True,True,1789531845
2026-09-16T04:10:47+00:00,564,3,26,True,True,True,1789531845
2026-09-16T04:10:47+00:00,570,2,12,True,True,True,1789531845
2026-09-16T04:10:47+00:00,572,15,23,True,True,True,1789531845
2026-09-16T04:10:47+00:00,586,24,0,True,True,True,1789531845
2026-09-16T04:10:47+00:00,576,4,14,True,True,True,1789531845
2026-09-16T04:10:47+00:00,566,11,13,True,True,True,1789531845
2026-09-16T04:10:47+00:00,602,1,16,True,True,True,1789531845
2026-09-16T04:10:47+00:00,575,0,28,True,True,True,1789531845
2026-09-16T04:10:47+00:00,567,4,32,True,True,True,1789531845
2026-09-16T04:10:47+00:00,582,11,15,True,True,True,1789531845
2026-09-16T04:10:47+00:00,595,18,4,True,True,True,1789531845
2026-09-16T04:10:47+00:00,542,7,11,True,True,True,1789531845
2026-09-16T04:10:47+00:00,563,16,1,True,True,True,1789531845
2026-09-16T04:10:47+00:00,558,3,11,True,True,True,1789531845
2026-09-16T04:10:47+00:00,552,15,3,True,True,True,1789531845
2026-09-16T04:10:47+00:00,555,3,10,True,True,True,1789531845
2026-09-16T04:10:47+00:00,573,6,18,True,True,True,1789531845
2026-09-16T04:10:47+00:00,561,1,19,True,True,True,1789531845
2026-09-16T04:10:47+00:00,615,15,6,True,True,True,1789531845
2026-09-16T04:10:47+00:00,543,0,18,True,True,True,1789531845
2026-09-16T04:10:47+00:00,554,1,19,True,True,True,1789531845
2026-09-16T04:10:47+00:00,574,0,12,True,True,True,1789531845
2026-09-16T04:10:47+00:00,560,2,6,True,True,True,1789531845
2026-09-16T04:10:47+00:00,548,5,11,True,True,True,1789531845
2026-09-16T04:10:47+00:00,559,8,8,True,True,True,1789531845
2026-09-16T04:10:47+00:00,545,5,33,True,True,True,1789531845
2026-09-16T04:10:47+00:00,550,1,8,True,True,True,1789531845
2026-09-16T04:10:47+00:00,541,6,3,True,True,True,1789531845
2026-09-16T04:10:47+00:00,527,5,6,True,True,True,1789531845
2026-09-16T04:10:47+00:00,529,1,18,True,True,True,1789531845
2026-09-16T04:10:47+00:00,526,5,10,True,True,True,1789531845
2026-09-16T04:10:47+00:00,537,12,5,True,True,True,1789531845
2026-09-16T04:10:47+00:00,547,27,3,True,True,True,1789531845
2026-09-16T04:10:47+00:00,601,1,17,True,True,True,1789531845
2026-09-16T04:10:47+00:00,533,6,6,True,True,True,1789531845
2026-09-16T04:10:47+00:00,535,1,24,True,True,True,1789531845
2026-09-16T04:10:47+00:00,524,0,20,True,True,True,1789531845
2026-09-16T04:10:47+00:00,519,11,11,True,True,True,1789531845
2026-09-16T04:10:47+00:00,534,0,38,True,True,True,1789531845
2026-09-16T04:10:47+00:00,521,0,4,True,True,True,1789531845
2026-09-16T04:10:47+00:00,518,1,16,True,True,True,1789531845
2026-09-16T04:10:47+00:00,556,1,17,True,True,True,1789531845
2026-09-16T04:10:47+00:00,525,0,14,True,True,True,1789531845
2026-09-16T04:10:47+00:00,517,0,14,True,True,True,1789531845
2026-09-16T04:10:47+00:00,523,15,15,True,True,True,1789531845
2026-09-16T04:10:47+00:00,522,7,0,True,True,True,1789531845
2026-09-16T04:10:47+00:00,594,12,7,True,True,True,1789531845
2026-09-16T04:10:47+00:00,532,0,19,True,True,True,1789531845
2026-09-16T04:10:47+00:00,509,3,9,True,True,True,1789531845
2026-09-16T04:10:47+00:00,531,1,14,True,True,True,1789531845
2026-09-16T04:10:47+00:00,536,1,6,True,True,True,1789531845
2026-09-16T04:10:47+00:00,562,3,34,True,True,True,1789531845
2026-09-16T04:10:47+00:00,511,16,4,True,True,True,1789531845
2026-09-16T04:10:47+00:00,505,2,15,True,True,True,1789531845
2026-09-16T04:10:47+00:00,501,0,17,True,True,True,1789531845
2026-09-16T04:10:47+00:00,514,1,11,True,True,True,1789531845
2026-09-16T04:10:47+00:00,500,5,12,True,True,True,1789531845
2026-09-16T04:10:47+00:00,503,25,4,True,True,True,1789531845
2026-09-16T04:10:47+00:00,513,0,13,True,True,True,1789531845
2026-09-16T04:10:47+00:00,498,3,8,True,True,True,1789531845
2026-09-16T04:10:47+00:00,507,10,9,True,True,True,1789531845
2026-09-16T04:10:47+00:00,512,12,12,True,True,True,1789531845
2026-09-16T04:10:47+00:00,619,1,41,True,True,True,1789531845
2026-09-16T04:10:47+00:00,474,11,30,True,True,True,1789531845
2026-09-16T04:10:47+00:00,580,25,16,True,True,True,1789531845
2026-09-16T04:10:47+00:00,496,0,41,True,True,True,1789531845
2026-09-16T04:10:47+00:00,482,2,16,True,True,True,1789531845
2026-09-16T04:10:47+00:00,407,11,0,True,True,True,1789531845
2026-09-16T04:10:47+00:00,409,6,15,True,True,True,1789531845
2026-09-16T04:10:47+00:00,451,3,16,True,True,True,1789531845
2026-09-16T04:10:47+00:00,402,2,15,True,True,True,1789531845
2026-09-16T04:10:47+00:00,516,2,12,True,True,True,1789531845
2026-09-16T04:10:47+00:00,625,4,38,True,True,True,1789531845
2026-09-16T04:10:47+00:00,429,16,4,True,True,True,1789531845
2026-09-16T04:10:47+00:00,380,10,10,True,True,True,1789531845
2026-09-16T04:10:47+00:00,583,9,8,True,True,True,1789531845
2026-09-16T04:10:47+00:00,398,4,10,True,True,True,1789531845
2026-09-16T04:10:47+00:00,381,14,0,True,True,True,1789531845
2026-09-16T04:10:47+00:00,464,11,32,True,True,True,1789531845
2026-09-16T04:10:47+00:00,442,14,0,True,True,True,1789531845
2026-09-16T04:10:47+00:00,483,10,11,True,True,True,1789531845
2026-09-16T04:10:47+00:00,458,0,14,True,True,True,1789531845
2026-09-16T04:10:47+00:00,499,6,9,True,True,True,1789531845
2026-09-16T04:10:47+00:00,472,6,17,True,True,True,1789531845
2026-09-16T04:10:47+00:00,506,3,23,True,True,True,1789531845
2026-09-16T04:10:47+00:00,465,0,10,True,True,True,1789531845
2026-09-16T04:10:47+00:00,611,12,27,True,True,True,1789531845
2026-09-16T04:10:47+00:00,404,6,18,True,True,True,1789531845
2026-09-16T04:10:47+00:00,579,9,6,True,True,True,1789531845
2026-09-16T04:10:47+00:00,589,7,16,True,True,True,1789531845
2026-09-16T04:10:47+00:00,434,0,15,True,True,True,1789531845
2026-09-16T04:10:47+00:00,462,1,12,True,True,True,1789531845
2026-09-16T04:10:47+00:00,578,4,20,True,True,True,1789531845
2026-09-16T04:10:47+00:00,415,0,11,True,True,True,1789531845
2026-09-16T04:10:47+00:00,423,13,6,True,True,True,1789531845
2026-09-16T04:10:47+00:00,412,7,1,True,True,True,1789531845
2026-09-16T04:10:47+00:00,387,11,4,True,True,True,1789531845
2026-09-16T04:10:47+00:00,441,2,12,True,True,True,1789531845
2026-09-16T04:10:47+00:00,454,3,16,True,True,True,1789531845
2026-09-16T04:10:47+00:00,436,3,8,True,True,True,1789531845
2026-09-16T04:10:47+00:00,394,1,17,True,True,True,1789531845
2026-09-16T04:10:47+00:00,497,18,9,True,True,True,1789531845
2026-09-16T04:10:47+00:00,581,16,4,True,True,True,1789531845
2026-09-16T04:10:47+00:00,461,0,20,True,True,True,1789531845
2026-09-16T04:10:47+00:00,599,20,28,True,True,True,1789531845
2026-09-16T04:10:47+00:00,428,8,15,True,True,True,1789531845
2026-09-16T04:10:47+00:00,400,3,21,True,True,True,1789531845
2026-09-16T04:10:47+00:00,487,0,19,True,True,True,1789531845
2026-09-16T04:10:47+00:00,438,19,20,True,True,True,1789531845
2026-09-16T04:10:47+00:00,459,0,8,True,True,True,1789531845
2026-09-16T04:10:47+00:00,433,6,12,True,True,True,1789531845
2026-09-16T04:10:47+00:00,399,17,11,True,True,True,1789531845
2026-09-16T04:10:47+00:00,489,0,28,True,True,True,1789531845
2026-09-16T04:10:47+00:00,742,22,6,True,True,True,1789531845
2026-09-16T04:10:47+00:00,551,29,3,True,True,True,1789531845
2026-09-16T04:10:47+00:00,406,3,4,True,True,True,1789531845
2026-09-16T04:10:47+00:00,488,10,12,True,True,True,1789531845
2026-09-16T04:10:47+00:00,540,0,35,True,True,True,1789531845
2026-09-16T04:10:47+00:00,431,5,10,True,True,True,1789531845
2026-09-16T04:10:47+00:00,393,3,16,True,True,True,1789531845
2026-09-16T04:10:47+00:00,420,1,18,True,True,True,1789531845
2026-09-16T04:10:47+00:00,397,16,15,True,True,True,1789531845
2026-09-16T04:10:47+00:00,390,17,13,True,True,True,1789531845
2026-09-16T04:10:47+00:00,449,9,15,True,True,True,1789531845
2026-09-16T04:10:47+00:00,430,7,35,True,True,True,1789531845
2026-09-16T04:10:47+00:00,484,20,12,True,True,True,1789531845
2026-09-16T04:10:47+00:00,479,9,20,True,True,True,1789531845
2026-09-16T04:10:47+00:00,403,3,11,True,True,True,1789531845
2026-09-16T04:10:47+00:00,435,2,26,True,True,True,1789531845
2026-09-16T04:10:47+00:00,426,2,18,True,True,True,1789531845
2026-09-16T04:10:47+00:00,450,1,13,True,True,True,1789531845
2026-09-16T04:10:47+00:00,456,9,23,True,True,True,1789531845
2026-09-16T04:10:47+00:00,468,12,1,True,True,True,1789531845
2026-09-16T04:10:47+00:00,453,1,29,True,True,True,1789531845
2026-09-16T04:10:47+00:00,466,1,13,True,True,True,1789531845
2026-09-16T04:10:47+00:00,469,1,27,True,True,True,1789531845
2026-09-16T04:10:47+00:00,416,2,13,True,True,True,1789531845
2026-09-16T04:10:47+00:00,391,3,10,True,True,True,1789531845
2026-09-16T04:10:47+00:00,389,2,14,True,True,True,1789531845
2026-09-16T04:10:47+00:00,470,3,11,True,True,True,1789531845
2026-09-16T04:10:47+00:00,384,9,7,True,True,True,1789531845
2026-09-16T04:10:47+00:00,425,3,5,True,True,True,1789531845
2026-09-16T04:10:47+00:00,411,1,10,True,True,True,1789531845
2026-09-16T04:10:47+00:00,598,6,25,True,True,True,1789531845
2026-09-16T04:10:47+00:00,444,15,2,True,True,True,1789531845
2026-09-16T04:10:47+00:00,447,6,24,True,True,True,1789531845
2026-09-16T04:10:47+00:00,408,5,8,True,True,True,1789531845
2026-09-16T04:10:47+00:00,737,22,1,True,True,True,1789531845
2026-09-16T04:10:47+00:00,432,6,5,True,True,True,1789531845
2026-09-16T04:10:47+00:00,401,4,2,True,True,True,1789531845
2026-09-16T04:10:47+00:00,452,0,30,True,True,True,1789531845
2026-09-16T04:10:47+00:00,392,1,7,True,True,True,1789531845
2026-09-16T04:10:47+00:00,481,8,34,True,True,True,1789531845
2026-09-16T04:10:47+00:00,495,17,23,True,True,True,1789531845
2026-09-16T04:10:47+00:00,478,6,5,True,True,True,1789531845
2026-09-16T04:10:47+00:00,414,7,3,True,True,True,1789531845
2026-09-16T04:10:47+00:00,476,6,11,True,True,True,1789531845
2026-09-16T04:10:47+00:00,445,11,6,True,True,True,1789531845
2026-09-16T04:10:47+00:00,748,2,27,True,True,True,1789531845
2026-09-16T04:10:47+00:00,473,1,6,True,True,True,1789531845
2026-09-16T04:10:47+00:00,383,20,8,True,True,True,1789531845
2026-09-16T04:10:47+00:00,480,8,16,True,True,True,1789531845
2026-09-16T04:10:47+00:00,421,13,8,True,True,True,1789531845
2026-09-16T04:10:47+00:00,746,4,5,True,True,True,1789531845
2026-09-16T04:10:47+00:00,417,1,10,True,True,True,1789531845
2026-09-16T04:10:47+00:00,427,2,10,True,True,True,1789531845
2026-09-16T04:10:47+00:00,395,0,13,True,True,True,1789531845
2026-09-16T04:10:47+00:00,418,2,25,True,True,True,1789531845
2026-09-16T04:10:47+00:00,413,3,10,True,True,True,1789531845
2026-09-16T04:10:47+00:00,486,4,19,True,True,True,1789531845
2026-09-16T04:10:47+00:00,597,8,2,True,True,True,1789531845
2026-09-16T04:10:47+00:00,422,2,10,True,True,True,1789531845
2026-09-16T04:10:47+00:00,382,5,4,True,True,True,1789531845
2026-09-16T04:10:47+00:00,396,16,5,True,True,True,1789531845
2026-09-16T04:10:47+00:00,735,12,0,True,True,True,1789531845
2026-09-16T04:10:47+00:00,437,0,24,True,True,True,1789531845
2026-09-16T04:10:47+00:00,446,6,15,True,True,True,1789531845
2026-09-16T04:10:47+00:00,424,0,9,True,True,True,1789531845
2026-09-16T04:10:47+00:00,455,6,6,True,True,True,1789531845
2026-09-16T04:10:47+00:00,457,1,8,True,True,True,1789531845
2026-09-16T04:10:47+00:00,377,12,14,True,True,True,1789531845
2026-09-16T04:10:47+00:00,738,7,5,True,True,True,1789531845
2026-09-16T04:10:47+00:00,460,16,12,True,True,True,1789531845
2026-09-16T04:10:47+00:00,744,6,0,True,True,True,1789531845
2026-09-16T04:10:47+00:00,485,6,8,True,True,True,1789531845
2026-09-16T04:25:47+00:00,6026,8,25,True,True,True,1789532742
2026-09-16T04:25:47+00:00,5431,12,8,True,True,True,1789532742
2026-09-16T04:25:47+00:00,5424,0,18,True,True,True,1789532742
2026-09-16T04:25:47+00:00,5220,0,20,True,True,True,1789532742
2026-09-16T04:25:47+00:00,5217,18,12,True,True,True,1789532742
2026-09-16T04:25:47+00:00,5113,2,12,True,True,True,1789532742
2026-09-16T04:25:47+00:00,4683,2,17,True,True,True,1789532742
2026-09-16T04:25:47+00:00,4552,10,7,True,True,True,1789532742
2026-09-16T04:25:47+00:00,3725,5,13,True,True,True,1789532742
2026-09-16T04:25:47+00:00,2358,8,5,True,True,True,1789532742
2026-09-16T04:25:47+00:00,2357,5,18,True,True,True,1789532742
2026-09-16T04:25:47+00:00,2355,11,1,True,True,True,1789532742
2026-09-16T04:25:47+00:00,2351,0,16,True,True,True,1789532742
2026-09-16T04:25:47+00:00,2350,5,18,True,True,True,1789532742
2026-09-16T04:25:47+00:00,2349,6,15,True,True,True,1789532742
2026-09-16T04:25:47+00:00,2347,17,13,True,True,True,1789532742
2026-09-16T04:25:47+00:00,2340,0,21,True,True,True,1789532742
2026-09-16T04:25:47+00:00,2339,7,21,True,True,True,1789532742
2026-09-16T04:25:47+00:00,2337,12,3,True,True,True,1789532742
2026-09-16T04:25:47+00:00,2334,0,11,True,True,True,1789532742
2026-09-16T04:25:47+00:00,2333,14,1,True,True,True,1789532742
2026-09-16T04:25:47+00:00,2332,1,11,True,True,True,1789532742
2026-09-16T04:25:47+00:00,2330,12,1,True,True,True,1789532742
2026-09-16T04:25:47+00:00,2329,13,2,True,True,True,1789532742
2026-09-16T04:25:47+00:00,2328,11,8,True,True,True,1789532742
2026-09-16T04:25:47+00:00,2315,11,6,True,True,True,1789532742
2026-09-16T04:25:47+00:00,2308,0,7,True,True,True,1789532742
2026-09-16T04:25:47+00:00,2307,1,29,True,True,True,1789532742
2026-09-16T04:25:47+00:00,2306,17,1,True,True,True,1789532742
2026-09-16T04:25:47+00:00,2305,2,12,True,True,True,1789532742
2026-09-16T04:25:47+00:00,2304,11,7,True,True,True,1789532742
2026-09-16T04:25:47+00:00,2280,10,1,True,True,True,1789532742
2026-09-16T04:25:47+00:00,2270,12,8,True,True,True,1789532742
2026-09-16T04:25:47+00:00,1919,4,2,True,True,True,1789532742
2026-09-16T04:25:47+00:00,1755,11,20,True,True,True,1789532742
2026-09-16T04:25:47+00:00,1101,9,13,True,True,True,1789532742
2026-09-16T04:25:47+00:00,1023,13,2,True,True,True,1789532742
2026-09-16T04:25:47+00:00,1009,2,7,True,True,True,1789532742
2026-09-16T04:25:47+00:00,970,20,4,True,True,True,1789532742
2026-09-16T04:25:47+00:00,787,7,5,True,True,True,1789532742
2026-09-16T04:25:47+00:00,627,10,20,True,True,True,1789532742
2026-09-16T04:25:47+00:00,623,5,14,True,True,True,1789532742
2026-09-16T04:25:47+00:00,624,11,8,True,True,True,1789532742
2026-09-16T04:25:47+00:00,626,6,16,True,True,True,1789532742
2026-09-16T04:25:47+00:00,614,0,23,True,True,True,1789532742
2026-09-16T04:25:47+00:00,616,13,2,True,True,True,1789532742
2026-09-16T04:25:47+00:00,618,0,39,True,True,True,1789532742
2026-09-16T04:25:47+00:00,621,2,23,True,True,True,1789532742
2026-09-16T04:25:47+00:00,622,2,23,True,True,True,1789532742
2026-09-16T04:25:47+00:00,613,9,9,True,True,True,1789532742
2026-09-16T04:25:47+00:00,620,6,34,True,True,True,1789532742
2026-09-16T04:25:47+00:00,596,8,9,True,True,True,1789532742
2026-09-16T04:25:47+00:00,617,7,10,True,True,True,1789532742
2026-09-16T04:25:47+00:00,609,21,6,True,True,True,1789532742
2026-09-16T04:25:47+00:00,607,14,11,True,True,True,1789532742
2026-09-16T04:25:47+00:00,603,1,16,True,True,True,1789532742
2026-09-16T04:25:47+00:00,590,18,19,True,True,True,1789532742
2026-09-16T04:25:47+00:00,610,4,16,True,True,True,1789532742
2026-09-16T04:25:47+00:00,608,2,18,True,True,True,1789532742
2026-09-16T04:25:47+00:00,593,0,30,True,True,True,1789532742
2026-09-16T04:25:47+00:00,530,4,4,True,True,True,1789532742
2026-09-16T04:25:47+00:00,463,4,15,True,True,True,1789532742
2026-09-16T04:25:47+00:00,475,16,8,True,True,True,1789532742
2026-09-16T04:25:47+00:00,439,5,20,True,True,True,1789532742
2026-09-16T04:25:47+00:00,600,10,0,True,True,True,1789532742
2026-09-16T04:25:47+00:00,440,8,8,True,True,True,1789532742
2026-09-16T04:25:47+00:00,612,1,16,True,True,True,1789532742
2026-09-16T04:25:47+00:00,491,16,2,True,True,True,1789532742
2026-09-16T04:25:47+00:00,493,11,13,True,True,True,1789532742
2026-09-16T04:25:47+00:00,410,7,19,True,True,True,1789532742
2026-09-16T04:25:47+00:00,605,12,5,True,True,True,1789532742
2026-09-16T04:25:47+00:00,388,5,13,True,True,True,1789532742
2026-09-16T04:25:47+00:00,591,0,24,True,True,True,1789532742
2026-09-16T04:25:47+00:00,592,1,16,True,True,True,1789532742
2026-09-16T04:25:47+00:00,585,13,3,True,True,True,1789532742
2026-09-16T04:25:47+00:00,565,3,14,True,True,True,1789532742
2026-09-16T04:25:47+00:00,571,12,8,True,True,True,1789532742
2026-09-16T04:25:47+00:00,568,1,13,True,True,True,1789532742
2026-09-16T04:25:47+00:00,588,1,17,True,True,True,1789532742
2026-09-16T04:25:47+00:00,584,8,26,True,True,True,1789532742
2026-09-16T04:25:47+00:00,569,10,19,True,True,True,1789532742
2026-09-16T04:25:47+00:00,577,24,6,True,True,True,1789532742
2026-09-16T04:25:47+00:00,564,3,26,True,True,True,1789532742
2026-09-16T04:25:47+00:00,570,2,12,True,True,True,1789532742
2026-09-16T04:25:47+00:00,572,15,23,True,True,True,1789532742
2026-09-16T04:25:47+00:00,586,24,0,True,True,True,1789532742
2026-09-16T04:25:47+00:00,576,3,15,True,True,True,1789532742
2026-09-16T04:25:47+00:00,566,11,13,True,True,True,1789532742
2026-09-16T04:25:47+00:00,602,1,16,True,True,True,1789532742
2026-09-16T04:25:47+00:00,575,0,28,True,True,True,1789532742
2026-09-16T04:25:47+00:00,567,4,32,True,True,True,1789532742
2026-09-16T04:25:47+00:00,582,11,15,True,True,True,1789532742
2026-09-16T04:25:47+00:00,595,18,4,True,True,True,1789532742
2026-09-16T04:25:47+00:00,542,7,11,True,True,True,1789532742
2026-09-16T04:25:47+00:00,563,16,1,True,True,True,1789532742
2026-09-16T04:25:47+00:00,558,3,11,True,True,True,1789532742
2026-09-16T04:25:47+00:00,552,15,3,True,True,True,1789532742
2026-09-16T04:25:47+00:00,555,3,10,True,True,True,1789532742
2026-09-16T04:25:47+00:00,573,6,18,True,True,True,1789532742
2026-09-16T04:25:47+00:00,561,1,19,True,True,True,1789532742
2026-09-16T04:25:47+00:00,615,15,6,True,True,True,1789532742
2026-09-16T04:25:47+00:00,543,0,18,True,True,True,1789532742
2026-09-16T04:25:47+00:00,554,1,19,True,True,True,1789532742
2026-09-16T04:25:47+00:00,574,0,12,True,True,True,1789532742
2026-09-16T04:25:47+00:00,560,2,6,True,True,True,1789532742
2026-09-16T04:25:47+00:00,548,5,11,True,True,True,1789532742
2026-09-16T04:25:47+00:00,559,8,8,True,True,True,1789532742
2026-09-16T04:25:47+00:00,545,5,33,True,True,True,1789532742
2026-09-16T04:25:47+00:00,550,1,8,True,True,True,1789532742
2026-09-16T04:25:47+00:00,541,7,2,True,True,True,1789532742
2026-09-16T04:25:47+00:00,527,5,6,True,True,True,1789532742
2026-09-16T04:25:47+00:00,529,1,18,True,True,True,1789532742
2026-09-16T04:25:47+00:00,526,5,10,True,True,True,1789532742
2026-09-16T04:25:47+00:00,537,12,5,True,True,True,1789532742
2026-09-16T04:25:47+00:00,547,27,3,True,True,True,1789532742
2026-09-16T04:25:47+00:00,601,1,17,True,True,True,1789532742
2026-09-16T04:25:47+00:00,533,6,6,True,True,True,1789532742
2026-09-16T04:25:47+00:00,535,1,24,True,True,True,1789532742
2026-09-16T04:25:47+00:00,524,0,20,True,True,True,1789532742
2026-09-16T04:25:47+00:00,519,11,11,True,True,True,1789532742
2026-09-16T04:25:47+00:00,534,0,38,True,True,True,1789532742
2026-09-16T04:25:47+00:00,521,10,3,True,True,True,1789532742
2026-09-16T04:25:47+00:00,518,1,16,True,True,True,1789532742
2026-09-16T04:25:47+00:00,556,1,17,True,True,True,1789532742
2026-09-16T04:25:47+00:00,525,0,14,True,True,True,1789532742
2026-09-16T04:25:47+00:00,517,0,14,True,True,True,1789532742
2026-09-16T04:25:47+00:00,523,16,14,True,True,True,1789532742
2026-09-16T04:25:47+00:00,522,7,0,True,True,True,1789532742
2026-09-16T04:25:47+00:00,594,12,7,True,True,True,1789532742
2026-09-16T04:25:47+00:00,532,0,19,True,True,True,1789532742
2026-09-16T04:25:47+00:00,509,3,9,True,True,True,1789532742
2026-09-16T04:25:47+00:00,531,1,14,True,True,True,1789532742
2026-09-16T04:25:47+00:00,536,1,6,True,True,True,1789532742
2026-09-16T04:25:47+00:00,562,3,34,True,True,True,1789532742
2026-09-16T04:25:47+00:00,511,17,3,True,True,True,1789532742
2026-09-16T04:25:47+00:00,505,1,16,True,True,True,1789532742
2026-09-16T04:25:47+00:00,501,0,17,True,True,True,1789532742
2026-09-16T04:25:47+00:00,514,1,11,True,True,True,1789532742
2026-09-16T04:25:47+00:00,500,5,12,True,True,True,1789532742
2026-09-16T04:25:47+00:00,503,25,4,True,True,True,1789532742
2026-09-16T04:25:47+00:00,513,0,13,True,True,True,1789532742
2026-09-16T04:25:47+00:00,498,3,8,True,True,True,1789532742
2026-09-16T04:25:47+00:00,507,10,9,True,True,True,1789532742
2026-09-16T04:25:47+00:00,512,12,12,True,True,True,1789532742
2026-09-16T04:25:47+00:00,619,1,41,True,True,True,1789532742
2026-09-16T04:25:47+00:00,474,11,30,True,True,True,1789532742
2026-09-16T04:25:47+00:00,580,25,16,True,True,True,1789532742
2026-09-16T04:25:47+00:00,496,0,41,True,True,True,1789532742
2026-09-16T04:25:47+00:00,482,2,16,True,True,True,1789532742
2026-09-16T04:25:47+00:00,407,11,0,True,True,True,1789532742
2026-09-16T04:25:47+00:00,409,6,15,True,True,True,1789532742
2026-09-16T04:25:47+00:00,451,3,16,True,True,True,1789532742
2026-09-16T04:25:47+00:00,402,2,15,True,True,True,1789532742
2026-09-16T04:25:47+00:00,516,2,12,True,True,True,1789532742
2026-09-16T04:25:47+00:00,625,4,38,True,True,True,1789532742
2026-09-16T04:25:47+00:00,429,10,10,True,True,True,1789532742
2026-09-16T04:25:47+00:00,380,10,10,True,True,True,1789532742
2026-09-16T04:25:47+00:00,583,9,8,True,True,True,1789532742
2026-09-16T04:25:47+00:00,398,4,10,True,True,True,1789532742
2026-09-16T04:25:47+00:00,381,14,0,True,True,True,1789532742
2026-09-16T04:25:47+00:00,464,11,32,True,True,True,1789532742
2026-09-16T04:25:47+00:00,442,14,0,True,True,True,1789532742
2026-09-16T04:25:47+00:00,483,11,10,True,True,True,1789532742
2026-09-16T04:25:47+00:00,458,0,14,True,True,True,1789532742
2026-09-16T04:25:47+00:00,499,5,10,True,True,True,1789532742
2026-09-16T04:25:47+00:00,472,5,17,True,True,True,1789532742
2026-09-16T04:25:47+00:00,506,3,23,True,True,True,1789532742
2026-09-16T04:25:47+00:00,465,0,10,True,True,True,1789532742
2026-09-16T04:25:47+00:00,611,12,27,True,True,True,1789532742
2026-09-16T04:25:47+00:00,404,5,19,True,True,True,1789532742
2026-09-16T04:25:47+00:00,579,8,7,True,True,True,1789532742
2026-09-16T04:25:47+00:00,589,7,16,True,True,True,1789532742
2026-09-16T04:25:47+00:00,434,0,15,True,True,True,1789532742
2026-09-16T04:25:47+00:00,462,1,12,True,True,True,1789532742
2026-09-16T04:25:47+00:00,578,4,20,True,True,True,1789532742
2026-09-16T04:25:47+00:00,415,0,11,True,True,True,1789532742
2026-09-16T04:25:47+00:00,423,13,6,True,True,True,1789532742
2026-09-16T04:25:47+00:00,412,7,1,True,True,True,1789532742
2026-09-16T04:25:47+00:00,387,11,4,True,True,True,1789532742
2026-09-16T04:25:47+00:00,441,2,12,True,True,True,1789532742
2026-09-16T04:25:47+00:00,454,3,16,True,True,True,1789532742
2026-09-16T04:25:47+00:00,436,3,8,True,True,True,1789532742
2026-09-16T04:25:47+00:00,394,1,17,True,True,True,1789532742
2026-09-16T04:25:47+00:00,497,18,9,True,True,True,1789532742
2026-09-16T04:25:47+00:00,581,15,5,True,True,True,1789532742
2026-09-16T04:25:47+00:00,461,0,20,True,True,True,1789532742
2026-09-16T04:25:47+00:00,599,19,29,True,True,True,1789532742
2026-09-16T04:25:47+00:00,428,8,15,True,True,True,1789532742
2026-09-16T04:25:47+00:00,400,3,21,True,True,True,1789532742
2026-09-16T04:25:47+00:00,487,0,19,True,True,True,1789532742
2026-09-16T04:25:47+00:00,438,19,20,True,True,True,1789532742
2026-09-16T04:25:47+00:00,459,0,8,True,True,True,1789532742
2026-09-16T04:25:47+00:00,433,6,12,True,True,True,1789532742
2026-09-16T04:25:47+00:00,399,17,11,True,True,True,1789532742
2026-09-16T04:25:47+00:00,489,0,28,True,True,True,1789532742
2026-09-16T04:25:47+00:00,742,22,6,True,True,True,1789532742
2026-09-16T04:25:47+00:00,551,29,3,True,True,True,1789532742
2026-09-16T04:25:47+00:00,406,3,4,True,True,True,1789532742
2026-09-16T04:25:47+00:00,488,10,12,True,True,True,1789532742
2026-09-16T04:25:47+00:00,540,0,35,True,True,True,1789532742
2026-09-16T04:25:47+00:00,431,5,10,True,True,True,1789532742
2026-09-16T04:25:47+00:00,393,3,16,True,True,True,1789532742
2026-09-16T04:25:47+00:00,420,1,18,True,True,True,1789532742
2026-09-16T04:25:47+00:00,397,16,15,True,True,True,1789532742
2026-09-16T04:25:47+00:00,390,18,12,True,True,True,1789532742
2026-09-16T04:25:47+00:00,449,9,15,True,True,True,1789532742
2026-09-16T04:25:47+00:00,430,7,35,True,True,True,1789532742
2026-09-16T04:25:47+00:00,484,9,22,True,True,True,1789532742
2026-09-16T04:25:47+00:00,479,9,20,True,True,True,1789532742
2026-09-16T04:25:47+00:00,403,3,11,True,True,True,1789532742
2026-09-16T04:25:47+00:00,435,2,26,True,True,True,1789532742
2026-09-16T04:25:47+00:00,426,2,18,True,True,True,1789532742
2026-09-16T04:25:47+00:00,450,0,14,True,True,True,1789532742
2026-09-16T04:25:47+00:00,456,9,23,True,True,True,1789532742
2026-09-16T04:25:47+00:00,468,12,1,True,True,True,1789532742
2026-09-16T04:25:47+00:00,453,2,28,True,True,True,1789532742
2026-09-16T04:25:47+00:00,466,1,13,True,True,True,1789532742
2026-09-16T04:25:47+00:00,469,1,27,True,True,True,1789532742
2026-09-16T04:25:47+00:00,416,2,13,True,True,True,1789532742
2026-09-16T04:25:47+00:00,391,2,11,True,True,True,1789532742
2026-09-16T04:25:47+00:00,389,2,14,True,True,True,1789532742
2026-09-16T04:25:47+00:00,470,3,11,True,True,True,1789532742
2026-09-16T04:25:47+00:00,384,9,7,True,True,True,1789532742
2026-09-16T04:25:47+00:00,425,3,5,True,True,True,1789532742
2026-09-16T04:25:47+00:00,411,1,10,True,True,True,1789532742
2026-09-16T04:25:47+00:00,598,6,25,True,True,True,1789532742
2026-09-16T04:25:47+00:00,444,15,2,True,True,True,1789532742
2026-09-16T04:25:47+00:00,447,6,24,True,True,True,1789532742
2026-09-16T04:25:47+00:00,408,5,8,True,True,True,1789532742
2026-09-16T04:25:47+00:00,737,22,1,True,True,True,1789532742
2026-09-16T04:25:47+00:00,432,6,5,True,True,True,1789532742
2026-09-16T04:25:47+00:00,401,4,2,True,True,True,1789532742
2026-09-16T04:25:47+00:00,452,0,30,True,True,True,1789532742
2026-09-16T04:25:47+00:00,392,1,7,True,True,True,1789532742
2026-09-16T04:25:47+00:00,481,8,34,True,True,True,1789532742
2026-09-16T04:25:47+00:00,495,17,23,True,True,True,1789532742
2026-09-16T04:25:47+00:00,478,8,3,True,True,True,1789532742
2026-09-16T04:25:47+00:00,414,7,3,True,True,True,1789532742
2026-09-16T04:25:47+00:00,476,6,11,True,True,True,1789532742
2026-09-16T04:25:47+00:00,445,11,6,True,True,True,1789532742
2026-09-16T04:25:47+00:00,748,2,27,True,True,True,1789532742
2026-09-16T04:25:47+00:00,473,1,6,True,True,True,1789532742
2026-09-16T04:25:47+00:00,383,20,8,True,True,True,1789532742
2026-09-16T04:25:47+00:00,480,6,18,True,True,True,1789532742
2026-09-16T04:25:47+00:00,421,13,8,True,True,True,1789532742
2026-09-16T04:25:47+00:00,746,4,5,True,True,True,1789532742
2026-09-16T04:25:47+00:00,417,1,10,True,True,True,1789532742
2026-09-16T04:25:47+00:00,427,1,11,True,True,True,1789532742
2026-09-16T04:25:47+00:00,395,0,13,True,True,True,1789532742
2026-09-16T04:25:47+00:00,418,2,25,True,True,True,1789532742
2026-09-16T04:25:47+00:00,413,3,10,True,True,True,1789532742
2026-09-16T04:25:47+00:00,486,4,19,True,True,True,1789532742
2026-09-16T04:25:47+00:00,597,8,2,True,True,True,1789532742
2026-09-16T04:25:47+00:00,422,2,10,True,True,True,1789532742
2026-09-16T04:25:47+00:00,382,5,4,True,True,True,1789532742
2026-09-16T04:25:47+00:00,396,0,21,True,True,True,1789532742
2026-09-16T04:25:47+00:00,735,12,0,True,True,True,1789532742
2026-09-16T04:25:47+00:00,437,0,24,True,True,True,1789532742
2026-09-16T04:25:47+00:00,446,6,15,True,True,True,1789532742
2026-09-16T04:25:47+00:00,424,0,9,True,True,True,1789532742
2026-09-16T04:25:47+00:00,455,6,6,True,True,True,1789532742
2026-09-16T04:25:47+00:00,457,1,8,True,True,True,1789532742
2026-09-16T04:25:47+00:00,377,12,14,True,True,True,1789532742
2026-09-16T04:25:47+00:00,738,7,5,True,True,True,1789532742
2026-09-16T04:25:47+00:00,460,16,12,True,True,True,1789532742
2026-09-16T04:25:47+00:00,744,6,0,True,True,True,1789532742
2026-09-16T04:25:47+00:00,485,4,10,True,True,True,1789532742
2026-09-16T04:40:47+00:00,6026,8,25,True,True,True,1789533638
2026-09-16T04:40:47+00:00,5431,12,8,True,True,True,1789533638
2026-09-16T04:40:47+00:00,5424,0,18,True,True,True,1789533638
2026-09-16T04:40:47+00:00,5220,0,20,True,True,True,1789533638
2026-09-16T04:40:47+00:00,5217,18,12,True,True,True,1789533638
2026-09-16T04:40:47+00:00,5113,2,12,True,True,True,1789533638
2026-09-16T04:40:47+00:00,4683,2,17,True,True,True,1789533638
2026-09-16T04:40:47+00:00,4552,10,7,True,True,True,1789533638
2026-09-16T04:40:47+00:00,3725,5,13,True,True,True,1789533638
2026-09-16T04:40:47+00:00,2358,8,5,True,True,True,1789533638
2026-09-16T04:40:47+00:00,2357,5,18,True,True,True,1789533638
2026-09-16T04:40:47+00:00,2355,11,1,True,True,True,1789533638
2026-09-16T04:40:47+00:00,2351,0,16,True,True,True,1789533638
2026-09-16T04:40:47+00:00,2350,5,18,True,True,True,1789533638
2026-09-16T04:40:47+00:00,2349,6,15,True,True,True,1789533638
2026-09-16T04:40:47+00:00,2347,17,13,True,True,True,1789533638
2026-09-16T04:40:47+00:00,2340,0,21,True,True,True,1789533638
2026-09-16T04:40:47+00:00,2339,7,21,True,True,True,1789533638
2026-09-16T04:40:47+00:00,2337,12,3,True,True,True,1789533638
2026-09-16T04:40:47+00:00,2334,0,11,True,True,True,1789533638
2026-09-16T04:40:47+00:00,2333,14,0,True,True,True,1789533638
2026-09-16T04:40:47+00:00,2332,1,11,True,True,True,1789533638
2026-09-16T04:40:47+00:00,2330,12,1,True,True,True,1789533638
2026-09-16T04:40:47+00:00,2329,13,2,True,True,True,1789533638
2026-09-16T04:40:47+00:00,2328,12,7,True,True,True,1789533638
2026-09-16T04:40:47+00:00,2315,11,6,True,True,True,1789533638
2026-09-16T04:40:47+00:00,2308,0,7,True,True,True,1789533638
2026-09-16T04:40:47+00:00,2307,1,29,True,True,True,1789533638
2026-09-16T04:40:47+00:00,2306,17,1,True,True,True,1789533638
2026-09-16T04:40:47+00:00,2305,2,12,True,True,True,1789533638
2026-09-16T04:40:47+00:00,2304,11,7,True,True,True,1789533638
2026-09-16T04:40:47+00:00,2280,10,1,True,True,True,1789533638
2026-09-16T04:40:47+00:00,2270,12,8,True,True,True,1789533638
2026-09-16T04:40:47+00:00,1919,4,2,True,True,True,1789533638
2026-09-16T04:40:47+00:00,1755,11,20,True,True,True,1789533638
2026-09-16T04:40:47+00:00,1101,9,13,True,True,True,1789533638
2026-09-16T04:40:47+00:00,1023,13,2,True,True,True,1789533638
2026-09-16T04:40:47+00:00,1009,2,7,True,True,True,1789533638
2026-09-16T04:40:47+00:00,970,20,4,True,True,True,1789533638
2026-09-16T04:40:47+00:00,787,7,5,True,True,True,1789533638
2026-09-16T04:40:47+00:00,627,10,20,True,True,True,1789533638
2026-09-16T04:40:47+00:00,623,6,13,True,True,True,1789533638
2026-09-16T04:40:47+00:00,624,11,8,True,True,True,1789533638
2026-09-16T04:40:47+00:00,626,6,16,True,True,True,1789533638
2026-09-16T04:40:47+00:00,614,0,23,True,True,True,1789533638
2026-09-16T04:40:47+00:00,616,13,2,True,True,True,1789533638
2026-09-16T04:40:47+00:00,618,0,39,True,True,True,1789533638
2026-09-16T04:40:47+00:00,621,2,23,True,True,True,1789533638
2026-09-16T04:40:47+00:00,622,2,23,True,True,True,1789533638
2026-09-16T04:40:47+00:00,613,9,9,True,True,True,1789533638
2026-09-16T04:40:47+00:00,620,5,35,True,True,True,1789533638
2026-09-16T04:40:47+00:00,596,9,8,True,True,True,1789533638
2026-09-16T04:40:47+00:00,617,7,10,True,True,True,1789533638
2026-09-16T04:40:47+00:00,609,21,6,True,True,True,1789533638
2026-09-16T04:40:47+00:00,607,14,11,True,True,True,1789533638
2026-09-16T04:40:47+00:00,603,0,17,True,True,True,1789533638
2026-09-16T04:40:47+00:00,590,18,19,True,True,True,1789533638
2026-09-16T04:40:47+00:00,610,4,16,True,True,True,1789533638
2026-09-16T04:40:47+00:00,608,2,18,True,True,True,1789533638
2026-09-16T04:40:47+00:00,593,0,30,True,True,True,1789533638
2026-09-16T04:40:47+00:00,530,4,4,True,True,True,1789533638
2026-09-16T04:40:47+00:00,463,4,15,True,True,True,1789533638
2026-09-16T04:40:47+00:00,475,16,8,True,True,True,1789533638
2026-09-16T04:40:47+00:00,439,6,19,True,True,True,1789533638
2026-09-16T04:40:47+00:00,600,10,0,True,True,True,1789533638
2026-09-16T04:40:47+00:00,440,8,8,True,True,True,1789533638
2026-09-16T04:40:47+00:00,612,1,16,True,True,True,1789533638
2026-09-16T04:40:47+00:00,491,16,2,True,True,True,1789533638
2026-09-16T04:40:47+00:00,493,11,13,True,True,True,1789533638
2026-09-16T04:40:47+00:00,410,22,4,True,True,True,1789533638
2026-09-16T04:40:47+00:00,605,12,5,True,True,True,1789533638
2026-09-16T04:40:47+00:00,388,5,13,True,True,True,1789533638
2026-09-16T04:40:47+00:00,591,8,16,True,True,True,1789533638
2026-09-16T04:40:47+00:00,592,1,16,True,True,True,1789533638
2026-09-16T04:40:47+00:00,585,13,3,True,True,True,1789533638
2026-09-16T04:40:47+00:00,565,3,14,True,True,True,1789533638
2026-09-16T04:40:47+00:00,571,12,8,True,True,True,1789533638
2026-09-16T04:40:47+00:00,568,1,13,True,True,True,1789533638
2026-09-16T04:40:47+00:00,588,1,17,True,True,True,1789533638
2026-09-16T04:40:47+00:00,584,8,26,True,True,True,1789533638
2026-09-16T04:40:47+00:00,569,10,19,True,True,True,1789533638
2026-09-16T04:40:47+00:00,577,24,6,True,True,True,1789533638
2026-09-16T04:40:47+00:00,564,3,26,True,True,True,1789533638
2026-09-16T04:40:47+00:00,570,2,12,True,True,True,1789533638
2026-09-16T04:40:47+00:00,572,15,23,True,True,True,1789533638
2026-09-16T04:40:47+00:00,586,24,0,True,True,True,1789533638
2026-09-16T04:40:47+00:00,576,3,15,True,True,True,1789533638
2026-09-16T04:40:47+00:00,566,10,14,True,True,True,1789533638
2026-09-16T04:40:47+00:00,602,1,16,True,True,True,1789533638
2026-09-16T04:40:47+00:00,575,0,28,True,True,True,1789533638
2026-09-16T04:40:47+00:00,567,4,32,True,True,True,1789533638
2026-09-16T04:40:47+00:00,582,10,16,True,True,True,1789533638
2026-09-16T04:40:47+00:00,595,18,4,True,True,True,1789533638
2026-09-16T04:40:47+00:00,542,7,11,True,True,True,1789533638
2026-09-16T04:40:47+00:00,563,16,1,True,True,True,1789533638
2026-09-16T04:40:47+00:00,558,3,11,True,True,True,1789533638
2026-09-16T04:40:47+00:00,552,15,3,True,True,True,1789533638
2026-09-16T04:40:47+00:00,555,3,10,True,True,True,1789533638
2026-09-16T04:40:47+00:00,573,6,18,True,True,True,1789533638
2026-09-16T04:40:47+00:00,561,0,20,True,True,True,1789533638
2026-09-16T04:40:47+00:00,615,16,5,True,True,True,1789533638
2026-09-16T04:40:47+00:00,543,0,18,True,True,True,1789533638
2026-09-16T04:40:47+00:00,554,1,19,True,True,True,1789533638
2026-09-16T04:40:47+00:00,574,0,12,True,True,True,1789533638
2026-09-16T04:40:47+00:00,560,2,6,True,True,True,1789533638
2026-09-16T04:40:47+00:00,548,5,11,True,True,True,1789533638
2026-09-16T04:40:47+00:00,559,8,8,True,True,True,1789533638
2026-09-16T04:40:47+00:00,545,5,33,True,True,True,1789533638
2026-09-16T04:40:47+00:00,550,1,8,True,True,True,1789533638
2026-09-16T04:40:47+00:00,541,7,2,True,True,True,1789533638
2026-09-16T04:40:47+00:00,527,5,6,True,True,True,1789533638
2026-09-16T04:40:47+00:00,529,1,18,True,True,True,1789533638
2026-09-16T04:40:47+00:00,526,6,9,True,True,True,1789533638
2026-09-16T04:40:47+00:00,537,12,5,True,True,True,1789533638
2026-09-16T04:40:47+00:00,547,27,3,True,True,True,1789533638
2026-09-16T04:40:47+00:00,601,1,17,True,True,True,1789533638
2026-09-16T04:40:47+00:00,533,6,6,True,True,True,1789533638
2026-09-16T04:40:47+00:00,535,1,24,True,True,True,1789533638
2026-09-16T04:40:47+00:00,524,0,20,True,True,True,1789533638
2026-09-16T04:40:47+00:00,519,18,4,True,True,True,1789533638
2026-09-16T04:40:47+00:00,534,1,37,True,True,True,1789533638
2026-09-16T04:40:47+00:00,521,10,3,True,True,True,1789533638
2026-09-16T04:40:47+00:00,518,1,16,True,True,True,1789533638
2026-09-16T04:40:47+00:00,556,1,17,True,True,True,1789533638
2026-09-16T04:40:47+00:00,525,0,14,True,True,True,1789533638
2026-09-16T04:40:47+00:00,517,0,14,True,True,True,1789533638
2026-09-16T04:40:47+00:00,523,16,14,True,True,True,1789533638
2026-09-16T04:40:47+00:00,522,7,0,True,True,True,1789533638
2026-09-16T04:40:47+00:00,594,11,8,True,True,True,1789533638
2026-09-16T04:40:47+00:00,532,0,19,True,True,True,1789533638
2026-09-16T04:40:47+00:00,509,3,9,True,True,True,1789533638
2026-09-16T04:40:47+00:00,531,1,14,True,True,True,1789533638
2026-09-16T04:40:47+00:00,536,1,6,True,True,True,1789533638
2026-09-16T04:40:47+00:00,562,3,34,True,True,True,1789533638
2026-09-16T04:40:47+00:00,511,17,3,True,True,True,1789533638
2026-09-16T04:40:47+00:00,505,1,16,True,True,True,1789533638
2026-09-16T04:40:47+00:00,501,0,17,True,True,True,1789533638
2026-09-16T04:40:47+00:00,514,1,11,True,True,True,1789533638
2026-09-16T04:40:47+00:00,500,5,12,True,True,True,1789533638
2026-09-16T04:40:47+00:00,503,23,6,True,True,True,1789533638
2026-09-16T04:40:47+00:00,513,0,13,True,True,True,1789533638
2026-09-16T04:40:47+00:00,498,3,8,True,True,True,1789533638
2026-09-16T04:40:47+00:00,507,11,8,True,True,True,1789533638
2026-09-16T04:40:47+00:00,512,12,12,True,True,True,1789533638
2026-09-16T04:40:47+00:00,619,1,40,True,True,True,1789533638
2026-09-16T04:40:47+00:00,474,11,30,True,True,True,1789533638
2026-09-16T04:40:47+00:00,580,25,16,True,True,True,1789533638
2026-09-16T04:40:47+00:00,496,0,41,True,True,True,1789533638
2026-09-16T04:40:47+00:00,482,2,16,True,True,True,1789533638
2026-09-16T04:40:47+00:00,407,11,0,True,True,True,1789533638
2026-09-16T04:40:47+00:00,409,6,15,True,True,True,1789533638
2026-09-16T04:40:47+00:00,451,2,17,True,True,True,1789533638
2026-09-16T04:40:47+00:00,402,2,15,True,True,True,1789533638
2026-09-16T04:40:47+00:00,516,2,12,True,True,True,1789533638
2026-09-16T04:40:47+00:00,625,4,38,True,True,True,1789533638
2026-09-16T04:40:47+00:00,429,8,12,True,True,True,1789533638
2026-09-16T04:40:47+00:00,380,10,10,True,True,True,1789533638
2026-09-16T04:40:47+00:00,583,8,9,True,True,True,1789533638
2026-09-16T04:40:47+00:00,398,3,11,True,True,True,1789533638
2026-09-16T04:40:47+00:00,381,14,0,True,True,True,1789533638
2026-09-16T04:40:47+00:00,464,11,32,True,True,True,1789533638
2026-09-16T04:40:47+00:00,442,14,0,True,True,True,1789533638
2026-09-16T04:40:47+00:00,483,11,10,True,True,True,1789533638
2026-09-16T04:40:47+00:00,458,0,14,True,True,True,1789533638
2026-09-16T04:40:47+00:00,499,5,10,True,True,True,1789533638
2026-09-16T04:40:47+00:00,472,5,17,True,True,True,1789533638
2026-09-16T04:40:47+00:00,506,3,23,True,True,True,1789533638
2026-09-16T04:40:47+00:00,465,0,10,True,True,True,1789533638
2026-09-16T04:40:47+00:00,611,12,27,True,True,True,1789533638
2026-09-16T04:40:47+00:00,404,5,19,True,True,True,1789533638
2026-09-16T04:40:47+00:00,579,8,7,True,True,True,1789533638
2026-09-16T04:40:47+00:00,589,7,16,True,True,True,1789533638
2026-09-16T04:40:47+00:00,434,0,15,True,True,True,1789533638
2026-09-16T04:40:47+00:00,462,1,12,True,True,True,1789533638
2026-09-16T04:40:47+00:00,578,4,20,True,True,True,1789533638
2026-09-16T04:40:47+00:00,415,0,11,True,True,True,1789533638
2026-09-16T04:40:47+00:00,423,13,6,True,True,True,1789533638
2026-09-16T04:40:47+00:00,412,7,1,True,True,True,1789533638
2026-09-16T04:40:47+00:00,387,11,4,True,True,True,1789533638
2026-09-16T04:40:47+00:00,441,2,12,True,True,True,1789533638
2026-09-16T04:40:47+00:00,454,3,16,True,True,True,1789533638
2026-09-16T04:40:47+00:00,436,1,10,True,True,True,1789533638
2026-09-16T04:40:47+00:00,394,1,17,True,True,True,1789533638
2026-09-16T04:40:47+00:00,497,18,9,True,True,True,1789533638
2026-09-16T04:40:47+00:00,581,15,5,True,True,True,1789533638
2026-09-16T04:40:47+00:00,461,0,20,True,True,True,1789533638
2026-09-16T04:40:47+00:00,599,19,29,True,True,True,1789533638
2026-09-16T04:40:47+00:00,428,8,15,True,True,True,1789533638
2026-09-16T04:40:47+00:00,400,3,21,True,True,True,1789533638
2026-09-16T04:40:47+00:00,487,0,19,True,True,True,1789533638
2026-09-16T04:40:47+00:00,438,19,20,True,True,True,1789533638
2026-09-16T04:40:47+00:00,459,0,8,True,True,True,1789533638
2026-09-16T04:40:47+00:00,433,6,12,True,True,True,1789533638
2026-09-16T04:40:47+00:00,399,17,11,True,True,True,1789533638
2026-09-16T04:40:47+00:00,489,0,28,True,True,True,1789533638
2026-09-16T04:40:47+00:00,742,22,6,True,True,True,1789533638
2026-09-16T04:40:47+00:00,551,28,4,True,True,True,1789533638
2026-09-16T04:40:47+00:00,406,3,4,True,True,True,1789533638
2026-09-16T04:40:47+00:00,488,10,12,True,True,True,1789533638
2026-09-16T04:40:47+00:00,540,0,35,True,True,True,1789533638
2026-09-16T04:40:47+00:00,431,5,10,True,True,True,1789533638
2026-09-16T04:40:47+00:00,393,3,16,True,True,True,1789533638
2026-09-16T04:40:47+00:00,420,1,18,True,True,True,1789533638
2026-09-16T04:40:47+00:00,397,16,15,True,True,True,1789533638
2026-09-16T04:40:47+00:00,390,18,12,True,True,True,1789533638
2026-09-16T04:40:47+00:00,449,9,15,True,True,True,1789533638
2026-09-16T04:40:47+00:00,430,7,35,True,True,True,1789533638
2026-09-16T04:40:47+00:00,484,10,22,True,True,True,1789533638
2026-09-16T04:40:47+00:00,479,9,20,True,True,True,1789533638
2026-09-16T04:40:47+00:00,403,3,11,True,True,True,1789533638
2026-09-16T04:40:47+00:00,435,2,26,True,True,True,1789533638
2026-09-16T04:40:47+00:00,426,8,12,True,True,True,1789533638
2026-09-16T04:40:47+00:00,450,0,14,True,True,True,1789533638
2026-09-16T04:40:47+00:00,456,9,23,True,True,True,1789533638
2026-09-16T04:40:47+00:00,468,12,1,True,True,True,1789533638
2026-09-16T04:40:47+00:00,453,3,27,True,True,True,1789533638
2026-09-16T04:40:47+00:00,466,1,13,True,True,True,1789533638
2026-09-16T04:40:47+00:00,469,1,27,True,True,True,1789533638
2026-09-16T04:40:47+00:00,416,2,13,True,True,True,1789533638
2026-09-16T04:40:47+00:00,391,2,11,True,True,True,1789533638
2026-09-16T04:40:47+00:00,389,2,14,True,True,True,1789533638
2026-09-16T04:40:47+00:00,470,4,10,True,True,True,1789533638
2026-09-16T04:40:47+00:00,384,9,7,True,True,True,1789533638
2026-09-16T04:40:47+00:00,425,3,5,True,True,True,1789533638
2026-09-16T04:40:47+00:00,411,1,10,True,True,True,1789533638
2026-09-16T04:40:47+00:00,598,6,25,True,True,True,1789533638
2026-09-16T04:40:47+00:00,444,15,2,True,True,True,1789533638
2026-09-16T04:40:47+00:00,447,6,24,True,True,True,1789533638
2026-09-16T04:40:47+00:00,408,5,8,True,True,True,1789533638
2026-09-16T04:40:47+00:00,737,22,1,True,True,True,1789533638
2026-09-16T04:40:47+00:00,432,6,5,True,True,True,1789533638
2026-09-16T04:40:47+00:00,401,4,2,True,True,True,1789533638
2026-09-16T04:40:47+00:00,452,0,30,True,True,True,1789533638
2026-09-16T04:40:47+00:00,392,2,6,True,True,True,1789533638
2026-09-16T04:40:47+00:00,481,8,34,True,True,True,1789533638
2026-09-16T04:40:47+00:00,495,18,22,True,True,True,1789533638
2026-09-16T04:40:47+00:00,478,9,2,True,True,True,1789533638
2026-09-16T04:40:47+00:00,414,7,3,True,True,True,1789533638
2026-09-16T04:40:47+00:00,476,6,11,True,True,True,1789533638
2026-09-16T04:40:47+00:00,445,11,6,True,True,True,1789533638
2026-09-16T04:40:47+00:00,748,2,27,True,True,True,1789533638
2026-09-16T04:40:47+00:00,473,1,6,True,True,True,1789533638
2026-09-16T04:40:47+00:00,383,19,9,True,True,True,1789533638
2026-09-16T04:40:47+00:00,480,6,18,True,True,True,1789533638
2026-09-16T04:40:47+00:00,421,13,7,True,True,True,1789533638
2026-09-16T04:40:47+00:00,746,4,5,True,True,True,1789533638
2026-09-16T04:40:47+00:00,417,1,10,True,True,True,1789533638
2026-09-16T04:40:47+00:00,427,2,10,True,True,True,1789533638
2026-09-16T04:40:47+00:00,395,0,13,True,True,True,1789533638
2026-09-16T04:40:47+00:00,418,2,25,True,True,True,1789533638
2026-09-16T04:40:47+00:00,413,3,10,True,True,True,1789533638
2026-09-16T04:40:47+00:00,486,4,19,True,True,True,1789533638
2026-09-16T04:40:47+00:00,597,7,3,True,True,True,1789533638
2026-09-16T04:40:47+00:00,422,2,10,True,True,True,1789533638
2026-09-16T04:40:47+00:00,382,4,5,True,True,True,1789533638
2026-09-16T04:40:47+00:00,396,2,19,True,True,True,1789533638
2026-09-16T04:40:47+00:00,735,12,0,True,True,True,1789533638
2026-09-16T04:40:47+00:00,437,0,24,True,True,True,1789533638
2026-09-16T04:40:47+00:00,446,5,16,True,True,True,1789533638
2026-09-16T04:40:47+00:00,424,0,9,True,True,True,1789533638
2026-09-16T04:40:47+00:00,455,5,7,True,True,True,1789533638
2026-09-16T04:40:47+00:00,457,0,9,True,True,True,1789533638
2026-09-16T04:40:47+00:00,377,11,15,True,True,True,1789533638
2026-09-16T04:40:47+00:00,738,7,5,True,True,True,1789533638
2026-09-16T04:40:47+00:00,460,16,12,True,True,True,1789533638
2026-09-16T04:40:47+00:00,744,6,0,True,True,True,1789533638
2026-09-16T04:40:47+00:00,485,4,10,True,True,True,1789533638
2026-09-16T04:55:47+00:00,6026,7,26,True,True,True,1789534545
2026-09-16T04:55:47+00:00,5431,12,8,True,True,True,1789534545
2026-09-16T04:55:47+00:00,5424,0,18,True,True,True,1789534545
2026-09-16T04:55:47+00:00,5220,0,20,True,True,True,1789534545
2026-09-16T04:55:47+00:00,5217,18,12,True,True,True,1789534545
2026-09-16T04:55:47+00:00,5113,2,12,True,True,True,1789534545
2026-09-16T04:55:47+00:00,4683,2,17,True,True,True,1789534545
2026-09-16T04:55:47+00:00,4552,10,7,True,True,True,1789534545
2026-09-16T04:55:47+00:00,3725,5,13,True,True,True,1789534545
2026-09-16T04:55:47+00:00,2358,7,6,True,True,True,1789534545
2026-09-16T04:55:47+00:00,2357,5,18,True,True,True,1789534545
2026-09-16T04:55:47+00:00,2355,11,1,True,True,True,1789534545
2026-09-16T04:55:47+00:00,2351,0,16,True,True,True,1789534545
2026-09-16T04:55:47+00:00,2350,5,18,True,True,True,1789534545
2026-09-16T04:55:47+00:00,2349,6,15,True,True,True,1789534545
2026-09-16T04:55:47+00:00,2347,17,13,True,True,True,1789534545
2026-09-16T04:55:47+00:00,2340,0,21,True,True,True,1789534545
2026-09-16T04:55:47+00:00,2339,6,22,True,True,True,1789534545
2026-09-16T04:55:47+00:00,2337,12,3,True,True,True,1789534545
2026-09-16T04:55:47+00:00,2334,0,11,True,True,True,1789534545
2026-09-16T04:55:47+00:00,2333,14,0,True,True,True,1789534545
2026-09-16T04:55:47+00:00,2332,1,11,True,True,True,1789534545
2026-09-16T04:55:47+00:00,2330,12,1,True,True,True,1789534545
2026-09-16T04:55:47+00:00,2329,13,2,True,True,True,1789534545
2026-09-16T04:55:47+00:00,2328,14,5,True,True,True,1789534545
2026-09-16T04:55:47+00:00,2315,12,5,True,True,True,1789534545
2026-09-16T04:55:47+00:00,2308,0,7,True,True,True,1789534545
2026-09-16T04:55:47+00:00,2307,1,29,True,True,True,1789534545
2026-09-16T04:55:47+00:00,2306,17,1,True,True,True,1789534545
2026-09-16T04:55:47+00:00,2305,1,13,True,True,True,1789534545
2026-09-16T04:55:47+00:00,2304,11,7,True,True,True,1789534545
2026-09-16T04:55:47+00:00,2280,10,1,True,True,True,1789534545
2026-09-16T04:55:47+00:00,2270,12,8,True,True,True,1789534545
2026-09-16T04:55:47+00:00,1919,4,2,True,True,True,1789534545
2026-09-16T04:55:47+00:00,1755,12,19,True,True,True,1789534545
2026-09-16T04:55:47+00:00,1101,9,13,True,True,True,1789534545
2026-09-16T04:55:47+00:00,1023,13,2,True,True,True,1789534545
2026-09-16T04:55:47+00:00,1009,1,8,True,True,True,1789534545
2026-09-16T04:55:47+00:00,970,20,4,True,True,True,1789534545
2026-09-16T04:55:47+00:00,787,7,5,True,True,True,1789534545
2026-09-16T04:55:47+00:00,627,11,19,True,True,True,1789534545
2026-09-16T04:55:47+00:00,623,6,12,True,True,True,1789534545
2026-09-16T04:55:47+00:00,624,10,9,True,True,True,1789534545
2026-09-16T04:55:47+00:00,626,6,16,True,True,True,1789534545
2026-09-16T04:55:47+00:00,614,0,23,True,True,True,1789534545
2026-09-16T04:55:47+00:00,616,13,2,True,True,True,1789534545
2026-09-16T04:55:47+00:00,618,0,39,True,True,True,1789534545
2026-09-16T04:55:47+00:00,621,2,23,True,True,True,1789534545
2026-09-16T04:55:47+00:00,622,1,24,True,True,True,1789534545
2026-09-16T04:55:47+00:00,613,9,9,True,True,True,1789534545
2026-09-16T04:55:47+00:00,620,4,36,True,True,True,1789534545
2026-09-16T04:55:47+00:00,596,9,8,True,True,True,1789534545
2026-09-16T04:55:47+00:00,617,6,11,True,True,True,1789534545
2026-09-16T04:55:47+00:00,609,21,6,True,True,True,1789534545
2026-09-16T04:55:47+00:00,607,12,13,True,True,True,1789534545
2026-09-16T04:55:47+00:00,603,0,17,True,True,True,1789534545
2026-09-16T04:55:47+00:00,590,16,21,True,True,True,1789534545
2026-09-16T04:55:47+00:00,610,4,16,True,True,True,1789534545
2026-09-16T04:55:47+00:00,608,2,18,True,True,True,1789534545
2026-09-16T04:55:47+00:00,593,0,30,True,True,True,1789534545
2026-09-16T04:55:47+00:00,530,4,4,True,True,True,1789534545
2026-09-16T04:55:47+00:00,463,4,15,True,True,True,1789534545
2026-09-16T04:55:47+00:00,475,16,8,True,True,True,1789534545
2026-09-16T04:55:47+00:00,439,6,19,True,True,True,1789534545
2026-09-16T04:55:47+00:00,600,10,0,True,True,True,1789534545
2026-09-16T04:55:47+00:00,440,7,9,True,True,True,1789534545
2026-09-16T04:55:47+00:00,612,1,16,True,True,True,1789534545
2026-09-16T04:55:47+00:00,491,16,2,True,True,True,1789534545
2026-09-16T04:55:47+00:00,493,11,13,True,True,True,1789534545
2026-09-16T04:55:47+00:00,410,22,4,True,True,True,1789534545
2026-09-16T04:55:47+00:00,605,11,6,True,True,True,1789534545
2026-09-16T04:55:47+00:00,388,5,13,True,True,True,1789534545
2026-09-16T04:55:47+00:00,591,15,9,True,True,True,1789534545
2026-09-16T04:55:47+00:00,592,1,16,True,True,True,1789534545
2026-09-16T04:55:47+00:00,585,13,3,True,True,True,1789534545
2026-09-16T04:55:47+00:00,565,3,14,True,True,True,1789534545
2026-09-16T04:55:47+00:00,571,12,8,True,True,True,1789534545
2026-09-16T04:55:47+00:00,568,1,13,True,True,True,1789534545
2026-09-16T04:55:47+00:00,588,1,17,True,True,True,1789534545
2026-09-16T04:55:47+00:00,584,8,26,True,True,True,1789534545
2026-09-16T04:55:47+00:00,569,9,20,True,True,True,1789534545
2026-09-16T04:55:47+00:00,577,23,6,True,True,True,1789534545
2026-09-16T04:55:47+00:00,564,3,26,True,True,True,1789534545
2026-09-16T04:55:47+00:00,570,2,12,True,True,True,1789534545
2026-09-16T04:55:47+00:00,572,15,23,True,True,True,1789534545
2026-09-16T04:55:47+00:00,586,24,0,True,True,True,1789534545
2026-09-16T04:55:47+00:00,576,3,15,True,True,True,1789534545
2026-09-16T04:55:47+00:00,566,10,14,True,True,True,1789534545
2026-09-16T04:55:47+00:00,602,1,16,True,True,True,1789534545
2026-09-16T04:55:47+00:00,575,0,28,True,True,True,1789534545
2026-09-16T04:55:47+00:00,567,4,32,True,True,True,1789534545
2026-09-16T04:55:47+00:00,582,10,16,True,True,True,1789534545
2026-09-16T04:55:47+00:00,595,18,4,True,True,True,1789534545
2026-09-16T04:55:47+00:00,542,6,12,True,True,True,1789534545
2026-09-16T04:55:47+00:00,563,16,1,True,True,True,1789534545
2026-09-16T04:55:47+00:00,558,4,10,True,True,True,1789534545
2026-09-16T04:55:47+00:00,552,15,3,True,True,True,1789534545
2026-09-16T04:55:47+00:00,555,3,11,True,True,True,1789534545
2026-09-16T04:55:47+00:00,573,6,18,True,True,True,1789534545
2026-09-16T04:55:47+00:00,561,0,20,True,True,True,1789534545
2026-09-16T04:55:47+00:00,615,16,5,True,True,True,1789534545
2026-09-16T04:55:47+00:00,543,0,18,True,True,True,1789534545
2026-09-16T04:55:47+00:00,554,1,19,True,True,True,1789534545
2026-09-16T04:55:47+00:00,574,2,10,True,True,True,1789534545
2026-09-16T04:55:47+00:00,560,2,6,True,True,True,1789534545
2026-09-16T04:55:47+00:00,548,5,11,True,True,True,1789534545
2026-09-16T04:55:47+00:00,559,8,8,True,True,True,1789534545
2026-09-16T04:55:47+00:00,545,5,33,True,True,True,1789534545
2026-09-16T04:55:47+00:00,550,1,8,True,True,True,1789534545
2026-09-16T04:55:47+00:00,541,7,2,True,True,True,1789534545
2026-09-16T04:55:47+00:00,527,5,6,True,True,True,1789534545
2026-09-16T04:55:47+00:00,529,1,18,True,True,True,1789534545
2026-09-16T04:55:47+00:00,526,8,7,True,True,True,1789534545
2026-09-16T04:55:47+00:00,537,11,6,True,True,True,1789534545
2026-09-16T04:55:47+00:00,547,29,1,True,True,True,1789534545
2026-09-16T04:55:47+00:00,601,1,17,True,True,True,1789534545
2026-09-16T04:55:47+00:00,533,6,6,True,True,True,1789534545
2026-09-16T04:55:47+00:00,535,0,25,True,True,True,1789534545
2026-09-16T04:55:47+00:00,524,0,20,True,True,True,1789534545
2026-09-16T04:55:47+00:00,519,18,4,True,True,True,1789534545
2026-09-16T04:55:47+00:00,534,1,37,True,True,True,1789534545
2026-09-16T04:55:47+00:00,521,8,4,True,True,True,1789534545
2026-09-16T04:55:47+00:00,518,1,16,True,True,True,1789534545
2026-09-16T04:55:47+00:00,556,1,17,True,True,True,1789534545
2026-09-16T04:55:47+00:00,525,0,14,True,True,True,1789534545
2026-09-16T04:55:47+00:00,517,0,14,True,True,True,1789534545
2026-09-16T04:55:47+00:00,523,18,12,True,True,True,1789534545
2026-09-16T04:55:47+00:00,522,3,5,True,True,True,1789534545
2026-09-16T04:55:47+00:00,594,10,9,True,True,True,1789534545
2026-09-16T04:55:47+00:00,532,0,19,True,True,True,1789534545
2026-09-16T04:55:47+00:00,509,3,9,True,True,True,1789534545
2026-09-16T04:55:47+00:00,531,1,14,True,True,True,1789534545
2026-09-16T04:55:47+00:00,536,2,5,True,True,True,1789534545
2026-09-16T04:55:47+00:00,562,4,33,True,True,True,1789534545
2026-09-16T04:55:47+00:00,511,19,1,True,True,True,1789534545
2026-09-16T04:55:47+00:00,505,1,16,True,True,True,1789534545
2026-09-16T04:55:47+00:00,501,0,17,True,True,True,1789534545
2026-09-16T04:55:47+00:00,514,1,11,True,True,True,1789534545
2026-09-16T04:55:47+00:00,500,5,12,True,True,True,1789534545
2026-09-16T04:55:47+00:00,503,23,6,True,True,True,1789534545
2026-09-16T04:55:47+00:00,513,0,13,True,True,True,1789534545
2026-09-16T04:55:47+00:00,498,3,8,True,True,True,1789534545
2026-09-16T04:55:47+00:00,507,9,10,True,True,True,1789534545
2026-09-16T04:55:47+00:00,512,10,14,True,True,True,1789534545
2026-09-16T04:55:47+00:00,619,1,40,True,True,True,1789534545
2026-09-16T04:55:47+00:00,474,11,30,True,True,True,1789534545
2026-09-16T04:55:47+00:00,580,25,16,True,True,True,1789534545
2026-09-16T04:55:47+00:00,496,0,41,True,True,True,1789534545
2026-09-16T04:55:47+00:00,482,2,16,True,True,True,1789534545
2026-09-16T04:55:47+00:00,407,11,0,True,True,True,1789534545
2026-09-16T04:55:47+00:00,409,6,15,True,True,True,1789534545
2026-09-16T04:55:47+00:00,451,2,17,True,True,True,1789534545
2026-09-16T04:55:47+00:00,402,2,15,True,True,True,1789534545
2026-09-16T04:55:47+00:00,516,2,12,True,True,True,1789534545
2026-09-16T04:55:47+00:00,625,4,38,True,True,True,1789534545
2026-09-16T04:55:47+00:00,429,9,11,True,True,True,1789534545
2026-09-16T04:55:47+00:00,380,8,12,True,True,True,1789534545
2026-09-16T04:55:47+00:00,583,9,9,True,True,True,1789534545
2026-09-16T04:55:47+00:00,398,3,11,True,True,True,1789534545
2026-09-16T04:55:47+00:00,381,6,9,True,True,True,1789534545
2026-09-16T04:55:47+00:00,464,11,32,True,True,True,1789534545
2026-09-16T04:55:47+00:00,442,14,0,True,True,True,1789534545
2026-09-16T04:55:47+00:00,483,11,10,True,True,True,1789534545
2026-09-16T04:55:47+00:00,458,0,14,True,True,True,1789534545
2026-09-16T04:55:47+00:00,499,4,11,True,True,True,1789534545
2026-09-16T04:55:47+00:00,472,5,17,True,True,True,1789534545
2026-09-16T04:55:47+00:00,506,3,23,True,True,True,1789534545
2026-09-16T04:55:47+00:00,465,0,10,True,True,True,1789534545
2026-09-16T04:55:47+00:00,611,12,27,True,True,True,1789534545
2026-09-16T04:55:47+00:00,404,5,19,True,True,True,1789534545
2026-09-16T04:55:47+00:00,579,6,8,True,True,True,1789534545
2026-09-16T04:55:47+00:00,589,7,16,True,True,True,1789534545
2026-09-16T04:55:47+00:00,434,0,15,True,True,True,1789534545
2026-09-16T04:55:47+00:00,462,1,12,True,True,True,1789534545
2026-09-16T04:55:47+00:00,578,4,20,True,True,True,1789534545
2026-09-16T04:55:47+00:00,415,0,11,True,True,True,1789534545
2026-09-16T04:55:47+00:00,423,12,7,True,True,True,1789534545
2026-09-16T04:55:47+00:00,412,7,1,True,True,True,1789534545
2026-09-16T04:55:47+00:00,387,11,4,True,True,True,1789534545
2026-09-16T04:55:47+00:00,441,2,12,True,True,True,1789534545
2026-09-16T04:55:47+00:00,454,3,16,True,True,True,1789534545
2026-09-16T04:55:47+00:00,436,0,11,True,True,True,1789534545
2026-09-16T04:55:47+00:00,394,1,17,True,True,True,1789534545
2026-09-16T04:55:47+00:00,497,18,9,True,True,True,1789534545
2026-09-16T04:55:47+00:00,581,15,5,True,True,True,1789534545
2026-09-16T04:55:47+00:00,461,0,20,True,True,True,1789534545
2026-09-16T04:55:47+00:00,599,19,29,True,True,True,1789534545
2026-09-16T04:55:47+00:00,428,8,15,True,True,True,1789534545
2026-09-16T04:55:47+00:00,400,3,21,True,True,True,1789534545
2026-09-16T04:55:47+00:00,487,0,19,True,True,True,1789534545
2026-09-16T04:55:47+00:00,438,19,20,True,True,True,1789534545
2026-09-16T04:55:47+00:00,459,0,8,True,True,True,1789534545
2026-09-16T04:55:47+00:00,433,5,13,True,True,True,1789534545
2026-09-16T04:55:47+00:00,399,17,11,True,True,True,1789534545
2026-09-16T04:55:47+00:00,489,0,28,True,True,True,1789534545
2026-09-16T04:55:47+00:00,742,22,6,True,True,True,1789534545
2026-09-16T04:55:47+00:00,551,28,4,True,True,True,1789534545
2026-09-16T04:55:47+00:00,406,2,5,True,True,True,1789534545
2026-09-16T04:55:47+00:00,488,10,12,True,True,True,1789534545
2026-09-16T04:55:47+00:00,540,0,35,True,True,True,1789534545
2026-09-16T04:55:47+00:00,431,4,11,True,True,True,1789534545
2026-09-16T04:55:47+00:00,393,3,16,True,True,True,1789534545
2026-09-16T04:55:47+00:00,420,1,18,True,True,True,1789534545
2026-09-16T04:55:47+00:00,397,16,15,True,True,True,1789534545
2026-09-16T04:55:47+00:00,390,10,20,True,True,True,1789534545
2026-09-16T04:55:47+00:00,449,9,15,True,True,True,1789534545
2026-09-16T04:55:47+00:00,430,7,35,True,True,True,1789534545
2026-09-16T04:55:47+00:00,484,11,21,True,True,True,1789534545
2026-09-16T04:55:47+00:00,479,10,18,True,True,True,1789534545
2026-09-16T04:55:47+00:00,403,3,11,True,True,True,1789534545
2026-09-16T04:55:47+00:00,435,2,26,True,True,True,1789534545
2026-09-16T04:55:47+00:00,426,12,8,True,True,True,1789534545
2026-09-16T04:55:47+00:00,450,0,14,True,True,True,1789534545
2026-09-16T04:55:47+00:00,456,8,24,True,True,True,1789534545
2026-09-16T04:55:47+00:00,468,11,2,True,True,True,1789534545
2026-09-16T04:55:47+00:00,453,3,27,True,True,True,1789534545
2026-09-16T04:55:47+00:00,466,1,13,True,True,True,1789534545
2026-09-16T04:55:47+00:00,469,1,27,True,True,True,1789534545
2026-09-16T04:55:47+00:00,416,1,14,True,True,True,1789534545
2026-09-16T04:55:47+00:00,391,2,11,True,True,True,1789534545
2026-09-16T04:55:47+00:00,389,2,14,True,True,True,1789534545
2026-09-16T04:55:47+00:00,470,4,10,True,True,True,1789534545
2026-09-16T04:55:47+00:00,384,8,8,True,True,True,1789534545
2026-09-16T04:55:47+00:00,425,3,5,True,True,True,1789534545
2026-09-16T04:55:47+00:00,411,1,10,True,True,True,1789534545
2026-09-16T04:55:47+00:00,598,6,25,True,True,True,1789534545
2026-09-16T04:55:47+00:00,444,15,2,True,True,True,1789534545
2026-09-16T04:55:47+00:00,447,5,25,True,True,True,1789534545
2026-09-16T04:55:47+00:00,408,6,7,True,True,True,1789534545
2026-09-16T04:55:47+00:00,737,21,2,True,True,True,1789534545
2026-09-16T04:55:47+00:00,432,6,5,True,True,True,1789534545
2026-09-16T04:55:47+00:00,401,4,2,True,True,True,1789534545
2026-09-16T04:55:47+00:00,452,1,29,True,True,True,1789534545
2026-09-16T04:55:47+00:00,392,1,7,True,True,True,1789534545
2026-09-16T04:55:47+00:00,481,8,34,True,True,True,1789534545
2026-09-16T04:55:47+00:00,495,17,23,True,True,True,1789534545
2026-09-16T04:55:47+00:00,478,9,2,True,True,True,1789534545
2026-09-16T04:55:47+00:00,414,7,3,True,True,True,1789534545
2026-09-16T04:55:47+00:00,476,6,11,True,True,True,1789534545
2026-09-16T04:55:47+00:00,445,11,6,True,True,True,1789534545
2026-09-16T04:55:47+00:00,748,2,27,True,True,True,1789534545
2026-09-16T04:55:47+00:00,473,1,6,True,True,True,1789534545
2026-09-16T04:55:47+00:00,383,18,10,True,True,True,1789534545
2026-09-16T04:55:47+00:00,480,5,19,True,True,True,1789534545
2026-09-16T04:55:47+00:00,421,13,8,True,True,True,1789534545
2026-09-16T04:55:47+00:00,746,4,4,True,True,True,1789534545
2026-09-16T04:55:47+00:00,417,1,10,True,True,True,1789534545
2026-09-16T04:55:47+00:00,427,2,10,True,True,True,1789534545
2026-09-16T04:55:47+00:00,395,0,13,True,True,True,1789534545
2026-09-16T04:55:47+00:00,418,2,25,True,True,True,1789534545
2026-09-16T04:55:47+00:00,413,2,11,True,True,True,1789534545
2026-09-16T04:55:47+00:00,486,4,19,True,True,True,1789534545
2026-09-16T04:55:47+00:00,597,7,3,True,True,True,1789534545
2026-09-16T04:55:47+00:00,422,2,10,True,True,True,1789534545
2026-09-16T04:55:47+00:00,382,4,5,True,True,True,1789534545
2026-09-16T04:55:47+00:00,396,2,19,True,True,True,1789534545
2026-09-16T04:55:47+00:00,735,11,1,True,True,True,1789534545
2026-09-16T04:55:47+00:00,437,0,24,True,True,True,1789534545
2026-09-16T04:55:47+00:00,446,6,15,True,True,True,1789534545
2026-09-16T04:55:47+00:00,424,0,9,True,True,True,1789534545
2026-09-16T04:55:47+00:00,455,5,7,True,True,True,1789534545
2026-09-16T04:55:47+00:00,457,0,9,True,True,True,1789534545
2026-09-16T04:55:47+00:00,377,11,15,True,True,True,1789534545
2026-09-16T04:55:47+00:00,738,7,5,True,True,True,1789534545
2026-09-16T04:55:47+00:00,460,16,12,True,True,True,1789534545
2026-09-16T04:55:47+00:00,744,6,0,True,True,True,1789534545
2026-09-16T04:55:47+00:00,485,4,10,True,True,True,1789534545
2026-09-16T05:10:47+00:00,6026,8,25,True,True,True,1789535435
2026-09-16T05:10:47+00:00,5431,12,8,True,True,True,1789535435
2026-09-16T05:10:47+00:00,5424,0,18,True,True,True,1789535435
2026-09-16T05:10:47+00:00,5220,0,20,True,True,True,1789535435
2026-09-16T05:10:47+00:00,5217,18,12,True,True,True,1789535435
2026-09-16T05:10:47+00:00,5113,1,13,True,True,True,1789535435
2026-09-16T05:10:47+00:00,4683,3,16,True,True,True,1789535435
2026-09-16T05:10:47+00:00,4552,10,7,True,True,True,1789535435
2026-09-16T05:10:47+00:00,3725,5,13,True,True,True,1789535435
2026-09-16T05:10:47+00:00,2358,6,7,True,True,True,1789535435
2026-09-16T05:10:47+00:00,2357,5,18,True,True,True,1789535435
2026-09-16T05:10:47+00:00,2355,11,1,True,True,True,1789535435
2026-09-16T05:10:47+00:00,2351,0,16,True,True,True,1789535435
2026-09-16T05:10:47+00:00,2350,5,18,True,True,True,1789535435
2026-09-16T05:10:47+00:00,2349,6,15,True,True,True,1789535435
2026-09-16T05:10:47+00:00,2347,17,13,True,True,True,1789535435
2026-09-16T05:10:47+00:00,2340,0,21,True,True,True,1789535435
2026-09-16T05:10:47+00:00,2339,6,22,True,True,True,1789535435
2026-09-16T05:10:47+00:00,2337,12,3,True,True,True,1789535435
2026-09-16T05:10:47+00:00,2334,0,11,True,True,True,1789535435
2026-09-16T05:10:47+00:00,2333,14,0,True,True,True,1789535435
2026-09-16T05:10:47+00:00,2332,2,10,True,True,True,1789535435
2026-09-16T05:10:47+00:00,2330,12,1,True,True,True,1789535435
2026-09-16T05:10:47+00:00,2329,14,1,True,True,True,1789535435
2026-09-16T05:10:47+00:00,2328,16,3,True,True,True,1789535435
2026-09-16T05:10:47+00:00,2315,13,4,True,True,True,1789535435
2026-09-16T05:10:47+00:00,2308,1,6,True,True,True,1789535435
2026-09-16T05:10:47+00:00,2307,1,29,True,True,True,1789535435
2026-09-16T05:10:47+00:00,2306,17,1,True,True,True,1789535435
2026-09-16T05:10:47+00:00,2305,1,13,True,True,True,1789535435
2026-09-16T05:10:47+00:00,2304,11,7,True,True,True,1789535435
2026-09-16T05:10:47+00:00,2280,10,1,True,True,True,1789535435
2026-09-16T05:10:47+00:00,2270,11,9,True,True,True,1789535435
2026-09-16T05:10:47+00:00,1919,4,2,True,True,True,1789535435
2026-09-16T05:10:47+00:00,1755,12,19,True,True,True,1789535435
2026-09-16T05:10:47+00:00,1101,9,13,True,True,True,1789535435
2026-09-16T05:10:47+00:00,1023,13,2,True,True,True,1789535435
2026-09-16T05:10:47+00:00,1009,1,8,True,True,True,1789535435
2026-09-16T05:10:47+00:00,970,20,4,True,True,True,1789535435
2026-09-16T05:10:47+00:00,787,8,4,True,True,True,1789535435
2026-09-16T05:10:47+00:00,627,11,19,True,True,True,1789535435
2026-09-16T05:10:47+00:00,623,7,11,True,True,True,1789535435
2026-09-16T05:10:47+00:00,624,10,9,True,True,True,1789535435
2026-09-16T05:10:47+00:00,626,6,16,True,True,True,1789535435
2026-09-16T05:10:47+00:00,614,1,22,True,True,True,1789535435
2026-09-16T05:10:47+00:00,616,13,2,True,True,True,1789535435
2026-09-16T05:10:47+00:00,618,0,39,True,True,True,1789535435
2026-09-16T05:10:47+00:00,621,2,23,True,True,True,1789535435
2026-09-16T05:10:47+00:00,622,1,24,True,True,True,1789535435
2026-09-16T05:10:47+00:00,613,8,10,True,True,True,1789535435
2026-09-16T05:10:47+00:00,620,3,37,True,True,True,1789535435
2026-09-16T05:10:47+00:00,596,8,9,True,True,True,1789535435
2026-09-16T05:10:47+00:00,617,5,12,True,True,True,1789535435
2026-09-16T05:10:47+00:00,609,3,24,True,True,True,1789535435
2026-09-16T05:10:47+00:00,607,13,12,True,True,True,1789535435
2026-09-16T05:10:47+00:00,603,1,16,True,True,True,1789535435
2026-09-16T05:10:47+00:00,590,16,21,True,True,True,1789535435
2026-09-16T05:10:47+00:00,610,4,16,True,True,True,1789535435
2026-09-16T05:10:47+00:00,608,2,18,True,True,True,1789535435
2026-09-16T05:10:47+00:00,593,0,30,True,True,True,1789535435
2026-09-16T05:10:47+00:00,530,4,4,True,True,True,1789535435
2026-09-16T05:10:47+00:00,463,3,16,True,True,True,1789535435
2026-09-16T05:10:47+00:00,475,16,8,True,True,True,1789535435
2026-09-16T05:10:47+00:00,439,6,19,True,True,True,1789535435
2026-09-16T05:10:47+00:00,600,10,0,True,True,True,1789535435
2026-09-16T05:10:47+00:00,440,6,10,True,True,True,1789535435
2026-09-16T05:10:47+00:00,612,1,16,True,True,True,1789535435
2026-09-16T05:10:47+00:00,491,18,0,True,True,True,1789535435
2026-09-16T05:10:47+00:00,493,11,13,True,True,True,1789535435
2026-09-16T05:10:47+00:00,410,22,4,True,True,True,1789535435
2026-09-16T05:10:47+00:00,605,11,6,True,True,True,1789535435
2026-09-16T05:10:47+00:00,388,5,13,True,True,True,1789535435
2026-09-16T05:10:47+00:00,591,15,9,True,True,True,1789535435
2026-09-16T05:10:47+00:00,592,0,17,True,True,True,1789535435
2026-09-16T05:10:47+00:00,585,13,3,True,True,True,1789535435
2026-09-16T05:10:47+00:00,565,2,15,True,True,True,1789535435
2026-09-16T05:10:47+00:00,571,12,8,True,True,True,1789535435
2026-09-16T05:10:47+00:00,568,1,13,True,True,True,1789535435
2026-09-16T05:10:47+00:00,588,0,18,True,True,True,1789535435
2026-09-16T05:10:47+00:00,584,8,26,True,True,True,1789535435
2026-09-16T05:10:47+00:00,569,9,20,True,True,True,1789535435
2026-09-16T05:10:47+00:00,577,24,6,True,True,True,1789535435
2026-09-16T05:10:47+00:00,564,3,26,True,True,True,1789535435
2026-09-16T05:10:47+00:00,570,2,12,True,True,True,1789535435
2026-09-16T05:10:47+00:00,572,15,23,True,True,True,1789535435
2026-09-16T05:10:47+00:00,586,24,0,True,True,True,1789535435
2026-09-16T05:10:47+00:00,576,3,15,True,True,True,1789535435
2026-09-16T05:10:47+00:00,566,8,16,True,True,True,1789535435
2026-09-16T05:10:47+00:00,602,1,16,True,True,True,1789535435
2026-09-16T05:10:47+00:00,575,0,28,True,True,True,1789535435
2026-09-16T05:10:47+00:00,567,4,32,True,True,True,1789535435
2026-09-16T05:10:47+00:00,582,10,16,True,True,True,1789535435
2026-09-16T05:10:47+00:00,595,18,4,True,True,True,1789535435
2026-09-16T05:10:47+00:00,542,6,12,True,True,True,1789535435
2026-09-16T05:10:47+00:00,563,15,2,True,True,True,1789535435
2026-09-16T05:10:47+00:00,558,4,10,True,True,True,1789535435
2026-09-16T05:10:47+00:00,552,16,2,True,True,True,1789535435
2026-09-16T05:10:47+00:00,555,1,13,True,True,True,1789535435
2026-09-16T05:10:47+00:00,573,6,18,True,True,True,1789535435
2026-09-16T05:10:47+00:00,561,0,20,True,True,True,1789535435
2026-09-16T05:10:47+00:00,615,16,5,True,True,True,1789535435
2026-09-16T05:10:47+00:00,543,1,17,True,True,True,1789535435
2026-09-16T05:10:47+00:00,554,1,19,True,True,True,1789535435
2026-09-16T05:10:47+00:00,574,2,10,True,True,True,1789535435
2026-09-16T05:10:47+00:00,560,2,6,True,True,True,1789535435
2026-09-16T05:10:47+00:00,548,4,12,True,True,True,1789535435
2026-09-16T05:10:47+00:00,559,8,8,True,True,True,1789535435
2026-09-16T05:10:47+00:00,545,5,33,True,True,True,1789535435
2026-09-16T05:10:47+00:00,550,1,8,True,True,True,1789535435
2026-09-16T05:10:47+00:00,541,7,2,True,True,True,1789535435
2026-09-16T05:10:47+00:00,527,5,6,True,True,True,1789535435
2026-09-16T05:10:47+00:00,529,1,18,True,True,True,1789535435
2026-09-16T05:10:47+00:00,526,9,6,True,True,True,1789535435
2026-09-16T05:10:47+00:00,537,11,6,True,True,True,1789535435
2026-09-16T05:10:47+00:00,547,29,1,True,True,True,1789535435
2026-09-16T05:10:47+00:00,601,1,17,True,True,True,1789535435
2026-09-16T05:10:47+00:00,533,6,6,True,True,True,1789535435
2026-09-16T05:10:47+00:00,535,0,25,True,True,True,1789535435
2026-09-16T05:10:47+00:00,524,0,20,True,True,True,1789535435
2026-09-16T05:10:47+00:00,519,16,6,True,True,True,1789535435
2026-09-16T05:10:47+00:00,534,0,38,True,True,True,1789535435
2026-09-16T05:10:47+00:00,521,8,5,True,True,True,1789535435
2026-09-16T05:10:47+00:00,518,0,17,True,True,True,1789535435
2026-09-16T05:10:47+00:00,556,1,17,True,True,True,1789535435
2026-09-16T05:10:47+00:00,525,0,14,True,True,True,1789535435
2026-09-16T05:10:47+00:00,517,0,14,True,True,True,1789535435
2026-09-16T05:10:47+00:00,523,18,12,True,True,True,1789535435
2026-09-16T05:10:47+00:00,522,3,5,True,True,True,1789535435
2026-09-16T05:10:47+00:00,594,10,9,True,True,True,1789535435
2026-09-16T05:10:47+00:00,532,0,19,True,True,True,1789535435
2026-09-16T05:10:47+00:00,509,3,9,True,True,True,1789535435
2026-09-16T05:10:47+00:00,531,1,14,True,True,True,1789535435
2026-09-16T05:10:47+00:00,536,2,5,True,True,True,1789535435
2026-09-16T05:10:47+00:00,562,4,33,True,True,True,1789535435
2026-09-16T05:10:47+00:00,511,19,1,True,True,True,1789535435
2026-09-16T05:10:47+00:00,505,1,16,True,True,True,1789535435
2026-09-16T05:10:47+00:00,501,0,17,True,True,True,1789535435
2026-09-16T05:10:47+00:00,514,0,12,True,True,True,1789535435
2026-09-16T05:10:47+00:00,500,5,12,True,True,True,1789535435
2026-09-16T05:10:47+00:00,503,19,10,True,True,True,1789535435
2026-09-16T05:10:47+00:00,513,0,13,True,True,True,1789535435
2026-09-16T05:10:47+00:00,498,3,8,True,True,True,1789535435
2026-09-16T05:10:47+00:00,507,9,10,True,True,True,1789535435
2026-09-16T05:10:47+00:00,512,10,14,True,True,True,1789535435
2026-09-16T05:10:47+00:00,619,1,40,True,True,True,1789535435
2026-09-16T05:10:47+00:00,474,11,30,True,True,True,1789535435
2026-09-16T05:10:47+00:00,580,25,16,True,True,True,1789535435
2026-09-16T05:10:47+00:00,496,0,41,True,True,True,1789535435
2026-09-16T05:10:47+00:00,482,2,16,True,True,True,1789535435
2026-09-16T05:10:47+00:00,407,9,2,True,True,True,1789535435
2026-09-16T05:10:47+00:00,409,6,15,True,True,True,1789535435
2026-09-16T05:10:47+00:00,451,1,18,True,True,True,1789535435
2026-09-16T05:10:47+00:00,402,2,15,True,True,True,1789535435
2026-09-16T05:10:47+00:00,516,2,12,True,True,True,1789535435
2026-09-16T05:10:47+00:00,625,4,38,True,True,True,1789535435
2026-09-16T05:10:47+00:00,429,9,11,True,True,True,1789535435
2026-09-16T05:10:47+00:00,380,4,16,True,True,True,1789535435
2026-09-16T05:10:47+00:00,583,9,9,True,True,True,1789535435
2026-09-16T05:10:47+00:00,398,2,12,True,True,True,1789535435
2026-09-16T05:10:47+00:00,381,4,11,True,True,True,1789535435
2026-09-16T05:10:47+00:00,464,13,30,True,True,True,1789535435
2026-09-16T05:10:47+00:00,442,14,0,True,True,True,1789535435
2026-09-16T05:10:47+00:00,483,11,10,True,True,True,1789535435
2026-09-16T05:10:47+00:00,458,0,14,True,True,True,1789535435
2026-09-16T05:10:47+00:00,499,3,12,True,True,True,1789535435
2026-09-16T05:10:47+00:00,472,5,17,True,True,True,1789535435
2026-09-16T05:10:47+00:00,506,3,23,True,True,True,1789535435
2026-09-16T05:10:47+00:00,465,2,8,True,True,True,1789535435
2026-09-16T05:10:47+00:00,611,2,37,True,True,True,1789535435
2026-09-16T05:10:47+00:00,404,6,18,True,True,True,1789535435
2026-09-16T05:10:47+00:00,579,6,8,True,True,True,1789535435
2026-09-16T05:10:47+00:00,589,7,16,True,True,True,1789535435
2026-09-16T05:10:47+00:00,434,2,13,True,True,True,1789535435
2026-09-16T05:10:47+00:00,462,1,12,True,True,True,1789535435
2026-09-16T05:10:47+00:00,578,4,20,True,True,True,1789535435
2026-09-16T05:10:47+00:00,415,0,11,True,True,True,1789535435
2026-09-16T05:10:47+00:00,423,11,8,True,True,True,1789535435
2026-09-16T05:10:47+00:00,412,8,0,True,True,True,1789535435
2026-09-16T05:10:47+00:00,387,11,4,True,True,True,1789535435
2026-09-16T05:10:47+00:00,441,2,12,True,True,True,1789535435
2026-09-16T05:10:47+00:00,454,3,16,True,True,True,1789535435
2026-09-16T05:10:47+00:00,436,0,11,True,True,True,1789535435
2026-09-16T05:10:47+00:00,394,0,18,True,True,True,1789535435
2026-09-16T05:10:47+00:00,497,17,10,True,True,True,1789535435
2026-09-16T05:10:47+00:00,581,14,6,True,True,True,1789535435
2026-09-16T05:10:47+00:00,461,0,20,True,True,True,1789535435
2026-09-16T05:10:47+00:00,599,19,29,True,True,True,1789535435
2026-09-16T05:10:47+00:00,428,8,15,True,True,True,1789535435
2026-09-16T05:10:47+00:00,400,3,21,True,True,True,1789535435
2026-09-16T05:10:47+00:00,487,1,18,True,True,True,1789535435
2026-09-16T05:10:47+00:00,438,19,20,True,True,True,1789535435
2026-09-16T05:10:47+00:00,459,0,8,True,True,True,1789535435
2026-09-16T05:10:47+00:00,433,5,13,True,True,True,1789535435
2026-09-16T05:10:47+00:00,399,17,11,True,True,True,1789535435
2026-09-16T05:10:47+00:00,489,0,28,True,True,True,1789535435
2026-09-16T05:10:47+00:00,742,22,6,True,True,True,1789535435
2026-09-16T05:10:47+00:00,551,25,7,True,True,True,1789535435
2026-09-16T05:10:47+00:00,406,2,5,True,True,True,1789535435
2026-09-16T05:10:47+00:00,488,9,13,True,True,True,1789535435
2026-09-16T05:10:47+00:00,540,0,35,True,True,True,1789535435
2026-09-16T05:10:47+00:00,431,5,10,True,True,True,1789535435
2026-09-16T05:10:47+00:00,393,3,16,True,True,True,1789535435
2026-09-16T05:10:47+00:00,420,1,18,True,True,True,1789535435
2026-09-16T05:10:47+00:00,397,18,13,True,True,True,1789535435
2026-09-16T05:10:47+00:00,390,11,19,True,True,True,1789535435
2026-09-16T05:10:47+00:00,449,10,14,True,True,True,1789535435
2026-09-16T05:10:47+00:00,430,7,35,True,True,True,1789535435
2026-09-16T05:10:47+00:00,484,11,21,True,True,True,1789535435
2026-09-16T05:10:47+00:00,479,11,18,True,True,True,1789535435
2026-09-16T05:10:47+00:00,403,3,11,True,True,True,1789535435
2026-09-16T05:10:47+00:00,435,3,25,True,True,True,1789535435
2026-09-16T05:10:47+00:00,426,12,8,True,True,True,1789535435
2026-09-16T05:10:47+00:00,450,0,14,True,True,True,1789535435
2026-09-16T05:10:47+00:00,456,7,25,True,True,True,1789535435
2026-09-16T05:10:47+00:00,468,10,3,True,True,True,1789535435
2026-09-16T05:10:47+00:00,453,3,27,True,True,True,1789535435
2026-09-16T05:10:47+00:00,466,1,13,True,True,True,1789535435
2026-09-16T05:10:47+00:00,469,1,27,True,True,True,1789535435
2026-09-16T05:10:47+00:00,416,1,14,True,True,True,1789535435
2026-09-16T05:10:47+00:00,391,2,11,True,True,True,1789535435
2026-09-16T05:10:47+00:00,389,2,14,True,True,True,1789535435
2026-09-16T05:10:47+00:00,470,3,11,True,True,True,1789535435
2026-09-16T05:10:47+00:00,384,8,8,True,True,True,1789535435
2026-09-16T05:10:47+00:00,425,2,6,True,True,True,1789535435
2026-09-16T05:10:47+00:00,411,1,10,True,True,True,1789535435
2026-09-16T05:10:47+00:00,598,3,28,True,True,True,1789535435
2026-09-16T05:10:47+00:00,444,15,2,True,True,True,1789535435
2026-09-16T05:10:47+00:00,447,5,25,True,True,True,1789535435
2026-09-16T05:10:47+00:00,408,5,8,True,True,True,1789535435
2026-09-16T05:10:47+00:00,737,21,2,True,True,True,1789535435
2026-09-16T05:10:47+00:00,432,6,5,True,True,True,1789535435
2026-09-16T05:10:47+00:00,401,4,2,True,True,True,1789535435
2026-09-16T05:10:47+00:00,452,3,27,True,True,True,1789535435
2026-09-16T05:10:47+00:00,392,1,7,True,True,True,1789535435
2026-09-16T05:10:47+00:00,481,8,34,True,True,True,1789535435
2026-09-16T05:10:47+00:00,495,21,19,True,True,True,1789535435
2026-09-16T05:10:47+00:00,478,10,1,True,True,True,1789535435
2026-09-16T05:10:47+00:00,414,9,1,True,True,True,1789535435
2026-09-16T05:10:47+00:00,476,6,11,True,True,True,1789535435
2026-09-16T05:10:47+00:00,445,11,6,True,True,True,1789535435
2026-09-16T05:10:47+00:00,748,2,27,True,True,True,1789535435
2026-09-16T05:10:47+00:00,473,1,6,True,True,True,1789535435
2026-09-16T05:10:47+00:00,383,18,10,True,True,True,1789535435
2026-09-16T05:10:47+00:00,480,5,19,True,True,True,1789535435
2026-09-16T05:10:47+00:00,421,13,8,True,True,True,1789535435
2026-09-16T05:10:47+00:00,746,4,4,True,True,True,1789535435
2026-09-16T05:10:47+00:00,417,1,10,True,True,True,1789535435
2026-09-16T05:10:47+00:00,427,2,10,True,True,True,1789535435
2026-09-16T05:10:47+00:00,395,0,13,True,True,True,1789535435
2026-09-16T05:10:47+00:00,418,2,25,True,True,True,1789535435
2026-09-16T05:10:47+00:00,413,2,11,True,True,True,1789535435
2026-09-16T05:10:47+00:00,486,4,19,True,True,True,1789535435
2026-09-16T05:10:47+00:00,597,3,7,True,True,True,1789535435
2026-09-16T05:10:47+00:00,422,2,10,True,True,True,1789535435
2026-09-16T05:10:47+00:00,382,4,5,True,True,True,1789535435
2026-09-16T05:10:47+00:00,396,4,17,True,True,True,1789535435
2026-09-16T05:10:47+00:00,735,11,1,True,True,True,1789535435
2026-09-16T05:10:47+00:00,437,1,23,True,True,True,1789535435
2026-09-16T05:10:47+00:00,446,6,15,True,True,True,1789535435
2026-09-16T05:10:47+00:00,424,0,9,True,True,True,1789535435
2026-09-16T05:10:47+00:00,455,3,9,True,True,True,1789535435
2026-09-16T05:10:47+00:00,457,0,9,True,True,True,1789535435
2026-09-16T05:10:47+00:00,377,11,15,True,True,True,1789535435
2026-09-16T05:10:47+00:00,738,7,5,True,True,True,1789535435
2026-09-16T05:10:47+00:00,460,16,12,True,True,True,1789535435
2026-09-16T05:10:47+00:00,744,6,0,True,True,True,1789535435
2026-09-16T05:10:47+00:00,485,3,11,True,True,True,1789535435
2026-09-16T05:25:47+00:00,6026,11,22,True,True,True,1789536339
2026-09-16T05:25:47+00:00,5431,11,9,True,True,True,1789536339
2026-09-16T05:25:47+00:00,5424,0,18,True,True,True,1789536339
2026-09-16T05:25:47+00:00,5220,0,20,True,True,True,1789536339
2026-09-16T05:25:47+00:00,5217,18,12,True,True,True,1789536339
2026-09-16T05:25:47+00:00,5113,1,13,True,True,True,1789536339
2026-09-16T05:25:47+00:00,4683,3,16,True,True,True,1789536339
2026-09-16T05:25:47+00:00,4552,10,7,True,True,True,1789536339
2026-09-16T05:25:47+00:00,3725,5,13,True,True,True,1789536339
2026-09-16T05:25:47+00:00,2358,5,8,True,True,True,1789536339
2026-09-16T05:25:47+00:00,2357,8,15,True,True,True,1789536339
2026-09-16T05:25:47+00:00,2355,11,1,True,True,True,1789536339
2026-09-16T05:25:47+00:00,2351,0,16,True,True,True,1789536339
2026-09-16T05:25:47+00:00,2350,5,18,True,True,True,1789536339
2026-09-16T05:25:47+00:00,2349,6,15,True,True,True,1789536339
2026-09-16T05:25:47+00:00,2347,17,13,True,True,True,1789536339
2026-09-16T05:25:47+00:00,2340,0,21,True,True,True,1789536339
2026-09-16T05:25:47+00:00,2339,7,21,True,True,True,1789536339
2026-09-16T05:25:47+00:00,2337,12,3,True,True,True,1789536339
2026-09-16T05:25:47+00:00,2334,0,11,True,True,True,1789536339
2026-09-16T05:25:47+00:00,2333,14,0,True,True,True,1789536339
2026-09-16T05:25:47+00:00,2332,2,10,True,True,True,1789536339
2026-09-16T05:25:47+00:00,2330,13,0,True,True,True,1789536339
2026-09-16T05:25:47+00:00,2329,14,1,True,True,True,1789536339
2026-09-16T05:25:47+00:00,2328,19,0,True,True,True,1789536339
2026-09-16T05:25:47+00:00,2315,14,3,True,True,True,1789536339
2026-09-16T05:25:47+00:00,2308,4,3,True,True,True,1789536339
2026-09-16T05:25:47+00:00,2307,1,29,True,True,True,1789536339
2026-09-16T05:25:47+00:00,2306,18,0,True,True,True,1789536339
2026-09-16T05:25:47+00:00,2305,1,13,True,True,True,1789536339
2026-09-16T05:25:47+00:00,2304,11,7,True,True,True,1789536339
2026-09-16T05:25:47+00:00,2280,10,1,True,True,True,1789536339
2026-09-16T05:25:47+00:00,2270,10,10,True,True,True,1789536339
2026-09-16T05:25:47+00:00,1919,6,0,True,True,True,1789536339
2026-09-16T05:25:47+00:00,1755,13,18,True,True,True,1789536339
2026-09-16T05:25:47+00:00,1101,9,13,True,True,True,1789536339
2026-09-16T05:25:47+00:00,1023,14,1,True,True,True,1789536339
2026-09-16T05:25:47+00:00,1009,1,8,True,True,True,1789536339
2026-09-16T05:25:47+00:00,970,20,4,True,True,True,1789536339
2026-09-16T05:25:47+00:00,787,8,4,True,True,True,1789536339
2026-09-16T05:25:47+00:00,627,11,19,True,True,True,1789536339
2026-09-16T05:25:47+00:00,623,8,10,True,True,True,1789536339
2026-09-16T05:25:47+00:00,624,10,9,True,True,True,1789536339
2026-09-16T05:25:47+00:00,626,7,15,True,True,True,1789536339
2026-09-16T05:25:47+00:00,614,1,22,True,True,True,1789536339
2026-09-16T05:25:47+00:00,616,13,2,True,True,True,1789536339
2026-09-16T05:25:47+00:00,618,0,39,True,True,True,1789536339
2026-09-16T05:25:47+00:00,621,2,23,True,True,True,1789536339
2026-09-16T05:25:47+00:00,622,2,23,True,True,True,1789536339
2026-09-16T05:25:47+00:00,613,8,10,True,True,True,1789536339
2026-09-16T05:25:47+00:00,620,1,38,True,True,True,1789536339
2026-09-16T05:25:47+00:00,596,7,10,True,True,True,1789536339
2026-09-16T05:25:47+00:00,617,5,12,True,True,True,1789536339
2026-09-16T05:25:47+00:00,609,3,24,True,True,True,1789536339
2026-09-16T05:25:47+00:00,607,12,13,True,True,True,1789536339
2026-09-16T05:25:47+00:00,603,1,16,True,True,True,1789536339
2026-09-16T05:25:47+00:00,590,17,20,True,True,True,1789536339
2026-09-16T05:25:47+00:00,610,4,16,True,True,True,1789536339
2026-09-16T05:25:47+00:00,608,2,18,True,True,True,1789536339
2026-09-16T05:25:47+00:00,593,0,30,True,True,True,1789536339
2026-09-16T05:25:47+00:00,530,5,3,True,True,True,1789536339
2026-09-16T05:25:47+00:00,463,4,15,True,True,True,1789536339
2026-09-16T05:25:47+00:00,475,16,8,True,True,True,1789536339
2026-09-16T05:25:47+00:00,439,6,19,True,True,True,1789536339
2026-09-16T05:25:47+00:00,600,9,1,True,True,True,1789536339
2026-09-16T05:25:47+00:00,440,7,9,True,True,True,1789536339
2026-09-16T05:25:47+00:00,612,0,17,True,True,True,1789536339
2026-09-16T05:25:47+00:00,491,17,1,True,True,True,1789536339
2026-09-16T05:25:47+00:00,493,9,15,True,True,True,1789536339
2026-09-16T05:25:47+00:00,410,22,4,True,True,True,1789536339
2026-09-16T05:25:47+00:00,605,10,7,True,True,True,1789536339
2026-09-16T05:25:47+00:00,388,4,14,True,True,True,1789536339
2026-09-16T05:25:47+00:00,591,15,9,True,True,True,1789536339
2026-09-16T05:25:47+00:00,592,0,17,True,True,True,1789536339
2026-09-16T05:25:47+00:00,585,13,3,True,True,True,1789536339
2026-09-16T05:25:47+00:00,565,2,15,True,True,True,1789536339
2026-09-16T05:25:47+00:00,571,12,8,True,True,True,1789536339
2026-09-16T05:25:47+00:00,568,0,14,True,True,True,1789536339
2026-09-16T05:25:47+00:00,588,0,18,True,True,True,1789536339
2026-09-16T05:25:47+00:00,584,8,26,True,True,True,1789536339
2026-09-16T05:25:47+00:00,569,9,20,True,True,True,1789536339
2026-09-16T05:25:47+00:00,577,24,6,True,True,True,1789536339
2026-09-16T05:25:47+00:00,564,4,25,True,True,True,1789536339
2026-09-16T05:25:47+00:00,570,2,12,True,True,True,1789536339
2026-09-16T05:25:47+00:00,572,15,22,True,True,True,1789536339
2026-09-16T05:25:47+00:00,586,23,1,True,True,True,1789536339
2026-09-16T05:25:47+00:00,576,3,15,True,True,True,1789536339
2026-09-16T05:25:47+00:00,566,9,15,True,True,True,1789536339
2026-09-16T05:25:47+00:00,602,1,16,True,True,True,1789536339
2026-09-16T05:25:47+00:00,575,1,27,True,True,True,1789536339
2026-09-16T05:25:47+00:00,567,4,32,True,True,True,1789536339
2026-09-16T05:25:47+00:00,582,8,18,True,True,True,1789536339
2026-09-16T05:25:47+00:00,595,18,4,True,True,True,1789536339
2026-09-16T05:25:47+00:00,542,6,12,True,True,True,1789536339
2026-09-16T05:25:47+00:00,563,15,1,True,True,True,1789536339
2026-09-16T05:25:47+00:00,558,3,11,True,True,True,1789536339
2026-09-16T05:25:47+00:00,552,17,1,True,True,True,1789536339
2026-09-16T05:25:47+00:00,555,1,13,True,True,True,1789536339
2026-09-16T05:25:47+00:00,573,6,18,True,True,True,1789536339
2026-09-16T05:25:47+00:00,561,0,20,True,True,True,1789536339
2026-09-16T05:25:47+00:00,615,16,5,True,True,True,1789536339
2026-09-16T05:25:47+00:00,543,2,16,True,True,True,1789536339
2026-09-16T05:25:47+00:00,554,1,19,True,True,True,1789536339
2026-09-16T05:25:47+00:00,574,3,9,True,True,True,1789536339
2026-09-16T05:25:47+00:00,560,2,6,True,True,True,1789536339
2026-09-16T05:25:47+00:00,548,4,12,True,True,True,1789536339
2026-09-16T05:25:47+00:00,559,8,8,True,True,True,1789536339
2026-09-16T05:25:47+00:00,545,5,33,True,True,True,1789536339
2026-09-16T05:25:47+00:00,550,1,8,True,True,True,1789536339
2026-09-16T05:25:47+00:00,541,7,2,True,True,True,1789536339
2026-09-16T05:25:47+00:00,527,6,5,True,True,True,1789536339
2026-09-16T05:25:47+00:00,529,1,18,True,True,True,1789536339
2026-09-16T05:25:47+00:00,526,12,2,True,True,True,1789536339
2026-09-16T05:25:47+00:00,537,13,4,True,True,True,1789536339
2026-09-16T05:25:47+00:00,547,29,1,True,True,True,1789536339
2026-09-16T05:25:47+00:00,601,1,17,True,True,True,1789536339
2026-09-16T05:25:47+00:00,533,6,6,True,True,True,1789536339
2026-09-16T05:25:47+00:00,535,0,25,True,True,True,1789536339
2026-09-16T05:25:47+00:00,524,0,20,True,True,True,1789536339
2026-09-16T05:25:47+00:00,519,15,7,True,True,True,1789536339
2026-09-16T05:25:47+00:00,534,0,38,True,True,True,1789536339
2026-09-16T05:25:47+00:00,521,8,5,True,True,True,1789536339
2026-09-16T05:25:47+00:00,518,0,17,True,True,True,1789536339
2026-09-16T05:25:47+00:00,556,1,17,True,True,True,1789536339
2026-09-16T05:25:47+00:00,525,0,14,True,True,True,1789536339
2026-09-16T05:25:47+00:00,517,0,14,True,True,True,1789536339
2026-09-16T05:25:47+00:00,523,20,10,True,True,True,1789536339
2026-09-16T05:25:47+00:00,522,3,5,True,True,True,1789536339
2026-09-16T05:25:47+00:00,594,7,12,True,True,True,1789536339
2026-09-16T05:25:47+00:00,532,0,19,True,True,True,1789536339
2026-09-16T05:25:47+00:00,509,3,9,True,True,True,1789536339
2026-09-16T05:25:47+00:00,531,1,14,True,True,True,1789536339
2026-09-16T05:25:47+00:00,536,2,5,True,True,True,1789536339
2026-09-16T05:25:47+00:00,562,3,34,True,True,True,1789536339
2026-09-16T05:25:47+00:00,511,19,1,True,True,True,1789536339
2026-09-16T05:25:47+00:00,505,0,17,True,True,True,1789536339
2026-09-16T05:25:47+00:00,501,0,17,True,True,True,1789536339
2026-09-16T05:25:47+00:00,514,0,12,True,True,True,1789536339
2026-09-16T05:25:47+00:00,500,5,12,True,True,True,1789536339
2026-09-16T05:25:47+00:00,503,16,13,True,True,True,1789536339
2026-09-16T05:25:47+00:00,513,0,13,True,True,True,1789536339
2026-09-16T05:25:47+00:00,498,3,8,True,True,True,1789536339
2026-09-16T05:25:47+00:00,507,8,11,True,True,True,1789536339
2026-09-16T05:25:47+00:00,512,9,15,True,True,True,1789536339
2026-09-16T05:25:47+00:00,619,1,40,True,True,True,1789536339
2026-09-16T05:25:47+00:00,474,11,30,True,True,True,1789536339
2026-09-16T05:25:47+00:00,580,25,16,True,True,True,1789536339
2026-09-16T05:25:47+00:00,496,0,41,True,True,True,1789536339
2026-09-16T05:25:47+00:00,482,2,16,True,True,True,1789536339
2026-09-16T05:25:47+00:00,407,8,3,True,True,True,1789536339
2026-09-16T05:25:47+00:00,409,7,14,True,True,True,1789536339
2026-09-16T05:25:47+00:00,451,1,18,True,True,True,1789536339
2026-09-16T05:25:47+00:00,402,3,14,True,True,True,1789536339
2026-09-16T05:25:47+00:00,516,1,13,True,True,True,1789536339
2026-09-16T05:25:47+00:00,625,4,38,True,True,True,1789536339
2026-09-16T05:25:47+00:00,429,10,10,True,True,True,1789536339
2026-09-16T05:25:47+00:00,380,4,16,True,True,True,1789536339
2026-09-16T05:25:47+00:00,583,9,9,True,True,True,1789536339
2026-09-16T05:25:47+00:00,398,0,14,True,True,True,1789536339
2026-09-16T05:25:47+00:00,381,4,11,True,True,True,1789536339
2026-09-16T05:25:47+00:00,464,13,30,True,True,True,1789536339
2026-09-16T05:25:47+00:00,442,13,1,True,True,True,1789536339
2026-09-16T05:25:47+00:00,483,11,10,True,True,True,1789536339
2026-09-16T05:25:47+00:00,458,0,14,True,True,True,1789536339
2026-09-16T05:25:47+00:00,499,1,14,True,True,True,1789536339
2026-09-16T05:25:47+00:00,472,18,2,True,True,True,1789536339
2026-09-16T05:25:47+00:00,506,1,25,True,True,True,1789536339
2026-09-16T05:25:47+00:00,465,3,7,True,True,True,1789536339
2026-09-16T05:25:47+00:00,611,3,36,True,True,True,1789536339
2026-09-16T05:25:47+00:00,404,7,17,True,True,True,1789536339
2026-09-16T05:25:47+00:00,579,4,10,True,True,True,1789536339
2026-09-16T05:25:47+00:00,589,7,16,True,True,True,1789536339
2026-09-16T05:25:47+00:00,434,2,13,True,True,True,1789536339
2026-09-16T05:25:47+00:00,462,1,12,True,True,True,1789536339
2026-09-16T05:25:47+00:00,578,4,20,True,True,True,1789536339
2026-09-16T05:25:47+00:00,415,0,11,True,True,True,1789536339
2026-09-16T05:25:47+00:00,423,9,10,True,True,True,1789536339
2026-09-16T05:25:47+00:00,412,8,0,True,True,True,1789536339
2026-09-16T05:25:47+00:00,387,11,4,True,True,True,1789536339
2026-09-16T05:25:47+00:00,441,2,12,True,True,True,1789536339
2026-09-16T05:25:47+00:00,454,3,16,True,True,True,1789536339
2026-09-16T05:25:47+00:00,436,0,11,True,True,True,1789536339
2026-09-16T05:25:47+00:00,394,0,18,True,True,True,1789536339
2026-09-16T05:25:47+00:00,497,17,10,True,True,True,1789536339
2026-09-16T05:25:47+00:00,581,12,8,True,True,True,1789536339
2026-09-16T05:25:47+00:00,461,0,20,True,True,True,1789536339
2026-09-16T05:25:47+00:00,599,19,29,True,True,True,1789536339
2026-09-16T05:25:47+00:00,428,7,16,True,True,True,1789536339
2026-09-16T05:25:47+00:00,400,3,21,True,True,True,1789536339
2026-09-16T05:25:47+00:00,487,1,18,True,True,True,1789536339
2026-09-16T05:25:47+00:00,438,19,20,True,True,True,1789536339
2026-09-16T05:25:47+00:00,459,0,8,True,True,True,1789536339
2026-09-16T05:25:47+00:00,433,5,13,True,True,True,1789536339
2026-09-16T05:25:47+00:00,399,16,12,True,True,True,1789536339
2026-09-16T05:25:47+00:00,489,0,28,True,True,True,1789536339
2026-09-16T05:25:47+00:00,742,22,6,True,True,True,1789536339
2026-09-16T05:25:47+00:00,551,23,9,True,True,True,1789536339
2026-09-16T05:25:47+00:00,406,2,5,True,True,True,1789536339
2026-09-16T05:25:47+00:00,488,9,13,True,True,True,1789536339
2026-09-16T05:25:47+00:00,540,0,35,True,True,True,1789536339
2026-09-16T05:25:47+00:00,431,5,10,True,True,True,1789536339
2026-09-16T05:25:47+00:00,393,3,16,True,True,True,1789536339
2026-09-16T05:25:47+00:00,420,0,19,True,True,True,1789536339
2026-09-16T05:25:47+00:00,397,18,13,True,True,True,1789536339
2026-09-16T05:25:47+00:00,390,12,18,True,True,True,1789536339
2026-09-16T05:25:47+00:00,449,11,13,True,True,True,1789536339
2026-09-16T05:25:47+00:00,430,9,33,True,True,True,1789536339
2026-09-16T05:25:47+00:00,484,11,21,True,True,True,1789536339
2026-09-16T05:25:47+00:00,479,12,17,True,True,True,1789536339
2026-09-16T05:25:47+00:00,403,3,11,True,True,True,1789536339
2026-09-16T05:25:47+00:00,435,4,24,True,True,True,1789536339
2026-09-16T05:25:47+00:00,426,11,9,True,True,True,1789536339
2026-09-16T05:25:47+00:00,450,0,14,True,True,True,1789536339
2026-09-16T05:25:47+00:00,456,6,26,True,True,True,1789536339
2026-09-16T05:25:47+00:00,468,9,4,True,True,True,1789536339
2026-09-16T05:25:47+00:00,453,2,28,True,True,True,1789536339
2026-09-16T05:25:47+00:00,466,1,13,True,True,True,1789536339
2026-09-16T05:25:47+00:00,469,0,28,True,True,True,1789536339
2026-09-16T05:25:47+00:00,416,1,14,True,True,True,1789536339
2026-09-16T05:25:47+00:00,391,2,11,True,True,True,1789536339
2026-09-16T05:25:47+00:00,389,2,14,True,True,True,1789536339
2026-09-16T05:25:47+00:00,470,3,11,True,True,True,1789536339
2026-09-16T05:25:47+00:00,384,9,7,True,True,True,1789536339
2026-09-16T05:25:47+00:00,425,2,6,True,True,True,1789536339
2026-09-16T05:25:47+00:00,411,1,10,True,True,True,1789536339
2026-09-16T05:25:47+00:00,598,2,29,True,True,True,1789536339
2026-09-16T05:25:47+00:00,444,15,2,True,True,True,1789536339
2026-09-16T05:25:47+00:00,447,5,25,True,True,True,1789536339
2026-09-16T05:25:47+00:00,408,5,8,True,True,True,1789536339
2026-09-16T05:25:47+00:00,737,20,3,True,True,True,1789536339
2026-09-16T05:25:47+00:00,432,6,5,True,True,True,1789536339
2026-09-16T05:25:47+00:00,401,4,2,True,True,True,1789536339
2026-09-16T05:25:47+00:00,452,4,26,True,True,True,1789536339
2026-09-16T05:25:47+00:00,392,2,6,True,True,True,1789536339
2026-09-16T05:25:47+00:00,481,8,34,True,True,True,1789536339
2026-09-16T05:25:47+00:00,495,21,19,True,True,True,1789536339
2026-09-16T05:25:47+00:00,478,9,1,True,True,True,1789536339
2026-09-16T05:25:47+00:00,414,9,1,True,True,True,1789536339
2026-09-16T05:25:47+00:00,476,4,12,True,True,True,1789536339
2026-09-16T05:25:47+00:00,445,11,6,True,True,True,1789536339
2026-09-16T05:25:47+00:00,748,2,27,True,True,True,1789536339
2026-09-16T05:25:47+00:00,473,1,6,True,True,True,1789536339
2026-09-16T05:25:47+00:00,383,17,11,True,True,True,1789536339
2026-09-16T05:25:47+00:00,480,5,19,True,True,True,1789536339
2026-09-16T05:25:47+00:00,421,12,9,True,True,True,1789536339
2026-09-16T05:25:47+00:00,746,4,4,True,True,True,1789536339
2026-09-16T05:25:47+00:00,417,1,10,True,True,True,1789536339
2026-09-16T05:25:47+00:00,427,1,11,True,True,True,1789536339
2026-09-16T05:25:47+00:00,395,0,13,True,True,True,1789536339
2026-09-16T05:25:47+00:00,418,2,25,True,True,True,1789536339
2026-09-16T05:25:47+00:00,413,2,11,True,True,True,1789536339
2026-09-16T05:25:47+00:00,486,3,20,True,True,True,1789536339
2026-09-16T05:25:47+00:00,597,5,5,True,True,True,1789536339
2026-09-16T05:25:47+00:00,422,1,11,True,True,True,1789536339
2026-09-16T05:25:47+00:00,382,4,5,True,True,True,1789536339
2026-09-16T05:25:47+00:00,396,4,17,True,True,True,1789536339
2026-09-16T05:25:47+00:00,735,11,1,True,True,True,1789536339
2026-09-16T05:25:47+00:00,437,2,22,True,True,True,1789536339
2026-09-16T05:25:47+00:00,446,6,15,True,True,True,1789536339
2026-09-16T05:25:47+00:00,424,0,9,True,True,True,1789536339
2026-09-16T05:25:47+00:00,455,3,9,True,True,True,1789536339
2026-09-16T05:25:47+00:00,457,0,9,True,True,True,1789536339
2026-09-16T05:25:47+00:00,377,11,15,True,True,True,1789536339
2026-09-16T05:25:47+00:00,738,7,5,True,True,True,1789536339
2026-09-16T05:25:47+00:00,460,17,11,True,True,True,1789536339
2026-09-16T05:25:47+00:00,744,6,0,True,True,True,1789536339
2026-09-16T05:25:47+00:00,485,3,11,True,True,True,1789536339
2026-09-16T05:40:47+00:00,6026,10,23,True,True,True,1789537244
2026-09-16T05:40:47+00:00,5431,9,11,True,True,True,1789537244
2026-09-16T05:40:47+00:00,5424,0,18,True,True,True,1789537244
2026-09-16T05:40:47+00:00,5220,0,20,True,True,True,1789537244
2026-09-16T05:40:47+00:00,5217,18,12,True,True,True,1789537244
2026-09-16T05:40:47+00:00,5113,1,13,True,True,True,1789537244
2026-09-16T05:40:47+00:00,4683,4,15,True,True,True,1789537244
2026-09-16T05:40:47+00:00,4552,10,7,True,True,True,1789537244
2026-09-16T05:40:47+00:00,3725,5,13,True,True,True,1789537244
2026-09-16T05:40:47+00:00,2358,5,8,True,True,True,1789537244
2026-09-16T05:40:47+00:00,2357,10,13,True,True,True,1789537244
2026-09-16T05:40:47+00:00,2355,11,1,True,True,True,1789537244
2026-09-16T05:40:47+00:00,2351,0,16,True,True,True,1789537244
2026-09-16T05:40:47+00:00,2350,5,17,True,True,True,1789537244
2026-09-16T05:40:47+00:00,2349,6,15,True,True,True,1789537244
2026-09-16T05:40:47+00:00,2347,17,13,True,True,True,1789537244
2026-09-16T05:40:47+00:00,2340,0,21,True,True,True,1789537244
2026-09-16T05:40:47+00:00,2339,8,20,True,True,True,1789537244
2026-09-16T05:40:47+00:00,2337,12,3,True,True,True,1789537244
2026-09-16T05:40:47+00:00,2334,0,11,True,True,True,1789537244
2026-09-16T05:40:47+00:00,2333,14,0,True,True,True,1789537244
2026-09-16T05:40:47+00:00,2332,2,10,True,True,True,1789537244
2026-09-16T05:40:47+00:00,2330,13,0,True,True,True,1789537244
2026-09-16T05:40:47+00:00,2329,15,0,True,True,True,1789537244
2026-09-16T05:40:47+00:00,2328,18,1,True,True,True,1789537244
2026-09-16T05:40:47+00:00,2315,16,1,True,True,True,1789537244
2026-09-16T05:40:47+00:00,2308,4,3,True,True,True,1789537244
2026-09-16T05:40:47+00:00,2307,1,29,True,True,True,1789537244
2026-09-16T05:40:47+00:00,2306,18,0,True,True,True,1789537244
2026-09-16T05:40:47+00:00,2305,1,13,True,True,True,1789537244
2026-09-16T05:40:47+00:00,2304,11,7,True,True,True,1789537244
2026-09-16T05:40:47+00:00,2280,10,1,True,True,True,1789537244
2026-09-16T05:40:47+00:00,2270,10,10,True,True,True,1789537244
2026-09-16T05:40:47+00:00,1919,6,0,True,True,True,1789537244
2026-09-16T05:40:47+00:00,1755,14,17,True,True,True,1789537244
2026-09-16T05:40:47+00:00,1101,9,13,True,True,True,1789537244
2026-09-16T05:40:47+00:00,1023,15,0,True,True,True,1789537244
2026-09-16T05:40:47+00:00,1009,1,8,True,True,True,1789537244
2026-09-16T05:40:47+00:00,970,20,4,True,True,True,1789537244
2026-09-16T05:40:47+00:00,787,8,4,True,True,True,1789537244
2026-09-16T05:40:47+00:00,627,11,19,True,True,True,1789537244
2026-09-16T05:40:47+00:00,623,9,9,True,True,True,1789537244
2026-09-16T05:40:47+00:00,624,10,9,True,True,True,1789537244
2026-09-16T05:40:47+00:00,626,7,15,True,True,True,1789537244
2026-09-16T05:40:47+00:00,614,1,22,True,True,True,1789537244
2026-09-16T05:40:47+00:00,616,13,2,True,True,True,1789537244
2026-09-16T05:40:47+00:00,618,0,39,True,True,True,1789537244
2026-09-16T05:40:47+00:00,621,1,24,True,True,True,1789537244
2026-09-16T05:40:47+00:00,622,0,25,True,True,True,1789537244
2026-09-16T05:40:47+00:00,613,5,13,True,True,True,1789537244
2026-09-16T05:40:47+00:00,620,1,39,True,True,True,1789537244
2026-09-16T05:40:47+00:00,596,6,11,True,True,True,1789537244
2026-09-16T05:40:47+00:00,617,5,12,True,True,True,1789537244
2026-09-16T05:40:47+00:00,609,3,24,True,True,True,1789537244
2026-09-16T05:40:47+00:00,607,7,18,True,True,True,1789537244
2026-09-16T05:40:47+00:00,603,1,16,True,True,True,1789537244
2026-09-16T05:40:47+00:00,590,17,20,True,True,True,1789537244
2026-09-16T05:40:47+00:00,610,2,18,True,True,True,1789537244
2026-09-16T05:40:47+00:00,608,2,18,True,True,True,1789537244
2026-09-16T05:40:47+00:00,593,15,15,True,True,True,1789537244
2026-09-16T05:40:47+00:00,530,4,4,True,True,True,1789537244
2026-09-16T05:40:47+00:00,463,3,16,True,True,True,1789537244
2026-09-16T05:40:47+00:00,475,16,8,True,True,True,1789537244
2026-09-16T05:40:47+00:00,439,3,22,True,True,True,1789537244
2026-09-16T05:40:47+00:00,600,9,2,True,True,True,1789537244
2026-09-16T05:40:47+00:00,440,7,9,True,True,True,1789537244
2026-09-16T05:40:47+00:00,612,0,17,True,True,True,1789537244
2026-09-16T05:40:47+00:00,491,17,1,True,True,True,1789537244
2026-09-16T05:40:47+00:00,493,9,15,True,True,True,1789537244
2026-09-16T05:40:47+00:00,410,20,6,True,True,True,1789537244
2026-09-16T05:40:47+00:00,605,9,8,True,True,True,1789537244
2026-09-16T05:40:47+00:00,388,3,15,True,True,True,1789537244
2026-09-16T05:40:47+00:00,591,15,9,True,True,True,1789537244
2026-09-16T05:40:47+00:00,592,0,17,True,True,True,1789537244
2026-09-16T05:40:47+00:00,585,13,3,True,True,True,1789537244
2026-09-16T05:40:47+00:00,565,1,16,True,True,True,1789537244
2026-09-16T05:40:47+00:00,571,12,8,True,True,True,1789537244
2026-09-16T05:40:47+00:00,568,1,13,True,True,True,1789537244
2026-09-16T05:40:47+00:00,588,0,18,True,True,True,1789537244
2026-09-16T05:40:47+00:00,584,7,27,True,True,True,1789537244
2026-09-16T05:40:47+00:00,569,8,21,True,True,True,1789537244
2026-09-16T05:40:47+00:00,577,25,5,True,True,True,1789537244
2026-09-16T05:40:47+00:00,564,2,27,True,True,True,1789537244
2026-09-16T05:40:47+00:00,570,2,12,True,True,True,1789537244
2026-09-16T05:40:47+00:00,572,15,22,True,True,True,1789537244
2026-09-16T05:40:47+00:00,586,22,2,True,True,True,1789537244
2026-09-16T05:40:47+00:00,576,3,15,True,True,True,1789537244
2026-09-16T05:40:47+00:00,566,9,15,True,True,True,1789537244
2026-09-16T05:40:47+00:00,602,1,16,True,True,True,1789537244
2026-09-16T05:40:47+00:00,575,1,27,True,True,True,1789537244
2026-09-16T05:40:47+00:00,567,5,31,True,True,True,1789537244
2026-09-16T05:40:47+00:00,582,4,22,True,True,True,1789537244
2026-09-16T05:40:47+00:00,595,18,4,True,True,True,1789537244
2026-09-16T05:40:47+00:00,542,6,12,True,True,True,1789537244
2026-09-16T05:40:47+00:00,563,17,0,True,True,True,1789537244
2026-09-16T05:40:47+00:00,558,3,11,True,True,True,1789537244
2026-09-16T05:40:47+00:00,552,17,1,True,True,True,1789537244
2026-09-16T05:40:47+00:00,555,1,13,True,True,True,1789537244
2026-09-16T05:40:47+00:00,573,6,18,True,True,True,1789537244
2026-09-16T05:40:47+00:00,561,1,19,True,True,True,1789537244
2026-09-16T05:40:47+00:00,615,15,6,True,True,True,1789537244
2026-09-16T05:40:47+00:00,543,2,16,True,True,True,1789537244
2026-09-16T05:40:47+00:00,554,1,19,True,True,True,1789537244
2026-09-16T05:40:47+00:00,574,6,6,True,True,True,1789537244
2026-09-16T05:40:47+00:00,560,2,6,True,True,True,1789537244
2026-09-16T05:40:47+00:00,548,4,12,True,True,True,1789537244
2026-09-16T05:40:47+00:00,559,8,8,True,True,True,1789537244
2026-09-16T05:40:47+00:00,545,6,32,True,True,True,1789537244
2026-09-16T05:40:47+00:00,550,1,8,True,True,True,1789537244
2026-09-16T05:40:47+00:00,541,8,1,True,True,True,1789537244
2026-09-16T05:40:47+00:00,527,8,3,True,True,True,1789537244
2026-09-16T05:40:47+00:00,529,1,18,True,True,True,1789537244
2026-09-16T05:40:47+00:00,526,13,1,True,True,True,1789537244
2026-09-16T05:40:47+00:00,537,14,3,True,True,True,1789537244
2026-09-16T05:40:47+00:00,547,28,2,True,True,True,1789537244
2026-09-16T05:40:47+00:00,601,1,17,True,True,True,1789537244
2026-09-16T05:40:47+00:00,533,7,5,True,True,True,1789537244
2026-09-16T05:40:47+00:00,535,0,25,True,True,True,1789537244
2026-09-16T05:40:47+00:00,524,0,20,True,True,True,1789537244
2026-09-16T05:40:47+00:00,519,15,7,True,True,True,1789537244
2026-09-16T05:40:47+00:00,534,1,37,True,True,True,1789537244
2026-09-16T05:40:47+00:00,521,7,6,True,True,True,1789537244
2026-09-16T05:40:47+00:00,518,0,17,True,True,True,1789537244
2026-09-16T05:40:47+00:00,556,0,18,True,True,True,1789537244
2026-09-16T05:40:47+00:00,525,0,14,True,True,True,1789537244
2026-09-16T05:40:47+00:00,517,0,14,True,True,True,1789537244
2026-09-16T05:40:47+00:00,523,19,11,True,True,True,1789537244
2026-09-16T05:40:47+00:00,522,3,6,True,True,True,1789537244
2026-09-16T05:40:47+00:00,594,7,12,True,True,True,1789537244
2026-09-16T05:40:47+00:00,532,0,19,True,True,True,1789537244
2026-09-16T05:40:47+00:00,509,3,9,True,True,True,1789537244
2026-09-16T05:40:47+00:00,531,1,14,True,True,True,1789537244
2026-09-16T05:40:47+00:00,536,2,5,True,True,True,1789537244
2026-09-16T05:40:47+00:00,562,3,34,True,True,True,1789537244
2026-09-16T05:40:47+00:00,511,19,1,True,True,True,1789537244
2026-09-16T05:40:47+00:00,505,0,17,True,True,True,1789537244
2026-09-16T05:40:47+00:00,501,0,17,True,True,True,1789537244
2026-09-16T05:40:47+00:00,514,0,12,True,True,True,1789537244
2026-09-16T05:40:47+00:00,500,3,14,True,True,True,1789537244
2026-09-16T05:40:47+00:00,503,16,13,True,True,True,1789537244
2026-09-16T05:40:47+00:00,513,0,13,True,True,True,1789537244
2026-09-16T05:40:47+00:00,498,3,8,True,True,True,1789537244
2026-09-16T05:40:47+00:00,507,5,14,True,True,True,1789537244
2026-09-16T05:40:47+00:00,512,9,15,True,True,True,1789537244
2026-09-16T05:40:47+00:00,619,1,40,True,True,True,1789537244
2026-09-16T05:40:47+00:00,474,11,30,True,True,True,1789537244
2026-09-16T05:40:47+00:00,580,25,16,True,True,True,1789537244
2026-09-16T05:40:47+00:00,496,18,23,True,True,True,1789537244
2026-09-16T05:40:47+00:00,482,2,16,True,True,True,1789537244
2026-09-16T05:40:47+00:00,407,6,5,True,True,True,1789537244
2026-09-16T05:40:47+00:00,409,7,14,True,True,True,1789537244
2026-09-16T05:40:47+00:00,451,0,19,True,True,True,1789537244
2026-09-16T05:40:47+00:00,402,3,14,True,True,True,1789537244
2026-09-16T05:40:47+00:00,516,1,13,True,True,True,1789537244
2026-09-16T05:40:47+00:00,625,6,36,True,True,True,1789537244
2026-09-16T05:40:47+00:00,429,12,8,True,True,True,1789537244
2026-09-16T05:40:47+00:00,380,4,16,True,True,True,1789537244
2026-09-16T05:40:47+00:00,583,10,8,True,True,True,1789537244
2026-09-16T05:40:47+00:00,398,0,14,True,True,True,1789537244
2026-09-16T05:40:47+00:00,381,4,11,True,True,True,1789537244
2026-09-16T05:40:47+00:00,464,13,30,True,True,True,1789537244
2026-09-16T05:40:47+00:00,442,13,1,True,True,True,1789537244
2026-09-16T05:40:47+00:00,483,11,10,True,True,True,1789537244
2026-09-16T05:40:47+00:00,458,0,14,True,True,True,1789537244
2026-09-16T05:40:47+00:00,499,1,14,True,True,True,1789537244
2026-09-16T05:40:47+00:00,472,18,2,True,True,True,1789537244
2026-09-16T05:40:47+00:00,506,1,25,True,True,True,1789537244
2026-09-16T05:40:47+00:00,465,5,5,True,True,True,1789537244
2026-09-16T05:40:47+00:00,611,7,32,True,True,True,1789537244
2026-09-16T05:40:47+00:00,404,7,17,True,True,True,1789537244
2026-09-16T05:40:47+00:00,579,2,12,True,True,True,1789537244
2026-09-16T05:40:47+00:00,589,7,16,True,True,True,1789537244
2026-09-16T05:40:47+00:00,434,2,13,True,True,True,1789537244
2026-09-16T05:40:47+00:00,462,0,13,True,True,True,1789537244
2026-09-16T05:40:47+00:00,578,4,20,True,True,True,1789537244
2026-09-16T05:40:47+00:00,415,0,11,True,True,True,1789537244
2026-09-16T05:40:47+00:00,423,10,9,True,True,True,1789537244
2026-09-16T05:40:47+00:00,412,8,0,True,True,True,1789537244
2026-09-16T05:40:47+00:00,387,13,2,True,True,True,1789537244
2026-09-16T05:40:47+00:00,441,3,11,True,True,True,1789537244
2026-09-16T05:40:47+00:00,454,2,17,True,True,True,1789537244
2026-09-16T05:40:47+00:00,436,0,11,True,True,True,1789537244
2026-09-16T05:40:47+00:00,394,1,17,True,True,True,1789537244
2026-09-16T05:40:47+00:00,497,17,10,True,True,True,1789537244
2026-09-16T05:40:47+00:00,581,12,8,True,True,True,1789537244
2026-09-16T05:40:47+00:00,461,0,20,True,True,True,1789537244
2026-09-16T05:40:47+00:00,599,18,30,True,True,True,1789537244
2026-09-16T05:40:47+00:00,428,7,16,True,True,True,1789537244
2026-09-16T05:40:47+00:00,400,2,22,True,True,True,1789537244
2026-09-16T05:40:47+00:00,487,1,18,True,True,True,1789537244
2026-09-16T05:40:47+00:00,438,19,20,True,True,True,1789537244
2026-09-16T05:40:47+00:00,459,0,8,True,True,True,1789537244
2026-09-16T05:40:47+00:00,433,3,15,True,True,True,1789537244
2026-09-16T05:40:47+00:00,399,16,12,True,True,True,1789537244
2026-09-16T05:40:47+00:00,489,1,27,True,True,True,1789537244
2026-09-16T05:40:47+00:00,742,21,6,True,True,True,1789537244
2026-09-16T05:40:47+00:00,551,22,10,True,True,True,1789537244
2026-09-16T05:40:47+00:00,406,0,7,True,True,True,1789537244
2026-09-16T05:40:47+00:00,488,9,13,True,True,True,1789537244
2026-09-16T05:40:47+00:00,540,0,35,True,True,True,1789537244
2026-09-16T05:40:47+00:00,431,5,10,True,True,True,1789537244
2026-09-16T05:40:47+00:00,393,2,17,True,True,True,1789537244
2026-09-16T05:40:47+00:00,420,0,19,True,True,True,1789537244
2026-09-16T05:40:47+00:00,397,18,13,True,True,True,1789537244
2026-09-16T05:40:47+00:00,390,12,18,True,True,True,1789537244
2026-09-16T05:40:47+00:00,449,14,10,True,True,True,1789537244
2026-09-16T05:40:47+00:00,430,10,32,True,True,True,1789537244
2026-09-16T05:40:47+00:00,484,12,20,True,True,True,1789537244
2026-09-16T05:40:47+00:00,479,12,17,True,True,True,1789537244
2026-09-16T05:40:47+00:00,403,0,14,True,True,True,1789537244
2026-09-16T05:40:47+00:00,435,4,24,True,True,True,1789537244
2026-09-16T05:40:47+00:00,426,10,10,True,True,True,1789537244
2026-09-16T05:40:47+00:00,450,0,14,True,True,True,1789537244
2026-09-16T05:40:47+00:00,456,5,27,True,True,True,1789537244
2026-09-16T05:40:47+00:00,468,8,5,True,True,True,1789537244
2026-09-16T05:40:47+00:00,453,4,26,True,True,True,1789537244
2026-09-16T05:40:47+00:00,466,1,13,True,True,True,1789537244
2026-09-16T05:40:47+00:00,469,0,28,True,True,True,1789537244
2026-09-16T05:40:47+00:00,416,0,15,True,True,True,1789537244
2026-09-16T05:40:47+00:00,391,1,12,True,True,True,1789537244
2026-09-16T05:40:47+00:00,389,0,16,True,True,True,1789537244
2026-09-16T05:40:47+00:00,470,3,11,True,True,True,1789537244
2026-09-16T05:40:47+00:00,384,11,5,True,True,True,1789537244
2026-09-16T05:40:47+00:00,425,2,6,True,True,True,1789537244
2026-09-16T05:40:47+00:00,411,1,10,True,True,True,1789537244
2026-09-16T05:40:47+00:00,598,0,31,True,True,True,1789537244
2026-09-16T05:40:47+00:00,444,13,3,True,True,True,1789537244
2026-09-16T05:40:47+00:00,447,3,27,True,True,True,1789537244
2026-09-16T05:40:47+00:00,408,6,7,True,True,True,1789537244
2026-09-16T05:40:47+00:00,737,20,3,True,True,True,1789537244
2026-09-16T05:40:47+00:00,432,6,5,True,True,True,1789537244
2026-09-16T05:40:47+00:00,401,4,2,True,True,True,1789537244
2026-09-16T05:40:47+00:00,452,7,23,True,True,True,1789537244
2026-09-16T05:40:47+00:00,392,1,7,True,True,True,1789537244
2026-09-16T05:40:47+00:00,481,9,33,True,True,True,1789537244
2026-09-16T05:40:47+00:00,495,25,15,True,True,True,1789537244
2026-09-16T05:40:47+00:00,478,10,0,True,True,True,1789537244
2026-09-16T05:40:47+00:00,414,9,1,True,True,True,1789537244
2026-09-16T05:40:47+00:00,476,4,13,True,True,True,1789537244
2026-09-16T05:40:47+00:00,445,11,6,True,True,True,1789537244
2026-09-16T05:40:47+00:00,748,2,27,True,True,True,1789537244
2026-09-16T05:40:47+00:00,473,1,6,True,True,True,1789537244
2026-09-16T05:40:47+00:00,383,18,10,True,True,True,1789537244
2026-09-16T05:40:47+00:00,480,5,19,True,True,True,1789537244
2026-09-16T05:40:47+00:00,421,9,12,True,True,True,1789537244
2026-09-16T05:40:47+00:00,746,4,4,True,True,True,1789537244
2026-09-16T05:40:47+00:00,417,0,11,True,True,True,1789537244
2026-09-16T05:40:47+00:00,427,1,11,True,True,True,1789537244
2026-09-16T05:40:47+00:00,395,0,13,True,True,True,1789537244
2026-09-16T05:40:47+00:00,418,2,25,True,True,True,1789537244
2026-09-16T05:40:47+00:00,413,2,11,True,True,True,1789537244
2026-09-16T05:40:47+00:00,486,3,20,True,True,True,1789537244
2026-09-16T05:40:47+00:00,597,4,6,True,True,True,1789537244
2026-09-16T05:40:47+00:00,422,1,11,True,True,True,1789537244
2026-09-16T05:40:47+00:00,382,1,8,True,True,True,1789537244
2026-09-16T05:40:47+00:00,396,5,16,True,True,True,1789537244
2026-09-16T05:40:47+00:00,735,9,3,True,True,True,1789537244
2026-09-16T05:40:47+00:00,437,3,21,True,True,True,1789537244
2026-09-16T05:40:47+00:00,446,4,17,True,True,True,1789537244
2026-09-16T05:40:47+00:00,424,0,9,True,True,True,1789537244
2026-09-16T05:40:47+00:00,455,3,9,True,True,True,1789537244
2026-09-16T05:40:47+00:00,457,0,9,True,True,True,1789537244
2026-09-16T05:40:47+00:00,377,11,15,True,True,True,1789537244
2026-09-16T05:40:47+00:00,738,7,5,True,True,True,1789537244
2026-09-16T05:40:47+00:00,460,17,11,True,True,True,1789537244
2026-09-16T05:40:47+00:00,744,4,2,True,True,True,1789537244
2026-09-16T05:40:47+00:00,485,3,11,True,True,True,1789537244
