polled_at_utc,station_id,num_bikes_available,num_docks_available,is_renting,is_returning,is_installed,last_reported
2026-09-23T00:27:04+00:00,6026,7,27,True,True,True,1790123215
2026-09-23T00:27:04+00:00,5431,1,20,True,True,True,1790123215
2026-09-23T00:27:04+00:00,5424,2,14,True,True,True,1790123215
2026-09-23T00:27:04+00:00,5220,0,19,True,True,True,1790123215
2026-09-23T00:27:04+00:00,5217,0,28,True,True,True,1790123215
2026-09-23T00:27:04+00:00,5113,8,4,True,True,True,1790123215
2026-09-23T00:27:04+00:00,4683,0,21,True,True,True,1790123215
2026-09-23T00:27:04+00:00,4552,0,18,True,True,True,1790123215
2026-09-23T00:27:04+00:00,3725,1,15,True,True,True,1790123215
2026-09-23T00:27:04+00:00,2358,1,10,True,True,True,1790123215
2026-09-23T00:27:04+00:00,2357,18,5,True,True,True,1790123215
2026-09-23T00:27:04+00:00,2355,1,10,True,True,True,1790123215
2026-09-23T00:27:04+00:00,2351,2,13,True,True,True,1790123215
2026-09-23T00:27:04+00:00,2350,0,24,True,True,True,1790123215
2026-09-23T00:27:04+00:00,2349,2,19,True,True,True,1790123215
2026-09-23T00:27:04+00:00,2347,3,26,True,True,True,1790123215
2026-09-23T00:27:04+00:00,2340,23,2,True,True,True,1790123215
2026-09-23T00:27:04+00:00,2339,20,9,True,True,True,1790123215
2026-09-23T00:27:04+00:00,2337,7,7,True,True,True,1790123215
2026-09-23T00:27:04+00:00,2334,1,11,True,True,True,1790123215
2026-09-23T00:27:04+00:00,2333,12,3,True,True,True,1790123215
2026-09-23T00:27:04+00:00,2332,2,9,True,True,True,1790123215
2026-09-23T00:27:04+00:00,2330,7,6,True,True,True,1790123215
2026-09-23T00:27:04+00:00,2329,7,8,True,True,True,1790123215
2026-09-23T00:27:04+00:00,2328,2,17,True,True,True,1790123215
2026-09-23T00:27:04+00:00,2315,16,1,True,True,True,1790123215
2026-09-23T00:27:04+00:00,2308,3,4,True,True,True,1790123215
2026-09-23T00:27:04+00:00,2307,1,29,True,True,True,1790123215
2026-09-23T00:27:04+00:00,2306,1,17,True,True,True,1790123215
2026-09-23T00:27:04+00:00,2305,6,8,True,True,True,1790123215
2026-09-23T00:27:04+00:00,2304,10,7,True,True,True,1790123215
2026-09-23T00:27:04+00:00,2280,12,0,True,True,True,1790123215
2026-09-23T00:27:04+00:00,2270,4,16,True,True,True,1790123215
2026-09-23T00:27:04+00:00,1919,0,6,True,True,True,1790123215
2026-09-23T00:27:04+00:00,1755,32,1,True,True,True,1790123215
2026-09-23T00:27:04+00:00,1101,13,9,True,True,True,1790123215
2026-09-23T00:27:04+00:00,1023,6,9,True,True,True,1790123215
2026-09-23T00:27:04+00:00,1009,3,6,True,True,True,1790123215
2026-09-23T00:27:04+00:00,970,11,13,True,True,True,1790123215
2026-09-23T00:27:04+00:00,787,6,6,True,True,True,1790123215
2026-09-23T00:27:04+00:00,627,11,17,True,True,True,1790123215
2026-09-23T00:27:04+00:00,623,1,17,True,True,True,1790123215
2026-09-23T00:27:04+00:00,624,5,13,True,True,True,1790123215
2026-09-23T00:27:04+00:00,626,5,18,True,True,True,1790123215
2026-09-23T00:27:04+00:00,614,5,19,True,True,True,1790123215
2026-09-23T00:27:04+00:00,616,11,4,True,True,True,1790123215
2026-09-23T00:27:04+00:00,618,0,40,True,True,True,1790123215
2026-09-23T00:27:04+00:00,621,14,13,True,True,True,1790123215
2026-09-23T00:27:04+00:00,622,5,19,True,True,True,1790123215
2026-09-23T00:27:04+00:00,613,7,10,True,True,True,1790123215
2026-09-23T00:27:04+00:00,620,20,16,True,True,True,1790123215
2026-09-23T00:27:04+00:00,596,8,10,True,True,True,1790123215
2026-09-23T00:27:04+00:00,617,10,6,True,True,True,1790123215
2026-09-23T00:27:04+00:00,609,2,24,True,True,True,1790123215
2026-09-23T00:27:04+00:00,607,23,5,True,True,True,1790123215
2026-09-23T00:27:04+00:00,603,4,12,True,True,True,1790123215
2026-09-23T00:27:04+00:00,590,1,37,True,True,True,1790123215
2026-09-23T00:27:04+00:00,610,16,4,True,True,True,1790123215
2026-09-23T00:27:04+00:00,608,5,15,True,True,True,1790123215
2026-09-23T00:27:04+00:00,593,2,28,True,True,True,1790123215
2026-09-23T00:27:04+00:00,530,5,2,True,True,True,1790123215
2026-09-23T00:27:04+00:00,463,19,0,True,True,True,1790123215
2026-09-23T00:27:04+00:00,475,18,5,True,True,True,1790123215
2026-09-23T00:27:04+00:00,439,2,21,True,True,True,1790123215
2026-09-23T00:27:04+00:00,600,7,3,True,True,True,1790123215
2026-09-23T00:27:04+00:00,440,16,0,True,True,True,1790123215
2026-09-23T00:27:04+00:00,612,9,7,True,True,True,1790123215
2026-09-23T00:27:04+00:00,491,12,6,True,True,True,1790123215
2026-09-23T00:27:04+00:00,493,19,7,True,True,True,1790123215
2026-09-23T00:27:04+00:00,410,24,1,True,True,True,1790123215
2026-09-23T00:27:04+00:00,605,0,18,True,True,True,1790123215
2026-09-23T00:27:04+00:00,388,6,12,True,True,True,1790123215
2026-09-23T00:27:04+00:00,591,1,23,True,True,True,1790123215
2026-09-23T00:27:04+00:00,592,6,11,True,True,True,1790123215
2026-09-23T00:27:04+00:00,585,15,1,True,True,True,1790123215
2026-09-23T00:27:04+00:00,565,5,12,True,True,True,1790123215
2026-09-23T00:27:04+00:00,571,0,19,True,True,True,1790123215
2026-09-23T00:27:04+00:00,568,4,11,True,True,True,1790123215
2026-09-23T00:27:04+00:00,588,2,18,True,True,True,1790123215
2026-09-23T00:27:04+00:00,584,9,25,True,True,True,1790123215
2026-09-23T00:27:04+00:00,569,14,15,True,True,True,1790123215
2026-09-23T00:27:04+00:00,577,1,28,True,True,True,1790123215
2026-09-23T00:27:04+00:00,564,1,27,True,True,True,1790123215
2026-09-23T00:27:04+00:00,570,3,11,True,True,True,1790123215
2026-09-23T00:27:04+00:00,572,4,32,True,True,True,1790123215
2026-09-23T00:27:04+00:00,586,25,0,True,True,True,1790123215
2026-09-23T00:27:04+00:00,576,16,2,True,True,True,1790123215
2026-09-23T00:27:04+00:00,566,17,6,True,True,True,1790123215
2026-09-23T00:27:04+00:00,602,3,14,True,True,True,1790123215
2026-09-23T00:27:04+00:00,575,0,27,True,True,True,1790123215
2026-09-23T00:27:04+00:00,567,0,38,True,True,True,1790123215
2026-09-23T00:27:04+00:00,582,1,25,True,True,True,1790123215
2026-09-23T00:27:04+00:00,595,8,14,True,True,True,1790123215
2026-09-23T00:27:04+00:00,542,9,10,True,True,True,1790123215
2026-09-23T00:27:04+00:00,563,10,5,True,True,True,1790123215
2026-09-23T00:27:04+00:00,558,9,4,True,True,True,1790123215
2026-09-23T00:27:04+00:00,552,18,0,True,True,True,1790123215
2026-09-23T00:27:04+00:00,555,8,6,True,True,True,1790123215
2026-09-23T00:27:04+00:00,573,15,9,True,True,True,1790123215
2026-09-23T00:27:04+00:00,561,15,7,True,True,True,1790123215
2026-09-23T00:27:04+00:00,615,18,3,True,True,True,1790123215
2026-09-23T00:27:04+00:00,543,0,20,True,True,True,1790123215
2026-09-23T00:27:04+00:00,554,0,18,True,True,True,1790123215
2026-09-23T00:27:04+00:00,574,0,12,True,True,True,1790123215
2026-09-23T00:27:04+00:00,560,3,4,True,True,True,1790123215
2026-09-23T00:27:04+00:00,548,3,14,True,True,True,1790123215
2026-09-23T00:27:04+00:00,559,14,3,True,True,True,1790123215
2026-09-23T00:27:04+00:00,545,14,24,True,True,True,1790123215
2026-09-23T00:27:04+00:00,550,1,7,True,True,True,1790123215
2026-09-23T00:27:04+00:00,541,6,6,True,True,True,1790123215
2026-09-23T00:27:04+00:00,527,5,6,True,True,True,1790123215
2026-09-23T00:27:04+00:00,529,1,19,True,True,True,1790123215
2026-09-23T00:27:04+00:00,526,3,9,True,True,True,1790123215
2026-09-23T00:27:04+00:00,537,5,13,True,True,True,1790123215
2026-09-23T00:27:04+00:00,547,8,22,True,True,True,1790123215
2026-09-23T00:27:04+00:00,601,0,18,True,True,True,1790123215
2026-09-23T00:27:04+00:00,533,4,7,True,True,True,1790123215
2026-09-23T00:27:04+00:00,535,0,26,True,True,True,1790123215
2026-09-23T00:27:04+00:00,524,1,18,True,True,True,1790123215
2026-09-23T00:27:04+00:00,519,22,1,True,True,True,1790123215
2026-09-23T00:27:04+00:00,534,12,26,True,True,True,1790123215
2026-09-23T00:27:04+00:00,521,12,1,True,True,True,1790123215
2026-09-23T00:27:04+00:00,518,1,15,True,True,True,1790123215
2026-09-23T00:27:04+00:00,556,1,16,True,True,True,1790123215
2026-09-23T00:27:04+00:00,525,0,15,True,True,True,1790123215
2026-09-23T00:27:04+00:00,517,2,13,True,True,True,1790123215
2026-09-23T00:27:04+00:00,523,20,10,True,True,True,1790123215
2026-09-23T00:27:04+00:00,522,8,1,True,True,True,1790123215
2026-09-23T00:27:04+00:00,594,7,11,True,True,True,1790123215
2026-09-23T00:27:04+00:00,532,10,11,True,True,True,1790123215
2026-09-23T00:27:04+00:00,509,0,12,True,True,True,1790123215
2026-09-23T00:27:04+00:00,531,2,12,True,True,True,1790123215
2026-09-23T00:27:04+00:00,536,0,8,True,True,True,1790123215
2026-09-23T00:27:04+00:00,562,1,39,True,True,True,1790123215
2026-09-23T00:27:04+00:00,511,1,17,True,True,True,1790123215
2026-09-23T00:27:04+00:00,505,7,14,True,True,True,1790123215
2026-09-23T00:27:04+00:00,501,3,13,True,True,True,1790123215
2026-09-23T00:27:04+00:00,514,9,3,True,True,True,1790123215
2026-09-23T00:27:04+00:00,500,0,17,True,True,True,1790123215
2026-09-23T00:27:04+00:00,503,27,3,True,True,True,1790123215
2026-09-23T00:27:04+00:00,513,0,15,True,True,True,1790123215
2026-09-23T00:27:04+00:00,498,0,12,True,True,True,1790123215
2026-09-23T00:27:04+00:00,507,20,0,True,True,True,1790123215
2026-09-23T00:27:04+00:00,512,13,16,True,True,True,1790123215
2026-09-23T00:27:04+00:00,619,0,42,True,True,True,1790123215
2026-09-23T00:27:04+00:00,474,1,40,True,True,True,1790123215
2026-09-23T00:27:04+00:00,580,2,43,True,True,True,1790123215
2026-09-23T00:27:04+00:00,496,8,35,True,True,True,1790123215
2026-09-23T00:27:04+00:00,482,3,15,True,True,True,1790123215
2026-09-23T00:27:04+00:00,407,2,10,True,True,True,1790123215
2026-09-23T00:27:04+00:00,409,14,10,True,True,True,1790123215
2026-09-23T00:27:04+00:00,451,9,11,True,True,True,1790123215
2026-09-23T00:27:04+00:00,402,2,18,True,True,True,1790123215
2026-09-23T00:27:04+00:00,516,7,6,True,True,True,1790123215
2026-09-23T00:27:04+00:00,625,11,30,True,True,True,1790123215
2026-09-23T00:27:04+00:00,429,2,18,True,True,True,1790123215
2026-09-23T00:27:04+00:00,380,2,21,True,True,True,1790123215
2026-09-23T00:27:04+00:00,583,8,9,True,True,True,1790123215
2026-09-23T00:27:04+00:00,398,6,7,True,True,True,1790123215
2026-09-23T00:27:04+00:00,381,11,4,True,True,True,1790123215
2026-09-23T00:27:04+00:00,464,22,22,True,True,True,1790123215
2026-09-23T00:27:04+00:00,442,15,3,True,True,True,1790123215
2026-09-23T00:27:04+00:00,483,11,9,True,True,True,1790123215
2026-09-23T00:27:04+00:00,458,7,8,True,True,True,1790123215
2026-09-23T00:27:04+00:00,499,8,8,True,True,True,1790123215
2026-09-23T00:27:04+00:00,472,2,20,True,True,True,1790123215
2026-09-23T00:27:04+00:00,506,6,21,True,True,True,1790123215
2026-09-23T00:27:04+00:00,465,5,24,True,True,True,1790123215
2026-09-23T00:27:04+00:00,611,6,32,True,True,True,1790123215
2026-09-23T00:27:04+00:00,404,2,21,True,True,True,1790123215
2026-09-23T00:27:04+00:00,579,7,8,True,True,True,1790123215
2026-09-23T00:27:04+00:00,589,2,24,True,True,True,1790123215
2026-09-23T00:27:04+00:00,434,2,18,True,True,True,1790123215
2026-09-23T00:27:04+00:00,462,3,10,True,True,True,1790123215
2026-09-23T00:27:04+00:00,578,6,18,True,True,True,1790123215
2026-09-23T00:27:04+00:00,415,1,10,True,True,True,1790123215
2026-09-23T00:27:04+00:00,423,20,0,True,True,True,1790123215
2026-09-23T00:27:04+00:00,412,6,0,True,True,True,1790123215
2026-09-23T00:27:04+00:00,387,10,5,True,True,True,1790123215
2026-09-23T00:27:04+00:00,441,0,15,True,True,True,1790123215
2026-09-23T00:27:04+00:00,454,6,14,True,True,True,1790123215
2026-09-23T00:27:04+00:00,436,7,6,True,True,True,1790123215
2026-09-23T00:27:04+00:00,394,11,9,True,True,True,1790123215
2026-09-23T00:27:04+00:00,497,4,23,True,True,True,1790123215
2026-09-23T00:27:04+00:00,581,15,6,True,True,True,1790123215
2026-09-23T00:27:04+00:00,461,9,10,True,True,True,1790123215
2026-09-23T00:27:04+00:00,599,19,29,True,True,True,1790123215
2026-09-23T00:27:04+00:00,428,6,17,True,True,True,1790123215
2026-09-23T00:27:04+00:00,400,8,15,True,True,True,1790123215
2026-09-23T00:27:04+00:00,487,3,18,True,True,True,1790123215
2026-09-23T00:27:04+00:00,438,3,38,True,True,True,1790123215
2026-09-23T00:27:04+00:00,459,0,9,True,True,True,1790123215
2026-09-23T00:27:04+00:00,433,3,15,True,True,True,1790123215
2026-09-23T00:27:04+00:00,399,19,11,True,True,True,1790123215
2026-09-23T00:27:04+00:00,489,18,10,True,True,True,1790123215
2026-09-23T00:27:04+00:00,742,16,12,True,True,True,1790123215
2026-09-23T00:27:04+00:00,551,13,19,True,True,True,1790123215
2026-09-23T00:27:04+00:00,406,7,5,True,True,True,1790123215
2026-09-23T00:27:04+00:00,488,5,18,True,True,True,1790123215
2026-09-23T00:27:04+00:00,540,10,24,True,True,True,1790123215
2026-09-23T00:27:04+00:00,431,7,12,True,True,True,1790123215
2026-09-23T00:27:04+00:00,393,3,18,True,True,True,1790123215
2026-09-23T00:27:04+00:00,420,6,10,True,True,True,1790123215
2026-09-23T00:27:04+00:00,397,3,30,True,True,True,1790123215
2026-09-23T00:27:04+00:00,390,14,14,True,True,True,1790123215
2026-09-23T00:27:04+00:00,449,3,21,True,True,True,1790123215
2026-09-23T00:27:04+00:00,430,26,15,True,True,True,1790123215
2026-09-23T00:27:04+00:00,484,11,22,True,True,True,1790123215
2026-09-23T00:27:04+00:00,479,4,25,True,True,True,1790123215
2026-09-23T00:27:04+00:00,403,5,7,True,True,True,1790123215
2026-09-23T00:27:04+00:00,435,2,25,True,True,True,1790123215
2026-09-23T00:27:04+00:00,426,1,18,True,True,True,1790123215
2026-09-23T00:27:04+00:00,450,2,12,True,True,True,1790123215
2026-09-23T00:27:04+00:00,456,7,27,True,True,True,1790123215
2026-09-23T00:27:04+00:00,468,15,0,True,True,True,1790123215
2026-09-23T00:27:04+00:00,453,0,31,True,True,True,1790123215
2026-09-23T00:27:04+00:00,466,1,13,True,True,True,1790123215
2026-09-23T00:27:04+00:00,469,1,27,True,True,True,1790123215
2026-09-23T00:27:04+00:00,416,2,12,True,True,True,1790123215
2026-09-23T00:27:04+00:00,391,4,9,True,True,True,1790123215
2026-09-23T00:27:04+00:00,389,0,15,True,True,True,1790123215
2026-09-23T00:27:04+00:00,470,3,12,True,True,True,1790123215
2026-09-23T00:27:04+00:00,384,5,10,True,True,True,1790123215
2026-09-23T00:27:04+00:00,425,5,2,True,True,True,1790123215
2026-09-23T00:27:04+00:00,411,3,9,True,True,True,1790123215
2026-09-23T00:27:04+00:00,598,19,12,True,True,True,1790123215
2026-09-23T00:27:04+00:00,444,15,1,True,True,True,1790123215
2026-09-23T00:27:04+00:00,447,25,4,True,True,True,1790123215
2026-09-23T00:27:04+00:00,408,14,1,True,True,True,1790123215
2026-09-23T00:27:04+00:00,737,19,5,True,True,True,1790123215
2026-09-23T00:27:04+00:00,432,2,9,True,True,True,1790123215
2026-09-23T00:27:04+00:00,401,6,0,True,True,True,1790123215
2026-09-23T00:27:04+00:00,452,0,29,True,True,True,1790123215
2026-09-23T00:27:04+00:00,392,5,2,True,True,True,1790123215
2026-09-23T00:27:04+00:00,481,22,20,True,True,True,1790123215
2026-09-23T00:27:04+00:00,495,23,18,True,True,True,1790123215
2026-09-23T00:27:04+00:00,478,2,11,True,True,True,1790123215
2026-09-23T00:27:04+00:00,414,0,11,True,True,True,1790123215
2026-09-23T00:27:04+00:00,476,11,9,True,True,True,1790123215
2026-09-23T00:27:04+00:00,445,8,8,True,True,True,1790123215
2026-09-23T00:27:04+00:00,748,5,21,True,True,True,1790123215
2026-09-23T00:27:04+00:00,473,1,5,True,True,True,1790123215
2026-09-23T00:27:04+00:00,383,17,10,True,True,True,1790123215
2026-09-23T00:27:04+00:00,480,24,1,True,True,True,1790123215
2026-09-23T00:27:04+00:00,421,17,2,True,True,True,1790123215
2026-09-23T00:27:04+00:00,746,0,8,True,True,True,1790123215
2026-09-23T00:27:04+00:00,417,5,9,True,True,True,1790123215
2026-09-23T00:27:04+00:00,427,8,3,True,True,True,1790123215
2026-09-23T00:27:04+00:00,395,2,11,True,True,True,1790123215
2026-09-23T00:27:04+00:00,418,13,13,True,True,True,1790123215
2026-09-23T00:27:04+00:00,413,2,8,True,True,True,1790123215
2026-09-23T00:27:04+00:00,486,7,15,True,True,True,1790123215
2026-09-23T00:27:04+00:00,597,10,3,True,True,True,1790123215
2026-09-23T00:27:04+00:00,422,8,3,True,True,True,1790123215
2026-09-23T00:27:04+00:00,382,7,0,True,True,True,1790123215
2026-09-23T00:27:04+00:00,396,0,22,True,True,True,1790123215
2026-09-23T00:27:04+00:00,735,13,1,True,True,True,1790123215
2026-09-23T00:27:04+00:00,437,1,23,True,True,True,1790123215
2026-09-23T00:27:04+00:00,446,4,18,True,True,True,1790123215
2026-09-23T00:27:04+00:00,424,4,2,True,True,True,1790123215
2026-09-23T00:27:04+00:00,455,12,0,True,True,True,1790123215
2026-09-23T00:27:04+00:00,457,5,4,True,True,True,1790123215
2026-09-23T00:27:04+00:00,377,5,21,True,True,True,1790123215
2026-09-23T00:27:04+00:00,738,11,1,True,True,True,1790123215
2026-09-23T00:27:04+00:00,460,26,0,True,True,True,1790123215
2026-09-23T00:27:04+00:00,744,5,3,True,True,True,1790123215
2026-09-23T00:27:04+00:00,485,13,4,True,True,True,1790123215
2026-09-23T00:42:04+00:00,6026,7,27,True,True,True,1790124116
2026-09-23T00:42:04+00:00,5431,1,20,True,True,True,1790124116
2026-09-23T00:42:04+00:00,5424,2,14,True,True,True,1790124116
2026-09-23T00:42:04+00:00,5220,0,19,True,True,True,1790124116
2026-09-23T00:42:04+00:00,5217,0,28,True,True,True,1790124116
2026-09-23T00:42:04+00:00,5113,8,4,True,True,True,1790124116
2026-09-23T00:42:04+00:00,4683,0,21,True,True,True,1790124116
2026-09-23T00:42:04+00:00,4552,0,18,True,True,True,1790124116
2026-09-23T00:42:04+00:00,3725,1,15,True,True,True,1790124116
2026-09-23T00:42:04+00:00,2358,1,10,True,True,True,1790124116
2026-09-23T00:42:04+00:00,2357,18,5,True,True,True,1790124116
2026-09-23T00:42:04+00:00,2355,1,10,True,True,True,1790124116
2026-09-23T00:42:04+00:00,2351,2,13,True,True,True,1790124116
2026-09-23T00:42:04+00:00,2350,0,24,True,True,True,1790124116
2026-09-23T00:42:04+00:00,2349,2,19,True,True,True,1790124116
2026-09-23T00:42:04+00:00,2347,3,26,True,True,True,1790124116
2026-09-23T00:42:04+00:00,2340,23,2,True,True,True,1790124116
2026-09-23T00:42:04+00:00,2339,20,9,True,True,True,1790124116
2026-09-23T00:42:04+00:00,2337,7,7,True,True,True,1790124116
2026-09-23T00:42:04+00:00,2334,1,11,True,True,True,1790124116
2026-09-23T00:42:04+00:00,2333,12,3,True,True,True,1790124116
2026-09-23T00:42:04+00:00,2332,2,9,True,True,True,1790124116
2026-09-23T00:42:04+00:00,2330,7,6,True,True,True,1790124116
2026-09-23T00:42:04+00:00,2329,7,8,True,True,True,1790124116
2026-09-23T00:42:04+00:00,2328,2,17,True,True,True,1790124116
2026-09-23T00:42:04+00:00,2315,16,1,True,True,True,1790124116
2026-09-23T00:42:04+00:00,2308,3,4,True,True,True,1790124116
2026-09-23T00:42:04+00:00,2307,1,29,True,True,True,1790124116
2026-09-23T00:42:04+00:00,2306,1,17,True,True,True,1790124116
2026-09-23T00:42:04+00:00,2305,6,8,True,True,True,1790124116
2026-09-23T00:42:04+00:00,2304,10,7,True,True,True,1790124116
2026-09-23T00:42:04+00:00,2280,12,0,True,True,True,1790124116
2026-09-23T00:42:04+00:00,2270,4,16,True,True,True,1790124116
2026-09-23T00:42:04+00:00,1919,0,6,True,True,True,1790124116
2026-09-23T00:42:04+00:00,1755,32,1,True,True,True,1790124116
2026-09-23T00:42:04+00:00,1101,13,9,True,True,True,1790124116
2026-09-23T00:42:04+00:00,1023,6,9,True,True,True,1790124116
2026-09-23T00:42:04+00:00,1009,3,6,True,True,True,1790124116
2026-09-23T00:42:04+00:00,970,11,13,True,True,True,1790124116
2026-09-23T00:42:04+00:00,787,6,6,True,True,True,1790124116
2026-09-23T00:42:04+00:00,627,11,17,True,True,True,1790124116
2026-09-23T00:42:04+00:00,623,1,17,True,True,True,1790124116
2026-09-23T00:42:04+00:00,624,5,13,True,True,True,1790124116
2026-09-23T00:42:04+00:00,626,5,18,True,True,True,1790124116
2026-09-23T00:42:04+00:00,614,5,19,True,True,True,1790124116
2026-09-23T00:42:04+00:00,616,11,4,True,True,True,1790124116
2026-09-23T00:42:04+00:00,618,0,40,True,True,True,1790124116
2026-09-23T00:42:04+00:00,621,14,13,True,True,True,1790124116
2026-09-23T00:42:04+00:00,622,5,19,True,True,True,1790124116
2026-09-23T00:42:04+00:00,613,7,10,True,True,True,1790124116
2026-09-23T00:42:04+00:00,620,20,16,True,True,True,1790124116
2026-09-23T00:42:04+00:00,596,8,10,True,True,True,1790124116
2026-09-23T00:42:04+00:00,617,10,6,True,True,True,1790124116
2026-09-23T00:42:04+00:00,609,2,24,True,True,True,1790124116
2026-09-23T00:42:04+00:00,607,23,5,True,True,True,1790124116
2026-09-23T00:42:04+00:00,603,4,12,True,True,True,1790124116
2026-09-23T00:42:04+00:00,590,1,37,True,True,True,1790124116
2026-09-23T00:42:04+00:00,610,16,4,True,True,True,1790124116
2026-09-23T00:42:04+00:00,608,5,15,True,True,True,1790124116
2026-09-23T00:42:04+00:00,593,2,28,True,True,True,1790124116
2026-09-23T00:42:04+00:00,530,5,2,True,True,True,1790124116
2026-09-23T00:42:04+00:00,463,19,0,True,True,True,1790124116
2026-09-23T00:42:04+00:00,475,18,5,True,True,True,1790124116
2026-09-23T00:42:04+00:00,439,2,21,True,True,True,1790124116
2026-09-23T00:42:04+00:00,600,7,3,True,True,True,1790124116
2026-09-23T00:42:04+00:00,440,16,0,True,True,True,1790124116
2026-09-23T00:42:04+00:00,612,9,7,True,True,True,1790124116
2026-09-23T00:42:04+00:00,491,12,6,True,True,True,1790124116
2026-09-23T00:42:04+00:00,493,19,7,True,True,True,1790124116
2026-09-23T00:42:04+00:00,410,24,1,True,True,True,1790124116
2026-09-23T00:42:04+00:00,605,0,18,True,True,True,1790124116
2026-09-23T00:42:04+00:00,388,6,12,True,True,True,1790124116
2026-09-23T00:42:04+00:00,591,1,23,True,True,True,1790124116
2026-09-23T00:42:04+00:00,592,6,11,True,True,True,1790124116
2026-09-23T00:42:04+00:00,585,15,1,True,True,True,1790124116
2026-09-23T00:42:04+00:00,565,5,12,True,True,True,1790124116
2026-09-23T00:42:04+00:00,571,0,19,True,True,True,1790124116
2026-09-23T00:42:04+00:00,568,4,11,True,True,True,1790124116
2026-09-23T00:42:04+00:00,588,2,18,True,True,True,1790124116
2026-09-23T00:42:04+00:00,584,9,25,True,True,True,1790124116
2026-09-23T00:42:04+00:00,569,14,15,True,True,True,1790124116
2026-09-23T00:42:04+00:00,577,1,28,True,True,True,1790124116
2026-09-23T00:42:04+00:00,564,1,27,True,True,True,1790124116
2026-09-23T00:42:04+00:00,570,3,11,True,True,True,1790124116
2026-09-23T00:42:04+00:00,572,4,32,True,True,True,1790124116
2026-09-23T00:42:04+00:00,586,25,0,True,True,True,1790124116
2026-09-23T00:42:04+00:00,576,16,2,True,True,True,1790124116
2026-09-23T00:42:04+00:00,566,17,6,True,True,True,1790124116
2026-09-23T00:42:04+00:00,602,3,14,True,True,True,1790124116
2026-09-23T00:42:04+00:00,575,0,27,True,True,True,1790124116
2026-09-23T00:42:04+00:00,567,0,38,True,True,True,1790124116
2026-09-23T00:42:04+00:00,582,1,25,True,True,True,1790124116
2026-09-23T00:42:04+00:00,595,8,14,True,True,True,1790124116
2026-09-23T00:42:04+00:00,542,9,10,True,True,True,1790124116
2026-09-23T00:42:04+00:00,563,10,5,True,True,True,1790124116
2026-09-23T00:42:04+00:00,558,9,4,True,True,True,1790124116
2026-09-23T00:42:04+00:00,552,18,0,True,True,True,1790124116
2026-09-23T00:42:04+00:00,555,8,6,True,True,True,1790124116
2026-09-23T00:42:04+00:00,573,15,9,True,True,True,1790124116
2026-09-23T00:42:04+00:00,561,15,7,True,True,True,1790124116
2026-09-23T00:42:04+00:00,615,18,3,True,True,True,1790124116
2026-09-23T00:42:04+00:00,543,0,20,True,True,True,1790124116
2026-09-23T00:42:04+00:00,554,0,18,True,True,True,1790124116
2026-09-23T00:42:04+00:00,574,0,12,True,True,True,1790124116
2026-09-23T00:42:04+00:00,560,3,4,True,True,True,1790124116
2026-09-23T00:42:04+00:00,548,3,14,True,True,True,1790124116
2026-09-23T00:42:04+00:00,559,14,3,True,True,True,1790124116
2026-09-23T00:42:04+00:00,545,14,24,True,True,True,1790124116
2026-09-23T00:42:04+00:00,550,1,7,True,True,True,1790124116
2026-09-23T00:42:04+00:00,541,6,6,True,True,True,1790124116
2026-09-23T00:42:04+00:00,527,5,6,True,True,True,1790124116
2026-09-23T00:42:04+00:00,529,1,19,True,True,True,1790124116
2026-09-23T00:42:04+00:00,526,3,9,True,True,True,1790124116
2026-09-23T00:42:04+00:00,537,5,13,True,True,True,1790124116
2026-09-23T00:42:04+00:00,547,8,22,True,True,True,1790124116
2026-09-23T00:42:04+00:00,601,0,18,True,True,True,1790124116
2026-09-23T00:42:04+00:00,533,4,7,True,True,True,1790124116
2026-09-23T00:42:04+00:00,535,0,26,True,True,True,1790124116
2026-09-23T00:42:04+00:00,524,1,18,True,True,True,1790124116
2026-09-23T00:42:04+00:00,519,22,1,True,True,True,1790124116
2026-09-23T00:42:04+00:00,534,12,26,True,True,True,1790124116
2026-09-23T00:42:04+00:00,521,12,1,True,True,True,1790124116
2026-09-23T00:42:04+00:00,518,1,15,True,True,True,1790124116
2026-09-23T00:42:04+00:00,556,1,16,True,True,True,1790124116
2026-09-23T00:42:04+00:00,525,0,15,True,True,True,1790124116
2026-09-23T00:42:04+00:00,517,2,13,True,True,True,1790124116
2026-09-23T00:42:04+00:00,523,20,10,True,True,True,1790124116
2026-09-23T00:42:04+00:00,522,8,1,True,True,True,1790124116
2026-09-23T00:42:04+00:00,594,7,11,True,True,True,1790124116
2026-09-23T00:42:04+00:00,532,10,11,True,True,True,1790124116
2026-09-23T00:42:04+00:00,509,0,12,True,True,True,1790124116
2026-09-23T00:42:04+00:00,531,2,12,True,True,True,1790124116
2026-09-23T00:42:04+00:00,536,0,8,True,True,True,1790124116
2026-09-23T00:42:04+00:00,562,1,39,True,True,True,1790124116
2026-09-23T00:42:04+00:00,511,1,17,True,True,True,1790124116
2026-09-23T00:42:04+00:00,505,7,14,True,True,True,1790124116
2026-09-23T00:42:04+00:00,501,3,13,True,True,True,1790124116
2026-09-23T00:42:04+00:00,514,9,3,True,True,True,1790124116
2026-09-23T00:42:04+00:00,500,0,17,True,True,True,1790124116
2026-09-23T00:42:04+00:00,503,27,3,True,True,True,1790124116
2026-09-23T00:42:04+00:00,513,0,15,True,True,True,1790124116
2026-09-23T00:42:04+00:00,498,0,12,True,True,True,1790124116
2026-09-23T00:42:04+00:00,507,20,0,True,True,True,1790124116
2026-09-23T00:42:04+00:00,512,13,16,True,True,True,1790124116
2026-09-23T00:42:04+00:00,619,0,42,True,True,True,1790124116
2026-09-23T00:42:04+00:00,474,1,40,True,True,True,1790124116
2026-09-23T00:42:04+00:00,580,2,43,True,True,True,1790124116
2026-09-23T00:42:04+00:00,496,8,35,True,True,True,1790124116
2026-09-23T00:42:04+00:00,482,3,15,True,True,True,1790124116
2026-09-23T00:42:04+00:00,407,2,10,True,True,True,1790124116
2026-09-23T00:42:04+00:00,409,14,10,True,True,True,1790124116
2026-09-23T00:42:04+00:00,451,9,11,True,True,True,1790124116
2026-09-23T00:42:04+00:00,402,2,18,True,True,True,1790124116
2026-09-23T00:42:04+00:00,516,7,6,True,True,True,1790124116
2026-09-23T00:42:04+00:00,625,11,30,True,True,True,1790124116
2026-09-23T00:42:04+00:00,429,2,18,True,True,True,1790124116
2026-09-23T00:42:04+00:00,380,2,21,True,True,True,1790124116
2026-09-23T00:42:04+00:00,583,8,9,True,True,True,1790124116
2026-09-23T00:42:04+00:00,398,6,7,True,True,True,1790124116
2026-09-23T00:42:04+00:00,381,11,4,True,True,True,1790124116
2026-09-23T00:42:04+00:00,464,22,22,True,True,True,1790124116
2026-09-23T00:42:04+00:00,442,15,3,True,True,True,1790124116
2026-09-23T00:42:04+00:00,483,11,9,True,True,True,1790124116
2026-09-23T00:42:04+00:00,458,7,8,True,True,True,1790124116
2026-09-23T00:42:04+00:00,499,8,8,True,True,True,1790124116
2026-09-23T00:42:04+00:00,472,2,20,True,True,True,1790124116
2026-09-23T00:42:04+00:00,506,6,21,True,True,True,1790124116
2026-09-23T00:42:04+00:00,465,5,24,True,True,True,1790124116
2026-09-23T00:42:04+00:00,611,6,32,True,True,True,1790124116
2026-09-23T00:42:04+00:00,404,2,21,True,True,True,1790124116
2026-09-23T00:42:04+00:00,579,7,8,True,True,True,1790124116
2026-09-23T00:42:04+00:00,589,2,24,True,True,True,1790124116
2026-09-23T00:42:04+00:00,434,2,18,True,True,True,1790124116
2026-09-23T00:42:04+00:00,462,3,10,True,True,True,1790124116
2026-09-23T00:42:04+00:00,578,6,18,True,True,True,1790124116
2026-09-23T00:42:04+00:00,415,1,10,True,True,True,1790124116
2026-09-23T00:42:04+00:00,423,20,0,True,True,True,1790124116
2026-09-23T00:42:04+00:00,412,6,0,True,True,True,1790124116
2026-09-23T00:42:04+00:00,387,10,5,True,True,True,1790124116
2026-09-23T00:42:04+00:00,441,0,15,True,True,True,1790124116
2026-09-23T00:42:04+00:00,454,6,14,True,True,True,1790124116
2026-09-23T00:42:04+00:00,436,7,6,True,True,True,1790124116
2026-09-23T00:42:04+00:00,394,11,9,True,True,True,1790124116
2026-09-23T00:42:04+00:00,497,4,23,True,True,True,1790124116
2026-09-23T00:42:04+00:00,581,15,6,True,True,True,1790124116
2026-09-23T00:42:04+00:00,461,9,10,True,True,True,1790124116
2026-09-23T00:42:04+00:00,599,19,29,True,True,True,1790124116
2026-09-23T00:42:04+00:00,428,6,17,True,True,True,1790124116
2026-09-23T00:42:04+00:00,400,8,15,True,True,True,1790124116
2026-09-23T00:42:04+00:00,487,3,18,True,True,True,1790124116
2026-09-23T00:42:04+00:00,438,3,38,True,True,True,1790124116
2026-09-23T00:42:04+00:00,459,0,9,True,True,True,1790124116
2026-09-23T00:42:04+00:00,433,3,15,True,True,True,1790124116
2026-09-23T00:42:04+00:00,399,19,11,True,True,True,1790124116
2026-09-23T00:42:04+00:00,489,18,10,True,True,True,1790124116
2026-09-23T00:42:04+00:00,742,16,12,True,True,True,1790124116
2026-09-23T00:42:04+00:00,551,13,19,True,True,True,1790124116
2026-09-23T00:42:04+00:00,406,7,5,True,True,True,1790124116
2026-09-23T00:42:04+00:00,488,5,18,True,True,True,1790124116
2026-09-23T00:42:04+00:00,540,10,24,True,True,True,1790124116
2026-09-23T00:42:04+00:00,431,7,12,True,True,True,1790124116
2026-09-23T00:42:04+00:00,393,3,18,True,True,True,1790124116
2026-09-23T00:42:04+00:00,420,6,10,True,True,True,1790124116
2026-09-23T00:42:04+00:00,397,3,30,True,True,True,1790124116
2026-09-23T00:42:04+00:00,390,14,14,True,True,True,1790124116
2026-09-23T00:42:04+00:00,449,3,21,True,True,True,1790124116
2026-09-23T00:42:04+00:00,430,26,15,True,True,True,1790124116
2026-09-23T00:42:04+00:00,484,11,22,True,True,True,1790124116
2026-09-23T00:42:04+00:00,479,4,25,True,True,True,1790124116
2026-09-23T00:42:04+00:00,403,5,7,True,True,True,1790124116
2026-09-23T00:42:04+00:00,435,2,25,True,True,True,1790124116
2026-09-23T00:42:04+00:00,426,1,18,True,True,True,1790124116
2026-09-23T00:42:04+00:00,450,2,12,True,True,True,1790124116
2026-09-23T00:42:04+00:00,456,7,27,True,True,True,1790124116
2026-09-23T00:42:04+00:00,468,15,0,True,True,True,1790124116
2026-09-23T00:42:04+00:00,453,0,31,True,True,True,1790124116
2026-09-23T00:42:04+00:00,466,1,13,True,True,True,1790124116
2026-09-23T00:42:04+00:00,469,1,27,True,True,True,1790124116
2026-09-23T00:42:04+00:00,416,2,12,True,True,True,1790124116
2026-09-23T00:42:04+00:00,391,4,9,True,True,True,1790124116
2026-09-23T00:42:04+00:00,389,0,15,True,True,True,1790124116
2026-09-23T00:42:04+00:00,470,3,12,True,True,True,1790124116
2026-09-23T00:42:04+00:00,384,5,10,True,True,True,1790124116
2026-09-23T00:42:04+00:00,425,5,2,True,True,True,1790124116
2026-09-23T00:42:04+00:00,411,3,9,True,True,True,1790124116
2026-09-23T00:42:04+00:00,598,19,12,True,True,True,1790124116
2026-09-23T00:42:04+00:00,444,15,1,True,True,True,1790124116
2026-09-23T00:42:04+00:00,447,25,4,True,True,True,1790124116
2026-09-23T00:42:04+00:00,408,14,1,True,True,True,1790124116
2026-09-23T00:42:04+00:00,737,19,5,True,True,True,1790124116
2026-09-23T00:42:04+00:00,432,2,9,True,True,True,1790124116
2026-09-23T00:42:04+00:00,401,6,0,True,True,True,1790124116
2026-09-23T00:42:04+00:00,452,0,29,True,True,True,1790124116
2026-09-23T00:42:04+00:00,392,5,2,True,True,True,1790124116
2026-09-23T00:42:04+00:00,481,22,20,True,True,True,1790124116
2026-09-23T00:42:04+00:00,495,23,18,True,True,True,1790124116
2026-09-23T00:42:04+00:00,478,2,11,True,True,True,1790124116
2026-09-23T00:42:04+00:00,414,0,11,True,True,True,1790124116
2026-09-23T00:42:04+00:00,476,11,9,True,True,True,1790124116
2026-09-23T00:42:04+00:00,445,8,8,True,True,True,1790124116
2026-09-23T00:42:04+00:00,748,5,21,True,True,True,1790124116
2026-09-23T00:42:04+00:00,473,1,5,True,True,True,1790124116
2026-09-23T00:42:04+00:00,383,17,10,True,True,True,1790124116
2026-09-23T00:42:04+00:00,480,24,1,True,True,True,1790124116
2026-09-23T00:42:04+00:00,421,17,2,True,True,True,1790124116
2026-09-23T00:42:04+00:00,746,0,8,True,True,True,1790124116
2026-09-23T00:42:04+00:00,417,5,9,True,True,True,1790124116
2026-09-23T00:42:04+00:00,427,8,3,True,True,True,1790124116
2026-09-23T00:42:04+00:00,395,2,11,True,True,True,1790124116
2026-09-23T00:42:04+00:00,418,13,13,True,True,True,1790124116
2026-09-23T00:42:04+00:00,413,2,8,True,True,True,1790124116
2026-09-23T00:42:04+00:00,486,7,15,True,True,True,1790124116
2026-09-23T00:42:04+00:00,597,10,3,True,True,True,1790124116
2026-09-23T00:42:04+00:00,422,8,3,True,True,True,1790124116
2026-09-23T00:42:04+00:00,382,7,0,True,True,True,1790124116
2026-09-23T00:42:04+00:00,396,0,22,True,True,True,1790124116
2026-09-23T00:42:04+00:00,735,13,1,True,True,True,1790124116
2026-09-23T00:42:04+00:00,437,1,23,True,True,True,1790124116
2026-09-23T00:42:04+00:00,446,4,18,True,True,True,1790124116
2026-09-23T00:42:04+00:00,424,4,2,True,True,True,1790124116
2026-09-23T00:42:04+00:00,455,12,0,True,True,True,1790124116
2026-09-23T00:42:04+00:00,457,5,4,True,True,True,1790124116
2026-09-23T00:42:04+00:00,377,5,21,True,True,True,1790124116
2026-09-23T00:42:04+00:00,738,11,1,True,True,True,1790124116
2026-09-23T00:42:04+00:00,460,26,0,True,True,True,1790124116
2026-09-23T00:42:04+00:00,744,5,3,True,True,True,1790124116
2026-09-23T00:42:04+00:00,485,13,4,True,True,True,1790124116
2026-09-23T00:57:04+00:00,6026,7,27,True,True,True,1790125016
2026-09-23T00:57:04+00:00,5431,1,20,True,True,True,1790125016
2026-09-23T00:57:04+00:00,5424,2,14,True,True,True,1790125016
2026-09-23T00:57:04+00:00,5220,0,19,True,True,True,1790125016
2026-09-23T00:57:04+00:00,5217,0,28,True,True,True,1790125016
2026-09-23T00:57:04+00:00,5113,8,4,True,True,True,1790125016
2026-09-23T00:57:04+00:00,4683,0,21,True,True,True,1790125016
2026-09-23T00:57:04+00:00,4552,0,18,True,True,True,1790125016
2026-09-23T00:57:04+00:00,3725,1,15,True,True,True,1790125016
2026-09-23T00:57:04+00:00,2358,1,10,True,True,True,1790125016
2026-09-23T00:57:04+00:00,2357,18,5,True,True,True,1790125016
2026-09-23T00:57:04+00:00,2355,1,10,True,True,True,1790125016
2026-09-23T00:57:04+00:00,2351,2,13,True,True,True,1790125016
2026-09-23T00:57:04+00:00,2350,0,24,True,True,True,1790125016
2026-09-23T00:57:04+00:00,2349,2,19,True,True,True,1790125016
2026-09-23T00:57:04+00:00,2347,3,26,True,True,True,1790125016
2026-09-23T00:57:04+00:00,2340,23,2,True,True,True,1790125016
2026-09-23T00:57:04+00:00,2339,20,9,True,True,True,1790125016
2026-09-23T00:57:04+00:00,2337,7,7,True,True,True,1790125016
2026-09-23T00:57:04+00:00,2334,1,11,True,True,True,1790125016
2026-09-23T00:57:04+00:00,2333,12,3,True,True,True,1790125016
2026-09-23T00:57:04+00:00,2332,2,9,True,True,True,1790125016
2026-09-23T00:57:04+00:00,2330,7,6,True,True,True,1790125016
2026-09-23T00:57:04+00:00,2329,7,8,True,True,True,1790125016
2026-09-23T00:57:04+00:00,2328,2,17,True,True,True,1790125016
2026-09-23T00:57:04+00:00,2315,16,1,True,True,True,1790125016
2026-09-23T00:57:04+00:00,2308,3,4,True,True,True,1790125016
2026-09-23T00:57:04+00:00,2307,1,29,True,True,True,1790125016
2026-09-23T00:57:04+00:00,2306,1,17,True,True,True,1790125016
2026-09-23T00:57:04+00:00,2305,6,8,True,True,True,1790125016
2026-09-23T00:57:04+00:00,2304,10,7,True,True,True,1790125016
2026-09-23T00:57:04+00:00,2280,12,0,True,True,True,1790125016
2026-09-23T00:57:04+00:00,2270,4,16,True,True,True,1790125016
2026-09-23T00:57:04+00:00,1919,0,6,True,True,True,1790125016
2026-09-23T00:57:04+00:00,1755,32,1,True,True,True,1790125016
2026-09-23T00:57:04+00:00,1101,13,9,True,True,True,1790125016
2026-09-23T00:57:04+00:00,1023,6,9,True,True,True,1790125016
2026-09-23T00:57:04+00:00,1009,3,6,True,True,True,1790125016
2026-09-23T00:57:04+00:00,970,11,13,True,True,True,1790125016
2026-09-23T00:57:04+00:00,787,6,6,True,True,True,1790125016
2026-09-23T00:57:04+00:00,627,11,17,True,True,True,1790125016
2026-09-23T00:57:04+00:00,623,1,17,True,True,True,1790125016
2026-09-23T00:57:04+00:00,624,5,13,True,True,True,1790125016
2026-09-23T00:57:04+00:00,626,5,18,True,True,True,1790125016
2026-09-23T00:57:04+00:00,614,5,19,True,True,True,1790125016
2026-09-23T00:57:04+00:00,616,11,4,True,True,True,1790125016
2026-09-23T00:57:04+00:00,618,0,40,True,True,True,1790125016
2026-09-23T00:57:04+00:00,621,14,13,True,True,True,1790125016
2026-09-23T00:57:04+00:00,622,5,19,True,True,True,1790125016
2026-09-23T00:57:04+00:00,613,7,10,True,True,True,1790125016
2026-09-23T00:57:04+00:00,620,20,16,True,True,True,1790125016
2026-09-23T00:57:04+00:00,596,8,10,True,True,True,1790125016
2026-09-23T00:57:04+00:00,617,10,6,True,True,True,1790125016
2026-09-23T00:57:04+00:00,609,2,24,True,True,True,1790125016
2026-09-23T00:57:04+00:00,607,23,5,True,True,True,1790125016
2026-09-23T00:57:04+00:00,603,4,12,True,True,True,1790125016
2026-09-23T00:57:04+00:00,590,1,37,True,True,True,1790125016
2026-09-23T00:57:04+00:00,610,16,4,True,True,True,1790125016
2026-09-23T00:57:04+00:00,608,5,15,True,True,True,1790125016
2026-09-23T00:57:04+00:00,593,2,28,True,True,True,1790125016
2026-09-23T00:57:04+00:00,530,5,2,True,True,True,1790125016
2026-09-23T00:57:04+00:00,463,19,0,True,True,True,1790125016
2026-09-23T00:57:04+00:00,475,18,5,True,True,True,1790125016
2026-09-23T00:57:04+00:00,439,2,21,True,True,True,1790125016
2026-09-23T00:57:04+00:00,600,7,3,True,True,True,1790125016
2026-09-23T00:57:04+00:00,440,16,0,True,True,True,1790125016
2026-09-23T00:57:04+00:00,612,9,7,True,True,True,1790125016
2026-09-23T00:57:04+00:00,491,12,6,True,True,True,1790125016
2026-09-23T00:57:04+00:00,493,19,7,True,True,True,1790125016
2026-09-23T00:57:04+00:00,410,24,1,True,True,True,1790125016
2026-09-23T00:57:04+00:00,605,0,18,True,True,True,1790125016
2026-09-23T00:57:04+00:00,388,6,12,True,True,True,1790125016
2026-09-23T00:57:04+00:00,591,1,23,True,True,True,1790125016
2026-09-23T00:57:04+00:00,592,6,11,True,True,True,1790125016
2026-09-23T00:57:04+00:00,585,15,1,True,True,True,1790125016
2026-09-23T00:57:04+00:00,565,5,12,True,True,True,1790125016
2026-09-23T00:57:04+00:00,571,0,19,True,True,True,1790125016
2026-09-23T00:57:04+00:00,568,4,11,True,True,True,1790125016
2026-09-23T00:57:04+00:00,588,2,18,True,True,True,1790125016
2026-09-23T00:57:04+00:00,584,9,25,True,True,True,1790125016
2026-09-23T00:57:04+00:00,569,14,15,True,True,True,1790125016
2026-09-23T00:57:04+00:00,577,1,28,True,True,True,1790125016
2026-09-23T00:57:04+00:00,564,1,27,True,True,True,1790125016
2026-09-23T00:57:04+00:00,570,3,11,True,True,True,1790125016
2026-09-23T00:57:04+00:00,572,4,32,True,True,True,1790125016
2026-09-23T00:57:04+00:00,586,25,0,True,True,True,1790125016
2026-09-23T00:57:04+00:00,576,16,2,True,True,True,1790125016
2026-09-23T00:57:04+00:00,566,17,6,True,True,True,1790125016
2026-09-23T00:57:04+00:00,602,3,14,True,True,True,1790125016
2026-09-23T00:57:04+00:00,575,0,27,True,True,True,1790125016
2026-09-23T00:57:04+00:00,567,0,38,True,True,True,1790125016
2026-09-23T00:57:04+00:00,582,1,25,True,True,True,1790125016
2026-09-23T00:57:04+00:00,595,8,14,True,True,True,1790125016
2026-09-23T00:57:04+00:00,542,9,10,True,True,True,1790125016
2026-09-23T00:57:04+00:00,563,10,5,True,True,True,1790125016
2026-09-23T00:57:04+00:00,558,9,4,True,True,True,1790125016
2026-09-23T00:57:04+00:00,552,18,0,True,True,True,1790125016
2026-09-23T00:57:04+00:00,555,8,6,True,True,True,1790125016
2026-09-23T00:57:04+00:00,573,15,9,True,True,True,1790125016
2026-09-23T00:57:04+00:00,561,15,7,True,True,True,1790125016
2026-09-23T00:57:04+00:00,615,18,3,True,True,True,1790125016
2026-09-23T00:57:04+00:00,543,0,20,True,True,True,1790125016
2026-09-23T00:57:04+00:00,554,0,18,True,True,True,1790125016
2026-09-23T00:57:04+00:00,574,0,12,True,True,True,1790125016
2026-09-23T00:57:04+00:00,560,3,4,True,True,True,1790125016
2026-09-23T00:57:04+00:00,548,3,14,True,True,True,1790125016
2026-09-23T00:57:04+00:00,559,14,3,True,True,True,1790125016
2026-09-23T00:57:04+00:00,545,14,24,True,True,True,1790125016
2026-09-23T00:57:04+00:00,550,1,7,True,True,True,1790125016
2026-09-23T00:57:04+00:00,541,6,6,True,True,True,1790125016
2026-09-23T00:57:04+00:00,527,5,6,True,True,True,1790125016
2026-09-23T00:57:04+00:00,529,1,19,True,True,True,1790125016
2026-09-23T00:57:04+00:00,526,3,9,True,True,True,1790125016
2026-09-23T00:57:04+00:00,537,5,13,True,True,True,1790125016
2026-09-23T00:57:04+00:00,547,8,22,True,True,True,1790125016
2026-09-23T00:57:04+00:00,601,0,18,True,True,True,1790125016
2026-09-23T00:57:04+00:00,533,4,7,True,True,True,1790125016
2026-09-23T00:57:04+00:00,535,0,26,True,True,True,1790125016
2026-09-23T00:57:04+00:00,524,1,18,True,True,True,1790125016
2026-09-23T00:57:04+00:00,519,22,1,True,True,True,1790125016
2026-09-23T00:57:04+00:00,534,12,26,True,True,True,1790125016
2026-09-23T00:57:04+00:00,521,12,1,True,True,True,1790125016
2026-09-23T00:57:04+00:00,518,1,15,True,True,True,1790125016
2026-09-23T00:57:04+00:00,556,1,16,True,True,True,1790125016
2026-09-23T00:57:04+00:00,525,0,15,True,True,True,1790125016
2026-09-23T00:57:04+00:00,517,2,13,True,True,True,1790125016
2026-09-23T00:57:04+00:00,523,20,10,True,True,True,1790125016
2026-09-23T00:57:04+00:00,522,8,1,True,True,True,1790125016
2026-09-23T00:57:04+00:00,594,7,11,True,True,True,1790125016
2026-09-23T00:57:04+00:00,532,10,11,True,True,True,1790125016
2026-09-23T00:57:04+00:00,509,0,12,True,True,True,1790125016
2026-09-23T00:57:04+00:00,531,2,12,True,True,True,1790125016
2026-09-23T00:57:04+00:00,536,0,8,True,True,True,1790125016
2026-09-23T00:57:04+00:00,562,1,39,True,True,True,1790125016
2026-09-23T00:57:04+00:00,511,1,17,True,True,True,1790125016
2026-09-23T00:57:04+00:00,505,7,14,True,True,True,1790125016
2026-09-23T00:57:04+00:00,501,3,13,True,True,True,1790125016
2026-09-23T00:57:04+00:00,514,9,3,True,True,True,1790125016
2026-09-23T00:57:04+00:00,500,0,17,True,True,True,1790125016
2026-09-23T00:57:04+00:00,503,27,3,True,True,True,1790125016
2026-09-23T00:57:04+00:00,513,0,15,True,True,True,1790125016
2026-09-23T00:57:04+00:00,498,0,12,True,True,True,1790125016
2026-09-23T00:57:04+00:00,507,20,0,True,True,True,1790125016
2026-09-23T00:57:04+00:00,512,13,16,True,True,True,1790125016
2026-09-23T00:57:04+00:00,619,0,42,True,True,True,1790125016
2026-09-23T00:57:04+00:00,474,1,40,True,True,True,1790125016
2026-09-23T00:57:04+00:00,580,2,43,True,True,True,1790125016
2026-09-23T00:57:04+00:00,496,8,35,True,True,True,1790125016
2026-09-23T00:57:04+00:00,482,3,15,True,True,True,1790125016
2026-09-23T00:57:04+00:00,407,2,10,True,True,True,1790125016
2026-09-23T00:57:04+00:00,409,14,10,True,True,True,1790125016
2026-09-23T00:57:04+00:00,451,9,11,True,True,True,1790125016
2026-09-23T00:57:04+00:00,402,2,18,True,True,True,1790125016
2026-09-23T00:57:04+00:00,516,7,6,True,True,True,1790125016
2026-09-23T00:57:04+00:00,625,11,30,True,True,True,1790125016
2026-09-23T00:57:04+00:00,429,2,18,True,True,True,1790125016
2026-09-23T00:57:04+00:00,380,2,21,True,True,True,1790125016
2026-09-23T00:57:04+00:00,583,8,9,True,True,True,1790125016
2026-09-23T00:57:04+00:00,398,6,7,True,True,True,1790125016
2026-09-23T00:57:04+00:00,381,11,4,True,True,True,1790125016
2026-09-23T00:57:04+00:00,464,22,22,True,True,True,1790125016
2026-09-23T00:57:04+00:00,442,15,3,True,True,True,1790125016
2026-09-23T00:57:04+00:00,483,11,9,True,True,True,1790125016
2026-09-23T00:57:04+00:00,458,7,8,True,True,True,1790125016
2026-09-23T00:57:04+00:00,499,8,8,True,True,True,1790125016
2026-09-23T00:57:04+00:00,472,2,20,True,True,True,1790125016
2026-09-23T00:57:04+00:00,506,6,21,True,True,True,1790125016
2026-09-23T00:57:04+00:00,465,5,24,True,True,True,1790125016
2026-09-23T00:57:04+00:00,611,6,32,True,True,True,1790125016
2026-09-23T00:57:04+00:00,404,2,21,True,True,True,1790125016
2026-09-23T00:57:04+00:00,579,7,8,True,True,True,1790125016
2026-09-23T00:57:04+00:00,589,2,24,True,True,True,1790125016
2026-09-23T00:57:04+00:00,434,2,18,True,True,True,1790125016
2026-09-23T00:57:04+00:00,462,3,10,True,True,True,1790125016
2026-09-23T00:57:04+00:00,578,6,18,True,True,True,1790125016
2026-09-23T00:57:04+00:00,415,1,10,True,True,True,1790125016
2026-09-23T00:57:04+00:00,423,20,0,True,True,True,1790125016
2026-09-23T00:57:04+00:00,412,6,0,True,True,True,1790125016
2026-09-23T00:57:04+00:00,387,10,5,True,True,True,1790125016
2026-09-23T00:57:04+00:00,441,0,15,True,True,True,1790125016
2026-09-23T00:57:04+00:00,454,6,14,True,True,True,1790125016
2026-09-23T00:57:04+00:00,436,7,6,True,True,True,1790125016
2026-09-23T00:57:04+00:00,394,11,9,True,True,True,1790125016
2026-09-23T00:57:04+00:00,497,4,23,True,True,True,1790125016
2026-09-23T00:57:04+00:00,581,15,6,True,True,True,1790125016
2026-09-23T00:57:04+00:00,461,9,10,True,True,True,1790125016
2026-09-23T00:57:04+00:00,599,19,29,True,True,True,1790125016
2026-09-23T00:57:04+00:00,428,6,17,True,True,True,1790125016
2026-09-23T00:57:04+00:00,400,8,15,True,True,True,1790125016
2026-09-23T00:57:04+00:00,487,3,18,True,True,True,1790125016
2026-09-23T00:57:04+00:00,438,3,38,True,True,True,1790125016
2026-09-23T00:57:04+00:00,459,0,9,True,True,True,1790125016
2026-09-23T00:57:04+00:00,433,3,15,True,True,True,1790125016
2026-09-23T00:57:04+00:00,399,19,11,True,True,True,1790125016
2026-09-23T00:57:04+00:00,489,18,10,True,True,True,1790125016
2026-09-23T00:57:04+00:00,742,16,12,True,True,True,1790125016
2026-09-23T00:57:04+00:00,551,13,19,True,True,True,1790125016
2026-09-23T00:57:04+00:00,406,7,5,True,True,True,1790125016
2026-09-23T00:57:04+00:00,488,5,18,True,True,True,1790125016
2026-09-23T00:57:04+00:00,540,10,24,True,True,True,1790125016
2026-09-23T00:57:04+00:00,431,7,12,True,True,True,1790125016
2026-09-23T00:57:04+00:00,393,3,18,True,True,True,1790125016
2026-09-23T00:57:04+00:00,420,6,10,True,True,True,1790125016
2026-09-23T00:57:04+00:00,397,3,30,True,True,True,1790125016
2026-09-23T00:57:04+00:00,390,14,14,True,True,True,1790125016
2026-09-23T00:57:04+00:00,449,3,21,True,True,True,1790125016
2026-09-23T00:57:04+00:00,430,26,15,True,True,True,1790125016
2026-09-23T00:57:04+00:00,484,11,22,True,True,True,1790125016
2026-09-23T00:57:04+00:00,479,4,25,True,True,True,1790125016
2026-09-23T00:57:04+00:00,403,5,7,True,True,True,1790125016
2026-09-23T00:57:04+00:00,435,2,25,True,True,True,1790125016
2026-09-23T00:57:04+00:00,426,1,18,True,True,True,1790125016
2026-09-23T00:57:04+00:00,450,2,12,True,True,True,1790125016
2026-09-23T00:57:04+00:00,456,7,27,True,True,True,1790125016
2026-09-23T00:57:04+00:00,468,15,0,True,True,True,1790125016
2026-09-23T00:57:04+00:00,453,0,31,True,True,True,1790125016
2026-09-23T00:57:04+00:00,466,1,13,True,True,True,1790125016
2026-09-23T00:57:04+00:00,469,1,27,True,True,True,1790125016
2026-09-23T00:57:04+00:00,416,2,12,True,True,True,1790125016
2026-09-23T00:57:04+00:00,391,4,9,True,True,True,1790125016
2026-09-23T00:57:04+00:00,389,0,15,True,True,True,1790125016
2026-09-23T00:57:04+00:00,470,3,12,True,True,True,1790125016
2026-09-23T00:57:04+00:00,384,5,11,True,True,True,1790125016
2026-09-23T00:57:04+00:00,425,5,2,True,True,True,1790125016
2026-09-23T00:57:04+00:00,411,3,9,True,True,True,1790125016
2026-09-23T00:57:04+00:00,598,19,12,True,True,True,1790125016
2026-09-23T00:57:04+00:00,444,15,1,True,True,True,1790125016
2026-09-23T00:57:04+00:00,447,25,4,True,True,True,1790125016
2026-09-23T00:57:04+00:00,408,14,1,True,True,True,1790125016
2026-09-23T00:57:04+00:00,737,19,5,True,True,True,1790125016
2026-09-23T00:57:04+00:00,432,2,9,True,True,True,1790125016
2026-09-23T00:57:04+00:00,401,6,0,True,True,True,1790125016
2026-09-23T00:57:04+00:00,452,0,29,True,True,True,1790125016
2026-09-23T00:57:04+00:00,392,5,2,True,True,True,1790125016
2026-09-23T00:57:04+00:00,481,22,20,True,True,True,1790125016
2026-09-23T00:57:04+00:00,495,23,18,True,True,True,1790125016
2026-09-23T00:57:04+00:00,478,2,11,True,True,True,1790125016
2026-09-23T00:57:04+00:00,414,0,11,True,True,True,1790125016
2026-09-23T00:57:04+00:00,476,11,9,True,True,True,1790125016
2026-09-23T00:57:04+00:00,445,8,8,True,True,True,1790125016
2026-09-23T00:57:04+00:00,748,5,21,True,True,True,1790125016
2026-09-23T00:57:04+00:00,473,1,5,True,True,True,1790125016
2026-09-23T00:57:04+00:00,383,17,10,True,True,True,1790125016
2026-09-23T00:57:04+00:00,480,24,1,True,True,True,1790125016
2026-09-23T00:57:04+00:00,421,17,2,True,True,True,1790125016
2026-09-23T00:57:04+00:00,746,0,8,True,True,True,1790125016
2026-09-23T00:57:04+00:00,417,5,9,True,True,True,1790125016
2026-09-23T00:57:04+00:00,427,8,3,True,True,True,1790125016
2026-09-23T00:57:04+00:00,395,2,11,True,True,True,1790125016
2026-09-23T00:57:04+00:00,418,13,13,True,True,True,1790125016
2026-09-23T00:57:04+00:00,413,2,8,True,True,True,1790125016
2026-09-23T00:57:04+00:00,486,7,15,True,True,True,1790125016
2026-09-23T00:57:04+00:00,597,10,3,True,True,True,1790125016
2026-09-23T00:57:04+00:00,422,8,3,True,True,True,1790125016
2026-09-23T00:57:04+00:00,382,7,0,True,True,True,1790125016
2026-09-23T00:57:04+00:00,396,0,22,True,True,True,1790125016
2026-09-23T00:57:04+00:00,735,13,1,True,True,True,1790125016
2026-09-23T00:57:04+00:00,437,1,23,True,True,True,1790125016
2026-09-23T00:57:04+00:00,446,4,18,True,True,True,1790125016
2026-09-23T00:57:04+00:00,424,4,2,True,True,True,1790125016
2026-09-23T00:57:04+00:00,455,12,0,True,True,True,1790125016
2026-09-23T00:57:04+00:00,457,5,4,True,True,True,1790125016
2026-09-23T00:57:04+00:00,377,5,21,True,True,True,1790125016
2026-09-23T00:57:04+00:00,738,11,1,True,True,True,1790125016
2026-09-23T00:57:04+00:00,460,26,0,True,True,True,1790125016
2026-09-23T00:57:04+00:00,744,5,3,True,True,True,1790125016
2026-09-23T00:57:04+00:00,485,13,4,True,True,True,1790125016
2026-09-23T01:12:04+00:00,6026,7,27,True,True,True,1790125913
2026-09-23T01:12:04+00:00,5431,1,20,True,True,True,1790125913
2026-09-23T01:12:04+00:00,5424,2,14,True,True,True,1790125913
2026-09-23T01:12:04+00:00,5220,0,19,True,True,True,1790125913
2026-09-23T01:12:04+00:00,5217,0,28,True,True,True,1790125913
2026-09-23T01:12:04+00:00,5113,8,4,True,True,True,1790125913
2026-09-23T01:12:04+00:00,4683,0,21,True,True,True,1790125913
2026-09-23T01:12:04+00:00,4552,0,18,True,True,True,1790125913
2026-09-23T01:12:04+00:00,3725,1,15,True,True,True,1790125913
2026-09-23T01:12:04+00:00,2358,1,10,True,True,True,1790125913
2026-09-23T01:12:04+00:00,2357,18,5,True,True,True,1790125913
2026-09-23T01:12:04+00:00,2355,1,10,True,True,True,1790125913
2026-09-23T01:12:04+00:00,2351,2,13,True,True,True,1790125913
2026-09-23T01:12:04+00:00,2350,0,24,True,True,True,1790125913
2026-09-23T01:12:04+00:00,2349,2,19,True,True,True,1790125913
2026-09-23T01:12:04+00:00,2347,3,26,True,True,True,1790125913
2026-09-23T01:12:04+00:00,2340,23,2,True,True,True,1790125913
2026-09-23T01:12:04+00:00,2339,20,9,True,True,True,1790125913
2026-09-23T01:12:04+00:00,2337,7,7,True,True,True,1790125913
2026-09-23T01:12:04+00:00,2334,1,11,True,True,True,1790125913
2026-09-23T01:12:04+00:00,2333,12,3,True,True,True,1790125913
2026-09-23T01:12:04+00:00,2332,2,9,True,True,True,1790125913
2026-09-23T01:12:04+00:00,2330,7,6,True,True,True,1790125913
2026-09-23T01:12:04+00:00,2329,7,8,True,True,True,1790125913
2026-09-23T01:12:04+00:00,2328,2,17,True,True,True,1790125913
2026-09-23T01:12:04+00:00,2315,16,1,True,True,True,1790125913
2026-09-23T01:12:04+00:00,2308,3,4,True,True,True,1790125913
2026-09-23T01:12:04+00:00,2307,1,29,True,True,True,1790125913
2026-09-23T01:12:04+00:00,2306,1,17,True,True,True,1790125913
2026-09-23T01:12:04+00:00,2305,6,8,True,True,True,1790125913
2026-09-23T01:12:04+00:00,2304,10,7,True,True,True,1790125913
2026-09-23T01:12:04+00:00,2280,12,0,True,True,True,1790125913
2026-09-23T01:12:04+00:00,2270,4,16,True,True,True,1790125913
2026-09-23T01:12:04+00:00,1919,0,6,True,True,True,1790125913
2026-09-23T01:12:04+00:00,1755,32,1,True,True,True,1790125913
2026-09-23T01:12:04+00:00,1101,13,9,True,True,True,1790125913
2026-09-23T01:12:04+00:00,1023,6,9,True,True,True,1790125913
2026-09-23T01:12:04+00:00,1009,3,6,True,True,True,1790125913
2026-09-23T01:12:04+00:00,970,11,13,True,True,True,1790125913
2026-09-23T01:12:04+00:00,787,6,6,True,True,True,1790125913
2026-09-23T01:12:04+00:00,627,11,17,True,True,True,1790125913
2026-09-23T01:12:04+00:00,623,1,17,True,True,True,1790125913
2026-09-23T01:12:04+00:00,624,5,13,True,True,True,1790125913
2026-09-23T01:12:04+00:00,626,5,18,True,True,True,1790125913
2026-09-23T01:12:04+00:00,614,5,19,True,True,True,1790125913
2026-09-23T01:12:04+00:00,616,11,4,True,True,True,1790125913
2026-09-23T01:12:04+00:00,618,0,40,True,True,True,1790125913
2026-09-23T01:12:04+00:00,621,14,13,True,True,True,1790125913
2026-09-23T01:12:04+00:00,622,5,19,True,True,True,1790125913
2026-09-23T01:12:04+00:00,613,7,10,True,True,True,1790125913
2026-09-23T01:12:04+00:00,620,20,16,True,True,True,1790125913
2026-09-23T01:12:04+00:00,596,8,10,True,True,True,1790125913
2026-09-23T01:12:04+00:00,617,10,6,True,True,True,1790125913
2026-09-23T01:12:04+00:00,609,2,24,True,True,True,1790125913
2026-09-23T01:12:04+00:00,607,23,5,True,True,True,1790125913
2026-09-23T01:12:04+00:00,603,4,12,True,True,True,1790125913
2026-09-23T01:12:04+00:00,590,1,37,True,True,True,1790125913
2026-09-23T01:12:04+00:00,610,16,4,True,True,True,1790125913
2026-09-23T01:12:04+00:00,608,5,15,True,True,True,1790125913
2026-09-23T01:12:04+00:00,593,2,28,True,True,True,1790125913
2026-09-23T01:12:04+00:00,530,5,2,True,True,True,1790125913
2026-09-23T01:12:04+00:00,463,19,0,True,True,True,1790125913
2026-09-23T01:12:04+00:00,475,18,5,True,True,True,1790125913
2026-09-23T01:12:04+00:00,439,2,21,True,True,True,1790125913
2026-09-23T01:12:04+00:00,600,7,3,True,True,True,1790125913
2026-09-23T01:12:04+00:00,440,16,0,True,True,True,1790125913
2026-09-23T01:12:04+00:00,612,9,7,True,True,True,1790125913
2026-09-23T01:12:04+00:00,491,12,6,True,True,True,1790125913
2026-09-23T01:12:04+00:00,493,19,7,True,True,True,1790125913
2026-09-23T01:12:04+00:00,410,24,1,True,True,True,1790125913
2026-09-23T01:12:04+00:00,605,0,18,True,True,True,1790125913
2026-09-23T01:12:04+00:00,388,6,12,True,True,True,1790125913
2026-09-23T01:12:04+00:00,591,1,23,True,True,True,1790125913
2026-09-23T01:12:04+00:00,592,6,11,True,True,True,1790125913
2026-09-23T01:12:04+00:00,585,15,1,True,True,True,1790125913
2026-09-23T01:12:04+00:00,565,5,12,True,True,True,1790125913
2026-09-23T01:12:04+00:00,571,0,19,True,True,True,1790125913
2026-09-23T01:12:04+00:00,568,4,11,True,True,True,1790125913
2026-09-23T01:12:04+00:00,588,2,18,True,True,True,1790125913
2026-09-23T01:12:04+00:00,584,9,25,True,True,True,1790125913
2026-09-23T01:12:04+00:00,569,14,15,True,True,True,1790125913
2026-09-23T01:12:04+00:00,577,1,28,True,True,True,1790125913
2026-09-23T01:12:04+00:00,564,1,27,True,True,True,1790125913
2026-09-23T01:12:04+00:00,570,3,11,True,True,True,1790125913
2026-09-23T01:12:04+00:00,572,4,32,True,True,True,1790125913
2026-09-23T01:12:04+00:00,586,25,0,True,True,True,1790125913
2026-09-23T01:12:04+00:00,576,16,2,True,True,True,1790125913
2026-09-23T01:12:04+00:00,566,17,6,True,True,True,1790125913
2026-09-23T01:12:04+00:00,602,3,14,True,True,True,1790125913
2026-09-23T01:12:04+00:00,575,0,27,True,True,True,1790125913
2026-09-23T01:12:04+00:00,567,0,38,True,True,True,1790125913
2026-09-23T01:12:04+00:00,582,1,25,True,True,True,1790125913
2026-09-23T01:12:04+00:00,595,8,14,True,True,True,1790125913
2026-09-23T01:12:04+00:00,542,9,10,True,True,True,1790125913
2026-09-23T01:12:04+00:00,563,10,5,True,True,True,1790125913
2026-09-23T01:12:04+00:00,558,9,4,True,True,True,1790125913
2026-09-23T01:12:04+00:00,552,18,0,True,True,True,1790125913
2026-09-23T01:12:04+00:00,555,8,6,True,True,True,1790125913
2026-09-23T01:12:04+00:00,573,15,9,True,True,True,1790125913
2026-09-23T01:12:04+00:00,561,15,7,True,True,True,1790125913
2026-09-23T01:12:04+00:00,615,18,3,True,True,True,1790125913
2026-09-23T01:12:04+00:00,543,0,20,True,True,True,1790125913
2026-09-23T01:12:04+00:00,554,0,18,True,True,True,1790125913
2026-09-23T01:12:04+00:00,574,0,12,True,True,True,1790125913
2026-09-23T01:12:04+00:00,560,3,4,True,True,True,1790125913
2026-09-23T01:12:04+00:00,548,3,14,True,True,True,1790125913
2026-09-23T01:12:04+00:00,559,14,3,True,True,True,1790125913
2026-09-23T01:12:04+00:00,545,14,24,True,True,True,1790125913
2026-09-23T01:12:04+00:00,550,1,7,True,True,True,1790125913
2026-09-23T01:12:04+00:00,541,6,6,True,True,True,1790125913
2026-09-23T01:12:04+00:00,527,5,6,True,True,True,1790125913
2026-09-23T01:12:04+00:00,529,1,19,True,True,True,1790125913
2026-09-23T01:12:04+00:00,526,3,9,True,True,True,1790125913
2026-09-23T01:12:04+00:00,537,5,13,True,True,True,1790125913
2026-09-23T01:12:04+00:00,547,8,22,True,True,True,1790125913
2026-09-23T01:12:04+00:00,601,0,18,True,True,True,1790125913
2026-09-23T01:12:04+00:00,533,4,7,True,True,True,1790125913
2026-09-23T01:12:04+00:00,535,0,26,True,True,True,1790125913
2026-09-23T01:12:04+00:00,524,1,18,True,True,True,1790125913
2026-09-23T01:12:04+00:00,519,22,1,True,True,True,1790125913
2026-09-23T01:12:04+00:00,534,12,26,True,True,True,1790125913
2026-09-23T01:12:04+00:00,521,12,1,True,True,True,1790125913
2026-09-23T01:12:04+00:00,518,1,15,True,True,True,1790125913
2026-09-23T01:12:04+00:00,556,1,16,True,True,True,1790125913
2026-09-23T01:12:04+00:00,525,0,15,True,True,True,1790125913
2026-09-23T01:12:04+00:00,517,2,13,True,True,True,1790125913
2026-09-23T01:12:04+00:00,523,20,10,True,True,True,1790125913
2026-09-23T01:12:04+00:00,522,8,1,True,True,True,1790125913
2026-09-23T01:12:04+00:00,594,7,11,True,True,True,1790125913
2026-09-23T01:12:04+00:00,532,10,11,True,True,True,1790125913
2026-09-23T01:12:04+00:00,509,0,12,True,True,True,1790125913
2026-09-23T01:12:04+00:00,531,2,12,True,True,True,1790125913
2026-09-23T01:12:04+00:00,536,0,8,True,True,True,1790125913
2026-09-23T01:12:04+00:00,562,1,39,True,True,True,1790125913
2026-09-23T01:12:04+00:00,511,1,17,True,True,True,1790125913
2026-09-23T01:12:04+00:00,505,7,14,True,True,True,1790125913
2026-09-23T01:12:04+00:00,501,3,13,True,True,True,1790125913
2026-09-23T01:12:04+00:00,514,9,3,True,True,True,1790125913
2026-09-23T01:12:04+00:00,500,0,17,True,True,True,1790125913
2026-09-23T01:12:04+00:00,503,27,3,True,True,True,1790125913
2026-09-23T01:12:04+00:00,513,0,15,True,True,True,1790125913
2026-09-23T01:12:04+00:00,498,0,12,True,True,True,1790125913
2026-09-23T01:12:04+00:00,507,20,0,True,True,True,1790125913
2026-09-23T01:12:04+00:00,512,13,16,True,True,True,1790125913
2026-09-23T01:12:04+00:00,619,0,42,True,True,True,1790125913
2026-09-23T01:12:04+00:00,474,1,40,True,True,True,1790125913
2026-09-23T01:12:04+00:00,580,2,43,True,True,True,1790125913
2026-09-23T01:12:04+00:00,496,8,35,True,True,True,1790125913
2026-09-23T01:12:04+00:00,482,3,15,True,True,True,1790125913
2026-09-23T01:12:04+00:00,407,2,10,True,True,True,1790125913
2026-09-23T01:12:04+00:00,409,14,10,True,True,True,1790125913
2026-09-23T01:12:04+00:00,451,9,11,True,True,True,1790125913
2026-09-23T01:12:04+00:00,402,2,18,True,True,True,1790125913
2026-09-23T01:12:04+00:00,516,7,6,True,True,True,1790125913
2026-09-23T01:12:04+00:00,625,11,30,True,True,True,1790125913
2026-09-23T01:12:04+00:00,429,2,18,True,True,True,1790125913
2026-09-23T01:12:04+00:00,380,2,21,True,True,True,1790125913
2026-09-23T01:12:04+00:00,583,8,9,True,True,True,1790125913
2026-09-23T01:12:04+00:00,398,6,7,True,True,True,1790125913
2026-09-23T01:12:04+00:00,381,11,4,True,True,True,1790125913
2026-09-23T01:12:04+00:00,464,22,22,True,True,True,1790125913
2026-09-23T01:12:04+00:00,442,15,3,True,True,True,1790125913
2026-09-23T01:12:04+00:00,483,11,9,True,True,True,1790125913
2026-09-23T01:12:04+00:00,458,7,8,True,True,True,1790125913
2026-09-23T01:12:04+00:00,499,8,8,True,True,True,1790125913
2026-09-23T01:12:04+00:00,472,2,20,True,True,True,1790125913
2026-09-23T01:12:04+00:00,506,6,21,True,True,True,1790125913
2026-09-23T01:12:04+00:00,465,5,24,True,True,True,1790125913
2026-09-23T01:12:04+00:00,611,6,32,True,True,True,1790125913
2026-09-23T01:12:04+00:00,404,2,21,True,True,True,1790125913
2026-09-23T01:12:04+00:00,579,7,8,True,True,True,1790125913
2026-09-23T01:12:04+00:00,589,2,24,True,True,True,1790125913
2026-09-23T01:12:04+00:00,434,2,18,True,True,True,1790125913
2026-09-23T01:12:04+00:00,462,3,10,True,True,True,1790125913
2026-09-23T01:12:04+00:00,578,6,18,True,True,True,1790125913
2026-09-23T01:12:04+00:00,415,1,10,True,True,True,1790125913
2026-09-23T01:12:04+00:00,423,20,0,True,True,True,1790125913
2026-09-23T01:12:04+00:00,412,6,0,True,True,True,1790125913
2026-09-23T01:12:04+00:00,387,10,5,True,True,True,1790125913
2026-09-23T01:12:04+00:00,441,0,15,True,True,True,1790125913
2026-09-23T01:12:04+00:00,454,6,14,True,True,True,1790125913
2026-09-23T01:12:04+00:00,436,7,6,True,True,True,1790125913
2026-09-23T01:12:04+00:00,394,11,9,True,True,True,1790125913
2026-09-23T01:12:04+00:00,497,4,23,True,True,True,1790125913
2026-09-23T01:12:04+00:00,581,15,6,True,True,True,1790125913
2026-09-23T01:12:04+00:00,461,9,10,True,True,True,1790125913
2026-09-23T01:12:04+00:00,599,19,29,True,True,True,1790125913
2026-09-23T01:12:04+00:00,428,6,17,True,True,True,1790125913
2026-09-23T01:12:04+00:00,400,8,15,True,True,True,1790125913
2026-09-23T01:12:04+00:00,487,3,18,True,True,True,1790125913
2026-09-23T01:12:04+00:00,438,3,38,True,True,True,1790125913
2026-09-23T01:12:04+00:00,459,0,9,True,True,True,1790125913
2026-09-23T01:12:04+00:00,433,3,15,True,True,True,1790125913
2026-09-23T01:12:04+00:00,399,19,11,True,True,True,1790125913
2026-09-23T01:12:04+00:00,489,18,10,True,True,True,1790125913
2026-09-23T01:12:04+00:00,742,16,12,True,True,True,1790125913
2026-09-23T01:12:04+00:00,551,13,19,True,True,True,1790125913
2026-09-23T01:12:04+00:00,406,7,5,True,True,True,1790125913
2026-09-23T01:12:04+00:00,488,5,18,True,True,True,1790125913
2026-09-23T01:12:04+00:00,540,10,24,True,True,True,1790125913
2026-09-23T01:12:04+00:00,431,7,12,True,True,True,1790125913
2026-09-23T01:12:04+00:00,393,3,18,True,True,True,1790125913
2026-09-23T01:12:04+00:00,420,6,10,True,True,True,1790125913
2026-09-23T01:12:04+00:00,397,3,30,True,True,True,1790125913
2026-09-23T01:12:04+00:00,390,14,14,True,True,True,1790125913
2026-09-23T01:12:04+00:00,449,3,21,True,True,True,1790125913
2026-09-23T01:12:04+00:00,430,26,15,True,True,True,1790125913
2026-09-23T01:12:04+00:00,484,11,22,True,True,True,1790125913
2026-09-23T01:12:04+00:00,479,4,25,True,True,True,1790125913
2026-09-23T01:12:04+00:00,403,5,7,True,True,True,1790125913
2026-09-23T01:12:04+00:00,435,2,25,True,True,True,1790125913
2026-09-23T01:12:04+00:00,426,1,18,True,True,True,1790125913
2026-09-23T01:12:04+00:00,450,2,12,True,True,True,1790125913
2026-09-23T01:12:04+00:00,456,7,27,True,True,True,1790125913
2026-09-23T01:12:04+00:00,468,15,0,True,True,True,1790125913
2026-09-23T01:12:04+00:00,453,0,31,True,True,True,1790125913
2026-09-23T01:12:04+00:00,466,1,13,True,True,True,1790125913
2026-09-23T01:12:04+00:00,469,1,27,True,True,True,1790125913
2026-09-23T01:12:04+00:00,416,2,12,True,True,True,1790125913
2026-09-23T01:12:04+00:00,391,4,9,True,True,True,1790125913
2026-09-23T01:12:04+00:00,389,0,15,True,True,True,1790125913
2026-09-23T01:12:04+00:00,470,3,12,True,True,True,1790125913
2026-09-23T01:12:04+00:00,384,5,11,True,True,True,1790125913
2026-09-23T01:12:04+00:00,425,5,2,True,True,True,1790125913
2026-09-23T01:12:04+00:00,411,3,9,True,True,True,1790125913
2026-09-23T01:12:04+00:00,598,19,12,True,True,True,1790125913
2026-09-23T01:12:04+00:00,444,15,1,True,True,True,1790125913
2026-09-23T01:12:04+00:00,447,25,4,True,True,True,1790125913
2026-09-23T01:12:04+00:00,408,14,1,True,True,True,1790125913
2026-09-23T01:12:04+00:00,737,19,5,True,True,True,1790125913
2026-09-23T01:12:04+00:00,432,2,9,True,True,True,1790125913
2026-09-23T01:12:04+00:00,401,6,0,True,True,True,1790125913
2026-09-23T01:12:04+00:00,452,0,29,True,True,True,1790125913
2026-09-23T01:12:04+00:00,392,5,2,True,True,True,1790125913
2026-09-23T01:12:04+00:00,481,22,20,True,True,True,1790125913
2026-09-23T01:12:04+00:00,495,23,18,True,True,True,1790125913
2026-09-23T01:12:04+00:00,478,2,11,True,True,True,1790125913
2026-09-23T01:12:04+00:00,414,0,11,True,True,True,1790125913
2026-09-23T01:12:04+00:00,476,11,9,True,True,True,1790125913
2026-09-23T01:12:04+00:00,445,8,8,True,True,True,1790125913
2026-09-23T01:12:04+00:00,748,5,21,True,True,True,1790125913
2026-09-23T01:12:04+00:00,473,1,5,True,True,True,1790125913
2026-09-23T01:12:04+00:00,383,17,10,True,True,True,1790125913
2026-09-23T01:12:04+00:00,480,24,1,True,True,True,1790125913
2026-09-23T01:12:04+00:00,421,17,2,True,True,True,1790125913
2026-09-23T01:12:04+00:00,746,0,8,True,True,True,1790125913
2026-09-23T01:12:04+00:00,417,5,9,True,True,True,1790125913
2026-09-23T01:12:04+00:00,427,8,3,True,True,True,1790125913
2026-09-23T01:12:04+00:00,395,2,11,True,True,True,1790125913
2026-09-23T01:12:04+00:00,418,13,13,True,True,True,1790125913
2026-09-23T01:12:04+00:00,413,2,8,True,True,True,1790125913
2026-09-23T01:12:04+00:00,486,7,15,True,True,True,1790125913
2026-09-23T01:12:04+00:00,597,10,3,True,True,True,1790125913
2026-09-23T01:12:04+00:00,422,8,3,True,True,True,1790125913
2026-09-23T01:12:04+00:00,382,7,0,True,True,True,1790125913
2026-09-23T01:12:04+00:00,396,0,22,True,True,True,1790125913
2026-09-23T01:12:04+00:00,735,13,1,True,True,True,1790125913
2026-09-23T01:12:04+00:00,437,1,23,True,True,True,1790125913
2026-09-23T01:12:04+00:00,446,4,18,True,True,True,1790125913
2026-09-23T01:12:04+00:00,424,4,2,True,True,True,1790125913
2026-09-23T01:12:04+00:00,455,12,0,True,True,True,1790125913
2026-09-23T01:12:04+00:00,457,5,4,True,True,True,1790125913
2026-09-23T01:12:04+00:00,377,5,21,True,True,True,1790125913
2026-09-23T01:12:04+00:00,738,11,1,True,True,True,1790125913
2026-09-23T01:12:04+00:00,460,26,0,True,True,True,1790125913
2026-09-23T01:12:04+00:00,744,5,3,True,True,True,1790125913
2026-09-23T01:12:04+00:00,485,13,4,True,True,True,1790125913
2026-09-23T01:27:04+00:00,6026,7,27,True,True,True,1790126813
2026-09-23T01:27:04+00:00,5431,1,20,True,True,True,1790126813
2026-09-23T01:27:04+00:00,5424,2,14,True,True,True,1790126813
2026-09-23T01:27:04+00:00,5220,0,19,True,True,True,1790126813
2026-09-23T01:27:04+00:00,5217,0,28,True,True,True,1790126813
2026-09-23T01:27:04+00:00,5113,8,4,True,True,True,1790126813
2026-09-23T01:27:04+00:00,4683,0,21,True,True,True,1790126813
2026-09-23T01:27:04+00:00,4552,0,18,True,True,True,1790126813
2026-09-23T01:27:04+00:00,3725,1,15,True,True,True,1790126813
2026-09-23T01:27:04+00:00,2358,1,10,True,True,True,1790126813
2026-09-23T01:27:04+00:00,2357,18,5,True,True,True,1790126813
2026-09-23T01:27:04+00:00,2355,1,10,True,True,True,1790126813
2026-09-23T01:27:04+00:00,2351,2,13,True,True,True,1790126813
2026-09-23T01:27:04+00:00,2350,0,24,True,True,True,1790126813
2026-09-23T01:27:04+00:00,2349,2,19,True,True,True,1790126813
2026-09-23T01:27:04+00:00,2347,3,26,True,True,True,1790126813
2026-09-23T01:27:04+00:00,2340,23,2,True,True,True,1790126813
2026-09-23T01:27:04+00:00,2339,20,9,True,True,True,1790126813
2026-09-23T01:27:04+00:00,2337,7,7,True,True,True,1790126813
2026-09-23T01:27:04+00:00,2334,1,11,True,True,True,1790126813
2026-09-23T01:27:04+00:00,2333,12,3,True,True,True,1790126813
2026-09-23T01:27:04+00:00,2332,2,9,True,True,True,1790126813
2026-09-23T01:27:04+00:00,2330,7,6,True,True,True,1790126813
2026-09-23T01:27:04+00:00,2329,7,8,True,True,True,1790126813
2026-09-23T01:27:04+00:00,2328,2,17,True,True,True,1790126813
2026-09-23T01:27:04+00:00,2315,16,1,True,True,True,1790126813
2026-09-23T01:27:04+00:00,2308,3,4,True,True,True,1790126813
2026-09-23T01:27:04+00:00,2307,1,29,True,True,True,1790126813
2026-09-23T01:27:04+00:00,2306,1,17,True,True,True,1790126813
2026-09-23T01:27:04+00:00,2305,6,8,True,True,True,1790126813
2026-09-23T01:27:04+00:00,2304,10,7,True,True,True,1790126813
2026-09-23T01:27:04+00:00,2280,12,0,True,True,True,1790126813
2026-09-23T01:27:04+00:00,2270,4,16,True,True,True,1790126813
2026-09-23T01:27:04+00:00,1919,0,6,True,True,True,1790126813
2026-09-23T01:27:04+00:00,1755,32,1,True,True,True,1790126813
2026-09-23T01:27:04+00:00,1101,13,9,True,True,True,1790126813
2026-09-23T01:27:04+00:00,1023,6,9,True,True,True,1790126813
2026-09-23T01:27:04+00:00,1009,3,6,True,True,True,1790126813
2026-09-23T01:27:04+00:00,970,11,13,True,True,True,1790126813
2026-09-23T01:27:04+00:00,787,6,6,True,True,True,1790126813
2026-09-23T01:27:04+00:00,627,11,17,True,True,True,1790126813
2026-09-23T01:27:04+00:00,623,1,17,True,True,True,1790126813
2026-09-23T01:27:04+00:00,624,5,13,True,True,True,1790126813
2026-09-23T01:27:04+00:00,626,5,18,True,True,True,1790126813
2026-09-23T01:27:04+00:00,614,5,19,True,True,True,1790126813
2026-09-23T01:27:04+00:00,616,11,4,True,True,True,1790126813
2026-09-23T01:27:04+00:00,618,0,40,True,True,True,1790126813
2026-09-23T01:27:04+00:00,621,14,13,True,True,True,1790126813
2026-09-23T01:27:04+00:00,622,5,19,True,True,True,1790126813
2026-09-23T01:27:04+00:00,613,7,10,True,True,True,1790126813
2026-09-23T01:27:04+00:00,620,20,16,True,True,True,1790126813
2026-09-23T01:27:04+00:00,596,8,10,True,True,True,1790126813
2026-09-23T01:27:04+00:00,617,10,6,True,True,True,1790126813
2026-09-23T01:27:04+00:00,609,2,24,True,True,True,1790126813
2026-09-23T01:27:04+00:00,607,23,5,True,True,True,1790126813
2026-09-23T01:27:04+00:00,603,4,12,True,True,True,1790126813
2026-09-23T01:27:04+00:00,590,1,37,True,True,True,1790126813
2026-09-23T01:27:04+00:00,610,16,4,True,True,True,1790126813
2026-09-23T01:27:04+00:00,608,5,15,True,True,True,1790126813
2026-09-23T01:27:04+00:00,593,2,28,True,True,True,1790126813
2026-09-23T01:27:04+00:00,530,5,2,True,True,True,1790126813
2026-09-23T01:27:04+00:00,463,19,0,True,True,True,1790126813
2026-09-23T01:27:04+00:00,475,18,5,True,True,True,1790126813
2026-09-23T01:27:04+00:00,439,2,21,True,True,True,1790126813
2026-09-23T01:27:04+00:00,600,7,3,True,True,True,1790126813
2026-09-23T01:27:04+00:00,440,16,0,True,True,True,1790126813
2026-09-23T01:27:04+00:00,612,9,7,True,True,True,1790126813
2026-09-23T01:27:04+00:00,491,12,6,True,True,True,1790126813
2026-09-23T01:27:04+00:00,493,19,7,True,True,True,1790126813
2026-09-23T01:27:04+00:00,410,24,1,True,True,True,1790126813
2026-09-23T01:27:04+00:00,605,0,18,True,True,True,1790126813
2026-09-23T01:27:04+00:00,388,6,12,True,True,True,1790126813
2026-09-23T01:27:04+00:00,591,1,23,True,True,True,1790126813
2026-09-23T01:27:04+00:00,592,6,11,True,True,True,1790126813
2026-09-23T01:27:04+00:00,585,15,1,True,True,True,1790126813
2026-09-23T01:27:04+00:00,565,5,12,True,True,True,1790126813
2026-09-23T01:27:04+00:00,571,0,19,True,True,True,1790126813
2026-09-23T01:27:04+00:00,568,4,11,True,True,True,1790126813
2026-09-23T01:27:04+00:00,588,2,18,True,True,True,1790126813
2026-09-23T01:27:04+00:00,584,9,25,True,True,True,1790126813
2026-09-23T01:27:04+00:00,569,14,15,True,True,True,1790126813
2026-09-23T01:27:04+00:00,577,1,28,True,True,True,1790126813
2026-09-23T01:27:04+00:00,564,1,27,True,True,True,1790126813
2026-09-23T01:27:04+00:00,570,3,11,True,True,True,1790126813
2026-09-23T01:27:04+00:00,572,4,32,True,True,True,1790126813
2026-09-23T01:27:04+00:00,586,25,0,True,True,True,1790126813
2026-09-23T01:27:04+00:00,576,16,2,True,True,True,1790126813
2026-09-23T01:27:04+00:00,566,17,6,True,True,True,1790126813
2026-09-23T01:27:04+00:00,602,3,14,True,True,True,1790126813
2026-09-23T01:27:04+00:00,575,0,27,True,True,True,1790126813
2026-09-23T01:27:04+00:00,567,0,38,True,True,True,1790126813
2026-09-23T01:27:04+00:00,582,1,25,True,True,True,1790126813
2026-09-23T01:27:04+00:00,595,8,14,True,True,True,1790126813
2026-09-23T01:27:04+00:00,542,9,10,True,True,True,1790126813
2026-09-23T01:27:04+00:00,563,10,5,True,True,True,1790126813
2026-09-23T01:27:04+00:00,558,9,4,True,True,True,1790126813
2026-09-23T01:27:04+00:00,552,18,0,True,True,True,1790126813
2026-09-23T01:27:04+00:00,555,8,6,True,True,True,1790126813
2026-09-23T01:27:04+00:00,573,15,9,True,True,True,1790126813
2026-09-23T01:27:04+00:00,561,15,7,True,True,True,1790126813
2026-09-23T01:27:04+00:00,615,18,3,True,True,True,1790126813
2026-09-23T01:27:04+00:00,543,0,20,True,True,True,1790126813
2026-09-23T01:27:04+00:00,554,0,18,True,True,True,1790126813
2026-09-23T01:27:04+00:00,574,0,12,True,True,True,1790126813
2026-09-23T01:27:04+00:00,560,3,4,True,True,True,1790126813
2026-09-23T01:27:04+00:00,548,3,14,True,True,True,1790126813
2026-09-23T01:27:04+00:00,559,14,3,True,True,True,1790126813
2026-09-23T01:27:04+00:00,545,14,24,True,True,True,1790126813
2026-09-23T01:27:04+00:00,550,1,7,True,True,True,1790126813
2026-09-23T01:27:04+00:00,541,6,6,True,True,True,1790126813
2026-09-23T01:27:04+00:00,527,5,6,True,True,True,1790126813
2026-09-23T01:27:04+00:00,529,1,19,True,True,True,1790126813
2026-09-23T01:27:04+00:00,526,3,9,True,True,True,1790126813
2026-09-23T01:27:04+00:00,537,5,13,True,True,True,1790126813
2026-09-23T01:27:04+00:00,547,8,22,True,True,True,1790126813
2026-09-23T01:27:04+00:00,601,0,18,True,True,True,1790126813
2026-09-23T01:27:04+00:00,533,4,7,True,True,True,1790126813
2026-09-23T01:27:04+00:00,535,0,26,True,True,True,1790126813
2026-09-23T01:27:04+00:00,524,1,18,True,True,True,1790126813
2026-09-23T01:27:04+00:00,519,22,1,True,True,True,1790126813
2026-09-23T01:27:04+00:00,534,12,26,True,True,True,1790126813
2026-09-23T01:27:04+00:00,521,12,1,True,True,True,1790126813
2026-09-23T01:27:04+00:00,518,1,15,True,True,True,1790126813
2026-09-23T01:27:04+00:00,556,1,16,True,True,True,1790126813
2026-09-23T01:27:04+00:00,525,0,15,True,True,True,1790126813
2026-09-23T01:27:04+00:00,517,2,13,True,True,True,1790126813
2026-09-23T01:27:04+00:00,523,20,10,True,True,True,1790126813
2026-09-23T01:27:04+00:00,522,8,1,True,True,True,1790126813
2026-09-23T01:27:04+00:00,594,7,11,True,True,True,1790126813
2026-09-23T01:27:04+00:00,532,10,11,True,True,True,1790126813
2026-09-23T01:27:04+00:00,509,0,12,True,True,True,1790126813
2026-09-23T01:27:04+00:00,531,2,12,True,True,True,1790126813
2026-09-23T01:27:04+00:00,536,0,8,True,True,True,1790126813
2026-09-23T01:27:04+00:00,562,1,39,True,True,True,1790126813
2026-09-23T01:27:04+00:00,511,1,17,True,True,True,1790126813
2026-09-23T01:27:04+00:00,505,7,14,True,True,True,1790126813
2026-09-23T01:27:04+00:00,501,3,13,True,True,True,1790126813
2026-09-23T01:27:04+00:00,514,9,3,True,True,True,1790126813
2026-09-23T01:27:04+00:00,500,0,17,True,True,True,1790126813
2026-09-23T01:27:04+00:00,503,27,3,True,True,True,1790126813
2026-09-23T01:27:04+00:00,513,0,15,True,True,True,1790126813
2026-09-23T01:27:04+00:00,498,0,12,True,True,True,1790126813
2026-09-23T01:27:04+00:00,507,20,0,True,True,True,1790126813
2026-09-23T01:27:04+00:00,512,13,16,True,True,True,1790126813
2026-09-23T01:27:04+00:00,619,0,42,True,True,True,1790126813
2026-09-23T01:27:04+00:00,474,1,40,True,True,True,1790126813
2026-09-23T01:27:04+00:00,580,2,43,True,True,True,1790126813
2026-09-23T01:27:04+00:00,496,8,35,True,True,True,1790126813
2026-09-23T01:27:04+00:00,482,3,15,True,True,True,1790126813
2026-09-23T01:27:04+00:00,407,2,10,True,True,True,1790126813
2026-09-23T01:27:04+00:00,409,14,10,True,True,True,1790126813
2026-09-23T01:27:04+00:00,451,9,11,True,True,True,1790126813
2026-09-23T01:27:04+00:00,402,2,18,True,True,True,1790126813
2026-09-23T01:27:04+00:00,516,7,6,True,True,True,1790126813
2026-09-23T01:27:04+00:00,625,11,30,True,True,True,1790126813
2026-09-23T01:27:04+00:00,429,2,18,True,True,True,1790126813
2026-09-23T01:27:04+00:00,380,2,21,True,True,True,1790126813
2026-09-23T01:27:04+00:00,583,8,9,True,True,True,1790126813
2026-09-23T01:27:04+00:00,398,6,7,True,True,True,1790126813
2026-09-23T01:27:04+00:00,381,11,4,True,True,True,1790126813
2026-09-23T01:27:04+00:00,464,22,22,True,True,True,1790126813
2026-09-23T01:27:04+00:00,442,15,3,True,True,True,1790126813
2026-09-23T01:27:04+00:00,483,11,9,True,True,True,1790126813
2026-09-23T01:27:04+00:00,458,7,8,True,True,True,1790126813
2026-09-23T01:27:04+00:00,499,8,8,True,True,True,1790126813
2026-09-23T01:27:04+00:00,472,2,20,True,True,True,1790126813
2026-09-23T01:27:04+00:00,506,6,21,True,True,True,1790126813
2026-09-23T01:27:04+00:00,465,5,24,True,True,True,1790126813
2026-09-23T01:27:04+00:00,611,6,32,True,True,True,1790126813
2026-09-23T01:27:04+00:00,404,2,21,True,True,True,1790126813
2026-09-23T01:27:04+00:00,579,7,8,True,True,True,1790126813
2026-09-23T01:27:04+00:00,589,2,24,True,True,True,1790126813
2026-09-23T01:27:04+00:00,434,2,18,True,True,True,1790126813
2026-09-23T01:27:04+00:00,462,3,10,True,True,True,1790126813
2026-09-23T01:27:04+00:00,578,6,18,True,True,True,1790126813
2026-09-23T01:27:04+00:00,415,1,10,True,True,True,1790126813
2026-09-23T01:27:04+00:00,423,20,0,True,True,True,1790126813
2026-09-23T01:27:04+00:00,412,6,0,True,True,True,1790126813
2026-09-23T01:27:04+00:00,387,10,5,True,True,True,1790126813
2026-09-23T01:27:04+00:00,441,0,15,True,True,True,1790126813
2026-09-23T01:27:04+00:00,454,6,14,True,True,True,1790126813
2026-09-23T01:27:04+00:00,436,7,6,True,True,True,1790126813
2026-09-23T01:27:04+00:00,394,11,9,True,True,True,1790126813
2026-09-23T01:27:04+00:00,497,4,23,True,True,True,1790126813
2026-09-23T01:27:04+00:00,581,15,6,True,True,True,1790126813
2026-09-23T01:27:04+00:00,461,9,10,True,True,True,1790126813
2026-09-23T01:27:04+00:00,599,19,29,True,True,True,1790126813
2026-09-23T01:27:04+00:00,428,6,17,True,True,True,1790126813
2026-09-23T01:27:04+00:00,400,8,15,True,True,True,1790126813
2026-09-23T01:27:04+00:00,487,3,18,True,True,True,1790126813
2026-09-23T01:27:04+00:00,438,3,38,True,True,True,1790126813
2026-09-23T01:27:04+00:00,459,0,9,True,True,True,1790126813
2026-09-23T01:27:04+00:00,433,3,15,True,True,True,1790126813
2026-09-23T01:27:04+00:00,399,19,11,True,True,True,1790126813
2026-09-23T01:27:04+00:00,489,18,10,True,True,True,1790126813
2026-09-23T01:27:04+00:00,742,16,12,True,True,True,1790126813
2026-09-23T01:27:04+00:00,551,13,19,True,True,True,1790126813
2026-09-23T01:27:04+00:00,406,7,5,True,True,True,1790126813
2026-09-23T01:27:04+00:00,488,5,18,True,True,True,1790126813
2026-09-23T01:27:04+00:00,540,10,24,True,True,True,1790126813
2026-09-23T01:27:04+00:00,431,7,12,True,True,True,1790126813
2026-09-23T01:27:04+00:00,393,3,18,True,True,True,1790126813
2026-09-23T01:27:04+00:00,420,6,10,True,True,True,1790126813
2026-09-23T01:27:04+00:00,397,3,30,True,True,True,1790126813
2026-09-23T01:27:04+00:00,390,14,14,True,True,True,1790126813
2026-09-23T01:27:04+00:00,449,3,21,True,True,True,1790126813
2026-09-23T01:27:04+00:00,430,26,15,True,True,True,1790126813
2026-09-23T01:27:04+00:00,484,11,22,True,True,True,1790126813
2026-09-23T01:27:04+00:00,479,4,25,True,True,True,1790126813
2026-09-23T01:27:04+00:00,403,5,7,True,True,True,1790126813
2026-09-23T01:27:04+00:00,435,2,25,True,True,True,1790126813
2026-09-23T01:27:04+00:00,426,1,18,True,True,True,1790126813
2026-09-23T01:27:04+00:00,450,2,12,True,True,True,1790126813
2026-09-23T01:27:04+00:00,456,7,27,True,True,True,1790126813
2026-09-23T01:27:04+00:00,468,15,0,True,True,True,1790126813
2026-09-23T01:27:04+00:00,453,0,31,True,True,True,1790126813
2026-09-23T01:27:04+00:00,466,1,13,True,True,True,1790126813
2026-09-23T01:27:04+00:00,469,1,27,True,True,True,1790126813
2026-09-23T01:27:04+00:00,416,2,12,True,True,True,1790126813
2026-09-23T01:27:04+00:00,391,4,9,True,True,True,1790126813
2026-09-23T01:27:04+00:00,389,0,15,True,True,True,1790126813
2026-09-23T01:27:04+00:00,470,3,12,True,True,True,1790126813
2026-09-23T01:27:04+00:00,384,5,11,True,True,True,1790126813
2026-09-23T01:27:04+00:00,425,5,2,True,True,True,1790126813
2026-09-23T01:27:04+00:00,411,3,9,True,True,True,1790126813
2026-09-23T01:27:04+00:00,598,19,12,True,True,True,1790126813
2026-09-23T01:27:04+00:00,444,15,1,True,True,True,1790126813
2026-09-23T01:27:04+00:00,447,25,4,True,True,True,1790126813
2026-09-23T01:27:04+00:00,408,14,1,True,True,True,1790126813
2026-09-23T01:27:04+00:00,737,19,5,True,True,True,1790126813
2026-09-23T01:27:04+00:00,432,2,9,True,True,True,1790126813
2026-09-23T01:27:04+00:00,401,6,0,True,True,True,1790126813
2026-09-23T01:27:04+00:00,452,0,29,True,True,True,1790126813
2026-09-23T01:27:04+00:00,392,5,2,True,True,True,1790126813
2026-09-23T01:27:04+00:00,481,22,20,True,True,True,1790126813
2026-09-23T01:27:04+00:00,495,23,18,True,True,True,1790126813
2026-09-23T01:27:04+00:00,478,2,11,True,True,True,1790126813
2026-09-23T01:27:04+00:00,414,0,11,True,True,True,1790126813
2026-09-23T01:27:04+00:00,476,11,9,True,True,True,1790126813
2026-09-23T01:27:04+00:00,445,8,8,True,True,True,1790126813
2026-09-23T01:27:04+00:00,748,5,21,True,True,True,1790126813
2026-09-23T01:27:04+00:00,473,1,5,True,True,True,1790126813
2026-09-23T01:27:04+00:00,383,17,10,True,True,True,1790126813
2026-09-23T01:27:04+00:00,480,24,1,True,True,True,1790126813
2026-09-23T01:27:04+00:00,421,17,2,True,True,True,1790126813
2026-09-23T01:27:04+00:00,746,0,8,True,True,True,1790126813
2026-09-23T01:27:04+00:00,417,5,9,True,True,True,1790126813
2026-09-23T01:27:04+00:00,427,8,3,True,True,True,1790126813
2026-09-23T01:27:04+00:00,395,2,11,True,True,True,1790126813
2026-09-23T01:27:04+00:00,418,13,13,True,True,True,1790126813
2026-09-23T01:27:04+00:00,413,2,8,True,True,True,1790126813
2026-09-23T01:27:04+00:00,486,7,15,True,True,True,1790126813
2026-09-23T01:27:04+00:00,597,10,3,True,True,True,1790126813
2026-09-23T01:27:04+00:00,422,8,3,True,True,True,1790126813
2026-09-23T01:27:04+00:00,382,7,0,True,True,True,1790126813
2026-09-23T01:27:04+00:00,396,0,22,True,True,True,1790126813
2026-09-23T01:27:04+00:00,735,13,1,True,True,True,1790126813
2026-09-23T01:27:04+00:00,437,1,23,True,True,True,1790126813
2026-09-23T01:27:04+00:00,446,4,18,True,True,True,1790126813
2026-09-23T01:27:04+00:00,424,4,2,True,True,True,1790126813
2026-09-23T01:27:04+00:00,455,12,0,True,True,True,1790126813
2026-09-23T01:27:04+00:00,457,5,4,True,True,True,1790126813
2026-09-23T01:27:04+00:00,377,5,21,True,True,True,1790126813
2026-09-23T01:27:04+00:00,738,11,1,True,True,True,1790126813
2026-09-23T01:27:04+00:00,460,26,0,True,True,True,1790126813
2026-09-23T01:27:04+00:00,744,5,3,True,True,True,1790126813
2026-09-23T01:27:04+00:00,485,13,4,True,True,True,1790126813
2026-09-23T01:42:04+00:00,6026,7,27,True,True,True,1790127723
2026-09-23T01:42:04+00:00,5431,1,20,True,True,True,1790127723
2026-09-23T01:42:04+00:00,5424,2,14,True,True,True,1790127723
2026-09-23T01:42:04+00:00,5220,0,19,True,True,True,1790127723
2026-09-23T01:42:04+00:00,5217,0,28,True,True,True,1790127723
2026-09-23T01:42:04+00:00,5113,8,4,True,True,True,1790127723
2026-09-23T01:42:04+00:00,4683,0,21,True,True,True,1790127723
2026-09-23T01:42:04+00:00,4552,0,18,True,True,True,1790127723
2026-09-23T01:42:04+00:00,3725,1,15,True,True,True,1790127723
2026-09-23T01:42:04+00:00,2358,1,10,True,True,True,1790127723
2026-09-23T01:42:04+00:00,2357,18,5,True,True,True,1790127723
2026-09-23T01:42:04+00:00,2355,1,10,True,True,True,1790127723
2026-09-23T01:42:04+00:00,2351,2,13,True,True,True,1790127723
2026-09-23T01:42:04+00:00,2350,0,24,True,True,True,1790127723
2026-09-23T01:42:04+00:00,2349,2,19,True,True,True,1790127723
2026-09-23T01:42:04+00:00,2347,3,26,True,True,True,1790127723
2026-09-23T01:42:04+00:00,2340,23,2,True,True,True,1790127723
2026-09-23T01:42:04+00:00,2339,20,9,True,True,True,1790127723
2026-09-23T01:42:04+00:00,2337,7,7,True,True,True,1790127723
2026-09-23T01:42:04+00:00,2334,1,11,True,True,True,1790127723
2026-09-23T01:42:04+00:00,2333,12,3,True,True,True,1790127723
2026-09-23T01:42:04+00:00,2332,2,9,True,True,True,1790127723
2026-09-23T01:42:04+00:00,2330,7,6,True,True,True,1790127723
2026-09-23T01:42:04+00:00,2329,7,8,True,True,True,1790127723
2026-09-23T01:42:04+00:00,2328,2,17,True,True,True,1790127723
2026-09-23T01:42:04+00:00,2315,16,1,True,True,True,1790127723
2026-09-23T01:42:04+00:00,2308,3,4,True,True,True,1790127723
2026-09-23T01:42:04+00:00,2307,1,29,True,True,True,1790127723
2026-09-23T01:42:04+00:00,2306,1,17,True,True,True,1790127723
2026-09-23T01:42:04+00:00,2305,6,8,True,True,True,1790127723
2026-09-23T01:42:04+00:00,2304,10,7,True,True,True,1790127723
2026-09-23T01:42:04+00:00,2280,12,0,True,True,True,1790127723
2026-09-23T01:42:04+00:00,2270,4,16,True,True,True,1790127723
2026-09-23T01:42:04+00:00,1919,0,6,True,True,True,1790127723
2026-09-23T01:42:04+00:00,1755,32,1,True,True,True,1790127723
2026-09-23T01:42:04+00:00,1101,13,9,True,True,True,1790127723
2026-09-23T01:42:04+00:00,1023,6,9,True,True,True,1790127723
2026-09-23T01:42:04+00:00,1009,3,6,True,True,True,1790127723
2026-09-23T01:42:04+00:00,970,11,13,True,True,True,1790127723
2026-09-23T01:42:04+00:00,787,6,6,True,True,True,1790127723
2026-09-23T01:42:04+00:00,627,11,17,True,True,True,1790127723
2026-09-23T01:42:04+00:00,623,1,17,True,True,True,1790127723
2026-09-23T01:42:04+00:00,624,5,13,True,True,True,1790127723
2026-09-23T01:42:04+00:00,626,5,18,True,True,True,1790127723
2026-09-23T01:42:04+00:00,614,5,19,True,True,True,1790127723
2026-09-23T01:42:04+00:00,616,11,4,True,True,True,1790127723
2026-09-23T01:42:04+00:00,618,0,40,True,True,True,1790127723
2026-09-23T01:42:04+00:00,621,14,13,True,True,True,1790127723
2026-09-23T01:42:04+00:00,622,5,19,True,True,True,1790127723
2026-09-23T01:42:04+00:00,613,7,10,True,True,True,1790127723
2026-09-23T01:42:04+00:00,620,20,16,True,True,True,1790127723
2026-09-23T01:42:04+00:00,596,8,10,True,True,True,1790127723
2026-09-23T01:42:04+00:00,617,10,6,True,True,True,1790127723
2026-09-23T01:42:04+00:00,609,2,24,True,True,True,1790127723
2026-09-23T01:42:04+00:00,607,23,5,True,True,True,1790127723
2026-09-23T01:42:04+00:00,603,4,12,True,True,True,1790127723
2026-09-23T01:42:04+00:00,590,1,37,True,True,True,1790127723
2026-09-23T01:42:04+00:00,610,16,4,True,True,True,1790127723
2026-09-23T01:42:04+00:00,608,5,15,True,True,True,1790127723
2026-09-23T01:42:04+00:00,593,2,28,True,True,True,1790127723
2026-09-23T01:42:04+00:00,530,5,2,True,True,True,1790127723
2026-09-23T01:42:04+00:00,463,19,0,True,True,True,1790127723
2026-09-23T01:42:04+00:00,475,18,5,True,True,True,1790127723
2026-09-23T01:42:04+00:00,439,2,21,True,True,True,1790127723
2026-09-23T01:42:04+00:00,600,7,3,True,True,True,1790127723
2026-09-23T01:42:04+00:00,440,16,0,True,True,True,1790127723
2026-09-23T01:42:04+00:00,612,9,7,True,True,True,1790127723
2026-09-23T01:42:04+00:00,491,12,6,True,True,True,1790127723
2026-09-23T01:42:04+00:00,493,19,7,True,True,True,1790127723
2026-09-23T01:42:04+00:00,410,24,1,True,True,True,1790127723
2026-09-23T01:42:04+00:00,605,0,18,True,True,True,1790127723
2026-09-23T01:42:04+00:00,388,6,12,True,True,True,1790127723
2026-09-23T01:42:04+00:00,591,1,23,True,True,True,1790127723
2026-09-23T01:42:04+00:00,592,6,11,True,True,True,1790127723
2026-09-23T01:42:04+00:00,585,15,1,True,True,True,1790127723
2026-09-23T01:42:04+00:00,565,5,12,True,True,True,1790127723
2026-09-23T01:42:04+00:00,571,0,19,True,True,True,1790127723
2026-09-23T01:42:04+00:00,568,4,11,True,True,True,1790127723
2026-09-23T01:42:04+00:00,588,2,18,True,True,True,1790127723
2026-09-23T01:42:04+00:00,584,9,25,True,True,True,1790127723
2026-09-23T01:42:04+00:00,569,14,15,True,True,True,1790127723
2026-09-23T01:42:04+00:00,577,1,28,True,True,True,1790127723
2026-09-23T01:42:04+00:00,564,1,27,True,True,True,1790127723
2026-09-23T01:42:04+00:00,570,3,11,True,True,True,1790127723
2026-09-23T01:42:04+00:00,572,4,32,True,True,True,1790127723
2026-09-23T01:42:04+00:00,586,25,0,True,True,True,1790127723
2026-09-23T01:42:04+00:00,576,16,2,True,True,True,1790127723
2026-09-23T01:42:04+00:00,566,17,6,True,True,True,1790127723
2026-09-23T01:42:04+00:00,602,3,14,True,True,True,1790127723
2026-09-23T01:42:04+00:00,575,0,27,True,True,True,1790127723
2026-09-23T01:42:04+00:00,567,0,38,True,True,True,1790127723
2026-09-23T01:42:04+00:00,582,1,25,True,True,True,1790127723
2026-09-23T01:42:04+00:00,595,8,14,True,True,True,1790127723
2026-09-23T01:42:04+00:00,542,9,10,True,True,True,1790127723
2026-09-23T01:42:04+00:00,563,10,5,True,True,True,1790127723
2026-09-23T01:42:04+00:00,558,9,4,True,True,True,1790127723
2026-09-23T01:42:04+00:00,552,18,0,True,True,True,1790127723
2026-09-23T01:42:04+00:00,555,8,6,True,True,True,1790127723
2026-09-23T01:42:04+00:00,573,15,9,True,True,True,1790127723
2026-09-23T01:42:04+00:00,561,15,7,True,True,True,1790127723
2026-09-23T01:42:04+00:00,615,18,3,True,True,True,1790127723
2026-09-23T01:42:04+00:00,543,0,20,True,True,True,1790127723
2026-09-23T01:42:04+00:00,554,0,18,True,True,True,1790127723
2026-09-23T01:42:04+00:00,574,0,12,True,True,True,1790127723
2026-09-23T01:42:04+00:00,560,3,4,True,True,True,1790127723
2026-09-23T01:42:04+00:00,548,3,14,True,True,True,1790127723
2026-09-23T01:42:04+00:00,559,14,3,True,True,True,1790127723
2026-09-23T01:42:04+00:00,545,14,24,True,True,True,1790127723
2026-09-23T01:42:04+00:00,550,1,7,True,True,True,1790127723
2026-09-23T01:42:04+00:00,541,6,6,True,True,True,1790127723
2026-09-23T01:42:04+00:00,527,5,6,True,True,True,1790127723
2026-09-23T01:42:04+00:00,529,1,19,True,True,True,1790127723
2026-09-23T01:42:04+00:00,526,3,9,True,True,True,1790127723
2026-09-23T01:42:04+00:00,537,5,13,True,True,True,1790127723
2026-09-23T01:42:04+00:00,547,8,22,True,True,True,1790127723
2026-09-23T01:42:04+00:00,601,0,18,True,True,True,1790127723
2026-09-23T01:42:04+00:00,533,4,7,True,True,True,1790127723
2026-09-23T01:42:04+00:00,535,0,26,True,True,True,1790127723
2026-09-23T01:42:04+00:00,524,1,18,True,True,True,1790127723
2026-09-23T01:42:04+00:00,519,22,1,True,True,True,1790127723
2026-09-23T01:42:04+00:00,534,12,26,True,True,True,1790127723
2026-09-23T01:42:04+00:00,521,12,1,True,True,True,1790127723
2026-09-23T01:42:04+00:00,518,1,15,True,True,True,1790127723
2026-09-23T01:42:04+00:00,556,1,16,True,True,True,1790127723
2026-09-23T01:42:04+00:00,525,0,15,True,True,True,1790127723
2026-09-23T01:42:04+00:00,517,2,13,True,True,True,1790127723
2026-09-23T01:42:04+00:00,523,20,10,True,True,True,1790127723
2026-09-23T01:42:04+00:00,522,8,1,True,True,True,1790127723
2026-09-23T01:42:04+00:00,594,7,11,True,True,True,1790127723
2026-09-23T01:42:04+00:00,532,10,11,True,True,True,1790127723
2026-09-23T01:42:04+00:00,509,0,12,True,True,True,1790127723
2026-09-23T01:42:04+00:00,531,2,12,True,True,True,1790127723
2026-09-23T01:42:04+00:00,536,0,8,True,True,True,1790127723
2026-09-23T01:42:04+00:00,562,1,39,True,True,True,1790127723
2026-09-23T01:42:04+00:00,511,1,17,True,True,True,1790127723
2026-09-23T01:42:04+00:00,505,7,14,True,True,True,1790127723
2026-09-23T01:42:04+00:00,501,3,13,True,True,True,1790127723
2026-09-23T01:42:04+00:00,514,9,3,True,True,True,1790127723
2026-09-23T01:42:04+00:00,500,0,17,True,True,True,1790127723
2026-09-23T01:42:04+00:00,503,27,3,True,True,True,1790127723
2026-09-23T01:42:04+00:00,513,0,15,True,True,True,1790127723
2026-09-23T01:42:04+00:00,498,0,12,True,True,True,1790127723
2026-09-23T01:42:04+00:00,507,20,0,True,True,True,1790127723
2026-09-23T01:42:04+00:00,512,13,16,True,True,True,1790127723
2026-09-23T01:42:04+00:00,619,0,42,True,True,True,1790127723
2026-09-23T01:42:04+00:00,474,1,40,True,True,True,1790127723
2026-09-23T01:42:04+00:00,580,2,43,True,True,True,1790127723
2026-09-23T01:42:04+00:00,496,8,35,True,True,True,1790127723
2026-09-23T01:42:04+00:00,482,3,15,True,True,True,1790127723
2026-09-23T01:42:04+00:00,407,2,10,True,True,True,1790127723
2026-09-23T01:42:04+00:00,409,14,10,True,True,True,1790127723
2026-09-23T01:42:04+00:00,451,9,11,True,True,True,1790127723
2026-09-23T01:42:04+00:00,402,2,18,True,True,True,1790127723
2026-09-23T01:42:04+00:00,516,7,6,True,True,True,1790127723
2026-09-23T01:42:04+00:00,625,11,30,True,True,True,1790127723
2026-09-23T01:42:04+00:00,429,2,18,True,True,True,1790127723
2026-09-23T01:42:04+00:00,380,2,21,True,True,True,1790127723
2026-09-23T01:42:04+00:00,583,8,9,True,True,True,1790127723
2026-09-23T01:42:04+00:00,398,6,7,True,True,True,1790127723
2026-09-23T01:42:04+00:00,381,11,4,True,True,True,1790127723
2026-09-23T01:42:04+00:00,464,22,22,True,True,True,1790127723
2026-09-23T01:42:04+00:00,442,15,3,True,True,True,1790127723
2026-09-23T01:42:04+00:00,483,11,9,True,True,True,1790127723
2026-09-23T01:42:04+00:00,458,7,8,True,True,True,1790127723
2026-09-23T01:42:04+00:00,499,8,8,True,True,True,1790127723
2026-09-23T01:42:04+00:00,472,2,20,True,True,True,1790127723
2026-09-23T01:42:04+00:00,506,6,21,True,True,True,1790127723
2026-09-23T01:42:04+00:00,465,5,24,True,True,True,1790127723
2026-09-23T01:42:04+00:00,611,6,32,True,True,True,1790127723
2026-09-23T01:42:04+00:00,404,2,21,True,True,True,1790127723
2026-09-23T01:42:04+00:00,579,7,8,True,True,True,1790127723
2026-09-23T01:42:04+00:00,589,2,24,True,True,True,1790127723
2026-09-23T01:42:04+00:00,434,2,18,True,True,True,1790127723
2026-09-23T01:42:04+00:00,462,3,10,True,True,True,1790127723
2026-09-23T01:42:04+00:00,578,6,18,True,True,True,1790127723
2026-09-23T01:42:04+00:00,415,1,10,True,True,True,1790127723
2026-09-23T01:42:04+00:00,423,20,0,True,True,True,1790127723
2026-09-23T01:42:04+00:00,412,6,0,True,True,True,1790127723
2026-09-23T01:42:04+00:00,387,10,5,True,True,True,1790127723
2026-09-23T01:42:04+00:00,441,0,15,True,True,True,1790127723
2026-09-23T01:42:04+00:00,454,6,14,True,True,True,1790127723
2026-09-23T01:42:04+00:00,436,7,6,True,True,True,1790127723
2026-09-23T01:42:04+00:00,394,11,9,True,True,True,1790127723
2026-09-23T01:42:04+00:00,497,4,23,True,True,True,1790127723
2026-09-23T01:42:04+00:00,581,15,6,True,True,True,1790127723
2026-09-23T01:42:04+00:00,461,9,10,True,True,True,1790127723
2026-09-23T01:42:04+00:00,599,19,29,True,True,True,1790127723
2026-09-23T01:42:04+00:00,428,6,17,True,True,True,1790127723
2026-09-23T01:42:04+00:00,400,8,15,True,True,True,1790127723
2026-09-23T01:42:04+00:00,487,3,18,True,True,True,1790127723
2026-09-23T01:42:04+00:00,438,3,38,True,True,True,1790127723
2026-09-23T01:42:04+00:00,459,0,9,True,True,True,1790127723
2026-09-23T01:42:04+00:00,433,3,15,True,True,True,1790127723
2026-09-23T01:42:04+00:00,399,19,11,True,True,True,1790127723
2026-09-23T01:42:04+00:00,489,18,10,True,True,True,1790127723
2026-09-23T01:42:04+00:00,742,16,12,True,True,True,1790127723
2026-09-23T01:42:04+00:00,551,13,19,True,True,True,1790127723
2026-09-23T01:42:04+00:00,406,7,5,True,True,True,1790127723
2026-09-23T01:42:04+00:00,488,5,18,True,True,True,1790127723
2026-09-23T01:42:04+00:00,540,10,24,True,True,True,1790127723
2026-09-23T01:42:04+00:00,431,7,12,True,True,True,1790127723
2026-09-23T01:42:04+00:00,393,3,18,True,True,True,1790127723
2026-09-23T01:42:04+00:00,420,6,10,True,True,True,1790127723
2026-09-23T01:42:04+00:00,397,3,30,True,True,True,1790127723
2026-09-23T01:42:04+00:00,390,14,14,True,True,True,1790127723
2026-09-23T01:42:04+00:00,449,3,21,True,True,True,1790127723
2026-09-23T01:42:04+00:00,430,26,15,True,True,True,1790127723
2026-09-23T01:42:04+00:00,484,11,22,True,True,True,1790127723
2026-09-23T01:42:04+00:00,479,4,25,True,True,True,1790127723
2026-09-23T01:42:04+00:00,403,5,7,True,True,True,1790127723
2026-09-23T01:42:04+00:00,435,2,25,True,True,True,1790127723
2026-09-23T01:42:04+00:00,426,1,18,True,True,True,1790127723
2026-09-23T01:42:04+00:00,450,2,12,True,True,True,1790127723
2026-09-23T01:42:04+00:00,456,7,27,True,True,True,1790127723
2026-09-23T01:42:04+00:00,468,15,0,True,True,True,1790127723
2026-09-23T01:42:04+00:00,453,0,31,True,True,True,1790127723
2026-09-23T01:42:04+00:00,466,1,13,True,True,True,1790127723
2026-09-23T01:42:04+00:00,469,1,27,True,True,True,1790127723
2026-09-23T01:42:04+00:00,416,2,12,True,True,True,1790127723
2026-09-23T01:42:04+00:00,391,4,9,True,True,True,1790127723
2026-09-23T01:42:04+00:00,389,0,15,True,True,True,1790127723
2026-09-23T01:42:04+00:00,470,3,12,True,True,True,1790127723
2026-09-23T01:42:04+00:00,384,5,11,True,True,True,1790127723
2026-09-23T01:42:04+00:00,425,5,2,True,True,True,1790127723
2026-09-23T01:42:04+00:00,411,3,9,True,True,True,1790127723
2026-09-23T01:42:04+00:00,598,19,12,True,True,True,1790127723
2026-09-23T01:42:04+00:00,444,15,1,True,True,True,1790127723
2026-09-23T01:42:04+00:00,447,25,4,True,True,True,1790127723
2026-09-23T01:42:04+00:00,408,14,1,True,True,True,1790127723
2026-09-23T01:42:04+00:00,737,19,5,True,True,True,1790127723
2026-09-23T01:42:04+00:00,432,2,9,True,True,True,1790127723
2026-09-23T01:42:04+00:00,401,6,0,True,True,True,1790127723
2026-09-23T01:42:04+00:00,452,0,29,True,True,True,1790127723
2026-09-23T01:42:04+00:00,392,5,2,True,True,True,1790127723
2026-09-23T01:42:04+00:00,481,22,20,True,True,True,1790127723
2026-09-23T01:42:04+00:00,495,23,18,True,True,True,1790127723
2026-09-23T01:42:04+00:00,478,2,11,True,True,True,1790127723
2026-09-23T01:42:04+00:00,414,0,11,True,True,True,1790127723
2026-09-23T01:42:04+00:00,476,11,9,True,True,True,1790127723
2026-09-23T01:42:04+00:00,445,8,8,True,True,True,1790127723
2026-09-23T01:42:04+00:00,748,5,21,True,True,True,1790127723
2026-09-23T01:42:04+00:00,473,1,5,True,True,True,1790127723
2026-09-23T01:42:04+00:00,383,17,10,True,True,True,1790127723
2026-09-23T01:42:04+00:00,480,24,1,True,True,True,1790127723
2026-09-23T01:42:04+00:00,421,17,2,True,True,True,1790127723
2026-09-23T01:42:04+00:00,746,0,8,True,True,True,1790127723
2026-09-23T01:42:04+00:00,417,5,9,True,True,True,1790127723
2026-09-23T01:42:04+00:00,427,8,3,True,True,True,1790127723
2026-09-23T01:42:04+00:00,395,2,11,True,True,True,1790127723
2026-09-23T01:42:04+00:00,418,13,13,True,True,True,1790127723
2026-09-23T01:42:04+00:00,413,2,8,True,True,True,1790127723
2026-09-23T01:42:04+00:00,486,7,15,True,True,True,1790127723
2026-09-23T01:42:04+00:00,597,10,3,True,True,True,1790127723
2026-09-23T01:42:04+00:00,422,8,3,True,True,True,1790127723
2026-09-23T01:42:04+00:00,382,7,0,True,True,True,1790127723
2026-09-23T01:42:04+00:00,396,0,22,True,True,True,1790127723
2026-09-23T01:42:04+00:00,735,13,1,True,True,True,1790127723
2026-09-23T01:42:04+00:00,437,1,23,True,True,True,1790127723
2026-09-23T01:42:04+00:00,446,4,18,True,True,True,1790127723
2026-09-23T01:42:04+00:00,424,5,2,True,True,True,1790127723
2026-09-23T01:42:04+00:00,455,12,0,True,True,True,1790127723
2026-09-23T01:42:04+00:00,457,5,4,True,True,True,1790127723
2026-09-23T01:42:04+00:00,377,5,21,True,True,True,1790127723
2026-09-23T01:42:04+00:00,738,11,1,True,True,True,1790127723
2026-09-23T01:42:04+00:00,460,26,0,True,True,True,1790127723
2026-09-23T01:42:04+00:00,744,5,3,True,True,True,1790127723
2026-09-23T01:42:04+00:00,485,13,4,True,True,True,1790127723
2026-09-23T01:57:04+00:00,6026,7,27,True,True,True,1790128618
2026-09-23T01:57:04+00:00,5431,1,20,True,True,True,1790128618
2026-09-23T01:57:04+00:00,5424,2,14,True,True,True,1790128618
2026-09-23T01:57:04+00:00,5220,0,19,True,True,True,1790128618
2026-09-23T01:57:04+00:00,5217,0,28,True,True,True,1790128618
2026-09-23T01:57:04+00:00,5113,8,4,True,True,True,1790128618
2026-09-23T01:57:04+00:00,4683,0,21,True,True,True,1790128618
2026-09-23T01:57:04+00:00,4552,0,18,True,True,True,1790128618
2026-09-23T01:57:04+00:00,3725,1,15,True,True,True,1790128618
2026-09-23T01:57:04+00:00,2358,1,10,True,True,True,1790128618
2026-09-23T01:57:04+00:00,2357,18,5,True,True,True,1790128618
2026-09-23T01:57:04+00:00,2355,1,10,True,True,True,1790128618
2026-09-23T01:57:04+00:00,2351,2,13,True,True,True,1790128618
2026-09-23T01:57:04+00:00,2350,0,24,True,True,True,1790128618
2026-09-23T01:57:04+00:00,2349,2,19,True,True,True,1790128618
2026-09-23T01:57:04+00:00,2347,3,26,True,True,True,1790128618
2026-09-23T01:57:04+00:00,2340,23,2,True,True,True,1790128618
2026-09-23T01:57:04+00:00,2339,20,9,True,True,True,1790128618
2026-09-23T01:57:04+00:00,2337,7,7,True,True,True,1790128618
2026-09-23T01:57:04+00:00,2334,1,11,True,True,True,1790128618
2026-09-23T01:57:04+00:00,2333,12,3,True,True,True,1790128618
2026-09-23T01:57:04+00:00,2332,2,9,True,True,True,1790128618
2026-09-23T01:57:04+00:00,2330,7,6,True,True,True,1790128618
2026-09-23T01:57:04+00:00,2329,7,8,True,True,True,1790128618
2026-09-23T01:57:04+00:00,2328,2,17,True,True,True,1790128618
2026-09-23T01:57:04+00:00,2315,16,1,True,True,True,1790128618
2026-09-23T01:57:04+00:00,2308,3,4,True,True,True,1790128618
2026-09-23T01:57:04+00:00,2307,1,29,True,True,True,1790128618
2026-09-23T01:57:04+00:00,2306,1,17,True,True,True,1790128618
2026-09-23T01:57:04+00:00,2305,6,8,True,True,True,1790128618
2026-09-23T01:57:04+00:00,2304,10,7,True,True,True,1790128618
2026-09-23T01:57:04+00:00,2280,12,0,True,True,True,1790128618
2026-09-23T01:57:04+00:00,2270,4,16,True,True,True,1790128618
2026-09-23T01:57:04+00:00,1919,0,6,True,True,True,1790128618
2026-09-23T01:57:04+00:00,1755,32,1,True,True,True,1790128618
2026-09-23T01:57:04+00:00,1101,13,9,True,True,True,1790128618
2026-09-23T01:57:04+00:00,1023,6,9,True,True,True,1790128618
2026-09-23T01:57:04+00:00,1009,3,6,True,True,True,1790128618
2026-09-23T01:57:04+00:00,970,11,13,True,True,True,1790128618
2026-09-23T01:57:04+00:00,787,6,6,True,True,True,1790128618
2026-09-23T01:57:04+00:00,627,11,17,True,True,True,1790128618
2026-09-23T01:57:04+00:00,623,1,17,True,True,True,1790128618
2026-09-23T01:57:04+00:00,624,5,13,True,True,True,1790128618
2026-09-23T01:57:04+00:00,626,5,18,True,True,True,1790128618
2026-09-23T01:57:04+00:00,614,5,19,True,True,True,1790128618
2026-09-23T01:57:04+00:00,616,11,4,True,True,True,1790128618
2026-09-23T01:57:04+00:00,618,0,40,True,True,True,1790128618
2026-09-23T01:57:04+00:00,621,14,13,True,True,True,1790128618
2026-09-23T01:57:04+00:00,622,5,19,True,True,True,1790128618
2026-09-23T01:57:04+00:00,613,7,10,True,True,True,1790128618
2026-09-23T01:57:04+00:00,620,20,16,True,True,True,1790128618
2026-09-23T01:57:04+00:00,596,8,10,True,True,True,1790128618
2026-09-23T01:57:04+00:00,617,10,6,True,True,True,1790128618
2026-09-23T01:57:04+00:00,609,2,24,True,True,True,1790128618
2026-09-23T01:57:04+00:00,607,23,5,True,True,True,1790128618
2026-09-23T01:57:04+00:00,603,4,12,True,True,True,1790128618
2026-09-23T01:57:04+00:00,590,1,37,True,True,True,1790128618
2026-09-23T01:57:04+00:00,610,16,4,True,True,True,1790128618
2026-09-23T01:57:04+00:00,608,5,15,True,True,True,1790128618
2026-09-23T01:57:04+00:00,593,2,28,True,True,True,1790128618
2026-09-23T01:57:04+00:00,530,5,2,True,True,True,1790128618
2026-09-23T01:57:04+00:00,463,19,0,True,True,True,1790128618
2026-09-23T01:57:04+00:00,475,18,5,True,True,True,1790128618
2026-09-23T01:57:04+00:00,439,2,21,True,True,True,1790128618
2026-09-23T01:57:04+00:00,600,7,3,True,True,True,1790128618
2026-09-23T01:57:04+00:00,440,16,0,True,True,True,1790128618
2026-09-23T01:57:04+00:00,612,9,7,True,True,True,1790128618
2026-09-23T01:57:04+00:00,491,12,6,True,True,True,1790128618
2026-09-23T01:57:04+00:00,493,19,7,True,True,True,1790128618
2026-09-23T01:57:04+00:00,410,24,1,True,True,True,1790128618
2026-09-23T01:57:04+00:00,605,0,18,True,True,True,1790128618
2026-09-23T01:57:04+00:00,388,6,12,True,True,True,1790128618
2026-09-23T01:57:04+00:00,591,1,23,True,True,True,1790128618
2026-09-23T01:57:04+00:00,592,6,11,True,True,True,1790128618
2026-09-23T01:57:04+00:00,585,15,1,True,True,True,1790128618
2026-09-23T01:57:04+00:00,565,5,12,True,True,True,1790128618
2026-09-23T01:57:04+00:00,571,0,19,True,True,True,1790128618
2026-09-23T01:57:04+00:00,568,4,11,True,True,True,1790128618
2026-09-23T01:57:04+00:00,588,2,18,True,True,True,1790128618
2026-09-23T01:57:04+00:00,584,9,25,True,True,True,1790128618
2026-09-23T01:57:04+00:00,569,14,15,True,True,True,1790128618
2026-09-23T01:57:04+00:00,577,1,28,True,True,True,1790128618
2026-09-23T01:57:04+00:00,564,1,27,True,True,True,1790128618
2026-09-23T01:57:04+00:00,570,3,11,True,True,True,1790128618
2026-09-23T01:57:04+00:00,572,4,32,True,True,True,1790128618
2026-09-23T01:57:04+00:00,586,25,0,True,True,True,1790128618
2026-09-23T01:57:04+00:00,576,16,2,True,True,True,1790128618
2026-09-23T01:57:04+00:00,566,17,6,True,True,True,1790128618
2026-09-23T01:57:04+00:00,602,3,14,True,True,True,1790128618
2026-09-23T01:57:04+00:00,575,0,27,True,True,True,1790128618
2026-09-23T01:57:04+00:00,567,0,38,True,True,True,1790128618
2026-09-23T01:57:04+00:00,582,1,25,True,True,True,1790128618
2026-09-23T01:57:04+00:00,595,8,14,True,True,True,1790128618
2026-09-23T01:57:04+00:00,542,9,10,True,True,True,1790128618
2026-09-23T01:57:04+00:00,563,10,5,True,True,True,1790128618
2026-09-23T01:57:04+00:00,558,9,4,True,True,True,1790128618
2026-09-23T01:57:04+00:00,552,18,0,True,True,True,1790128618
2026-09-23T01:57:04+00:00,555,8,6,True,True,True,1790128618
2026-09-23T01:57:04+00:00,573,15,9,True,True,True,1790128618
2026-09-23T01:57:04+00:00,561,15,7,True,True,True,1790128618
2026-09-23T01:57:04+00:00,615,18,3,True,True,True,1790128618
2026-09-23T01:57:04+00:00,543,0,20,True,True,True,1790128618
2026-09-23T01:57:04+00:00,554,0,18,True,True,True,1790128618
2026-09-23T01:57:04+00:00,574,0,12,True,True,True,1790128618
2026-09-23T01:57:04+00:00,560,3,4,True,True,True,1790128618
2026-09-23T01:57:04+00:00,548,3,14,True,True,True,1790128618
2026-09-23T01:57:04+00:00,559,14,3,True,True,True,1790128618
2026-09-23T01:57:04+00:00,545,14,24,True,True,True,1790128618
2026-09-23T01:57:04+00:00,550,1,7,True,True,True,1790128618
2026-09-23T01:57:04+00:00,541,6,6,True,True,True,1790128618
2026-09-23T01:57:04+00:00,527,5,6,True,True,True,1790128618
2026-09-23T01:57:04+00:00,529,1,19,True,True,True,1790128618
2026-09-23T01:57:04+00:00,526,3,9,True,True,True,1790128618
2026-09-23T01:57:04+00:00,537,5,13,True,True,True,1790128618
2026-09-23T01:57:04+00:00,547,8,22,True,True,True,1790128618
2026-09-23T01:57:04+00:00,601,0,18,True,True,True,1790128618
2026-09-23T01:57:04+00:00,533,4,7,True,True,True,1790128618
2026-09-23T01:57:04+00:00,535,0,26,True,True,True,1790128618
2026-09-23T01:57:04+00:00,524,1,18,True,True,True,1790128618
2026-09-23T01:57:04+00:00,519,22,1,True,True,True,1790128618
2026-09-23T01:57:04+00:00,534,12,26,True,True,True,1790128618
2026-09-23T01:57:04+00:00,521,12,1,True,True,True,1790128618
2026-09-23T01:57:04+00:00,518,1,15,True,True,True,1790128618
2026-09-23T01:57:04+00:00,556,1,16,True,True,True,1790128618
2026-09-23T01:57:04+00:00,525,0,15,True,True,True,1790128618
2026-09-23T01:57:04+00:00,517,2,13,True,True,True,1790128618
2026-09-23T01:57:04+00:00,523,20,10,True,True,True,1790128618
2026-09-23T01:57:04+00:00,522,8,1,True,True,True,1790128618
2026-09-23T01:57:04+00:00,594,7,11,True,True,True,1790128618
2026-09-23T01:57:04+00:00,532,10,11,True,True,True,1790128618
2026-09-23T01:57:04+00:00,509,0,12,True,True,True,1790128618
2026-09-23T01:57:04+00:00,531,2,12,True,True,True,1790128618
2026-09-23T01:57:04+00:00,536,0,8,True,True,True,1790128618
2026-09-23T01:57:04+00:00,562,1,39,True,True,True,1790128618
2026-09-23T01:57:04+00:00,511,1,17,True,True,True,1790128618
2026-09-23T01:57:04+00:00,505,7,14,True,True,True,1790128618
2026-09-23T01:57:04+00:00,501,3,13,True,True,True,1790128618
2026-09-23T01:57:04+00:00,514,9,3,True,True,True,1790128618
2026-09-23T01:57:04+00:00,500,0,17,True,True,True,1790128618
2026-09-23T01:57:04+00:00,503,27,3,True,True,True,1790128618
2026-09-23T01:57:04+00:00,513,0,15,True,True,True,1790128618
2026-09-23T01:57:04+00:00,498,0,12,True,True,True,1790128618
2026-09-23T01:57:04+00:00,507,20,0,True,True,True,1790128618
2026-09-23T01:57:04+00:00,512,13,16,True,True,True,1790128618
2026-09-23T01:57:04+00:00,619,0,42,True,True,True,1790128618
2026-09-23T01:57:04+00:00,474,1,40,True,True,True,1790128618
2026-09-23T01:57:04+00:00,580,2,43,True,True,True,1790128618
2026-09-23T01:57:04+00:00,496,8,35,True,True,True,1790128618
2026-09-23T01:57:04+00:00,482,3,15,True,True,True,1790128618
2026-09-23T01:57:04+00:00,407,2,10,True,True,True,1790128618
2026-09-23T01:57:04+00:00,409,14,10,True,True,True,1790128618
2026-09-23T01:57:04+00:00,451,9,11,True,True,True,1790128618
2026-09-23T01:57:04+00:00,402,2,18,True,True,True,1790128618
2026-09-23T01:57:04+00:00,516,7,6,True,True,True,1790128618
2026-09-23T01:57:04+00:00,625,11,30,True,True,True,1790128618
2026-09-23T01:57:04+00:00,429,2,18,True,True,True,1790128618
2026-09-23T01:57:04+00:00,380,2,21,True,True,True,1790128618
2026-09-23T01:57:04+00:00,583,8,9,True,True,True,1790128618
2026-09-23T01:57:04+00:00,398,6,7,True,True,True,1790128618
2026-09-23T01:57:04+00:00,381,11,4,True,True,True,1790128618
2026-09-23T01:57:04+00:00,464,22,22,True,True,True,1790128618
2026-09-23T01:57:04+00:00,442,15,3,True,True,True,1790128618
2026-09-23T01:57:04+00:00,483,11,9,True,True,True,1790128618
2026-09-23T01:57:04+00:00,458,7,8,True,True,True,1790128618
2026-09-23T01:57:04+00:00,499,8,8,True,True,True,1790128618
2026-09-23T01:57:04+00:00,472,2,20,True,True,True,1790128618
2026-09-23T01:57:04+00:00,506,6,21,True,True,True,1790128618
2026-09-23T01:57:04+00:00,465,5,24,True,True,True,1790128618
2026-09-23T01:57:04+00:00,611,6,32,True,True,True,1790128618
2026-09-23T01:57:04+00:00,404,2,21,True,True,True,1790128618
2026-09-23T01:57:04+00:00,579,7,8,True,True,True,1790128618
2026-09-23T01:57:04+00:00,589,2,24,True,True,True,1790128618
2026-09-23T01:57:04+00:00,434,2,18,True,True,True,1790128618
2026-09-23T01:57:04+00:00,462,3,10,True,True,True,1790128618
2026-09-23T01:57:04+00:00,578,6,18,True,True,True,1790128618
2026-09-23T01:57:04+00:00,415,1,10,True,True,True,1790128618
2026-09-23T01:57:04+00:00,423,20,0,True,True,True,1790128618
2026-09-23T01:57:04+00:00,412,6,0,True,True,True,1790128618
2026-09-23T01:57:04+00:00,387,10,5,True,True,True,1790128618
2026-09-23T01:57:04+00:00,441,0,15,True,True,True,1790128618
2026-09-23T01:57:04+00:00,454,6,14,True,True,True,1790128618
2026-09-23T01:57:04+00:00,436,7,6,True,True,True,1790128618
2026-09-23T01:57:04+00:00,394,11,9,True,True,True,1790128618
2026-09-23T01:57:04+00:00,497,4,23,True,True,True,1790128618
2026-09-23T01:57:04+00:00,581,15,6,True,True,True,1790128618
2026-09-23T01:57:04+00:00,461,9,10,True,True,True,1790128618
2026-09-23T01:57:04+00:00,599,19,29,True,True,True,1790128618
2026-09-23T01:57:04+00:00,428,6,17,True,True,True,1790128618
2026-09-23T01:57:04+00:00,400,8,15,True,True,True,1790128618
2026-09-23T01:57:04+00:00,487,3,18,True,True,True,1790128618
2026-09-23T01:57:04+00:00,438,3,38,True,True,True,1790128618
2026-09-23T01:57:04+00:00,459,0,9,True,True,True,1790128618
2026-09-23T01:57:04+00:00,433,3,15,True,True,True,1790128618
2026-09-23T01:57:04+00:00,399,19,11,True,True,True,1790128618
2026-09-23T01:57:04+00:00,489,18,10,True,True,True,1790128618
2026-09-23T01:57:04+00:00,742,16,12,True,True,True,1790128618
2026-09-23T01:57:04+00:00,551,13,19,True,True,True,1790128618
2026-09-23T01:57:04+00:00,406,7,5,True,True,True,1790128618
2026-09-23T01:57:04+00:00,488,5,18,True,True,True,1790128618
2026-09-23T01:57:04+00:00,540,10,24,True,True,True,1790128618
2026-09-23T01:57:04+00:00,431,7,12,True,True,True,1790128618
2026-09-23T01:57:04+00:00,393,3,18,True,True,True,1790128618
2026-09-23T01:57:04+00:00,420,6,10,True,True,True,1790128618
2026-09-23T01:57:04+00:00,397,3,30,True,True,True,1790128618
2026-09-23T01:57:04+00:00,390,14,14,True,True,True,1790128618
2026-09-23T01:57:04+00:00,449,3,21,True,True,True,1790128618
2026-09-23T01:57:04+00:00,430,26,15,True,True,True,1790128618
2026-09-23T01:57:04+00:00,484,11,22,True,True,True,1790128618
2026-09-23T01:57:04+00:00,479,4,25,True,True,True,1790128618
2026-09-23T01:57:04+00:00,403,5,7,True,True,True,1790128618
2026-09-23T01:57:04+00:00,435,2,25,True,True,True,1790128618
2026-09-23T01:57:04+00:00,426,1,18,True,True,True,1790128618
2026-09-23T01:57:04+00:00,450,2,12,True,True,True,1790128618
2026-09-23T01:57:04+00:00,456,7,27,True,True,True,1790128618
2026-09-23T01:57:04+00:00,468,15,0,True,True,True,1790128618
2026-09-23T01:57:04+00:00,453,0,31,True,True,True,1790128618
2026-09-23T01:57:04+00:00,466,1,13,True,True,True,1790128618
2026-09-23T01:57:04+00:00,469,1,27,True,True,True,1790128618
2026-09-23T01:57:04+00:00,416,2,12,True,True,True,1790128618
2026-09-23T01:57:04+00:00,391,4,9,True,True,True,1790128618
2026-09-23T01:57:04+00:00,389,0,15,True,True,True,1790128618
2026-09-23T01:57:04+00:00,470,3,12,True,True,True,1790128618
2026-09-23T01:57:04+00:00,384,5,11,True,True,True,1790128618
2026-09-23T01:57:04+00:00,425,5,2,True,True,True,1790128618
2026-09-23T01:57:04+00:00,411,3,9,True,True,True,1790128618
2026-09-23T01:57:04+00:00,598,19,12,True,True,True,1790128618
2026-09-23T01:57:04+00:00,444,15,1,True,True,True,1790128618
2026-09-23T01:57:04+00:00,447,25,4,True,True,True,1790128618
2026-09-23T01:57:04+00:00,408,14,1,True,True,True,1790128618
2026-09-23T01:57:04+00:00,737,19,5,True,True,True,1790128618
2026-09-23T01:57:04+00:00,432,2,9,True,True,True,1790128618
2026-09-23T01:57:04+00:00,401,6,0,True,True,True,1790128618
2026-09-23T01:57:04+00:00,452,0,29,True,True,True,1790128618
2026-09-23T01:57:04+00:00,392,5,2,True,True,True,1790128618
2026-09-23T01:57:04+00:00,481,22,20,True,True,True,1790128618
2026-09-23T01:57:04+00:00,495,23,18,True,True,True,1790128618
2026-09-23T01:57:04+00:00,478,2,11,True,True,True,1790128618
2026-09-23T01:57:04+00:00,414,0,11,True,True,True,1790128618
2026-09-23T01:57:04+00:00,476,11,9,True,True,True,1790128618
2026-09-23T01:57:04+00:00,445,8,8,True,True,True,1790128618
2026-09-23T01:57:04+00:00,748,5,21,True,True,True,1790128618
2026-09-23T01:57:04+00:00,473,1,5,True,True,True,1790128618
2026-09-23T01:57:04+00:00,383,17,10,True,True,True,1790128618
2026-09-23T01:57:04+00:00,480,24,1,True,True,True,1790128618
2026-09-23T01:57:04+00:00,421,17,2,True,True,True,1790128618
2026-09-23T01:57:04+00:00,746,0,8,True,True,True,1790128618
2026-09-23T01:57:04+00:00,417,5,9,True,True,True,1790128618
2026-09-23T01:57:04+00:00,427,8,3,True,True,True,1790128618
2026-09-23T01:57:04+00:00,395,2,11,True,True,True,1790128618
2026-09-23T01:57:04+00:00,418,13,13,True,True,True,1790128618
2026-09-23T01:57:04+00:00,413,2,8,True,True,True,1790128618
2026-09-23T01:57:04+00:00,486,7,15,True,True,True,1790128618
2026-09-23T01:57:04+00:00,597,10,3,True,True,True,1790128618
2026-09-23T01:57:04+00:00,422,8,3,True,True,True,1790128618
2026-09-23T01:57:04+00:00,382,7,0,True,True,True,1790128618
2026-09-23T01:57:04+00:00,396,0,22,True,True,True,1790128618
2026-09-23T01:57:04+00:00,735,13,1,True,True,True,1790128618
2026-09-23T01:57:04+00:00,437,1,23,True,True,True,1790128618
2026-09-23T01:57:04+00:00,446,4,18,True,True,True,1790128618
2026-09-23T01:57:04+00:00,424,5,2,True,True,True,1790128618
2026-09-23T01:57:04+00:00,455,12,0,True,True,True,1790128618
2026-09-23T01:57:04+00:00,457,5,4,True,True,True,1790128618
2026-09-23T01:57:04+00:00,377,5,21,True,True,True,1790128618
2026-09-23T01:57:04+00:00,738,11,1,True,True,True,1790128618
2026-09-23T01:57:04+00:00,460,26,0,True,True,True,1790128618
2026-09-23T01:57:04+00:00,744,5,3,True,True,True,1790128618
2026-09-23T01:57:04+00:00,485,13,4,True,True,True,1790128618
2026-09-23T02:12:04+00:00,6026,7,27,True,True,True,1790129516
2026-09-23T02:12:04+00:00,5431,1,20,True,True,True,1790129516
2026-09-23T02:12:04+00:00,5424,2,14,True,True,True,1790129516
2026-09-23T02:12:04+00:00,5220,0,19,True,True,True,1790129516
2026-09-23T02:12:04+00:00,5217,0,28,True,True,True,1790129516
2026-09-23T02:12:04+00:00,5113,8,4,True,True,True,1790129516
2026-09-23T02:12:04+00:00,4683,0,21,True,True,True,1790129516
2026-09-23T02:12:04+00:00,4552,0,18,True,True,True,1790129516
2026-09-23T02:12:04+00:00,3725,1,15,True,True,True,1790129516
2026-09-23T02:12:04+00:00,2358,1,10,True,True,True,1790129516
2026-09-23T02:12:04+00:00,2357,18,5,True,True,True,1790129516
2026-09-23T02:12:04+00:00,2355,1,10,True,True,True,1790129516
2026-09-23T02:12:04+00:00,2351,2,13,True,True,True,1790129516
2026-09-23T02:12:04+00:00,2350,0,24,True,True,True,1790129516
2026-09-23T02:12:04+00:00,2349,2,19,True,True,True,1790129516
2026-09-23T02:12:04+00:00,2347,3,26,True,True,True,1790129516
2026-09-23T02:12:04+00:00,2340,23,2,True,True,True,1790129516
2026-09-23T02:12:04+00:00,2339,20,9,True,True,True,1790129516
2026-09-23T02:12:04+00:00,2337,7,7,True,True,True,1790129516
2026-09-23T02:12:04+00:00,2334,1,11,True,True,True,1790129516
2026-09-23T02:12:04+00:00,2333,12,3,True,True,True,1790129516
2026-09-23T02:12:04+00:00,2332,2,9,True,True,True,1790129516
2026-09-23T02:12:04+00:00,2330,7,6,True,True,True,1790129516
2026-09-23T02:12:04+00:00,2329,7,8,True,True,True,1790129516
2026-09-23T02:12:04+00:00,2328,2,17,True,True,True,1790129516
2026-09-23T02:12:04+00:00,2315,16,1,True,True,True,1790129516
2026-09-23T02:12:04+00:00,2308,3,4,True,True,True,1790129516
2026-09-23T02:12:04+00:00,2307,1,29,True,True,True,1790129516
2026-09-23T02:12:04+00:00,2306,1,17,True,True,True,1790129516
2026-09-23T02:12:04+00:00,2305,6,8,True,True,True,1790129516
2026-09-23T02:12:04+00:00,2304,10,7,True,True,True,1790129516
2026-09-23T02:12:04+00:00,2280,12,0,True,True,True,1790129516
2026-09-23T02:12:04+00:00,2270,4,16,True,True,True,1790129516
2026-09-23T02:12:04+00:00,1919,0,6,True,True,True,1790129516
2026-09-23T02:12:04+00:00,1755,32,1,True,True,True,1790129516
2026-09-23T02:12:04+00:00,1101,13,9,True,True,True,1790129516
2026-09-23T02:12:04+00:00,1023,6,9,True,True,True,1790129516
2026-09-23T02:12:04+00:00,1009,3,6,True,True,True,1790129516
2026-09-23T02:12:04+00:00,970,11,13,True,True,True,1790129516
2026-09-23T02:12:04+00:00,787,6,6,True,True,True,1790129516
2026-09-23T02:12:04+00:00,627,11,17,True,True,True,1790129516
2026-09-23T02:12:04+00:00,623,1,17,True,True,True,1790129516
2026-09-23T02:12:04+00:00,624,5,13,True,True,True,1790129516
2026-09-23T02:12:04+00:00,626,5,18,True,True,True,1790129516
2026-09-23T02:12:04+00:00,614,5,19,True,True,True,1790129516
2026-09-23T02:12:04+00:00,616,11,4,True,True,True,1790129516
2026-09-23T02:12:04+00:00,618,0,40,True,True,True,1790129516
2026-09-23T02:12:04+00:00,621,14,13,True,True,True,1790129516
2026-09-23T02:12:04+00:00,622,5,19,True,True,True,1790129516
2026-09-23T02:12:04+00:00,613,7,10,True,True,True,1790129516
2026-09-23T02:12:04+00:00,620,20,16,True,True,True,1790129516
2026-09-23T02:12:04+00:00,596,8,10,True,True,True,1790129516
2026-09-23T02:12:04+00:00,617,10,6,True,True,True,1790129516
2026-09-23T02:12:04+00:00,609,2,24,True,True,True,1790129516
2026-09-23T02:12:04+00:00,607,23,5,True,True,True,1790129516
2026-09-23T02:12:04+00:00,603,4,12,True,True,True,1790129516
2026-09-23T02:12:04+00:00,590,1,37,True,True,True,1790129516
2026-09-23T02:12:04+00:00,610,16,4,True,True,True,1790129516
2026-09-23T02:12:04+00:00,608,5,15,True,True,True,1790129516
2026-09-23T02:12:04+00:00,593,2,28,True,True,True,1790129516
2026-09-23T02:12:04+00:00,530,5,2,True,True,True,1790129516
2026-09-23T02:12:04+00:00,463,19,0,True,True,True,1790129516
2026-09-23T02:12:04+00:00,475,18,5,True,True,True,1790129516
2026-09-23T02:12:04+00:00,439,2,21,True,True,True,1790129516
2026-09-23T02:12:04+00:00,600,7,3,True,True,True,1790129516
2026-09-23T02:12:04+00:00,440,16,0,True,True,True,1790129516
2026-09-23T02:12:04+00:00,612,9,7,True,True,True,1790129516
2026-09-23T02:12:04+00:00,491,12,6,True,True,True,1790129516
2026-09-23T02:12:04+00:00,493,19,7,True,True,True,1790129516
2026-09-23T02:12:04+00:00,410,24,1,True,True,True,1790129516
2026-09-23T02:12:04+00:00,605,0,18,True,True,True,1790129516
2026-09-23T02:12:04+00:00,388,6,12,True,True,True,1790129516
2026-09-23T02:12:04+00:00,591,1,23,True,True,True,1790129516
2026-09-23T02:12:04+00:00,592,6,11,True,True,True,1790129516
2026-09-23T02:12:04+00:00,585,15,1,True,True,True,1790129516
2026-09-23T02:12:04+00:00,565,5,12,True,True,True,1790129516
2026-09-23T02:12:04+00:00,571,0,19,True,True,True,1790129516
2026-09-23T02:12:04+00:00,568,4,11,True,True,True,1790129516
2026-09-23T02:12:04+00:00,588,2,18,True,True,True,1790129516
2026-09-23T02:12:04+00:00,584,9,25,True,True,True,1790129516
2026-09-23T02:12:04+00:00,569,14,15,True,True,True,1790129516
2026-09-23T02:12:04+00:00,577,1,28,True,True,True,1790129516
2026-09-23T02:12:04+00:00,564,1,27,True,True,True,1790129516
2026-09-23T02:12:04+00:00,570,3,11,True,True,True,1790129516
2026-09-23T02:12:04+00:00,572,4,32,True,True,True,1790129516
2026-09-23T02:12:04+00:00,586,25,0,True,True,True,1790129516
2026-09-23T02:12:04+00:00,576,16,2,True,True,True,1790129516
2026-09-23T02:12:04+00:00,566,17,6,True,True,True,1790129516
2026-09-23T02:12:04+00:00,602,3,14,True,True,True,1790129516
2026-09-23T02:12:04+00:00,575,0,27,True,True,True,1790129516
2026-09-23T02:12:04+00:00,567,0,38,True,True,True,1790129516
2026-09-23T02:12:04+00:00,582,1,25,True,True,True,1790129516
2026-09-23T02:12:04+00:00,595,8,14,True,True,True,1790129516
2026-09-23T02:12:04+00:00,542,9,10,True,True,True,1790129516
2026-09-23T02:12:04+00:00,563,10,5,True,True,True,1790129516
2026-09-23T02:12:04+00:00,558,9,4,True,True,True,1790129516
2026-09-23T02:12:04+00:00,552,18,0,True,True,True,1790129516
2026-09-23T02:12:04+00:00,555,8,6,True,True,True,1790129516
2026-09-23T02:12:04+00:00,573,15,9,True,True,True,1790129516
2026-09-23T02:12:04+00:00,561,15,7,True,True,True,1790129516
2026-09-23T02:12:04+00:00,615,18,3,True,True,True,1790129516
2026-09-23T02:12:04+00:00,543,0,20,True,True,True,1790129516
2026-09-23T02:12:04+00:00,554,0,18,True,True,True,1790129516
2026-09-23T02:12:04+00:00,574,0,12,True,True,True,1790129516
2026-09-23T02:12:04+00:00,560,3,4,True,True,True,1790129516
2026-09-23T02:12:04+00:00,548,3,14,True,True,True,1790129516
2026-09-23T02:12:04+00:00,559,14,3,True,True,True,1790129516
2026-09-23T02:12:04+00:00,545,14,24,True,True,True,1790129516
2026-09-23T02:12:04+00:00,550,1,7,True,True,True,1790129516
2026-09-23T02:12:04+00:00,541,6,6,True,True,True,1790129516
2026-09-23T02:12:04+00:00,527,5,6,True,True,True,1790129516
2026-09-23T02:12:04+00:00,529,1,19,True,True,True,1790129516
2026-09-23T02:12:04+00:00,526,3,9,True,True,True,1790129516
2026-09-23T02:12:04+00:00,537,5,13,True,True,True,1790129516
2026-09-23T02:12:04+00:00,547,8,22,True,True,True,1790129516
2026-09-23T02:12:04+00:00,601,0,18,True,True,True,1790129516
2026-09-23T02:12:04+00:00,533,4,7,True,True,True,1790129516
2026-09-23T02:12:04+00:00,535,0,26,True,True,True,1790129516
2026-09-23T02:12:04+00:00,524,1,18,True,True,True,1790129516
2026-09-23T02:12:04+00:00,519,22,1,True,True,True,1790129516
2026-09-23T02:12:04+00:00,534,12,26,True,True,True,1790129516
2026-09-23T02:12:04+00:00,521,12,1,True,True,True,1790129516
2026-09-23T02:12:04+00:00,518,1,15,True,True,True,1790129516
2026-09-23T02:12:04+00:00,556,1,16,True,True,True,1790129516
2026-09-23T02:12:04+00:00,525,0,15,True,True,True,1790129516
2026-09-23T02:12:04+00:00,517,2,13,True,True,True,1790129516
2026-09-23T02:12:04+00:00,523,20,10,True,True,True,1790129516
2026-09-23T02:12:04+00:00,522,8,1,True,True,True,1790129516
2026-09-23T02:12:04+00:00,594,7,11,True,True,True,1790129516
2026-09-23T02:12:04+00:00,532,10,11,True,True,True,1790129516
2026-09-23T02:12:04+00:00,509,0,12,True,True,True,1790129516
2026-09-23T02:12:04+00:00,531,2,12,True,True,True,1790129516
2026-09-23T02:12:04+00:00,536,0,8,True,True,True,1790129516
2026-09-23T02:12:04+00:00,562,1,39,True,True,True,1790129516
2026-09-23T02:12:04+00:00,511,1,17,True,True,True,1790129516
2026-09-23T02:12:04+00:00,505,7,14,True,True,True,1790129516
2026-09-23T02:12:04+00:00,501,3,13,True,True,True,1790129516
2026-09-23T02:12:04+00:00,514,9,3,True,True,True,1790129516
2026-09-23T02:12:04+00:00,500,0,17,True,True,True,1790129516
2026-09-23T02:12:04+00:00,503,27,3,True,True,True,1790129516
2026-09-23T02:12:04+00:00,513,0,15,True,True,True,1790129516
2026-09-23T02:12:04+00:00,498,0,12,True,True,True,1790129516
2026-09-23T02:12:04+00:00,507,20,0,True,True,True,1790129516
2026-09-23T02:12:04+00:00,512,13,16,True,True,True,1790129516
2026-09-23T02:12:04+00:00,619,0,42,True,True,True,1790129516
2026-09-23T02:12:04+00:00,474,1,40,True,True,True,1790129516
2026-09-23T02:12:04+00:00,580,2,43,True,True,True,1790129516
2026-09-23T02:12:04+00:00,496,8,35,True,True,True,1790129516
2026-09-23T02:12:04+00:00,482,3,15,True,True,True,1790129516
2026-09-23T02:12:04+00:00,407,2,10,True,True,True,1790129516
2026-09-23T02:12:04+00:00,409,14,10,True,True,True,1790129516
2026-09-23T02:12:04+00:00,451,9,11,True,True,True,1790129516
2026-09-23T02:12:04+00:00,402,2,18,True,True,True,1790129516
2026-09-23T02:12:04+00:00,516,7,6,True,True,True,1790129516
2026-09-23T02:12:04+00:00,625,11,30,True,True,True,1790129516
2026-09-23T02:12:04+00:00,429,2,18,True,True,True,1790129516
2026-09-23T02:12:04+00:00,380,2,21,True,True,True,1790129516
2026-09-23T02:12:04+00:00,583,8,9,True,True,True,1790129516
2026-09-23T02:12:04+00:00,398,6,7,True,True,True,1790129516
2026-09-23T02:12:04+00:00,381,11,4,True,True,True,1790129516
2026-09-23T02:12:04+00:00,464,22,22,True,True,True,1790129516
2026-09-23T02:12:04+00:00,442,15,3,True,True,True,1790129516
2026-09-23T02:12:04+00:00,483,11,9,True,True,True,1790129516
2026-09-23T02:12:04+00:00,458,7,8,True,True,True,1790129516
2026-09-23T02:12:04+00:00,499,8,8,True,True,True,1790129516
2026-09-23T02:12:04+00:00,472,2,20,True,True,True,1790129516
2026-09-23T02:12:04+00:00,506,6,21,True,True,True,1790129516
2026-09-23T02:12:04+00:00,465,5,24,True,True,True,1790129516
2026-09-23T02:12:04+00:00,611,6,32,True,True,True,1790129516
2026-09-23T02:12:04+00:00,404,2,21,True,True,True,1790129516
2026-09-23T02:12:04+00:00,579,7,8,True,True,True,1790129516
2026-09-23T02:12:04+00:00,589,2,24,True,True,True,1790129516
2026-09-23T02:12:04+00:00,434,2,18,True,True,True,1790129516
2026-09-23T02:12:04+00:00,462,3,10,True,True,True,1790129516
2026-09-23T02:12:04+00:00,578,6,18,True,True,True,1790129516
2026-09-23T02:12:04+00:00,415,1,10,True,True,True,1790129516
2026-09-23T02:12:04+00:00,423,20,0,True,True,True,1790129516
2026-09-23T02:12:04+00:00,412,6,0,True,True,True,1790129516
2026-09-23T02:12:04+00:00,387,10,5,True,True,True,1790129516
2026-09-23T02:12:04+00:00,441,0,15,True,True,True,1790129516
2026-09-23T02:12:04+00:00,454,6,14,True,True,True,1790129516
2026-09-23T02:12:04+00:00,436,7,6,True,True,True,1790129516
2026-09-23T02:12:04+00:00,394,11,9,True,True,True,1790129516
2026-09-23T02:12:04+00:00,497,4,23,True,True,True,1790129516
2026-09-23T02:12:04+00:00,581,15,6,True,True,True,1790129516
2026-09-23T02:12:04+00:00,461,9,10,True,True,True,1790129516
2026-09-23T02:12:04+00:00,599,19,29,True,True,True,1790129516
2026-09-23T02:12:04+00:00,428,6,17,True,True,True,1790129516
2026-09-23T02:12:04+00:00,400,8,15,True,True,True,1790129516
2026-09-23T02:12:04+00:00,487,3,18,True,True,True,1790129516
2026-09-23T02:12:04+00:00,438,3,38,True,True,True,1790129516
2026-09-23T02:12:04+00:00,459,0,9,True,True,True,1790129516
2026-09-23T02:12:04+00:00,433,3,15,True,True,True,1790129516
2026-09-23T02:12:04+00:00,399,19,11,True,True,True,1790129516
2026-09-23T02:12:04+00:00,489,18,10,True,True,True,1790129516
2026-09-23T02:12:04+00:00,742,16,12,True,True,True,1790129516
2026-09-23T02:12:04+00:00,551,13,19,True,True,True,1790129516
2026-09-23T02:12:04+00:00,406,7,5,True,True,True,1790129516
2026-09-23T02:12:04+00:00,488,5,18,True,True,True,1790129516
2026-09-23T02:12:04+00:00,540,10,24,True,True,True,1790129516
2026-09-23T02:12:04+00:00,431,7,12,True,True,True,1790129516
2026-09-23T02:12:04+00:00,393,3,18,True,True,True,1790129516
2026-09-23T02:12:04+00:00,420,6,10,True,True,True,1790129516
2026-09-23T02:12:04+00:00,397,3,30,True,True,True,1790129516
2026-09-23T02:12:04+00:00,390,14,14,True,True,True,1790129516
2026-09-23T02:12:04+00:00,449,3,21,True,True,True,1790129516
2026-09-23T02:12:04+00:00,430,26,15,True,True,True,1790129516
2026-09-23T02:12:04+00:00,484,11,22,True,True,True,1790129516
2026-09-23T02:12:04+00:00,479,4,25,True,True,True,1790129516
2026-09-23T02:12:04+00:00,403,5,7,True,True,True,1790129516
2026-09-23T02:12:04+00:00,435,2,25,True,True,True,1790129516
2026-09-23T02:12:04+00:00,426,1,18,True,True,True,1790129516
2026-09-23T02:12:04+00:00,450,2,12,True,True,True,1790129516
2026-09-23T02:12:04+00:00,456,7,27,True,True,True,1790129516
2026-09-23T02:12:04+00:00,468,15,0,True,True,True,1790129516
2026-09-23T02:12:04+00:00,453,0,31,True,True,True,1790129516
2026-09-23T02:12:04+00:00,466,1,13,True,True,True,1790129516
2026-09-23T02:12:04+00:00,469,1,27,True,True,True,1790129516
2026-09-23T02:12:04+00:00,416,2,12,True,True,True,1790129516
2026-09-23T02:12:04+00:00,391,4,9,True,True,True,1790129516
2026-09-23T02:12:04+00:00,389,0,15,True,True,True,1790129516
2026-09-23T02:12:04+00:00,470,3,12,True,True,True,1790129516
2026-09-23T02:12:04+00:00,384,5,11,True,True,True,1790129516
2026-09-23T02:12:04+00:00,425,5,2,True,True,True,1790129516
2026-09-23T02:12:04+00:00,411,3,9,True,True,True,1790129516
2026-09-23T02:12:04+00:00,598,19,12,True,True,True,1790129516
2026-09-23T02:12:04+00:00,444,15,1,True,True,True,1790129516
2026-09-23T02:12:04+00:00,447,25,4,True,True,True,1790129516
2026-09-23T02:12:04+00:00,408,14,1,True,True,True,1790129516
2026-09-23T02:12:04+00:00,737,19,5,True,True,True,1790129516
2026-09-23T02:12:04+00:00,432,2,9,True,True,True,1790129516
2026-09-23T02:12:04+00:00,401,6,0,True,True,True,1790129516
2026-09-23T02:12:04+00:00,452,0,29,True,True,True,1790129516
2026-09-23T02:12:04+00:00,392,5,2,True,True,True,1790129516
2026-09-23T02:12:04+00:00,481,22,20,True,True,True,1790129516
2026-09-23T02:12:04+00:00,495,23,18,True,True,True,1790129516
2026-09-23T02:12:04+00:00,478,2,11,True,True,True,1790129516
2026-09-23T02:12:04+00:00,414,0,11,True,True,True,1790129516
2026-09-23T02:12:04+00:00,476,11,9,True,True,True,1790129516
2026-09-23T02:12:04+00:00,445,8,8,True,True,True,1790129516
2026-09-23T02:12:04+00:00,748,5,21,True,True,True,1790129516
2026-09-23T02:12:04+00:00,473,1,5,True,True,True,1790129516
2026-09-23T02:12:04+00:00,383,17,10,True,True,True,1790129516
2026-09-23T02:12:04+00:00,480,24,1,True,True,True,1790129516
2026-09-23T02:12:04+00:00,421,17,2,True,True,True,1790129516
2026-09-23T02:12:04+00:00,746,0,8,True,True,True,1790129516
2026-09-23T02:12:04+00:00,417,5,9,True,True,True,1790129516
2026-09-23T02:12:04+00:00,427,8,3,True,True,True,1790129516
2026-09-23T02:12:04+00:00,395,2,11,True,True,True,1790129516
2026-09-23T02:12:04+00:00,418,13,13,True,True,True,1790129516
2026-09-23T02:12:04+00:00,413,2,8,True,True,True,1790129516
2026-09-23T02:12:04+00:00,486,7,15,True,True,True,1790129516
2026-09-23T02:12:04+00:00,597,10,3,True,True,True,1790129516
2026-09-23T02:12:04+00:00,422,8,3,True,True,True,1790129516
2026-09-23T02:12:04+00:00,382,7,0,True,True,True,1790129516
2026-09-23T02:12:04+00:00,396,0,22,True,True,True,1790129516
2026-09-23T02:12:04+00:00,735,13,1,True,True,True,1790129516
2026-09-23T02:12:04+00:00,437,1,23,True,True,True,1790129516
2026-09-23T02:12:04+00:00,446,4,18,True,True,True,1790129516
2026-09-23T02:12:04+00:00,424,5,2,True,True,True,1790129516
2026-09-23T02:12:04+00:00,455,12,0,True,True,True,1790129516
2026-09-23T02:12:04+00:00,457,5,4,True,True,True,1790129516
2026-09-23T02:12:04+00:00,377,5,21,True,True,True,1790129516
2026-09-23T02:12:04+00:00,738,11,1,True,True,True,1790129516
2026-09-23T02:12:04+00:00,460,26,0,True,True,True,1790129516
2026-09-23T02:12:04+00:00,744,5,3,True,True,True,1790129516
2026-09-23T02:12:04+00:00,485,13,4,True,True,True,1790129516
2026-09-23T02:27:04+00:00,6026,7,27,True,True,True,1790130422
2026-09-23T02:27:04+00:00,5431,1,20,True,True,True,1790130422
2026-09-23T02:27:04+00:00,5424,2,14,True,True,True,1790130422
2026-09-23T02:27:04+00:00,5220,0,19,True,True,True,1790130422
2026-09-23T02:27:04+00:00,5217,0,28,True,True,True,1790130422
2026-09-23T02:27:04+00:00,5113,8,4,True,True,True,1790130422
2026-09-23T02:27:04+00:00,4683,0,21,True,True,True,1790130422
2026-09-23T02:27:04+00:00,4552,0,18,True,True,True,1790130422
2026-09-23T02:27:04+00:00,3725,1,15,True,True,True,1790130422
2026-09-23T02:27:04+00:00,2358,1,10,True,True,True,1790130422
2026-09-23T02:27:04+00:00,2357,18,5,True,True,True,1790130422
2026-09-23T02:27:04+00:00,2355,1,10,True,True,True,1790130422
2026-09-23T02:27:04+00:00,2351,2,13,True,True,True,1790130422
2026-09-23T02:27:04+00:00,2350,0,24,True,True,True,1790130422
2026-09-23T02:27:04+00:00,2349,2,19,True,True,True,1790130422
2026-09-23T02:27:04+00:00,2347,3,26,True,True,True,1790130422
2026-09-23T02:27:04+00:00,2340,23,2,True,True,True,1790130422
2026-09-23T02:27:04+00:00,2339,20,9,True,True,True,1790130422
2026-09-23T02:27:04+00:00,2337,7,7,True,True,True,1790130422
2026-09-23T02:27:04+00:00,2334,1,11,True,True,True,1790130422
2026-09-23T02:27:04+00:00,2333,12,3,True,True,True,1790130422
2026-09-23T02:27:04+00:00,2332,2,9,True,True,True,1790130422
2026-09-23T02:27:04+00:00,2330,7,6,True,True,True,1790130422
2026-09-23T02:27:04+00:00,2329,7,8,True,True,True,1790130422
2026-09-23T02:27:04+00:00,2328,2,17,True,True,True,1790130422
2026-09-23T02:27:04+00:00,2315,16,1,True,True,True,1790130422
2026-09-23T02:27:04+00:00,2308,3,4,True,True,True,1790130422
2026-09-23T02:27:04+00:00,2307,1,29,True,True,True,1790130422
2026-09-23T02:27:04+00:00,2306,1,17,True,True,True,1790130422
2026-09-23T02:27:04+00:00,2305,6,8,True,True,True,1790130422
2026-09-23T02:27:04+00:00,2304,10,7,True,True,True,1790130422
2026-09-23T02:27:04+00:00,2280,12,0,True,True,True,1790130422
2026-09-23T02:27:04+00:00,2270,4,16,True,True,True,1790130422
2026-09-23T02:27:04+00:00,1919,0,6,True,True,True,1790130422
2026-09-23T02:27:04+00:00,1755,32,1,True,True,True,1790130422
2026-09-23T02:27:04+00:00,1101,13,9,True,True,True,1790130422
2026-09-23T02:27:04+00:00,1023,6,9,True,True,True,1790130422
2026-09-23T02:27:04+00:00,1009,3,6,True,True,True,1790130422
2026-09-23T02:27:04+00:00,970,11,13,True,True,True,1790130422
2026-09-23T02:27:04+00:00,787,6,6,True,True,True,1790130422
2026-09-23T02:27:04+00:00,627,11,17,True,True,True,1790130422
2026-09-23T02:27:04+00:00,623,1,17,True,True,True,1790130422
2026-09-23T02:27:04+00:00,624,5,13,True,True,True,1790130422
2026-09-23T02:27:04+00:00,626,5,18,True,True,True,1790130422
2026-09-23T02:27:04+00:00,614,5,19,True,True,True,1790130422
2026-09-23T02:27:04+00:00,616,11,4,True,True,True,1790130422
2026-09-23T02:27:04+00:00,618,0,40,True,True,True,1790130422
2026-09-23T02:27:04+00:00,621,14,13,True,True,True,1790130422
2026-09-23T02:27:04+00:00,622,5,19,True,True,True,1790130422
2026-09-23T02:27:04+00:00,613,7,10,True,True,True,1790130422
2026-09-23T02:27:04+00:00,620,20,16,True,True,True,1790130422
2026-09-23T02:27:04+00:00,596,8,10,True,True,True,1790130422
2026-09-23T02:27:04+00:00,617,10,6,True,True,True,1790130422
2026-09-23T02:27:04+00:00,609,2,24,True,True,True,1790130422
2026-09-23T02:27:04+00:00,607,23,5,True,True,True,1790130422
2026-09-23T02:27:04+00:00,603,4,12,True,True,True,1790130422
2026-09-23T02:27:04+00:00,590,1,37,True,True,True,1790130422
2026-09-23T02:27:04+00:00,610,16,4,True,True,True,1790130422
2026-09-23T02:27:04+00:00,608,5,15,True,True,True,1790130422
2026-09-23T02:27:04+00:00,593,2,28,True,True,True,1790130422
2026-09-23T02:27:04+00:00,530,5,2,True,True,True,1790130422
2026-09-23T02:27:04+00:00,463,19,0,True,True,True,1790130422
2026-09-23T02:27:04+00:00,475,18,5,True,True,True,1790130422
2026-09-23T02:27:04+00:00,439,2,21,True,True,True,1790130422
2026-09-23T02:27:04+00:00,600,7,3,True,True,True,1790130422
2026-09-23T02:27:04+00:00,440,16,0,True,True,True,1790130422
2026-09-23T02:27:04+00:00,612,9,7,True,True,True,1790130422
2026-09-23T02:27:04+00:00,491,12,6,True,True,True,1790130422
2026-09-23T02:27:04+00:00,493,19,7,True,True,True,1790130422
2026-09-23T02:27:04+00:00,410,24,1,True,True,True,1790130422
2026-09-23T02:27:04+00:00,605,0,18,True,True,True,1790130422
2026-09-23T02:27:04+00:00,388,6,12,True,True,True,1790130422
2026-09-23T02:27:04+00:00,591,1,23,True,True,True,1790130422
2026-09-23T02:27:04+00:00,592,6,11,True,True,True,1790130422
2026-09-23T02:27:04+00:00,585,15,1,True,True,True,1790130422
2026-09-23T02:27:04+00:00,565,5,12,True,True,True,1790130422
2026-09-23T02:27:04+00:00,571,0,19,True,True,True,1790130422
2026-09-23T02:27:04+00:00,568,4,11,True,True,True,1790130422
2026-09-23T02:27:04+00:00,588,2,18,True,True,True,1790130422
2026-09-23T02:27:04+00:00,584,9,25,True,True,True,1790130422
2026-09-23T02:27:04+00:00,569,14,15,True,True,True,1790130422
2026-09-23T02:27:04+00:00,577,1,28,True,True,True,1790130422
2026-09-23T02:27:04+00:00,564,1,27,True,True,True,1790130422
2026-09-23T02:27:04+00:00,570,3,11,True,True,True,1790130422
2026-09-23T02:27:04+00:00,572,4,32,True,True,True,1790130422
2026-09-23T02:27:04+00:00,586,25,0,True,True,True,1790130422
2026-09-23T02:27:04+00:00,576,16,2,True,True,True,1790130422
2026-09-23T02:27:04+00:00,566,17,6,True,True,True,1790130422
2026-09-23T02:27:04+00:00,602,3,14,True,True,True,1790130422
2026-09-23T02:27:04+00:00,575,0,27,True,True,True,1790130422
2026-09-23T02:27:04+00:00,567,0,38,True,True,True,1790130422
2026-09-23T02:27:04+00:00,582,1,25,True,True,True,1790130422
2026-09-23T02:27:04+00:00,595,8,14,True,True,True,1790130422
2026-09-23T02:27:04+00:00,542,9,10,True,True,True,1790130422
2026-09-23T02:27:04+00:00,563,10,5,True,True,True,1790130422
2026-09-23T02:27:04+00:00,558,9,4,True,True,True,1790130422
2026-09-23T02:27:04+00:00,552,18,0,True,True,True,1790130422
2026-09-23T02:27:04+00:00,555,8,6,True,True,True,1790130422
2026-09-23T02:27:04+00:00,573,15,9,True,True,True,1790130422
2026-09-23T02:27:04+00:00,561,15,7,True,True,True,1790130422
2026-09-23T02:27:04+00:00,615,18,3,True,True,True,1790130422
2026-09-23T02:27:04+00:00,543,0,20,True,True,True,1790130422
2026-09-23T02:27:04+00:00,554,0,18,True,True,True,1790130422
2026-09-23T02:27:04+00:00,574,0,12,True,True,True,1790130422
2026-09-23T02:27:04+00:00,560,3,4,True,True,True,1790130422
2026-09-23T02:27:04+00:00,548,3,14,True,True,True,1790130422
2026-09-23T02:27:04+00:00,559,14,3,True,True,True,1790130422
2026-09-23T02:27:04+00:00,545,14,24,True,True,True,1790130422
2026-09-23T02:27:04+00:00,550,1,7,True,True,True,1790130422
2026-09-23T02:27:04+00:00,541,6,6,True,True,True,1790130422
2026-09-23T02:27:04+00:00,527,5,6,True,True,True,1790130422
2026-09-23T02:27:04+00:00,529,1,19,True,True,True,1790130422
2026-09-23T02:27:04+00:00,526,3,9,True,True,True,1790130422
2026-09-23T02:27:04+00:00,537,5,13,True,True,True,1790130422
2026-09-23T02:27:04+00:00,547,8,22,True,True,True,1790130422
2026-09-23T02:27:04+00:00,601,0,18,True,True,True,1790130422
2026-09-23T02:27:04+00:00,533,4,7,True,True,True,1790130422
2026-09-23T02:27:04+00:00,535,0,26,True,True,True,1790130422
2026-09-23T02:27:04+00:00,524,1,18,True,True,True,1790130422
2026-09-23T02:27:04+00:00,519,22,1,True,True,True,1790130422
2026-09-23T02:27:04+00:00,534,12,26,True,True,True,1790130422
2026-09-23T02:27:04+00:00,521,12,1,True,True,True,1790130422
2026-09-23T02:27:04+00:00,518,1,15,True,True,True,1790130422
2026-09-23T02:27:04+00:00,556,1,16,True,True,True,1790130422
2026-09-23T02:27:04+00:00,525,0,15,True,True,True,1790130422
2026-09-23T02:27:04+00:00,517,2,13,True,True,True,1790130422
2026-09-23T02:27:04+00:00,523,20,10,True,True,True,1790130422
2026-09-23T02:27:04+00:00,522,8,1,True,True,True,1790130422
2026-09-23T02:27:04+00:00,594,7,11,True,True,True,1790130422
2026-09-23T02:27:04+00:00,532,10,11,True,True,True,1790130422
2026-09-23T02:27:04+00:00,509,0,12,True,True,True,1790130422
2026-09-23T02:27:04+00:00,531,2,12,True,True,True,1790130422
2026-09-23T02:27:04+00:00,536,0,8,True,True,True,1790130422
2026-09-23T02:27:04+00:00,562,1,39,True,True,True,1790130422
2026-09-23T02:27:04+00:00,511,1,17,True,True,True,1790130422
2026-09-23T02:27:04+00:00,505,7,14,True,True,True,1790130422
2026-09-23T02:27:04+00:00,501,3,13,True,True,True,1790130422
2026-09-23T02:27:04+00:00,514,9,3,True,True,True,1790130422
2026-09-23T02:27:04+00:00,500,0,17,True,True,True,1790130422
2026-09-23T02:27:04+00:00,503,27,3,True,True,True,1790130422
2026-09-23T02:27:04+00:00,513,0,15,True,True,True,1790130422
2026-09-23T02:27:04+00:00,498,0,12,True,True,True,1790130422
2026-09-23T02:27:04+00:00,507,20,0,True,True,True,1790130422
2026-09-23T02:27:04+00:00,512,13,16,True,True,True,1790130422
2026-09-23T02:27:04+00:00,619,0,42,True,True,True,1790130422
2026-09-23T02:27:04+00:00,474,1,40,True,True,True,1790130422
2026-09-23T02:27:04+00:00,580,2,43,True,True,True,1790130422
2026-09-23T02:27:04+00:00,496,8,35,True,True,True,1790130422
2026-09-23T02:27:04+00:00,482,3,15,True,True,True,1790130422
2026-09-23T02:27:04+00:00,407,2,10,True,True,True,1790130422
2026-09-23T02:27:04+00:00,409,14,10,True,True,True,1790130422
2026-09-23T02:27:04+00:00,451,9,11,True,True,True,1790130422
2026-09-23T02:27:04+00:00,402,2,18,True,True,True,1790130422
2026-09-23T02:27:04+00:00,516,7,6,True,True,True,1790130422
2026-09-23T02:27:04+00:00,625,11,30,True,True,True,1790130422
2026-09-23T02:27:04+00:00,429,2,18,True,True,True,1790130422
2026-09-23T02:27:04+00:00,380,2,21,True,True,True,1790130422
2026-09-23T02:27:04+00:00,583,8,9,True,True,True,1790130422
2026-09-23T02:27:04+00:00,398,6,7,True,True,True,1790130422
2026-09-23T02:27:04+00:00,381,11,4,True,True,True,1790130422
2026-09-23T02:27:04+00:00,464,22,22,True,True,True,1790130422
2026-09-23T02:27:04+00:00,442,15,3,True,True,True,1790130422
2026-09-23T02:27:04+00:00,483,11,9,True,True,True,1790130422
2026-09-23T02:27:04+00:00,458,7,8,True,True,True,1790130422
2026-09-23T02:27:04+00:00,499,8,8,True,True,True,1790130422
2026-09-23T02:27:04+00:00,472,2,20,True,True,True,1790130422
2026-09-23T02:27:04+00:00,506,6,21,True,True,True,1790130422
2026-09-23T02:27:04+00:00,465,5,24,True,True,True,1790130422
2026-09-23T02:27:04+00:00,611,6,32,True,True,True,1790130422
2026-09-23T02:27:04+00:00,404,2,21,True,True,True,1790130422
2026-09-23T02:27:04+00:00,579,7,8,True,True,True,1790130422
2026-09-23T02:27:04+00:00,589,2,24,True,True,True,1790130422
2026-09-23T02:27:04+00:00,434,2,18,True,True,True,1790130422
2026-09-23T02:27:04+00:00,462,3,10,True,True,True,1790130422
2026-09-23T02:27:04+00:00,578,6,18,True,True,True,1790130422
2026-09-23T02:27:04+00:00,415,1,10,True,True,True,1790130422
2026-09-23T02:27:04+00:00,423,20,0,True,True,True,1790130422
2026-09-23T02:27:04+00:00,412,6,0,True,True,True,1790130422
2026-09-23T02:27:04+00:00,387,10,5,True,True,True,1790130422
2026-09-23T02:27:04+00:00,441,0,15,True,True,True,1790130422
2026-09-23T02:27:04+00:00,454,6,14,True,True,True,1790130422
2026-09-23T02:27:04+00:00,436,7,6,True,True,True,1790130422
2026-09-23T02:27:04+00:00,394,11,9,True,True,True,1790130422
2026-09-23T02:27:04+00:00,497,4,23,True,True,True,1790130422
2026-09-23T02:27:04+00:00,581,15,6,True,True,True,1790130422
2026-09-23T02:27:04+00:00,461,9,10,True,True,True,1790130422
2026-09-23T02:27:04+00:00,599,19,29,True,True,True,1790130422
2026-09-23T02:27:04+00:00,428,6,17,True,True,True,1790130422
2026-09-23T02:27:04+00:00,400,8,15,True,True,True,1790130422
2026-09-23T02:27:04+00:00,487,3,18,True,True,True,1790130422
2026-09-23T02:27:04+00:00,438,3,38,True,True,True,1790130422
2026-09-23T02:27:04+00:00,459,0,9,True,True,True,1790130422
2026-09-23T02:27:04+00:00,433,3,15,True,True,True,1790130422
2026-09-23T02:27:04+00:00,399,19,11,True,True,True,1790130422
2026-09-23T02:27:04+00:00,489,18,10,True,True,True,1790130422
2026-09-23T02:27:04+00:00,742,16,12,True,True,True,1790130422
2026-09-23T02:27:04+00:00,551,13,19,True,True,True,1790130422
2026-09-23T02:27:04+00:00,406,7,5,True,True,True,1790130422
2026-09-23T02:27:04+00:00,488,5,18,True,True,True,1790130422
2026-09-23T02:27:04+00:00,540,10,24,True,True,True,1790130422
2026-09-23T02:27:04+00:00,431,7,12,True,True,True,1790130422
2026-09-23T02:27:04+00:00,393,3,18,True,True,True,1790130422
2026-09-23T02:27:04+00:00,420,6,10,True,True,True,1790130422
2026-09-23T02:27:04+00:00,397,3,30,True,True,True,1790130422
2026-09-23T02:27:04+00:00,390,14,14,True,True,True,1790130422
2026-09-23T02:27:04+00:00,449,3,21,True,True,True,1790130422
2026-09-23T02:27:04+00:00,430,26,15,True,True,True,1790130422
2026-09-23T02:27:04+00:00,484,11,22,True,True,True,1790130422
2026-09-23T02:27:04+00:00,479,4,25,True,True,True,1790130422
2026-09-23T02:27:04+00:00,403,5,7,True,True,True,1790130422
2026-09-23T02:27:04+00:00,435,2,25,True,True,True,1790130422
2026-09-23T02:27:04+00:00,426,1,18,True,True,True,1790130422
2026-09-23T02:27:04+00:00,450,2,12,True,True,True,1790130422
2026-09-23T02:27:04+00:00,456,7,27,True,True,True,1790130422
2026-09-23T02:27:04+00:00,468,15,0,True,True,True,1790130422
2026-09-23T02:27:04+00:00,453,0,31,True,True,True,1790130422
2026-09-23T02:27:04+00:00,466,1,13,True,True,True,1790130422
2026-09-23T02:27:04+00:00,469,1,27,True,True,True,1790130422
2026-09-23T02:27:04+00:00,416,2,12,True,True,True,1790130422
2026-09-23T02:27:04+00:00,391,4,9,True,True,True,1790130422
2026-09-23T02:27:04+00:00,389,0,15,True,True,True,1790130422
2026-09-23T02:27:04+00:00,470,3,12,True,True,True,1790130422
2026-09-23T02:27:04+00:00,384,5,11,True,True,True,1790130422
2026-09-23T02:27:04+00:00,425,5,2,True,True,True,1790130422
2026-09-23T02:27:04+00:00,411,3,9,True,True,True,1790130422
2026-09-23T02:27:04+00:00,598,19,12,True,True,True,1790130422
2026-09-23T02:27:04+00:00,444,15,1,True,True,True,1790130422
2026-09-23T02:27:04+00:00,447,25,4,True,True,True,1790130422
2026-09-23T02:27:04+00:00,408,14,1,True,True,True,1790130422
2026-09-23T02:27:04+00:00,737,19,5,True,True,True,1790130422
2026-09-23T02:27:04+00:00,432,2,9,True,True,True,1790130422
2026-09-23T02:27:04+00:00,401,6,0,True,True,True,1790130422
2026-09-23T02:27:04+00:00,452,0,29,True,True,True,1790130422
2026-09-23T02:27:04+00:00,392,5,2,True,True,True,1790130422
2026-09-23T02:27:04+00:00,481,22,20,True,True,True,1790130422
2026-09-23T02:27:04+00:00,495,23,18,True,True,True,1790130422
2026-09-23T02:27:04+00:00,478,2,11,True,True,True,1790130422
2026-09-23T02:27:04+00:00,414,0,11,True,True,True,1790130422
2026-09-23T02:27:04+00:00,476,11,9,True,True,True,1790130422
2026-09-23T02:27:04+00:00,445,8,8,True,True,True,1790130422
2026-09-23T02:27:04+00:00,748,5,21,True,True,True,1790130422
2026-09-23T02:27:04+00:00,473,1,5,True,True,True,1790130422
2026-09-23T02:27:04+00:00,383,17,10,True,True,True,1790130422
2026-09-23T02:27:04+00:00,480,24,1,True,True,True,1790130422
2026-09-23T02:27:04+00:00,421,17,2,True,True,True,1790130422
2026-09-23T02:27:04+00:00,746,0,8,True,True,True,1790130422
2026-09-23T02:27:04+00:00,417,5,9,True,True,True,1790130422
2026-09-23T02:27:04+00:00,427,8,3,True,True,True,1790130422
2026-09-23T02:27:04+00:00,395,2,11,True,True,True,1790130422
2026-09-23T02:27:04+00:00,418,13,13,True,True,True,1790130422
2026-09-23T02:27:04+00:00,413,2,8,True,True,True,1790130422
2026-09-23T02:27:04+00:00,486,7,15,True,True,True,1790130422
2026-09-23T02:27:04+00:00,597,10,3,True,True,True,1790130422
2026-09-23T02:27:04+00:00,422,8,3,True,True,True,1790130422
2026-09-23T02:27:04+00:00,382,7,0,True,True,True,1790130422
2026-09-23T02:27:04+00:00,396,0,22,True,True,True,1790130422
2026-09-23T02:27:04+00:00,735,13,1,True,True,True,1790130422
2026-09-23T02:27:04+00:00,437,1,23,True,True,True,1790130422
2026-09-23T02:27:04+00:00,446,4,18,True,True,True,1790130422
2026-09-23T02:27:04+00:00,424,5,2,True,True,True,1790130422
2026-09-23T02:27:04+00:00,455,12,0,True,True,True,1790130422
2026-09-23T02:27:04+00:00,457,5,4,True,True,True,1790130422
2026-09-23T02:27:04+00:00,377,5,21,True,True,True,1790130422
2026-09-23T02:27:04+00:00,738,11,1,True,True,True,1790130422
2026-09-23T02:27:04+00:00,460,26,0,True,True,True,1790130422
2026-09-23T02:27:04+00:00,744,5,3,True,True,True,1790130422
2026-09-23T02:27:04+00:00,485,13,4,True,True,True,1790130422
2026-09-23T02:42:04+00:00,6026,7,27,True,True,True,1790131318
2026-09-23T02:42:04+00:00,5431,1,20,True,True,True,1790131318
2026-09-23T02:42:04+00:00,5424,2,14,True,True,True,1790131318
2026-09-23T02:42:04+00:00,5220,0,19,True,True,True,1790131318
2026-09-23T02:42:04+00:00,5217,0,28,True,True,True,1790131318
2026-09-23T02:42:04+00:00,5113,8,4,True,True,True,1790131318
2026-09-23T02:42:04+00:00,4683,0,21,True,True,True,1790131318
2026-09-23T02:42:04+00:00,4552,0,18,True,True,True,1790131318
2026-09-23T02:42:04+00:00,3725,1,15,True,True,True,1790131318
2026-09-23T02:42:04+00:00,2358,1,10,True,True,True,1790131318
2026-09-23T02:42:04+00:00,2357,18,5,True,True,True,1790131318
2026-09-23T02:42:04+00:00,2355,1,10,True,True,True,1790131318
2026-09-23T02:42:04+00:00,2351,2,13,True,True,True,1790131318
2026-09-23T02:42:04+00:00,2350,0,24,True,True,True,1790131318
2026-09-23T02:42:04+00:00,2349,2,19,True,True,True,1790131318
2026-09-23T02:42:04+00:00,2347,3,26,True,True,True,1790131318
2026-09-23T02:42:04+00:00,2340,23,2,True,True,True,1790131318
2026-09-23T02:42:04+00:00,2339,20,9,True,True,True,1790131318
2026-09-23T02:42:04+00:00,2337,7,7,True,True,True,1790131318
2026-09-23T02:42:04+00:00,2334,1,11,True,True,True,1790131318
2026-09-23T02:42:04+00:00,2333,12,3,True,True,True,1790131318
2026-09-23T02:42:04+00:00,2332,2,9,True,True,True,1790131318
2026-09-23T02:42:04+00:00,2330,7,6,True,True,True,1790131318
2026-09-23T02:42:04+00:00,2329,7,8,True,True,True,1790131318
2026-09-23T02:42:04+00:00,2328,2,17,True,True,True,1790131318
2026-09-23T02:42:04+00:00,2315,16,1,True,True,True,1790131318
2026-09-23T02:42:04+00:00,2308,3,4,True,True,True,1790131318
2026-09-23T02:42:04+00:00,2307,1,29,True,True,True,1790131318
2026-09-23T02:42:04+00:00,2306,1,17,True,True,True,1790131318
2026-09-23T02:42:04+00:00,2305,6,8,True,True,True,1790131318
2026-09-23T02:42:04+00:00,2304,10,7,True,True,True,1790131318
2026-09-23T02:42:04+00:00,2280,12,0,True,True,True,1790131318
2026-09-23T02:42:04+00:00,2270,4,16,True,True,True,1790131318
2026-09-23T02:42:04+00:00,1919,0,6,True,True,True,1790131318
2026-09-23T02:42:04+00:00,1755,32,1,True,True,True,1790131318
2026-09-23T02:42:04+00:00,1101,13,9,True,True,True,1790131318
2026-09-23T02:42:04+00:00,1023,6,9,True,True,True,1790131318
2026-09-23T02:42:04+00:00,1009,3,6,True,True,True,1790131318
2026-09-23T02:42:04+00:00,970,11,13,True,True,True,1790131318
2026-09-23T02:42:04+00:00,787,6,6,True,True,True,1790131318
2026-09-23T02:42:04+00:00,627,11,17,True,True,True,1790131318
2026-09-23T02:42:04+00:00,623,1,17,True,True,True,1790131318
2026-09-23T02:42:04+00:00,624,5,13,True,True,True,1790131318
2026-09-23T02:42:04+00:00,626,5,18,True,True,True,1790131318
2026-09-23T02:42:04+00:00,614,5,19,True,True,True,1790131318
2026-09-23T02:42:04+00:00,616,11,4,True,True,True,1790131318
2026-09-23T02:42:04+00:00,618,0,40,True,True,True,1790131318
2026-09-23T02:42:04+00:00,621,14,13,True,True,True,1790131318
2026-09-23T02:42:04+00:00,622,5,19,True,True,True,1790131318
2026-09-23T02:42:04+00:00,613,7,10,True,True,True,1790131318
2026-09-23T02:42:04+00:00,620,20,16,True,True,True,1790131318
2026-09-23T02:42:04+00:00,596,8,10,True,True,True,1790131318
2026-09-23T02:42:04+00:00,617,10,6,True,True,True,1790131318
2026-09-23T02:42:04+00:00,609,2,24,True,True,True,1790131318
2026-09-23T02:42:04+00:00,607,23,5,True,True,True,1790131318
2026-09-23T02:42:04+00:00,603,4,12,True,True,True,1790131318
2026-09-23T02:42:04+00:00,590,1,37,True,True,True,1790131318
2026-09-23T02:42:04+00:00,610,16,4,True,True,True,1790131318
2026-09-23T02:42:04+00:00,608,5,15,True,True,True,1790131318
2026-09-23T02:42:04+00:00,593,2,28,True,True,True,1790131318
2026-09-23T02:42:04+00:00,530,5,2,True,True,True,1790131318
2026-09-23T02:42:04+00:00,463,19,0,True,True,True,1790131318
2026-09-23T02:42:04+00:00,475,18,5,True,True,True,1790131318
2026-09-23T02:42:04+00:00,439,2,21,True,True,True,1790131318
2026-09-23T02:42:04+00:00,600,7,3,True,True,True,1790131318
2026-09-23T02:42:04+00:00,440,16,0,True,True,True,1790131318
2026-09-23T02:42:04+00:00,612,9,7,True,True,True,1790131318
2026-09-23T02:42:04+00:00,491,12,6,True,True,True,1790131318
2026-09-23T02:42:04+00:00,493,19,7,True,True,True,1790131318
2026-09-23T02:42:04+00:00,410,24,1,True,True,True,1790131318
2026-09-23T02:42:04+00:00,605,0,18,True,True,True,1790131318
2026-09-23T02:42:04+00:00,388,6,12,True,True,True,1790131318
2026-09-23T02:42:04+00:00,591,1,23,True,True,True,1790131318
2026-09-23T02:42:04+00:00,592,6,11,True,True,True,1790131318
2026-09-23T02:42:04+00:00,585,15,1,True,True,True,1790131318
2026-09-23T02:42:04+00:00,565,5,12,True,True,True,1790131318
2026-09-23T02:42:04+00:00,571,0,19,True,True,True,1790131318
2026-09-23T02:42:04+00:00,568,4,11,True,True,True,1790131318
2026-09-23T02:42:04+00:00,588,2,18,True,True,True,1790131318
2026-09-23T02:42:04+00:00,584,9,25,True,True,True,1790131318
2026-09-23T02:42:04+00:00,569,14,15,True,True,True,1790131318
2026-09-23T02:42:04+00:00,577,1,28,True,True,True,1790131318
2026-09-23T02:42:04+00:00,564,1,27,True,True,True,1790131318
2026-09-23T02:42:04+00:00,570,3,11,True,True,True,1790131318
2026-09-23T02:42:04+00:00,572,4,32,True,True,True,1790131318
2026-09-23T02:42:04+00:00,586,25,0,True,True,True,1790131318
2026-09-23T02:42:04+00:00,576,16,2,True,True,True,1790131318
2026-09-23T02:42:04+00:00,566,17,6,True,True,True,1790131318
2026-09-23T02:42:04+00:00,602,3,14,True,True,True,1790131318
2026-09-23T02:42:04+00:00,575,0,27,True,True,True,1790131318
2026-09-23T02:42:04+00:00,567,0,38,True,True,True,1790131318
2026-09-23T02:42:04+00:00,582,1,25,True,True,True,1790131318
2026-09-23T02:42:04+00:00,595,8,14,True,True,True,1790131318
2026-09-23T02:42:04+00:00,542,9,10,True,True,True,1790131318
2026-09-23T02:42:04+00:00,563,10,5,True,True,True,1790131318
2026-09-23T02:42:04+00:00,558,9,4,True,True,True,1790131318
2026-09-23T02:42:04+00:00,552,18,0,True,True,True,1790131318
2026-09-23T02:42:04+00:00,555,8,6,True,True,True,1790131318
2026-09-23T02:42:04+00:00,573,15,9,True,True,True,1790131318
2026-09-23T02:42:04+00:00,561,15,7,True,True,True,1790131318
2026-09-23T02:42:04+00:00,615,18,3,True,True,True,1790131318
2026-09-23T02:42:04+00:00,543,0,20,True,True,True,1790131318
2026-09-23T02:42:04+00:00,554,0,18,True,True,True,1790131318
2026-09-23T02:42:04+00:00,574,0,12,True,True,True,1790131318
2026-09-23T02:42:04+00:00,560,3,4,True,True,True,1790131318
2026-09-23T02:42:04+00:00,548,3,14,True,True,True,1790131318
2026-09-23T02:42:04+00:00,559,14,3,True,True,True,1790131318
2026-09-23T02:42:04+00:00,545,14,24,True,True,True,1790131318
2026-09-23T02:42:04+00:00,550,1,7,True,True,True,1790131318
2026-09-23T02:42:04+00:00,541,6,6,True,True,True,1790131318
2026-09-23T02:42:04+00:00,527,5,6,True,True,True,1790131318
2026-09-23T02:42:04+00:00,529,1,19,True,True,True,1790131318
2026-09-23T02:42:04+00:00,526,3,9,True,True,True,1790131318
2026-09-23T02:42:04+00:00,537,5,13,True,True,True,1790131318
2026-09-23T02:42:04+00:00,547,8,22,True,True,True,1790131318
2026-09-23T02:42:04+00:00,601,0,18,True,True,True,1790131318
2026-09-23T02:42:04+00:00,533,4,7,True,True,True,1790131318
2026-09-23T02:42:04+00:00,535,0,26,True,True,True,1790131318
2026-09-23T02:42:04+00:00,524,1,18,True,True,True,1790131318
2026-09-23T02:42:04+00:00,519,22,1,True,True,True,1790131318
2026-09-23T02:42:04+00:00,534,12,26,True,True,True,1790131318
2026-09-23T02:42:04+00:00,521,12,1,True,True,True,1790131318
2026-09-23T02:42:04+00:00,518,1,15,True,True,True,1790131318
2026-09-23T02:42:04+00:00,556,1,16,True,True,True,1790131318
2026-09-23T02:42:04+00:00,525,0,15,True,True,True,1790131318
2026-09-23T02:42:04+00:00,517,2,13,True,True,True,1790131318
2026-09-23T02:42:04+00:00,523,20,10,True,True,True,1790131318
2026-09-23T02:42:04+00:00,522,8,1,True,True,True,1790131318
2026-09-23T02:42:04+00:00,594,7,11,True,True,True,1790131318
2026-09-23T02:42:04+00:00,532,10,11,True,True,True,1790131318
2026-09-23T02:42:04+00:00,509,0,12,True,True,True,1790131318
2026-09-23T02:42:04+00:00,531,2,12,True,True,True,1790131318
2026-09-23T02:42:04+00:00,536,0,8,True,True,True,1790131318
2026-09-23T02:42:04+00:00,562,1,39,True,True,True,1790131318
2026-09-23T02:42:04+00:00,511,1,17,True,True,True,1790131318
2026-09-23T02:42:04+00:00,505,7,14,True,True,True,1790131318
2026-09-23T02:42:04+00:00,501,3,13,True,True,True,1790131318
2026-09-23T02:42:04+00:00,514,9,3,True,True,True,1790131318
2026-09-23T02:42:04+00:00,500,0,17,True,True,True,1790131318
2026-09-23T02:42:04+00:00,503,27,3,True,True,True,1790131318
2026-09-23T02:42:04+00:00,513,0,15,True,True,True,1790131318
2026-09-23T02:42:04+00:00,498,0,12,True,True,True,1790131318
2026-09-23T02:42:04+00:00,507,20,0,True,True,True,1790131318
2026-09-23T02:42:04+00:00,512,13,16,True,True,True,1790131318
2026-09-23T02:42:04+00:00,619,0,42,True,True,True,1790131318
2026-09-23T02:42:04+00:00,474,1,40,True,True,True,1790131318
2026-09-23T02:42:04+00:00,580,2,43,True,True,True,1790131318
2026-09-23T02:42:04+00:00,496,8,35,True,True,True,1790131318
2026-09-23T02:42:04+00:00,482,3,15,True,True,True,1790131318
2026-09-23T02:42:04+00:00,407,2,10,True,True,True,1790131318
2026-09-23T02:42:04+00:00,409,14,10,True,True,True,1790131318
2026-09-23T02:42:04+00:00,451,9,11,True,True,True,1790131318
2026-09-23T02:42:04+00:00,402,2,18,True,True,True,1790131318
2026-09-23T02:42:04+00:00,516,7,6,True,True,True,1790131318
2026-09-23T02:42:04+00:00,625,11,30,True,True,True,1790131318
2026-09-23T02:42:04+00:00,429,2,18,True,True,True,1790131318
2026-09-23T02:42:04+00:00,380,2,21,True,True,True,1790131318
2026-09-23T02:42:04+00:00,583,8,9,True,True,True,1790131318
2026-09-23T02:42:04+00:00,398,6,7,True,True,True,1790131318
2026-09-23T02:42:04+00:00,381,11,4,True,True,True,1790131318
2026-09-23T02:42:04+00:00,464,22,22,True,True,True,1790131318
2026-09-23T02:42:04+00:00,442,15,3,True,True,True,1790131318
2026-09-23T02:42:04+00:00,483,11,9,True,True,True,1790131318
2026-09-23T02:42:04+00:00,458,7,8,True,True,True,1790131318
2026-09-23T02:42:04+00:00,499,8,8,True,True,True,1790131318
2026-09-23T02:42:04+00:00,472,2,20,True,True,True,1790131318
2026-09-23T02:42:04+00:00,506,6,21,True,True,True,1790131318
2026-09-23T02:42:04+00:00,465,5,24,True,True,True,1790131318
2026-09-23T02:42:04+00:00,611,6,32,True,True,True,1790131318
2026-09-23T02:42:04+00:00,404,2,21,True,True,True,1790131318
2026-09-23T02:42:04+00:00,579,7,8,True,True,True,1790131318
2026-09-23T02:42:04+00:00,589,2,24,True,True,True,1790131318
2026-09-23T02:42:04+00:00,434,2,18,True,True,True,1790131318
2026-09-23T02:42:04+00:00,462,3,10,True,True,True,1790131318
2026-09-23T02:42:04+00:00,578,6,18,True,True,True,1790131318
2026-09-23T02:42:04+00:00,415,1,10,True,True,True,1790131318
2026-09-23T02:42:04+00:00,423,20,0,True,True,True,1790131318
2026-09-23T02:42:04+00:00,412,6,0,True,True,True,1790131318
2026-09-23T02:42:04+00:00,387,10,5,True,True,True,1790131318
2026-09-23T02:42:04+00:00,441,0,15,True,True,True,1790131318
2026-09-23T02:42:04+00:00,454,6,14,True,True,True,1790131318
2026-09-23T02:42:04+00:00,436,7,6,True,True,True,1790131318
2026-09-23T02:42:04+00:00,394,11,9,True,True,True,1790131318
2026-09-23T02:42:04+00:00,497,4,23,True,True,True,1790131318
2026-09-23T02:42:04+00:00,581,15,6,True,True,True,1790131318
2026-09-23T02:42:04+00:00,461,9,10,True,True,True,1790131318
2026-09-23T02:42:04+00:00,599,19,29,True,True,True,1790131318
2026-09-23T02:42:04+00:00,428,6,17,True,True,True,1790131318
2026-09-23T02:42:04+00:00,400,8,15,True,True,True,1790131318
2026-09-23T02:42:04+00:00,487,3,18,True,True,True,1790131318
2026-09-23T02:42:04+00:00,438,3,38,True,True,True,1790131318
2026-09-23T02:42:04+00:00,459,0,9,True,True,True,1790131318
2026-09-23T02:42:04+00:00,433,3,15,True,True,True,1790131318
2026-09-23T02:42:04+00:00,399,19,11,True,True,True,1790131318
2026-09-23T02:42:04+00:00,489,18,10,True,True,True,1790131318
2026-09-23T02:42:04+00:00,742,16,12,True,True,True,1790131318
2026-09-23T02:42:04+00:00,551,13,19,True,True,True,1790131318
2026-09-23T02:42:04+00:00,406,7,5,True,True,True,1790131318
2026-09-23T02:42:04+00:00,488,5,18,True,True,True,1790131318
2026-09-23T02:42:04+00:00,540,10,24,True,True,True,1790131318
2026-09-23T02:42:04+00:00,431,7,12,True,True,True,1790131318
2026-09-23T02:42:04+00:00,393,3,18,True,True,True,1790131318
2026-09-23T02:42:04+00:00,420,6,10,True,True,True,1790131318
2026-09-23T02:42:04+00:00,397,3,30,True,True,True,1790131318
2026-09-23T02:42:04+00:00,390,14,14,True,True,True,1790131318
2026-09-23T02:42:04+00:00,449,3,21,True,True,True,1790131318
2026-09-23T02:42:04+00:00,430,26,15,True,True,True,1790131318
2026-09-23T02:42:04+00:00,484,11,22,True,True,True,1790131318
2026-09-23T02:42:04+00:00,479,4,25,True,True,True,1790131318
2026-09-23T02:42:04+00:00,403,5,7,True,True,True,1790131318
2026-09-23T02:42:04+00:00,435,2,25,True,True,True,1790131318
2026-09-23T02:42:04+00:00,426,1,18,True,True,True,1790131318
2026-09-23T02:42:04+00:00,450,2,12,True,True,True,1790131318
2026-09-23T02:42:04+00:00,456,7,27,True,True,True,1790131318
2026-09-23T02:42:04+00:00,468,15,0,True,True,True,1790131318
2026-09-23T02:42:04+00:00,453,0,31,True,True,True,1790131318
2026-09-23T02:42:04+00:00,466,1,13,True,True,True,1790131318
2026-09-23T02:42:04+00:00,469,1,27,True,True,True,1790131318
2026-09-23T02:42:04+00:00,416,2,12,True,True,True,1790131318
2026-09-23T02:42:04+00:00,391,4,9,True,True,True,1790131318
2026-09-23T02:42:04+00:00,389,0,15,True,True,True,1790131318
2026-09-23T02:42:04+00:00,470,3,12,True,True,True,1790131318
2026-09-23T02:42:04+00:00,384,5,11,True,True,True,1790131318
2026-09-23T02:42:04+00:00,425,5,2,True,True,True,1790131318
2026-09-23T02:42:04+00:00,411,3,9,True,True,True,1790131318
2026-09-23T02:42:04+00:00,598,19,12,True,True,True,1790131318
2026-09-23T02:42:04+00:00,444,15,1,True,True,True,1790131318
2026-09-23T02:42:04+00:00,447,25,4,True,True,True,1790131318
2026-09-23T02:42:04+00:00,408,14,1,True,True,True,1790131318
2026-09-23T02:42:04+00:00,737,19,5,True,True,True,1790131318
2026-09-23T02:42:04+00:00,432,2,9,True,True,True,1790131318
2026-09-23T02:42:04+00:00,401,6,0,True,True,True,1790131318
2026-09-23T02:42:04+00:00,452,0,29,True,True,True,1790131318
2026-09-23T02:42:04+00:00,392,5,2,True,True,True,1790131318
2026-09-23T02:42:04+00:00,481,22,20,True,True,True,1790131318
2026-09-23T02:42:04+00:00,495,23,18,True,True,True,1790131318
2026-09-23T02:42:04+00:00,478,2,11,True,True,True,1790131318
2026-09-23T02:42:04+00:00,414,0,11,True,True,True,1790131318
2026-09-23T02:42:04+00:00,476,11,9,True,True,True,1790131318
2026-09-23T02:42:04+00:00,445,8,8,True,True,True,1790131318
2026-09-23T02:42:04+00:00,748,5,21,True,True,True,1790131318
2026-09-23T02:42:04+00:00,473,1,5,True,True,True,1790131318
2026-09-23T02:42:04+00:00,383,17,10,True,True,True,1790131318
2026-09-23T02:42:04+00:00,480,24,1,True,True,True,1790131318
2026-09-23T02:42:04+00:00,421,17,2,True,True,True,1790131318
2026-09-23T02:42:04+00:00,746,0,8,True,True,True,1790131318
2026-09-23T02:42:04+00:00,417,5,9,True,True,True,1790131318
2026-09-23T02:42:04+00:00,427,8,3,True,True,True,1790131318
2026-09-23T02:42:04+00:00,395,2,11,True,True,True,1790131318
2026-09-23T02:42:04+00:00,418,13,13,True,True,True,1790131318
2026-09-23T02:42:04+00:00,413,2,8,True,True,True,1790131318
2026-09-23T02:42:04+00:00,486,7,15,True,True,True,1790131318
2026-09-23T02:42:04+00:00,597,10,3,True,True,True,1790131318
2026-09-23T02:42:04+00:00,422,8,3,True,True,True,1790131318
2026-09-23T02:42:04+00:00,382,7,0,True,True,True,1790131318
2026-09-23T02:42:04+00:00,396,0,22,True,True,True,1790131318
2026-09-23T02:42:04+00:00,735,13,1,True,True,True,1790131318
2026-09-23T02:42:04+00:00,437,1,23,True,True,True,1790131318
2026-09-23T02:42:04+00:00,446,4,18,True,True,True,1790131318
2026-09-23T02:42:04+00:00,424,5,2,True,True,True,1790131318
2026-09-23T02:42:04+00:00,455,12,0,True,True,True,1790131318
2026-09-23T02:42:04+00:00,457,5,4,True,True,True,1790131318
2026-09-23T02:42:04+00:00,377,5,21,True,True,True,1790131318
2026-09-23T02:42:04+00:00,738,11,1,True,True,True,1790131318
2026-09-23T02:42:04+00:00,460,26,0,True,True,True,1790131318
2026-09-23T02:42:04+00:00,744,5,3,True,True,True,1790131318
2026-09-23T02:42:04+00:00,485,13,4,True,True,True,1790131318
2026-09-23T02:57:04+00:00,6026,7,27,True,True,True,1790132214
2026-09-23T02:57:04+00:00,5431,1,20,True,True,True,1790132214
2026-09-23T02:57:04+00:00,5424,2,14,True,True,True,1790132214
2026-09-23T02:57:04+00:00,5220,0,19,True,True,True,1790132214
2026-09-23T02:57:04+00:00,5217,0,28,True,True,True,1790132214
2026-09-23T02:57:04+00:00,5113,8,4,True,True,True,1790132214
2026-09-23T02:57:04+00:00,4683,0,21,True,True,True,1790132214
2026-09-23T02:57:04+00:00,4552,0,18,True,True,True,1790132214
2026-09-23T02:57:04+00:00,3725,1,15,True,True,True,1790132214
2026-09-23T02:57:04+00:00,2358,1,10,True,True,True,1790132214
2026-09-23T02:57:04+00:00,2357,18,5,True,True,True,1790132214
2026-09-23T02:57:04+00:00,2355,1,10,True,True,True,1790132214
2026-09-23T02:57:04+00:00,2351,2,13,True,True,True,1790132214
2026-09-23T02:57:04+00:00,2350,0,24,True,True,True,1790132214
2026-09-23T02:57:04+00:00,2349,2,19,True,True,True,1790132214
2026-09-23T02:57:04+00:00,2347,3,26,True,True,True,1790132214
2026-09-23T02:57:04+00:00,2340,23,2,True,True,True,1790132214
2026-09-23T02:57:04+00:00,2339,20,9,True,True,True,1790132214
2026-09-23T02:57:04+00:00,2337,7,7,True,True,True,1790132214
2026-09-23T02:57:04+00:00,2334,1,11,True,True,True,1790132214
2026-09-23T02:57:04+00:00,2333,12,3,True,True,True,1790132214
2026-09-23T02:57:04+00:00,2332,2,9,True,True,True,1790132214
2026-09-23T02:57:04+00:00,2330,7,6,True,True,True,1790132214
2026-09-23T02:57:04+00:00,2329,7,8,True,True,True,1790132214
2026-09-23T02:57:04+00:00,2328,2,17,True,True,True,1790132214
2026-09-23T02:57:04+00:00,2315,16,1,True,True,True,1790132214
2026-09-23T02:57:04+00:00,2308,3,4,True,True,True,1790132214
2026-09-23T02:57:04+00:00,2307,1,29,True,True,True,1790132214
2026-09-23T02:57:04+00:00,2306,1,17,True,True,True,1790132214
2026-09-23T02:57:04+00:00,2305,6,8,True,True,True,1790132214
2026-09-23T02:57:04+00:00,2304,10,7,True,True,True,1790132214
2026-09-23T02:57:04+00:00,2280,12,0,True,True,True,1790132214
2026-09-23T02:57:04+00:00,2270,4,16,True,True,True,1790132214
2026-09-23T02:57:04+00:00,1919,0,6,True,True,True,1790132214
2026-09-23T02:57:04+00:00,1755,32,1,True,True,True,1790132214
2026-09-23T02:57:04+00:00,1101,13,9,True,True,True,1790132214
2026-09-23T02:57:04+00:00,1023,6,9,True,True,True,1790132214
2026-09-23T02:57:04+00:00,1009,3,6,True,True,True,1790132214
2026-09-23T02:57:04+00:00,970,11,13,True,True,True,1790132214
2026-09-23T02:57:04+00:00,787,6,6,True,True,True,1790132214
2026-09-23T02:57:04+00:00,627,11,17,True,True,True,1790132214
2026-09-23T02:57:04+00:00,623,1,17,True,True,True,1790132214
2026-09-23T02:57:04+00:00,624,5,13,True,True,True,1790132214
2026-09-23T02:57:04+00:00,626,5,18,True,True,True,1790132214
2026-09-23T02:57:04+00:00,614,5,19,True,True,True,1790132214
2026-09-23T02:57:04+00:00,616,11,4,True,True,True,1790132214
2026-09-23T02:57:04+00:00,618,0,40,True,True,True,1790132214
2026-09-23T02:57:04+00:00,621,14,13,True,True,True,1790132214
2026-09-23T02:57:04+00:00,622,5,19,True,True,True,1790132214
2026-09-23T02:57:04+00:00,613,7,10,True,True,True,1790132214
2026-09-23T02:57:04+00:00,620,20,16,True,True,True,1790132214
2026-09-23T02:57:04+00:00,596,8,10,True,True,True,1790132214
2026-09-23T02:57:04+00:00,617,10,6,True,True,True,1790132214
2026-09-23T02:57:04+00:00,609,2,24,True,True,True,1790132214
2026-09-23T02:57:04+00:00,607,23,5,True,True,True,1790132214
2026-09-23T02:57:04+00:00,603,4,12,True,True,True,1790132214
2026-09-23T02:57:04+00:00,590,1,37,True,True,True,1790132214
2026-09-23T02:57:04+00:00,610,16,4,True,True,True,1790132214
2026-09-23T02:57:04+00:00,608,5,15,True,True,True,1790132214
2026-09-23T02:57:04+00:00,593,2,28,True,True,True,1790132214
2026-09-23T02:57:04+00:00,530,5,2,True,True,True,1790132214
2026-09-23T02:57:04+00:00,463,19,0,True,True,True,1790132214
2026-09-23T02:57:04+00:00,475,18,5,True,True,True,1790132214
2026-09-23T02:57:04+00:00,439,2,21,True,True,True,1790132214
2026-09-23T02:57:04+00:00,600,7,3,True,True,True,1790132214
2026-09-23T02:57:04+00:00,440,16,0,True,True,True,1790132214
2026-09-23T02:57:04+00:00,612,9,7,True,True,True,1790132214
2026-09-23T02:57:04+00:00,491,12,6,True,True,True,1790132214
2026-09-23T02:57:04+00:00,493,19,7,True,True,True,1790132214
2026-09-23T02:57:04+00:00,410,24,1,True,True,True,1790132214
2026-09-23T02:57:04+00:00,605,0,18,True,True,True,1790132214
2026-09-23T02:57:04+00:00,388,6,12,True,True,True,1790132214
2026-09-23T02:57:04+00:00,591,1,23,True,True,True,1790132214
2026-09-23T02:57:04+00:00,592,6,11,True,True,True,1790132214
2026-09-23T02:57:04+00:00,585,15,1,True,True,True,1790132214
2026-09-23T02:57:04+00:00,565,5,12,True,True,True,1790132214
2026-09-23T02:57:04+00:00,571,0,19,True,True,True,1790132214
2026-09-23T02:57:04+00:00,568,4,11,True,True,True,1790132214
2026-09-23T02:57:04+00:00,588,2,18,True,True,True,1790132214
2026-09-23T02:57:04+00:00,584,9,25,True,True,True,1790132214
2026-09-23T02:57:04+00:00,569,14,15,True,True,True,1790132214
2026-09-23T02:57:04+00:00,577,1,28,True,True,True,1790132214
2026-09-23T02:57:04+00:00,564,1,27,True,True,True,1790132214
2026-09-23T02:57:04+00:00,570,3,11,True,True,True,1790132214
2026-09-23T02:57:04+00:00,572,4,32,True,True,True,1790132214
2026-09-23T02:57:04+00:00,586,25,0,True,True,True,1790132214
2026-09-23T02:57:04+00:00,576,16,2,True,True,True,1790132214
2026-09-23T02:57:04+00:00,566,17,6,True,True,True,1790132214
2026-09-23T02:57:04+00:00,602,3,14,True,True,True,1790132214
2026-09-23T02:57:04+00:00,575,0,27,True,True,True,1790132214
2026-09-23T02:57:04+00:00,567,0,38,True,True,True,1790132214
2026-09-23T02:57:04+00:00,582,1,25,True,True,True,1790132214
2026-09-23T02:57:04+00:00,595,8,14,True,True,True,1790132214
2026-09-23T02:57:04+00:00,542,9,10,True,True,True,1790132214
2026-09-23T02:57:04+00:00,563,10,5,True,True,True,1790132214
2026-09-23T02:57:04+00:00,558,9,4,True,True,True,1790132214
2026-09-23T02:57:04+00:00,552,18,0,True,True,True,1790132214
2026-09-23T02:57:04+00:00,555,8,6,True,True,True,1790132214
2026-09-23T02:57:04+00:00,573,15,9,True,True,True,1790132214
2026-09-23T02:57:04+00:00,561,15,7,True,True,True,1790132214
2026-09-23T02:57:04+00:00,615,18,3,True,True,True,1790132214
2026-09-23T02:57:04+00:00,543,0,20,True,True,True,1790132214
2026-09-23T02:57:04+00:00,554,0,18,True,True,True,1790132214
2026-09-23T02:57:04+00:00,574,0,12,True,True,True,1790132214
2026-09-23T02:57:04+00:00,560,3,4,True,True,True,1790132214
2026-09-23T02:57:04+00:00,548,3,14,True,True,True,1790132214
2026-09-23T02:57:04+00:00,559,14,3,True,True,True,1790132214
2026-09-23T02:57:04+00:00,545,14,24,True,True,True,1790132214
2026-09-23T02:57:04+00:00,550,1,7,True,True,True,1790132214
2026-09-23T02:57:04+00:00,541,6,6,True,True,True,1790132214
2026-09-23T02:57:04+00:00,527,5,6,True,True,True,1790132214
2026-09-23T02:57:04+00:00,529,1,19,True,True,True,1790132214
2026-09-23T02:57:04+00:00,526,3,9,True,True,True,1790132214
2026-09-23T02:57:04+00:00,537,5,13,True,True,True,1790132214
2026-09-23T02:57:04+00:00,547,8,22,True,True,True,1790132214
2026-09-23T02:57:04+00:00,601,0,18,True,True,True,1790132214
2026-09-23T02:57:04+00:00,533,4,7,True,True,True,1790132214
2026-09-23T02:57:04+00:00,535,0,26,True,True,True,1790132214
2026-09-23T02:57:04+00:00,524,1,18,True,True,True,1790132214
2026-09-23T02:57:04+00:00,519,22,1,True,True,True,1790132214
2026-09-23T02:57:04+00:00,534,12,26,True,True,True,1790132214
2026-09-23T02:57:04+00:00,521,12,1,True,True,True,1790132214
2026-09-23T02:57:04+00:00,518,1,15,True,True,True,1790132214
2026-09-23T02:57:04+00:00,556,1,16,True,True,True,1790132214
2026-09-23T02:57:04+00:00,525,0,15,True,True,True,1790132214
2026-09-23T02:57:04+00:00,517,2,13,True,True,True,1790132214
2026-09-23T02:57:04+00:00,523,20,10,True,True,True,1790132214
2026-09-23T02:57:04+00:00,522,8,1,True,True,True,1790132214
2026-09-23T02:57:04+00:00,594,7,11,True,True,True,1790132214
2026-09-23T02:57:04+00:00,532,10,11,True,True,True,1790132214
2026-09-23T02:57:04+00:00,509,0,12,True,True,True,1790132214
2026-09-23T02:57:04+00:00,531,2,12,True,True,True,1790132214
2026-09-23T02:57:04+00:00,536,0,8,True,True,True,1790132214
2026-09-23T02:57:04+00:00,562,1,39,True,True,True,1790132214
2026-09-23T02:57:04+00:00,511,1,17,True,True,True,1790132214
2026-09-23T02:57:04+00:00,505,7,14,True,True,True,1790132214
2026-09-23T02:57:04+00:00,501,3,13,True,True,True,1790132214
2026-09-23T02:57:04+00:00,514,9,3,True,True,True,1790132214
2026-09-23T02:57:04+00:00,500,0,17,True,True,True,1790132214
2026-09-23T02:57:04+00:00,503,27,3,True,True,True,1790132214
2026-09-23T02:57:04+00:00,513,0,15,True,True,True,1790132214
2026-09-23T02:57:04+00:00,498,0,12,True,True,True,1790132214
2026-09-23T02:57:04+00:00,507,20,0,True,True,True,1790132214
2026-09-23T02:57:04+00:00,512,13,16,True,True,True,1790132214
2026-09-23T02:57:04+00:00,619,0,42,True,True,True,1790132214
2026-09-23T02:57:04+00:00,474,1,40,True,True,True,1790132214
2026-09-23T02:57:04+00:00,580,2,43,True,True,True,1790132214
2026-09-23T02:57:04+00:00,496,8,35,True,True,True,1790132214
2026-09-23T02:57:04+00:00,482,3,15,True,True,True,1790132214
2026-09-23T02:57:04+00:00,407,2,10,True,True,True,1790132214
2026-09-23T02:57:04+00:00,409,14,10,True,True,True,1790132214
2026-09-23T02:57:04+00:00,451,9,11,True,True,True,1790132214
2026-09-23T02:57:04+00:00,402,2,18,True,True,True,1790132214
2026-09-23T02:57:04+00:00,516,7,6,True,True,True,1790132214
2026-09-23T02:57:04+00:00,625,11,30,True,True,True,1790132214
2026-09-23T02:57:04+00:00,429,2,18,True,True,True,1790132214
2026-09-23T02:57:04+00:00,380,2,21,True,True,True,1790132214
2026-09-23T02:57:04+00:00,583,8,9,True,True,True,1790132214
2026-09-23T02:57:04+00:00,398,6,7,True,True,True,1790132214
2026-09-23T02:57:04+00:00,381,11,4,True,True,True,1790132214
2026-09-23T02:57:04+00:00,464,22,22,True,True,True,1790132214
2026-09-23T02:57:04+00:00,442,15,3,True,True,True,1790132214
2026-09-23T02:57:04+00:00,483,11,9,True,True,True,1790132214
2026-09-23T02:57:04+00:00,458,7,8,True,True,True,1790132214
2026-09-23T02:57:04+00:00,499,8,8,True,True,True,1790132214
2026-09-23T02:57:04+00:00,472,2,20,True,True,True,1790132214
2026-09-23T02:57:04+00:00,506,6,21,True,True,True,1790132214
2026-09-23T02:57:04+00:00,465,5,24,True,True,True,1790132214
2026-09-23T02:57:04+00:00,611,6,32,True,True,True,1790132214
2026-09-23T02:57:04+00:00,404,2,21,True,True,True,1790132214
2026-09-23T02:57:04+00:00,579,7,8,True,True,True,1790132214
2026-09-23T02:57:04+00:00,589,2,24,True,True,True,1790132214
2026-09-23T02:57:04+00:00,434,2,18,True,True,True,1790132214
2026-09-23T02:57:04+00:00,462,3,10,True,True,True,1790132214
2026-09-23T02:57:04+00:00,578,6,18,True,True,True,1790132214
2026-09-23T02:57:04+00:00,415,1,10,True,True,True,1790132214
2026-09-23T02:57:04+00:00,423,20,0,True,True,True,1790132214
2026-09-23T02:57:04+00:00,412,6,0,True,True,True,1790132214
2026-09-23T02:57:04+00:00,387,10,5,True,True,True,1790132214
2026-09-23T02:57:04+00:00,441,0,15,True,True,True,1790132214
2026-09-23T02:57:04+00:00,454,6,14,True,True,True,1790132214
2026-09-23T02:57:04+00:00,436,7,6,True,True,True,1790132214
2026-09-23T02:57:04+00:00,394,11,9,True,True,True,1790132214
2026-09-23T02:57:04+00:00,497,4,23,True,True,True,1790132214
2026-09-23T02:57:04+00:00,581,15,6,True,True,True,1790132214
2026-09-23T02:57:04+00:00,461,9,10,True,True,True,1790132214
2026-09-23T02:57:04+00:00,599,19,29,True,True,True,1790132214
2026-09-23T02:57:04+00:00,428,6,17,True,True,True,1790132214
2026-09-23T02:57:04+00:00,400,8,15,True,True,True,1790132214
2026-09-23T02:57:04+00:00,487,3,18,True,True,True,1790132214
2026-09-23T02:57:04+00:00,438,3,38,True,True,True,1790132214
2026-09-23T02:57:04+00:00,459,0,9,True,True,True,1790132214
2026-09-23T02:57:04+00:00,433,3,15,True,True,True,1790132214
2026-09-23T02:57:04+00:00,399,19,11,True,True,True,1790132214
2026-09-23T02:57:04+00:00,489,18,10,True,True,True,1790132214
2026-09-23T02:57:04+00:00,742,16,12,True,True,True,1790132214
2026-09-23T02:57:04+00:00,551,13,19,True,True,True,1790132214
2026-09-23T02:57:04+00:00,406,7,5,True,True,True,1790132214
2026-09-23T02:57:04+00:00,488,5,18,True,True,True,1790132214
2026-09-23T02:57:04+00:00,540,10,24,True,True,True,1790132214
2026-09-23T02:57:04+00:00,431,7,12,True,True,True,1790132214
2026-09-23T02:57:04+00:00,393,3,18,True,True,True,1790132214
2026-09-23T02:57:04+00:00,420,6,10,True,True,True,1790132214
2026-09-23T02:57:04+00:00,397,3,30,True,True,True,1790132214
2026-09-23T02:57:04+00:00,390,14,14,True,True,True,1790132214
2026-09-23T02:57:04+00:00,449,3,21,True,True,True,1790132214
2026-09-23T02:57:04+00:00,430,26,15,True,True,True,1790132214
2026-09-23T02:57:04+00:00,484,11,22,True,True,True,1790132214
2026-09-23T02:57:04+00:00,479,4,25,True,True,True,1790132214
2026-09-23T02:57:04+00:00,403,5,7,True,True,True,1790132214
2026-09-23T02:57:04+00:00,435,2,25,True,True,True,1790132214
2026-09-23T02:57:04+00:00,426,1,18,True,True,True,1790132214
2026-09-23T02:57:04+00:00,450,2,12,True,True,True,1790132214
2026-09-23T02:57:04+00:00,456,7,27,True,True,True,1790132214
2026-09-23T02:57:04+00:00,468,15,0,True,True,True,1790132214
2026-09-23T02:57:04+00:00,453,0,31,True,True,True,1790132214
2026-09-23T02:57:04+00:00,466,1,13,True,True,True,1790132214
2026-09-23T02:57:04+00:00,469,1,27,True,True,True,1790132214
2026-09-23T02:57:04+00:00,416,2,12,True,True,True,1790132214
2026-09-23T02:57:04+00:00,391,4,9,True,True,True,1790132214
2026-09-23T02:57:04+00:00,389,0,15,True,True,True,1790132214
2026-09-23T02:57:04+00:00,470,3,12,True,True,True,1790132214
2026-09-23T02:57:04+00:00,384,5,11,True,True,True,1790132214
2026-09-23T02:57:04+00:00,425,5,2,True,True,True,1790132214
2026-09-23T02:57:04+00:00,411,3,9,True,True,True,1790132214
2026-09-23T02:57:04+00:00,598,19,12,True,True,True,1790132214
2026-09-23T02:57:04+00:00,444,15,1,True,True,True,1790132214
2026-09-23T02:57:04+00:00,447,25,4,True,True,True,1790132214
2026-09-23T02:57:04+00:00,408,14,1,True,True,True,1790132214
2026-09-23T02:57:04+00:00,737,19,5,True,True,True,1790132214
2026-09-23T02:57:04+00:00,432,2,9,True,True,True,1790132214
2026-09-23T02:57:04+00:00,401,6,0,True,True,True,1790132214
2026-09-23T02:57:04+00:00,452,0,29,True,True,True,1790132214
2026-09-23T02:57:04+00:00,392,5,2,True,True,True,1790132214
2026-09-23T02:57:04+00:00,481,22,20,True,True,True,1790132214
2026-09-23T02:57:04+00:00,495,23,18,True,True,True,1790132214
2026-09-23T02:57:04+00:00,478,2,11,True,True,True,1790132214
2026-09-23T02:57:04+00:00,414,0,11,True,True,True,1790132214
2026-09-23T02:57:04+00:00,476,11,9,True,True,True,1790132214
2026-09-23T02:57:04+00:00,445,8,8,True,True,True,1790132214
2026-09-23T02:57:04+00:00,748,5,21,True,True,True,1790132214
2026-09-23T02:57:04+00:00,473,1,5,True,True,True,1790132214
2026-09-23T02:57:04+00:00,383,17,10,True,True,True,1790132214
2026-09-23T02:57:04+00:00,480,24,1,True,True,True,1790132214
2026-09-23T02:57:04+00:00,421,17,2,True,True,True,1790132214
2026-09-23T02:57:04+00:00,746,0,8,True,True,True,1790132214
2026-09-23T02:57:04+00:00,417,5,9,True,True,True,1790132214
2026-09-23T02:57:04+00:00,427,8,3,True,True,True,1790132214
2026-09-23T02:57:04+00:00,395,2,11,True,True,True,1790132214
2026-09-23T02:57:04+00:00,418,13,13,True,True,True,1790132214
2026-09-23T02:57:04+00:00,413,2,8,True,True,True,1790132214
2026-09-23T02:57:04+00:00,486,7,15,True,True,True,1790132214
2026-09-23T02:57:04+00:00,597,10,3,True,True,True,1790132214
2026-09-23T02:57:04+00:00,422,8,3,True,True,True,1790132214
2026-09-23T02:57:04+00:00,382,7,0,True,True,True,1790132214
2026-09-23T02:57:04+00:00,396,0,22,True,True,True,1790132214
2026-09-23T02:57:04+00:00,735,13,1,True,True,True,1790132214
2026-09-23T02:57:04+00:00,437,1,23,True,True,True,1790132214
2026-09-23T02:57:04+00:00,446,4,18,True,True,True,1790132214
2026-09-23T02:57:04+00:00,424,5,2,True,True,True,1790132214
2026-09-23T02:57:04+00:00,455,12,0,True,True,True,1790132214
2026-09-23T02:57:04+00:00,457,5,4,True,True,True,1790132214
2026-09-23T02:57:04+00:00,377,5,21,True,True,True,1790132214
2026-09-23T02:57:04+00:00,738,11,1,True,True,True,1790132214
2026-09-23T02:57:04+00:00,460,26,0,True,True,True,1790132214
2026-09-23T02:57:04+00:00,744,5,3,True,True,True,1790132214
2026-09-23T02:57:04+00:00,485,13,4,True,True,True,1790132214
2026-09-23T03:12:04+00:00,6026,7,27,True,True,True,1790133110
2026-09-23T03:12:04+00:00,5431,1,20,True,True,True,1790133110
2026-09-23T03:12:04+00:00,5424,2,14,True,True,True,1790133110
2026-09-23T03:12:04+00:00,5220,0,19,True,True,True,1790133110
2026-09-23T03:12:04+00:00,5217,0,28,True,True,True,1790133110
2026-09-23T03:12:04+00:00,5113,8,4,True,True,True,1790133110
2026-09-23T03:12:04+00:00,4683,0,21,True,True,True,1790133110
2026-09-23T03:12:04+00:00,4552,0,18,True,True,True,1790133110
2026-09-23T03:12:04+00:00,3725,1,15,True,True,True,1790133110
2026-09-23T03:12:04+00:00,2358,1,10,True,True,True,1790133110
2026-09-23T03:12:04+00:00,2357,18,5,True,True,True,1790133110
2026-09-23T03:12:04+00:00,2355,1,10,True,True,True,1790133110
2026-09-23T03:12:04+00:00,2351,2,13,True,True,True,1790133110
2026-09-23T03:12:04+00:00,2350,0,24,True,True,True,1790133110
2026-09-23T03:12:04+00:00,2349,2,19,True,True,True,1790133110
2026-09-23T03:12:04+00:00,2347,3,26,True,True,True,1790133110
2026-09-23T03:12:04+00:00,2340,23,2,True,True,True,1790133110
2026-09-23T03:12:04+00:00,2339,20,9,True,True,True,1790133110
2026-09-23T03:12:04+00:00,2337,7,7,True,True,True,1790133110
2026-09-23T03:12:04+00:00,2334,1,11,True,True,True,1790133110
2026-09-23T03:12:04+00:00,2333,12,3,True,True,True,1790133110
2026-09-23T03:12:04+00:00,2332,2,9,True,True,True,1790133110
2026-09-23T03:12:04+00:00,2330,7,6,True,True,True,1790133110
2026-09-23T03:12:04+00:00,2329,7,8,True,True,True,1790133110
2026-09-23T03:12:04+00:00,2328,2,17,True,True,True,1790133110
2026-09-23T03:12:04+00:00,2315,16,1,True,True,True,1790133110
2026-09-23T03:12:04+00:00,2308,3,4,True,True,True,1790133110
2026-09-23T03:12:04+00:00,2307,1,29,True,True,True,1790133110
2026-09-23T03:12:04+00:00,2306,1,17,True,True,True,1790133110
2026-09-23T03:12:04+00:00,2305,6,8,True,True,True,1790133110
2026-09-23T03:12:04+00:00,2304,10,7,True,True,True,1790133110
2026-09-23T03:12:04+00:00,2280,12,0,True,True,True,1790133110
2026-09-23T03:12:04+00:00,2270,4,16,True,True,True,1790133110
2026-09-23T03:12:04+00:00,1919,0,6,True,True,True,1790133110
2026-09-23T03:12:04+00:00,1755,32,1,True,True,True,1790133110
2026-09-23T03:12:04+00:00,1101,13,9,True,True,True,1790133110
2026-09-23T03:12:04+00:00,1023,6,9,True,True,True,1790133110
2026-09-23T03:12:04+00:00,1009,3,6,True,True,True,1790133110
2026-09-23T03:12:04+00:00,970,11,13,True,True,True,1790133110
2026-09-23T03:12:04+00:00,787,6,6,True,True,True,1790133110
2026-09-23T03:12:04+00:00,627,11,17,True,True,True,1790133110
2026-09-23T03:12:04+00:00,623,1,17,True,True,True,1790133110
2026-09-23T03:12:04+00:00,624,4,14,True,True,True,1790133110
2026-09-23T03:12:04+00:00,626,5,18,True,True,True,1790133110
2026-09-23T03:12:04+00:00,614,5,19,True,True,True,1790133110
2026-09-23T03:12:04+00:00,616,11,4,True,True,True,1790133110
2026-09-23T03:12:04+00:00,618,0,40,True,True,True,1790133110
2026-09-23T03:12:04+00:00,621,14,13,True,True,True,1790133110
2026-09-23T03:12:04+00:00,622,5,19,True,True,True,1790133110
2026-09-23T03:12:04+00:00,613,7,10,True,True,True,1790133110
2026-09-23T03:12:04+00:00,620,20,16,True,True,True,1790133110
2026-09-23T03:12:04+00:00,596,8,10,True,True,True,1790133110
2026-09-23T03:12:04+00:00,617,10,6,True,True,True,1790133110
2026-09-23T03:12:04+00:00,609,2,24,True,True,True,1790133110
2026-09-23T03:12:04+00:00,607,23,5,True,True,True,1790133110
2026-09-23T03:12:04+00:00,603,4,12,True,True,True,1790133110
2026-09-23T03:12:04+00:00,590,1,37,True,True,True,1790133110
2026-09-23T03:12:04+00:00,610,16,4,True,True,True,1790133110
2026-09-23T03:12:04+00:00,608,5,15,True,True,True,1790133110
2026-09-23T03:12:04+00:00,593,2,28,True,True,True,1790133110
2026-09-23T03:12:04+00:00,530,5,2,True,True,True,1790133110
2026-09-23T03:12:04+00:00,463,19,0,True,True,True,1790133110
2026-09-23T03:12:04+00:00,475,18,5,True,True,True,1790133110
2026-09-23T03:12:04+00:00,439,2,21,True,True,True,1790133110
2026-09-23T03:12:04+00:00,600,7,3,True,True,True,1790133110
2026-09-23T03:12:04+00:00,440,16,0,True,True,True,1790133110
2026-09-23T03:12:04+00:00,612,9,7,True,True,True,1790133110
2026-09-23T03:12:04+00:00,491,12,6,True,True,True,1790133110
2026-09-23T03:12:04+00:00,493,19,7,True,True,True,1790133110
2026-09-23T03:12:04+00:00,410,24,1,True,True,True,1790133110
2026-09-23T03:12:04+00:00,605,0,18,True,True,True,1790133110
2026-09-23T03:12:04+00:00,388,6,12,True,True,True,1790133110
2026-09-23T03:12:04+00:00,591,1,23,True,True,True,1790133110
2026-09-23T03:12:04+00:00,592,6,11,True,True,True,1790133110
2026-09-23T03:12:04+00:00,585,15,1,True,True,True,1790133110
2026-09-23T03:12:04+00:00,565,5,12,True,True,True,1790133110
2026-09-23T03:12:04+00:00,571,0,19,True,True,True,1790133110
2026-09-23T03:12:04+00:00,568,4,11,True,True,True,1790133110
2026-09-23T03:12:04+00:00,588,2,18,True,True,True,1790133110
2026-09-23T03:12:04+00:00,584,9,25,True,True,True,1790133110
2026-09-23T03:12:04+00:00,569,14,15,True,True,True,1790133110
2026-09-23T03:12:04+00:00,577,1,28,True,True,True,1790133110
2026-09-23T03:12:04+00:00,564,1,27,True,True,True,1790133110
2026-09-23T03:12:04+00:00,570,3,11,True,True,True,1790133110
2026-09-23T03:12:04+00:00,572,4,32,True,True,True,1790133110
2026-09-23T03:12:04+00:00,586,25,0,True,True,True,1790133110
2026-09-23T03:12:04+00:00,576,16,2,True,True,True,1790133110
2026-09-23T03:12:04+00:00,566,17,6,True,True,True,1790133110
2026-09-23T03:12:04+00:00,602,3,14,True,True,True,1790133110
2026-09-23T03:12:04+00:00,575,0,27,True,True,True,1790133110
2026-09-23T03:12:04+00:00,567,0,38,True,True,True,1790133110
2026-09-23T03:12:04+00:00,582,1,25,True,True,True,1790133110
2026-09-23T03:12:04+00:00,595,8,14,True,True,True,1790133110
2026-09-23T03:12:04+00:00,542,9,10,True,True,True,1790133110
2026-09-23T03:12:04+00:00,563,10,5,True,True,True,1790133110
2026-09-23T03:12:04+00:00,558,9,4,True,True,True,1790133110
2026-09-23T03:12:04+00:00,552,18,0,True,True,True,1790133110
2026-09-23T03:12:04+00:00,555,8,6,True,True,True,1790133110
2026-09-23T03:12:04+00:00,573,15,9,True,True,True,1790133110
2026-09-23T03:12:04+00:00,561,15,7,True,True,True,1790133110
2026-09-23T03:12:04+00:00,615,18,3,True,True,True,1790133110
2026-09-23T03:12:04+00:00,543,0,20,True,True,True,1790133110
2026-09-23T03:12:04+00:00,554,0,18,True,True,True,1790133110
2026-09-23T03:12:04+00:00,574,0,12,True,True,True,1790133110
2026-09-23T03:12:04+00:00,560,3,4,True,True,True,1790133110
2026-09-23T03:12:04+00:00,548,3,14,True,True,True,1790133110
2026-09-23T03:12:04+00:00,559,14,3,True,True,True,1790133110
2026-09-23T03:12:04+00:00,545,14,24,True,True,True,1790133110
2026-09-23T03:12:04+00:00,550,1,7,True,True,True,1790133110
2026-09-23T03:12:04+00:00,541,6,6,True,True,True,1790133110
2026-09-23T03:12:04+00:00,527,5,6,True,True,True,1790133110
2026-09-23T03:12:04+00:00,529,1,19,True,True,True,1790133110
2026-09-23T03:12:04+00:00,526,3,9,True,True,True,1790133110
2026-09-23T03:12:04+00:00,537,5,13,True,True,True,1790133110
2026-09-23T03:12:04+00:00,547,8,22,True,True,True,1790133110
2026-09-23T03:12:04+00:00,601,0,18,True,True,True,1790133110
2026-09-23T03:12:04+00:00,533,4,7,True,True,True,1790133110
2026-09-23T03:12:04+00:00,535,0,26,True,True,True,1790133110
2026-09-23T03:12:04+00:00,524,1,18,True,True,True,1790133110
2026-09-23T03:12:04+00:00,519,22,1,True,True,True,1790133110
2026-09-23T03:12:04+00:00,534,12,26,True,True,True,1790133110
2026-09-23T03:12:04+00:00,521,12,1,True,True,True,1790133110
2026-09-23T03:12:04+00:00,518,1,15,True,True,True,1790133110
2026-09-23T03:12:04+00:00,556,1,16,True,True,True,1790133110
2026-09-23T03:12:04+00:00,525,0,15,True,True,True,1790133110
2026-09-23T03:12:04+00:00,517,2,13,True,True,True,1790133110
2026-09-23T03:12:04+00:00,523,20,10,True,True,True,1790133110
2026-09-23T03:12:04+00:00,522,8,1,True,True,True,1790133110
2026-09-23T03:12:04+00:00,594,7,11,True,True,True,1790133110
2026-09-23T03:12:04+00:00,532,10,11,True,True,True,1790133110
2026-09-23T03:12:04+00:00,509,0,12,True,True,True,1790133110
2026-09-23T03:12:04+00:00,531,2,12,True,True,True,1790133110
2026-09-23T03:12:04+00:00,536,0,8,True,True,True,1790133110
2026-09-23T03:12:04+00:00,562,1,39,True,True,True,1790133110
2026-09-23T03:12:04+00:00,511,1,17,True,True,True,1790133110
2026-09-23T03:12:04+00:00,505,7,14,True,True,True,1790133110
2026-09-23T03:12:04+00:00,501,3,13,True,True,True,1790133110
2026-09-23T03:12:04+00:00,514,9,2,True,True,True,1790133110
2026-09-23T03:12:04+00:00,500,0,17,True,True,True,1790133110
2026-09-23T03:12:04+00:00,503,27,3,True,True,True,1790133110
2026-09-23T03:12:04+00:00,513,0,15,True,True,True,1790133110
2026-09-23T03:12:04+00:00,498,0,12,True,True,True,1790133110
2026-09-23T03:12:04+00:00,507,20,0,True,True,True,1790133110
2026-09-23T03:12:04+00:00,512,13,16,True,True,True,1790133110
2026-09-23T03:12:04+00:00,619,0,42,True,True,True,1790133110
2026-09-23T03:12:04+00:00,474,1,40,True,True,True,1790133110
2026-09-23T03:12:04+00:00,580,2,43,True,True,True,1790133110
2026-09-23T03:12:04+00:00,496,8,35,True,True,True,1790133110
2026-09-23T03:12:04+00:00,482,3,15,True,True,True,1790133110
2026-09-23T03:12:04+00:00,407,2,10,True,True,True,1790133110
2026-09-23T03:12:04+00:00,409,14,10,True,True,True,1790133110
2026-09-23T03:12:04+00:00,451,9,11,True,True,True,1790133110
2026-09-23T03:12:04+00:00,402,2,18,True,True,True,1790133110
2026-09-23T03:12:04+00:00,516,7,6,True,True,True,1790133110
2026-09-23T03:12:04+00:00,625,11,30,True,True,True,1790133110
2026-09-23T03:12:04+00:00,429,2,18,True,True,True,1790133110
2026-09-23T03:12:04+00:00,380,2,21,True,True,True,1790133110
2026-09-23T03:12:04+00:00,583,8,9,True,True,True,1790133110
2026-09-23T03:12:04+00:00,398,6,7,True,True,True,1790133110
2026-09-23T03:12:04+00:00,381,11,4,True,True,True,1790133110
2026-09-23T03:12:04+00:00,464,22,22,True,True,True,1790133110
2026-09-23T03:12:04+00:00,442,15,3,True,True,True,1790133110
2026-09-23T03:12:04+00:00,483,11,9,True,True,True,1790133110
2026-09-23T03:12:04+00:00,458,7,8,True,True,True,1790133110
2026-09-23T03:12:04+00:00,499,8,8,True,True,True,1790133110
2026-09-23T03:12:04+00:00,472,2,20,True,True,True,1790133110
2026-09-23T03:12:04+00:00,506,6,21,True,True,True,1790133110
2026-09-23T03:12:04+00:00,465,5,24,True,True,True,1790133110
2026-09-23T03:12:04+00:00,611,6,32,True,True,True,1790133110
2026-09-23T03:12:04+00:00,404,2,21,True,True,True,1790133110
2026-09-23T03:12:04+00:00,579,7,8,True,True,True,1790133110
2026-09-23T03:12:04+00:00,589,2,24,True,True,True,1790133110
2026-09-23T03:12:04+00:00,434,2,18,True,True,True,1790133110
2026-09-23T03:12:04+00:00,462,3,10,True,True,True,1790133110
2026-09-23T03:12:04+00:00,578,6,18,True,True,True,1790133110
2026-09-23T03:12:04+00:00,415,1,10,True,True,True,1790133110
2026-09-23T03:12:04+00:00,423,20,0,True,True,True,1790133110
2026-09-23T03:12:04+00:00,412,6,0,True,True,True,1790133110
2026-09-23T03:12:04+00:00,387,10,5,True,True,True,1790133110
2026-09-23T03:12:04+00:00,441,0,15,True,True,True,1790133110
2026-09-23T03:12:04+00:00,454,6,14,True,True,True,1790133110
2026-09-23T03:12:04+00:00,436,7,6,True,True,True,1790133110
2026-09-23T03:12:04+00:00,394,11,9,True,True,True,1790133110
2026-09-23T03:12:04+00:00,497,4,23,True,True,True,1790133110
2026-09-23T03:12:04+00:00,581,15,6,True,True,True,1790133110
2026-09-23T03:12:04+00:00,461,9,10,True,True,True,1790133110
2026-09-23T03:12:04+00:00,599,19,29,True,True,True,1790133110
2026-09-23T03:12:04+00:00,428,6,17,True,True,True,1790133110
2026-09-23T03:12:04+00:00,400,8,15,True,True,True,1790133110
2026-09-23T03:12:04+00:00,487,3,18,True,True,True,1790133110
2026-09-23T03:12:04+00:00,438,3,38,True,True,True,1790133110
2026-09-23T03:12:04+00:00,459,0,9,True,True,True,1790133110
2026-09-23T03:12:04+00:00,433,3,15,True,True,True,1790133110
2026-09-23T03:12:04+00:00,399,19,11,True,True,True,1790133110
2026-09-23T03:12:04+00:00,489,18,10,True,True,True,1790133110
2026-09-23T03:12:04+00:00,742,16,12,True,True,True,1790133110
2026-09-23T03:12:04+00:00,551,13,19,True,True,True,1790133110
2026-09-23T03:12:04+00:00,406,7,5,True,True,True,1790133110
2026-09-23T03:12:04+00:00,488,5,18,True,True,True,1790133110
2026-09-23T03:12:04+00:00,540,10,24,True,True,True,1790133110
2026-09-23T03:12:04+00:00,431,7,12,True,True,True,1790133110
2026-09-23T03:12:04+00:00,393,3,18,True,True,True,1790133110
2026-09-23T03:12:04+00:00,420,6,10,True,True,True,1790133110
2026-09-23T03:12:04+00:00,397,3,30,True,True,True,1790133110
2026-09-23T03:12:04+00:00,390,14,14,True,True,True,1790133110
2026-09-23T03:12:04+00:00,449,3,21,True,True,True,1790133110
2026-09-23T03:12:04+00:00,430,26,15,True,True,True,1790133110
2026-09-23T03:12:04+00:00,484,11,22,True,True,True,1790133110
2026-09-23T03:12:04+00:00,479,4,25,True,True,True,1790133110
2026-09-23T03:12:04+00:00,403,5,7,True,True,True,1790133110
2026-09-23T03:12:04+00:00,435,2,25,True,True,True,1790133110
2026-09-23T03:12:04+00:00,426,1,18,True,True,True,1790133110
2026-09-23T03:12:04+00:00,450,2,12,True,True,True,1790133110
2026-09-23T03:12:04+00:00,456,7,27,True,True,True,1790133110
2026-09-23T03:12:04+00:00,468,15,0,True,True,True,1790133110
2026-09-23T03:12:04+00:00,453,0,31,True,True,True,1790133110
2026-09-23T03:12:04+00:00,466,1,13,True,True,True,1790133110
2026-09-23T03:12:04+00:00,469,1,27,True,True,True,1790133110
2026-09-23T03:12:04+00:00,416,2,12,True,True,True,1790133110
2026-09-23T03:12:04+00:00,391,4,9,True,True,True,1790133110
2026-09-23T03:12:04+00:00,389,0,15,True,True,True,1790133110
2026-09-23T03:12:04+00:00,470,3,12,True,True,True,1790133110
2026-09-23T03:12:04+00:00,384,5,11,True,True,True,1790133110
2026-09-23T03:12:04+00:00,425,5,2,True,True,True,1790133110
2026-09-23T03:12:04+00:00,411,3,9,True,True,True,1790133110
2026-09-23T03:12:04+00:00,598,18,13,True,True,True,1790133110
2026-09-23T03:12:04+00:00,444,15,1,True,True,True,1790133110
2026-09-23T03:12:04+00:00,447,25,4,True,True,True,1790133110
2026-09-23T03:12:04+00:00,408,14,1,True,True,True,1790133110
2026-09-23T03:12:04+00:00,737,19,5,True,True,True,1790133110
2026-09-23T03:12:04+00:00,432,2,9,True,True,True,1790133110
2026-09-23T03:12:04+00:00,401,6,0,True,True,True,1790133110
2026-09-23T03:12:04+00:00,452,0,29,True,True,True,1790133110
2026-09-23T03:12:04+00:00,392,5,2,True,True,True,1790133110
2026-09-23T03:12:04+00:00,481,22,20,True,True,True,1790133110
2026-09-23T03:12:04+00:00,495,23,18,True,True,True,1790133110
2026-09-23T03:12:04+00:00,478,2,11,True,True,True,1790133110
2026-09-23T03:12:04+00:00,414,0,11,True,True,True,1790133110
2026-09-23T03:12:04+00:00,476,11,9,True,True,True,1790133110
2026-09-23T03:12:04+00:00,445,8,8,True,True,True,1790133110
2026-09-23T03:12:04+00:00,748,5,21,True,True,True,1790133110
2026-09-23T03:12:04+00:00,473,1,5,True,True,True,1790133110
2026-09-23T03:12:04+00:00,383,17,10,True,True,True,1790133110
2026-09-23T03:12:04+00:00,480,24,1,True,True,True,1790133110
2026-09-23T03:12:04+00:00,421,17,2,True,True,True,1790133110
2026-09-23T03:12:04+00:00,746,0,8,True,True,True,1790133110
2026-09-23T03:12:04+00:00,417,5,9,True,True,True,1790133110
2026-09-23T03:12:04+00:00,427,8,3,True,True,True,1790133110
2026-09-23T03:12:04+00:00,395,2,11,True,True,True,1790133110
2026-09-23T03:12:04+00:00,418,13,13,True,True,True,1790133110
2026-09-23T03:12:04+00:00,413,2,8,True,True,True,1790133110
2026-09-23T03:12:04+00:00,486,7,15,True,True,True,1790133110
2026-09-23T03:12:04+00:00,597,9,4,True,True,True,1790133110
2026-09-23T03:12:04+00:00,422,8,3,True,True,True,1790133110
2026-09-23T03:12:04+00:00,382,7,0,True,True,True,1790133110
2026-09-23T03:12:04+00:00,396,0,22,True,True,True,1790133110
2026-09-23T03:12:04+00:00,735,13,1,True,True,True,1790133110
2026-09-23T03:12:04+00:00,437,1,23,True,True,True,1790133110
2026-09-23T03:12:04+00:00,446,4,18,True,True,True,1790133110
2026-09-23T03:12:04+00:00,424,5,2,True,True,True,1790133110
2026-09-23T03:12:04+00:00,455,12,0,True,True,True,1790133110
2026-09-23T03:12:04+00:00,457,5,4,True,True,True,1790133110
2026-09-23T03:12:04+00:00,377,5,21,True,True,True,1790133110
2026-09-23T03:12:04+00:00,738,11,1,True,True,True,1790133110
2026-09-23T03:12:04+00:00,460,26,0,True,True,True,1790133110
2026-09-23T03:12:04+00:00,744,5,3,True,True,True,1790133110
2026-09-23T03:12:04+00:00,485,13,4,True,True,True,1790133110
2026-09-23T03:27:04+00:00,6026,7,27,True,True,True,1790134023
2026-09-23T03:27:04+00:00,5431,1,20,True,True,True,1790134023
2026-09-23T03:27:04+00:00,5424,2,14,True,True,True,1790134023
2026-09-23T03:27:04+00:00,5220,0,19,True,True,True,1790134023
2026-09-23T03:27:04+00:00,5217,0,28,True,True,True,1790134023
2026-09-23T03:27:04+00:00,5113,8,4,True,True,True,1790134023
2026-09-23T03:27:04+00:00,4683,0,21,True,True,True,1790134023
2026-09-23T03:27:04+00:00,4552,0,18,True,True,True,1790134023
2026-09-23T03:27:04+00:00,3725,1,15,True,True,True,1790134023
2026-09-23T03:27:04+00:00,2358,1,10,True,True,True,1790134023
2026-09-23T03:27:04+00:00,2357,18,5,True,True,True,1790134023
2026-09-23T03:27:04+00:00,2355,1,10,True,True,True,1790134023
2026-09-23T03:27:04+00:00,2351,2,13,True,True,True,1790134023
2026-09-23T03:27:04+00:00,2350,0,24,True,True,True,1790134023
2026-09-23T03:27:04+00:00,2349,2,19,True,True,True,1790134023
2026-09-23T03:27:04+00:00,2347,3,26,True,True,True,1790134023
2026-09-23T03:27:04+00:00,2340,23,2,True,True,True,1790134023
2026-09-23T03:27:04+00:00,2339,20,9,True,True,True,1790134023
2026-09-23T03:27:04+00:00,2337,7,7,True,True,True,1790134023
2026-09-23T03:27:04+00:00,2334,1,11,True,True,True,1790134023
2026-09-23T03:27:04+00:00,2333,12,3,True,True,True,1790134023
2026-09-23T03:27:04+00:00,2332,2,9,True,True,True,1790134023
2026-09-23T03:27:04+00:00,2330,7,6,True,True,True,1790134023
2026-09-23T03:27:04+00:00,2329,7,8,True,True,True,1790134023
2026-09-23T03:27:04+00:00,2328,2,17,True,True,True,1790134023
2026-09-23T03:27:04+00:00,2315,16,1,True,True,True,1790134023
2026-09-23T03:27:04+00:00,2308,3,4,True,True,True,1790134023
2026-09-23T03:27:04+00:00,2307,1,29,True,True,True,1790134023
2026-09-23T03:27:04+00:00,2306,1,17,True,True,True,1790134023
2026-09-23T03:27:04+00:00,2305,6,8,True,True,True,1790134023
2026-09-23T03:27:04+00:00,2304,10,7,True,True,True,1790134023
2026-09-23T03:27:04+00:00,2280,12,0,True,True,True,1790134023
2026-09-23T03:27:04+00:00,2270,4,16,True,True,True,1790134023
2026-09-23T03:27:04+00:00,1919,0,6,True,True,True,1790134023
2026-09-23T03:27:04+00:00,1755,32,1,True,True,True,1790134023
2026-09-23T03:27:04+00:00,1101,13,9,True,True,True,1790134023
2026-09-23T03:27:04+00:00,1023,6,9,True,True,True,1790134023
2026-09-23T03:27:04+00:00,1009,3,6,True,True,True,1790134023
2026-09-23T03:27:04+00:00,970,11,13,True,True,True,1790134023
2026-09-23T03:27:04+00:00,787,6,6,True,True,True,1790134023
2026-09-23T03:27:04+00:00,627,11,17,True,True,True,1790134023
2026-09-23T03:27:04+00:00,623,2,16,True,True,True,1790134023
2026-09-23T03:27:04+00:00,624,4,14,True,True,True,1790134023
2026-09-23T03:27:04+00:00,626,5,18,True,True,True,1790134023
2026-09-23T03:27:04+00:00,614,5,19,True,True,True,1790134023
2026-09-23T03:27:04+00:00,616,11,4,True,True,True,1790134023
2026-09-23T03:27:04+00:00,618,0,40,True,True,True,1790134023
2026-09-23T03:27:04+00:00,621,14,13,True,True,True,1790134023
2026-09-23T03:27:04+00:00,622,5,19,True,True,True,1790134023
2026-09-23T03:27:04+00:00,613,7,10,True,True,True,1790134023
2026-09-23T03:27:04+00:00,620,20,16,True,True,True,1790134023
2026-09-23T03:27:04+00:00,596,8,10,True,True,True,1790134023
2026-09-23T03:27:04+00:00,617,10,6,True,True,True,1790134023
2026-09-23T03:27:04+00:00,609,2,24,True,True,True,1790134023
2026-09-23T03:27:04+00:00,607,23,5,True,True,True,1790134023
2026-09-23T03:27:04+00:00,603,4,12,True,True,True,1790134023
2026-09-23T03:27:04+00:00,590,1,37,True,True,True,1790134023
2026-09-23T03:27:04+00:00,610,16,4,True,True,True,1790134023
2026-09-23T03:27:04+00:00,608,5,15,True,True,True,1790134023
2026-09-23T03:27:04+00:00,593,2,28,True,True,True,1790134023
2026-09-23T03:27:04+00:00,530,5,2,True,True,True,1790134023
2026-09-23T03:27:04+00:00,463,19,0,True,True,True,1790134023
2026-09-23T03:27:04+00:00,475,18,5,True,True,True,1790134023
2026-09-23T03:27:04+00:00,439,2,21,True,True,True,1790134023
2026-09-23T03:27:04+00:00,600,7,3,True,True,True,1790134023
2026-09-23T03:27:04+00:00,440,16,0,True,True,True,1790134023
2026-09-23T03:27:04+00:00,612,9,7,True,True,True,1790134023
2026-09-23T03:27:04+00:00,491,12,6,True,True,True,1790134023
2026-09-23T03:27:04+00:00,493,19,7,True,True,True,1790134023
2026-09-23T03:27:04+00:00,410,24,1,True,True,True,1790134023
2026-09-23T03:27:04+00:00,605,0,18,True,True,True,1790134023
2026-09-23T03:27:04+00:00,388,6,12,True,True,True,1790134023
2026-09-23T03:27:04+00:00,591,1,23,True,True,True,1790134023
2026-09-23T03:27:04+00:00,592,6,11,True,True,True,1790134023
2026-09-23T03:27:04+00:00,585,15,1,True,True,True,1790134023
2026-09-23T03:27:04+00:00,565,5,12,True,True,True,1790134023
2026-09-23T03:27:04+00:00,571,0,19,True,True,True,1790134023
2026-09-23T03:27:04+00:00,568,4,11,True,True,True,1790134023
2026-09-23T03:27:04+00:00,588,2,18,True,True,True,1790134023
2026-09-23T03:27:04+00:00,584,9,25,True,True,True,1790134023
2026-09-23T03:27:04+00:00,569,14,15,True,True,True,1790134023
2026-09-23T03:27:04+00:00,577,1,28,True,True,True,1790134023
2026-09-23T03:27:04+00:00,564,1,27,True,True,True,1790134023
2026-09-23T03:27:04+00:00,570,3,11,True,True,True,1790134023
2026-09-23T03:27:04+00:00,572,4,32,True,True,True,1790134023
2026-09-23T03:27:04+00:00,586,25,0,True,True,True,1790134023
2026-09-23T03:27:04+00:00,576,16,2,True,True,True,1790134023
2026-09-23T03:27:04+00:00,566,17,6,True,True,True,1790134023
2026-09-23T03:27:04+00:00,602,3,14,True,True,True,1790134023
2026-09-23T03:27:04+00:00,575,0,27,True,True,True,1790134023
2026-09-23T03:27:04+00:00,567,0,38,True,True,True,1790134023
2026-09-23T03:27:04+00:00,582,1,25,True,True,True,1790134023
2026-09-23T03:27:04+00:00,595,8,14,True,True,True,1790134023
2026-09-23T03:27:04+00:00,542,9,10,True,True,True,1790134023
2026-09-23T03:27:04+00:00,563,10,5,True,True,True,1790134023
2026-09-23T03:27:04+00:00,558,9,4,True,True,True,1790134023
2026-09-23T03:27:04+00:00,552,18,0,True,True,True,1790134023
2026-09-23T03:27:04+00:00,555,8,6,True,True,True,1790134023
2026-09-23T03:27:04+00:00,573,15,9,True,True,True,1790134023
2026-09-23T03:27:04+00:00,561,15,7,True,True,True,1790134023
2026-09-23T03:27:04+00:00,615,18,3,True,True,True,1790134023
2026-09-23T03:27:04+00:00,543,0,20,True,True,True,1790134023
2026-09-23T03:27:04+00:00,554,0,18,True,True,True,1790134023
2026-09-23T03:27:04+00:00,574,0,12,True,True,True,1790134023
2026-09-23T03:27:04+00:00,560,3,4,True,True,True,1790134023
2026-09-23T03:27:04+00:00,548,3,14,True,True,True,1790134023
2026-09-23T03:27:04+00:00,559,14,3,True,True,True,1790134023
2026-09-23T03:27:04+00:00,545,14,24,True,True,True,1790134023
2026-09-23T03:27:04+00:00,550,1,7,True,True,True,1790134023
2026-09-23T03:27:04+00:00,541,6,6,True,True,True,1790134023
2026-09-23T03:27:04+00:00,527,5,6,True,True,True,1790134023
2026-09-23T03:27:04+00:00,529,1,19,True,True,True,1790134023
2026-09-23T03:27:04+00:00,526,3,9,True,True,True,1790134023
2026-09-23T03:27:04+00:00,537,5,13,True,True,True,1790134023
2026-09-23T03:27:04+00:00,547,8,22,True,True,True,1790134023
2026-09-23T03:27:04+00:00,601,0,18,True,True,True,1790134023
2026-09-23T03:27:04+00:00,533,4,7,True,True,True,1790134023
2026-09-23T03:27:04+00:00,535,0,26,True,True,True,1790134023
2026-09-23T03:27:04+00:00,524,1,18,True,True,True,1790134023
2026-09-23T03:27:04+00:00,519,22,1,True,True,True,1790134023
2026-09-23T03:27:04+00:00,534,12,26,True,True,True,1790134023
2026-09-23T03:27:04+00:00,521,12,1,True,True,True,1790134023
2026-09-23T03:27:04+00:00,518,1,15,True,True,True,1790134023
2026-09-23T03:27:04+00:00,556,1,16,True,True,True,1790134023
2026-09-23T03:27:04+00:00,525,0,15,True,True,True,1790134023
2026-09-23T03:27:04+00:00,517,2,13,True,True,True,1790134023
2026-09-23T03:27:04+00:00,523,20,10,True,True,True,1790134023
2026-09-23T03:27:04+00:00,522,8,1,True,True,True,1790134023
2026-09-23T03:27:04+00:00,594,7,11,True,True,True,1790134023
2026-09-23T03:27:04+00:00,532,10,11,True,True,True,1790134023
2026-09-23T03:27:04+00:00,509,0,12,True,True,True,1790134023
2026-09-23T03:27:04+00:00,531,2,12,True,True,True,1790134023
2026-09-23T03:27:04+00:00,536,0,8,True,True,True,1790134023
2026-09-23T03:27:04+00:00,562,1,39,True,True,True,1790134023
2026-09-23T03:27:04+00:00,511,1,17,True,True,True,1790134023
2026-09-23T03:27:04+00:00,505,7,14,True,True,True,1790134023
2026-09-23T03:27:04+00:00,501,3,13,True,True,True,1790134023
2026-09-23T03:27:04+00:00,514,10,2,True,True,True,1790134023
2026-09-23T03:27:04+00:00,500,0,17,True,True,True,1790134023
2026-09-23T03:27:04+00:00,503,27,3,True,True,True,1790134023
2026-09-23T03:27:04+00:00,513,0,15,True,True,True,1790134023
2026-09-23T03:27:04+00:00,498,0,12,True,True,True,1790134023
2026-09-23T03:27:04+00:00,507,19,1,True,True,True,1790134023
2026-09-23T03:27:04+00:00,512,13,16,True,True,True,1790134023
2026-09-23T03:27:04+00:00,619,0,42,True,True,True,1790134023
2026-09-23T03:27:04+00:00,474,1,40,True,True,True,1790134023
2026-09-23T03:27:04+00:00,580,2,43,True,True,True,1790134023
2026-09-23T03:27:04+00:00,496,8,35,True,True,True,1790134023
2026-09-23T03:27:04+00:00,482,3,15,True,True,True,1790134023
2026-09-23T03:27:04+00:00,407,2,10,True,True,True,1790134023
2026-09-23T03:27:04+00:00,409,14,10,True,True,True,1790134023
2026-09-23T03:27:04+00:00,451,9,11,True,True,True,1790134023
2026-09-23T03:27:04+00:00,402,2,18,True,True,True,1790134023
2026-09-23T03:27:04+00:00,516,7,6,True,True,True,1790134023
2026-09-23T03:27:04+00:00,625,12,29,True,True,True,1790134023
2026-09-23T03:27:04+00:00,429,2,18,True,True,True,1790134023
2026-09-23T03:27:04+00:00,380,1,22,True,True,True,1790134023
2026-09-23T03:27:04+00:00,583,8,9,True,True,True,1790134023
2026-09-23T03:27:04+00:00,398,5,8,True,True,True,1790134023
2026-09-23T03:27:04+00:00,381,11,4,True,True,True,1790134023
2026-09-23T03:27:04+00:00,464,22,22,True,True,True,1790134023
2026-09-23T03:27:04+00:00,442,15,3,True,True,True,1790134023
2026-09-23T03:27:04+00:00,483,11,9,True,True,True,1790134023
2026-09-23T03:27:04+00:00,458,7,8,True,True,True,1790134023
2026-09-23T03:27:04+00:00,499,8,8,True,True,True,1790134023
2026-09-23T03:27:04+00:00,472,2,20,True,True,True,1790134023
2026-09-23T03:27:04+00:00,506,6,21,True,True,True,1790134023
2026-09-23T03:27:04+00:00,465,5,24,True,True,True,1790134023
2026-09-23T03:27:04+00:00,611,6,32,True,True,True,1790134023
2026-09-23T03:27:04+00:00,404,2,21,True,True,True,1790134023
2026-09-23T03:27:04+00:00,579,7,8,True,True,True,1790134023
2026-09-23T03:27:04+00:00,589,2,24,True,True,True,1790134023
2026-09-23T03:27:04+00:00,434,2,18,True,True,True,1790134023
2026-09-23T03:27:04+00:00,462,3,10,True,True,True,1790134023
2026-09-23T03:27:04+00:00,578,6,18,True,True,True,1790134023
2026-09-23T03:27:04+00:00,415,1,10,True,True,True,1790134023
2026-09-23T03:27:04+00:00,423,20,0,True,True,True,1790134023
2026-09-23T03:27:04+00:00,412,6,0,True,True,True,1790134023
2026-09-23T03:27:04+00:00,387,10,5,True,True,True,1790134023
2026-09-23T03:27:04+00:00,441,0,15,True,True,True,1790134023
2026-09-23T03:27:04+00:00,454,6,14,True,True,True,1790134023
2026-09-23T03:27:04+00:00,436,7,6,True,True,True,1790134023
2026-09-23T03:27:04+00:00,394,11,9,True,True,True,1790134023
2026-09-23T03:27:04+00:00,497,4,23,True,True,True,1790134023
2026-09-23T03:27:04+00:00,581,15,6,True,True,True,1790134023
2026-09-23T03:27:04+00:00,461,9,10,True,True,True,1790134023
2026-09-23T03:27:04+00:00,599,19,29,True,True,True,1790134023
2026-09-23T03:27:04+00:00,428,6,17,True,True,True,1790134023
2026-09-23T03:27:04+00:00,400,8,15,True,True,True,1790134023
2026-09-23T03:27:04+00:00,487,3,18,True,True,True,1790134023
2026-09-23T03:27:04+00:00,438,3,38,True,True,True,1790134023
2026-09-23T03:27:04+00:00,459,0,9,True,True,True,1790134023
2026-09-23T03:27:04+00:00,433,3,15,True,True,True,1790134023
2026-09-23T03:27:04+00:00,399,19,11,True,True,True,1790134023
2026-09-23T03:27:04+00:00,489,18,10,True,True,True,1790134023
2026-09-23T03:27:04+00:00,742,16,12,True,True,True,1790134023
2026-09-23T03:27:04+00:00,551,13,19,True,True,True,1790134023
2026-09-23T03:27:04+00:00,406,7,5,True,True,True,1790134023
2026-09-23T03:27:04+00:00,488,5,18,True,True,True,1790134023
2026-09-23T03:27:04+00:00,540,10,24,True,True,True,1790134023
2026-09-23T03:27:04+00:00,431,7,12,True,True,True,1790134023
2026-09-23T03:27:04+00:00,393,3,18,True,True,True,1790134023
2026-09-23T03:27:04+00:00,420,6,10,True,True,True,1790134023
2026-09-23T03:27:04+00:00,397,3,30,True,True,True,1790134023
2026-09-23T03:27:04+00:00,390,14,14,True,True,True,1790134023
2026-09-23T03:27:04+00:00,449,3,21,True,True,True,1790134023
2026-09-23T03:27:04+00:00,430,26,15,True,True,True,1790134023
2026-09-23T03:27:04+00:00,484,11,22,True,True,True,1790134023
2026-09-23T03:27:04+00:00,479,4,25,True,True,True,1790134023
2026-09-23T03:27:04+00:00,403,5,7,True,True,True,1790134023
2026-09-23T03:27:04+00:00,435,3,24,True,True,True,1790134023
2026-09-23T03:27:04+00:00,426,1,18,True,True,True,1790134023
2026-09-23T03:27:04+00:00,450,2,12,True,True,True,1790134023
2026-09-23T03:27:04+00:00,456,7,27,True,True,True,1790134023
2026-09-23T03:27:04+00:00,468,15,0,True,True,True,1790134023
2026-09-23T03:27:04+00:00,453,0,31,True,True,True,1790134023
2026-09-23T03:27:04+00:00,466,1,13,True,True,True,1790134023
2026-09-23T03:27:04+00:00,469,1,27,True,True,True,1790134023
2026-09-23T03:27:04+00:00,416,2,12,True,True,True,1790134023
2026-09-23T03:27:04+00:00,391,4,9,True,True,True,1790134023
2026-09-23T03:27:04+00:00,389,0,15,True,True,True,1790134023
2026-09-23T03:27:04+00:00,470,3,12,True,True,True,1790134023
2026-09-23T03:27:04+00:00,384,4,12,True,True,True,1790134023
2026-09-23T03:27:04+00:00,425,5,2,True,True,True,1790134023
2026-09-23T03:27:04+00:00,411,3,9,True,True,True,1790134023
2026-09-23T03:27:04+00:00,598,18,13,True,True,True,1790134023
2026-09-23T03:27:04+00:00,444,15,1,True,True,True,1790134023
2026-09-23T03:27:04+00:00,447,25,4,True,True,True,1790134023
2026-09-23T03:27:04+00:00,408,14,1,True,True,True,1790134023
2026-09-23T03:27:04+00:00,737,19,5,True,True,True,1790134023
2026-09-23T03:27:04+00:00,432,2,9,True,True,True,1790134023
2026-09-23T03:27:04+00:00,401,6,0,True,True,True,1790134023
2026-09-23T03:27:04+00:00,452,0,29,True,True,True,1790134023
2026-09-23T03:27:04+00:00,392,5,2,True,True,True,1790134023
2026-09-23T03:27:04+00:00,481,22,20,True,True,True,1790134023
2026-09-23T03:27:04+00:00,495,23,18,True,True,True,1790134023
2026-09-23T03:27:04+00:00,478,2,11,True,True,True,1790134023
2026-09-23T03:27:04+00:00,414,0,11,True,True,True,1790134023
2026-09-23T03:27:04+00:00,476,11,9,True,True,True,1790134023
2026-09-23T03:27:04+00:00,445,8,8,True,True,True,1790134023
2026-09-23T03:27:04+00:00,748,5,21,True,True,True,1790134023
2026-09-23T03:27:04+00:00,473,1,5,True,True,True,1790134023
2026-09-23T03:27:04+00:00,383,17,10,True,True,True,1790134023
2026-09-23T03:27:04+00:00,480,24,1,True,True,True,1790134023
2026-09-23T03:27:04+00:00,421,17,2,True,True,True,1790134023
2026-09-23T03:27:04+00:00,746,0,8,True,True,True,1790134023
2026-09-23T03:27:04+00:00,417,5,9,True,True,True,1790134023
2026-09-23T03:27:04+00:00,427,8,3,True,True,True,1790134023
2026-09-23T03:27:04+00:00,395,2,11,True,True,True,1790134023
2026-09-23T03:27:04+00:00,418,13,13,True,True,True,1790134023
2026-09-23T03:27:04+00:00,413,2,8,True,True,True,1790134023
2026-09-23T03:27:04+00:00,486,7,15,True,True,True,1790134023
2026-09-23T03:27:04+00:00,597,9,4,True,True,True,1790134023
2026-09-23T03:27:04+00:00,422,8,3,True,True,True,1790134023
2026-09-23T03:27:04+00:00,382,7,0,True,True,True,1790134023
2026-09-23T03:27:04+00:00,396,0,22,True,True,True,1790134023
2026-09-23T03:27:04+00:00,735,13,1,True,True,True,1790134023
2026-09-23T03:27:04+00:00,437,1,23,True,True,True,1790134023
2026-09-23T03:27:04+00:00,446,4,18,True,True,True,1790134023
2026-09-23T03:27:04+00:00,424,5,2,True,True,True,1790134023
2026-09-23T03:27:04+00:00,455,12,0,True,True,True,1790134023
2026-09-23T03:27:04+00:00,457,5,4,True,True,True,1790134023
2026-09-23T03:27:04+00:00,377,5,21,True,True,True,1790134023
2026-09-23T03:27:04+00:00,738,11,1,True,True,True,1790134023
2026-09-23T03:27:04+00:00,460,26,0,True,True,True,1790134023
2026-09-23T03:27:04+00:00,744,5,3,True,True,True,1790134023
2026-09-23T03:27:04+00:00,485,13,4,True,True,True,1790134023
2026-09-23T03:42:04+00:00,6026,7,27,True,True,True,1790134919
2026-09-23T03:42:04+00:00,5431,1,20,True,True,True,1790134919
2026-09-23T03:42:04+00:00,5424,2,14,True,True,True,1790134919
2026-09-23T03:42:04+00:00,5220,0,19,True,True,True,1790134919
2026-09-23T03:42:04+00:00,5217,0,28,True,True,True,1790134919
2026-09-23T03:42:04+00:00,5113,8,4,True,True,True,1790134919
2026-09-23T03:42:04+00:00,4683,0,21,True,True,True,1790134919
2026-09-23T03:42:04+00:00,4552,0,18,True,True,True,1790134919
2026-09-23T03:42:04+00:00,3725,1,15,True,True,True,1790134919
2026-09-23T03:42:04+00:00,2358,1,10,True,True,True,1790134919
2026-09-23T03:42:04+00:00,2357,18,5,True,True,True,1790134919
2026-09-23T03:42:04+00:00,2355,1,10,True,True,True,1790134919
2026-09-23T03:42:04+00:00,2351,2,13,True,True,True,1790134919
2026-09-23T03:42:04+00:00,2350,0,24,True,True,True,1790134919
2026-09-23T03:42:04+00:00,2349,2,19,True,True,True,1790134919
2026-09-23T03:42:04+00:00,2347,3,26,True,True,True,1790134919
2026-09-23T03:42:04+00:00,2340,23,2,True,True,True,1790134919
2026-09-23T03:42:04+00:00,2339,20,9,True,True,True,1790134919
2026-09-23T03:42:04+00:00,2337,7,7,True,True,True,1790134919
2026-09-23T03:42:04+00:00,2334,1,11,True,True,True,1790134919
2026-09-23T03:42:04+00:00,2333,12,3,True,True,True,1790134919
2026-09-23T03:42:04+00:00,2332,2,9,True,True,True,1790134919
2026-09-23T03:42:04+00:00,2330,8,5,True,True,True,1790134919
2026-09-23T03:42:04+00:00,2329,7,8,True,True,True,1790134919
2026-09-23T03:42:04+00:00,2328,2,17,True,True,True,1790134919
2026-09-23T03:42:04+00:00,2315,16,1,True,True,True,1790134919
2026-09-23T03:42:04+00:00,2308,3,4,True,True,True,1790134919
2026-09-23T03:42:04+00:00,2307,1,29,True,True,True,1790134919
2026-09-23T03:42:04+00:00,2306,1,17,True,True,True,1790134919
2026-09-23T03:42:04+00:00,2305,6,8,True,True,True,1790134919
2026-09-23T03:42:04+00:00,2304,10,7,True,True,True,1790134919
2026-09-23T03:42:04+00:00,2280,12,0,True,True,True,1790134919
2026-09-23T03:42:04+00:00,2270,3,17,True,True,True,1790134919
2026-09-23T03:42:04+00:00,1919,0,6,True,True,True,1790134919
2026-09-23T03:42:04+00:00,1755,32,1,True,True,True,1790134919
2026-09-23T03:42:04+00:00,1101,13,9,True,True,True,1790134919
2026-09-23T03:42:04+00:00,1023,6,9,True,True,True,1790134919
2026-09-23T03:42:04+00:00,1009,3,6,True,True,True,1790134919
2026-09-23T03:42:04+00:00,970,11,13,True,True,True,1790134919
2026-09-23T03:42:04+00:00,787,6,6,True,True,True,1790134919
2026-09-23T03:42:04+00:00,627,11,17,True,True,True,1790134919
2026-09-23T03:42:04+00:00,623,2,16,True,True,True,1790134919
2026-09-23T03:42:04+00:00,624,4,14,True,True,True,1790134919
2026-09-23T03:42:04+00:00,626,5,18,True,True,True,1790134919
2026-09-23T03:42:04+00:00,614,5,19,True,True,True,1790134919
2026-09-23T03:42:04+00:00,616,11,4,True,True,True,1790134919
2026-09-23T03:42:04+00:00,618,0,40,True,True,True,1790134919
2026-09-23T03:42:04+00:00,621,14,13,True,True,True,1790134919
2026-09-23T03:42:04+00:00,622,5,19,True,True,True,1790134919
2026-09-23T03:42:04+00:00,613,7,10,True,True,True,1790134919
2026-09-23T03:42:04+00:00,620,20,16,True,True,True,1790134919
2026-09-23T03:42:04+00:00,596,8,10,True,True,True,1790134919
2026-09-23T03:42:04+00:00,617,10,6,True,True,True,1790134919
2026-09-23T03:42:04+00:00,609,2,24,True,True,True,1790134919
2026-09-23T03:42:04+00:00,607,23,5,True,True,True,1790134919
2026-09-23T03:42:04+00:00,603,4,12,True,True,True,1790134919
2026-09-23T03:42:04+00:00,590,1,37,True,True,True,1790134919
2026-09-23T03:42:04+00:00,610,16,4,True,True,True,1790134919
2026-09-23T03:42:04+00:00,608,5,15,True,True,True,1790134919
2026-09-23T03:42:04+00:00,593,2,28,True,True,True,1790134919
2026-09-23T03:42:04+00:00,530,5,2,True,True,True,1790134919
2026-09-23T03:42:04+00:00,463,19,0,True,True,True,1790134919
2026-09-23T03:42:04+00:00,475,18,5,True,True,True,1790134919
2026-09-23T03:42:04+00:00,439,2,21,True,True,True,1790134919
2026-09-23T03:42:04+00:00,600,7,3,True,True,True,1790134919
2026-09-23T03:42:04+00:00,440,16,0,True,True,True,1790134919
2026-09-23T03:42:04+00:00,612,9,7,True,True,True,1790134919
2026-09-23T03:42:04+00:00,491,12,6,True,True,True,1790134919
2026-09-23T03:42:04+00:00,493,19,7,True,True,True,1790134919
2026-09-23T03:42:04+00:00,410,24,1,True,True,True,1790134919
2026-09-23T03:42:04+00:00,605,0,18,True,True,True,1790134919
2026-09-23T03:42:04+00:00,388,6,12,True,True,True,1790134919
2026-09-23T03:42:04+00:00,591,1,23,True,True,True,1790134919
2026-09-23T03:42:04+00:00,592,6,11,True,True,True,1790134919
2026-09-23T03:42:04+00:00,585,15,1,True,True,True,1790134919
2026-09-23T03:42:04+00:00,565,5,12,True,True,True,1790134919
2026-09-23T03:42:04+00:00,571,0,19,True,True,True,1790134919
2026-09-23T03:42:04+00:00,568,3,12,True,True,True,1790134919
2026-09-23T03:42:04+00:00,588,2,18,True,True,True,1790134919
2026-09-23T03:42:04+00:00,584,9,25,True,True,True,1790134919
2026-09-23T03:42:04+00:00,569,14,15,True,True,True,1790134919
2026-09-23T03:42:04+00:00,577,1,28,True,True,True,1790134919
2026-09-23T03:42:04+00:00,564,1,27,True,True,True,1790134919
2026-09-23T03:42:04+00:00,570,4,10,True,True,True,1790134919
2026-09-23T03:42:04+00:00,572,4,32,True,True,True,1790134919
2026-09-23T03:42:04+00:00,586,25,0,True,True,True,1790134919
2026-09-23T03:42:04+00:00,576,16,2,True,True,True,1790134919
2026-09-23T03:42:04+00:00,566,16,7,True,True,True,1790134919
2026-09-23T03:42:04+00:00,602,3,14,True,True,True,1790134919
2026-09-23T03:42:04+00:00,575,0,27,True,True,True,1790134919
2026-09-23T03:42:04+00:00,567,0,38,True,True,True,1790134919
2026-09-23T03:42:04+00:00,582,1,25,True,True,True,1790134919
2026-09-23T03:42:04+00:00,595,8,14,True,True,True,1790134919
2026-09-23T03:42:04+00:00,542,9,10,True,True,True,1790134919
2026-09-23T03:42:04+00:00,563,10,5,True,True,True,1790134919
2026-09-23T03:42:04+00:00,558,9,4,True,True,True,1790134919
2026-09-23T03:42:04+00:00,552,18,0,True,True,True,1790134919
2026-09-23T03:42:04+00:00,555,8,6,True,True,True,1790134919
2026-09-23T03:42:04+00:00,573,15,9,True,True,True,1790134919
2026-09-23T03:42:04+00:00,561,15,7,True,True,True,1790134919
2026-09-23T03:42:04+00:00,615,19,2,True,True,True,1790134919
2026-09-23T03:42:04+00:00,543,0,20,True,True,True,1790134919
2026-09-23T03:42:04+00:00,554,0,18,True,True,True,1790134919
2026-09-23T03:42:04+00:00,574,0,12,True,True,True,1790134919
2026-09-23T03:42:04+00:00,560,3,4,True,True,True,1790134919
2026-09-23T03:42:04+00:00,548,3,14,True,True,True,1790134919
2026-09-23T03:42:04+00:00,559,14,3,True,True,True,1790134919
2026-09-23T03:42:04+00:00,545,14,24,True,True,True,1790134919
2026-09-23T03:42:04+00:00,550,1,7,True,True,True,1790134919
2026-09-23T03:42:04+00:00,541,6,6,True,True,True,1790134919
2026-09-23T03:42:04+00:00,527,5,6,True,True,True,1790134919
2026-09-23T03:42:04+00:00,529,1,19,True,True,True,1790134919
2026-09-23T03:42:04+00:00,526,3,9,True,True,True,1790134919
2026-09-23T03:42:04+00:00,537,5,13,True,True,True,1790134919
2026-09-23T03:42:04+00:00,547,8,22,True,True,True,1790134919
2026-09-23T03:42:04+00:00,601,0,18,True,True,True,1790134919
2026-09-23T03:42:04+00:00,533,4,7,True,True,True,1790134919
2026-09-23T03:42:04+00:00,535,0,26,True,True,True,1790134919
2026-09-23T03:42:04+00:00,524,1,18,True,True,True,1790134919
2026-09-23T03:42:04+00:00,519,22,1,True,True,True,1790134919
2026-09-23T03:42:04+00:00,534,12,26,True,True,True,1790134919
2026-09-23T03:42:04+00:00,521,12,1,True,True,True,1790134919
2026-09-23T03:42:04+00:00,518,1,15,True,True,True,1790134919
2026-09-23T03:42:04+00:00,556,1,16,True,True,True,1790134919
2026-09-23T03:42:04+00:00,525,0,15,True,True,True,1790134919
2026-09-23T03:42:04+00:00,517,2,13,True,True,True,1790134919
2026-09-23T03:42:04+00:00,523,20,10,True,True,True,1790134919
2026-09-23T03:42:04+00:00,522,8,1,True,True,True,1790134919
2026-09-23T03:42:04+00:00,594,7,11,True,True,True,1790134919
2026-09-23T03:42:04+00:00,532,10,11,True,True,True,1790134919
2026-09-23T03:42:04+00:00,509,0,12,True,True,True,1790134919
2026-09-23T03:42:04+00:00,531,2,12,True,True,True,1790134919
2026-09-23T03:42:04+00:00,536,0,8,True,True,True,1790134919
2026-09-23T03:42:04+00:00,562,1,39,True,True,True,1790134919
2026-09-23T03:42:04+00:00,511,1,17,True,True,True,1790134919
2026-09-23T03:42:04+00:00,505,7,14,True,True,True,1790134919
2026-09-23T03:42:04+00:00,501,3,13,True,True,True,1790134919
2026-09-23T03:42:04+00:00,514,10,2,True,True,True,1790134919
2026-09-23T03:42:04+00:00,500,0,17,True,True,True,1790134919
2026-09-23T03:42:04+00:00,503,27,3,True,True,True,1790134919
2026-09-23T03:42:04+00:00,513,0,15,True,True,True,1790134919
2026-09-23T03:42:04+00:00,498,0,12,True,True,True,1790134919
2026-09-23T03:42:04+00:00,507,19,1,True,True,True,1790134919
2026-09-23T03:42:04+00:00,512,13,16,True,True,True,1790134919
2026-09-23T03:42:04+00:00,619,0,42,True,True,True,1790134919
2026-09-23T03:42:04+00:00,474,1,40,True,True,True,1790134919
2026-09-23T03:42:04+00:00,580,2,43,True,True,True,1790134919
2026-09-23T03:42:04+00:00,496,8,35,True,True,True,1790134919
2026-09-23T03:42:04+00:00,482,3,15,True,True,True,1790134919
2026-09-23T03:42:04+00:00,407,2,10,True,True,True,1790134919
2026-09-23T03:42:04+00:00,409,14,10,True,True,True,1790134919
2026-09-23T03:42:04+00:00,451,9,11,True,True,True,1790134919
2026-09-23T03:42:04+00:00,402,2,18,True,True,True,1790134919
2026-09-23T03:42:04+00:00,516,7,6,True,True,True,1790134919
2026-09-23T03:42:04+00:00,625,12,29,True,True,True,1790134919
2026-09-23T03:42:04+00:00,429,3,17,True,True,True,1790134919
2026-09-23T03:42:04+00:00,380,1,22,True,True,True,1790134919
2026-09-23T03:42:04+00:00,583,8,9,True,True,True,1790134919
2026-09-23T03:42:04+00:00,398,5,8,True,True,True,1790134919
2026-09-23T03:42:04+00:00,381,11,4,True,True,True,1790134919
2026-09-23T03:42:04+00:00,464,22,22,True,True,True,1790134919
2026-09-23T03:42:04+00:00,442,15,3,True,True,True,1790134919
2026-09-23T03:42:04+00:00,483,11,9,True,True,True,1790134919
2026-09-23T03:42:04+00:00,458,7,8,True,True,True,1790134919
2026-09-23T03:42:04+00:00,499,7,9,True,True,True,1790134919
2026-09-23T03:42:04+00:00,472,2,20,True,True,True,1790134919
2026-09-23T03:42:04+00:00,506,6,21,True,True,True,1790134919
2026-09-23T03:42:04+00:00,465,5,24,True,True,True,1790134919
2026-09-23T03:42:04+00:00,611,6,32,True,True,True,1790134919
2026-09-23T03:42:04+00:00,404,2,21,True,True,True,1790134919
2026-09-23T03:42:04+00:00,579,7,8,True,True,True,1790134919
2026-09-23T03:42:04+00:00,589,2,24,True,True,True,1790134919
2026-09-23T03:42:04+00:00,434,2,18,True,True,True,1790134919
2026-09-23T03:42:04+00:00,462,3,10,True,True,True,1790134919
2026-09-23T03:42:04+00:00,578,6,18,True,True,True,1790134919
2026-09-23T03:42:04+00:00,415,1,10,True,True,True,1790134919
2026-09-23T03:42:04+00:00,423,20,0,True,True,True,1790134919
2026-09-23T03:42:04+00:00,412,5,1,True,True,True,1790134919
2026-09-23T03:42:04+00:00,387,10,5,True,True,True,1790134919
2026-09-23T03:42:04+00:00,441,0,15,True,True,True,1790134919
2026-09-23T03:42:04+00:00,454,6,14,True,True,True,1790134919
2026-09-23T03:42:04+00:00,436,7,6,True,True,True,1790134919
2026-09-23T03:42:04+00:00,394,11,9,True,True,True,1790134919
2026-09-23T03:42:04+00:00,497,4,23,True,True,True,1790134919
2026-09-23T03:42:04+00:00,581,15,6,True,True,True,1790134919
2026-09-23T03:42:04+00:00,461,9,10,True,True,True,1790134919
2026-09-23T03:42:04+00:00,599,19,29,True,True,True,1790134919
2026-09-23T03:42:04+00:00,428,6,17,True,True,True,1790134919
2026-09-23T03:42:04+00:00,400,8,15,True,True,True,1790134919
2026-09-23T03:42:04+00:00,487,3,18,True,True,True,1790134919
2026-09-23T03:42:04+00:00,438,3,38,True,True,True,1790134919
2026-09-23T03:42:04+00:00,459,0,9,True,True,True,1790134919
2026-09-23T03:42:04+00:00,433,3,15,True,True,True,1790134919
2026-09-23T03:42:04+00:00,399,19,11,True,True,True,1790134919
2026-09-23T03:42:04+00:00,489,18,10,True,True,True,1790134919
2026-09-23T03:42:04+00:00,742,16,12,True,True,True,1790134919
2026-09-23T03:42:04+00:00,551,13,19,True,True,True,1790134919
2026-09-23T03:42:04+00:00,406,7,5,True,True,True,1790134919
2026-09-23T03:42:04+00:00,488,5,18,True,True,True,1790134919
2026-09-23T03:42:04+00:00,540,9,25,True,True,True,1790134919
2026-09-23T03:42:04+00:00,431,7,12,True,True,True,1790134919
2026-09-23T03:42:04+00:00,393,3,18,True,True,True,1790134919
2026-09-23T03:42:04+00:00,420,6,10,True,True,True,1790134919
2026-09-23T03:42:04+00:00,397,3,30,True,True,True,1790134919
2026-09-23T03:42:04+00:00,390,14,14,True,True,True,1790134919
2026-09-23T03:42:04+00:00,449,3,21,True,True,True,1790134919
2026-09-23T03:42:04+00:00,430,26,15,True,True,True,1790134919
2026-09-23T03:42:04+00:00,484,11,22,True,True,True,1790134919
2026-09-23T03:42:04+00:00,479,4,25,True,True,True,1790134919
2026-09-23T03:42:04+00:00,403,4,8,True,True,True,1790134919
2026-09-23T03:42:04+00:00,435,3,24,True,True,True,1790134919
2026-09-23T03:42:04+00:00,426,1,18,True,True,True,1790134919
2026-09-23T03:42:04+00:00,450,2,12,True,True,True,1790134919
2026-09-23T03:42:04+00:00,456,7,27,True,True,True,1790134919
2026-09-23T03:42:04+00:00,468,15,0,True,True,True,1790134919
2026-09-23T03:42:04+00:00,453,0,31,True,True,True,1790134919
2026-09-23T03:42:04+00:00,466,1,13,True,True,True,1790134919
2026-09-23T03:42:04+00:00,469,1,27,True,True,True,1790134919
2026-09-23T03:42:04+00:00,416,2,12,True,True,True,1790134919
2026-09-23T03:42:04+00:00,391,4,9,True,True,True,1790134919
2026-09-23T03:42:04+00:00,389,0,15,True,True,True,1790134919
2026-09-23T03:42:04+00:00,470,3,12,True,True,True,1790134919
2026-09-23T03:42:04+00:00,384,4,12,True,True,True,1790134919
2026-09-23T03:42:04+00:00,425,5,2,True,True,True,1790134919
2026-09-23T03:42:04+00:00,411,3,9,True,True,True,1790134919
2026-09-23T03:42:04+00:00,598,18,13,True,True,True,1790134919
2026-09-23T03:42:04+00:00,444,15,1,True,True,True,1790134919
2026-09-23T03:42:04+00:00,447,25,4,True,True,True,1790134919
2026-09-23T03:42:04+00:00,408,14,1,True,True,True,1790134919
2026-09-23T03:42:04+00:00,737,19,5,True,True,True,1790134919
2026-09-23T03:42:04+00:00,432,2,9,True,True,True,1790134919
2026-09-23T03:42:04+00:00,401,6,0,True,True,True,1790134919
2026-09-23T03:42:04+00:00,452,0,29,True,True,True,1790134919
2026-09-23T03:42:04+00:00,392,5,2,True,True,True,1790134919
2026-09-23T03:42:04+00:00,481,22,20,True,True,True,1790134919
2026-09-23T03:42:04+00:00,495,23,18,True,True,True,1790134919
2026-09-23T03:42:04+00:00,478,3,10,True,True,True,1790134919
2026-09-23T03:42:04+00:00,414,0,11,True,True,True,1790134919
2026-09-23T03:42:04+00:00,476,11,9,True,True,True,1790134919
2026-09-23T03:42:04+00:00,445,8,8,True,True,True,1790134919
2026-09-23T03:42:04+00:00,748,5,21,True,True,True,1790134919
2026-09-23T03:42:04+00:00,473,1,5,True,True,True,1790134919
2026-09-23T03:42:04+00:00,383,17,10,True,True,True,1790134919
2026-09-23T03:42:04+00:00,480,24,1,True,True,True,1790134919
2026-09-23T03:42:04+00:00,421,17,2,True,True,True,1790134919
2026-09-23T03:42:04+00:00,746,0,8,True,True,True,1790134919
2026-09-23T03:42:04+00:00,417,5,9,True,True,True,1790134919
2026-09-23T03:42:04+00:00,427,8,3,True,True,True,1790134919
2026-09-23T03:42:04+00:00,395,2,11,True,True,True,1790134919
2026-09-23T03:42:04+00:00,418,13,13,True,True,True,1790134919
2026-09-23T03:42:04+00:00,413,2,8,True,True,True,1790134919
2026-09-23T03:42:04+00:00,486,7,15,True,True,True,1790134919
2026-09-23T03:42:04+00:00,597,9,4,True,True,True,1790134919
2026-09-23T03:42:04+00:00,422,8,3,True,True,True,1790134919
2026-09-23T03:42:04+00:00,382,7,0,True,True,True,1790134919
2026-09-23T03:42:04+00:00,396,0,22,True,True,True,1790134919
2026-09-23T03:42:04+00:00,735,13,1,True,True,True,1790134919
2026-09-23T03:42:04+00:00,437,1,23,True,True,True,1790134919
2026-09-23T03:42:04+00:00,446,4,18,True,True,True,1790134919
2026-09-23T03:42:04+00:00,424,5,2,True,True,True,1790134919
2026-09-23T03:42:04+00:00,455,12,0,True,True,True,1790134919
2026-09-23T03:42:04+00:00,457,5,4,True,True,True,1790134919
2026-09-23T03:42:04+00:00,377,5,21,True,True,True,1790134919
2026-09-23T03:42:04+00:00,738,11,1,True,True,True,1790134919
2026-09-23T03:42:04+00:00,460,26,0,True,True,True,1790134919
2026-09-23T03:42:04+00:00,744,5,3,True,True,True,1790134919
2026-09-23T03:42:04+00:00,485,13,4,True,True,True,1790134919
2026-09-23T03:57:04+00:00,6026,7,27,True,True,True,1790135821
2026-09-23T03:57:04+00:00,5431,1,20,True,True,True,1790135821
2026-09-23T03:57:04+00:00,5424,2,14,True,True,True,1790135821
2026-09-23T03:57:04+00:00,5220,0,19,True,True,True,1790135821
2026-09-23T03:57:04+00:00,5217,0,28,True,True,True,1790135821
2026-09-23T03:57:04+00:00,5113,8,4,True,True,True,1790135821
2026-09-23T03:57:04+00:00,4683,0,21,True,True,True,1790135821
2026-09-23T03:57:04+00:00,4552,0,18,True,True,True,1790135821
2026-09-23T03:57:04+00:00,3725,1,15,True,True,True,1790135821
2026-09-23T03:57:04+00:00,2358,1,10,True,True,True,1790135821
2026-09-23T03:57:04+00:00,2357,18,5,True,True,True,1790135821
2026-09-23T03:57:04+00:00,2355,1,10,True,True,True,1790135821
2026-09-23T03:57:04+00:00,2351,1,14,True,True,True,1790135821
2026-09-23T03:57:04+00:00,2350,0,24,True,True,True,1790135821
2026-09-23T03:57:04+00:00,2349,2,19,True,True,True,1790135821
2026-09-23T03:57:04+00:00,2347,3,26,True,True,True,1790135821
2026-09-23T03:57:04+00:00,2340,23,2,True,True,True,1790135821
2026-09-23T03:57:04+00:00,2339,20,9,True,True,True,1790135821
2026-09-23T03:57:04+00:00,2337,7,7,True,True,True,1790135821
2026-09-23T03:57:04+00:00,2334,1,11,True,True,True,1790135821
2026-09-23T03:57:04+00:00,2333,12,3,True,True,True,1790135821
2026-09-23T03:57:04+00:00,2332,2,9,True,True,True,1790135821
2026-09-23T03:57:04+00:00,2330,8,5,True,True,True,1790135821
2026-09-23T03:57:04+00:00,2329,7,8,True,True,True,1790135821
2026-09-23T03:57:04+00:00,2328,2,17,True,True,True,1790135821
2026-09-23T03:57:04+00:00,2315,16,1,True,True,True,1790135821
2026-09-23T03:57:04+00:00,2308,3,4,True,True,True,1790135821
2026-09-23T03:57:04+00:00,2307,1,29,True,True,True,1790135821
2026-09-23T03:57:04+00:00,2306,1,17,True,True,True,1790135821
2026-09-23T03:57:04+00:00,2305,6,8,True,True,True,1790135821
2026-09-23T03:57:04+00:00,2304,10,7,True,True,True,1790135821
2026-09-23T03:57:04+00:00,2280,12,0,True,True,True,1790135821
2026-09-23T03:57:04+00:00,2270,3,17,True,True,True,1790135821
2026-09-23T03:57:04+00:00,1919,0,6,True,True,True,1790135821
2026-09-23T03:57:04+00:00,1755,32,1,True,True,True,1790135821
2026-09-23T03:57:04+00:00,1101,13,9,True,True,True,1790135821
2026-09-23T03:57:04+00:00,1023,6,9,True,True,True,1790135821
2026-09-23T03:57:04+00:00,1009,3,6,True,True,True,1790135821
2026-09-23T03:57:04+00:00,970,11,13,True,True,True,1790135821
2026-09-23T03:57:04+00:00,787,6,6,True,True,True,1790135821
2026-09-23T03:57:04+00:00,627,11,17,True,True,True,1790135821
2026-09-23T03:57:04+00:00,623,2,16,True,True,True,1790135821
2026-09-23T03:57:04+00:00,624,4,14,True,True,True,1790135821
2026-09-23T03:57:04+00:00,626,5,18,True,True,True,1790135821
2026-09-23T03:57:04+00:00,614,5,19,True,True,True,1790135821
2026-09-23T03:57:04+00:00,616,11,4,True,True,True,1790135821
2026-09-23T03:57:04+00:00,618,0,40,True,True,True,1790135821
2026-09-23T03:57:04+00:00,621,14,13,True,True,True,1790135821
2026-09-23T03:57:04+00:00,622,5,19,True,True,True,1790135821
2026-09-23T03:57:04+00:00,613,7,10,True,True,True,1790135821
2026-09-23T03:57:04+00:00,620,20,16,True,True,True,1790135821
2026-09-23T03:57:04+00:00,596,8,10,True,True,True,1790135821
2026-09-23T03:57:04+00:00,617,10,6,True,True,True,1790135821
2026-09-23T03:57:04+00:00,609,2,24,True,True,True,1790135821
2026-09-23T03:57:04+00:00,607,23,5,True,True,True,1790135821
2026-09-23T03:57:04+00:00,603,4,12,True,True,True,1790135821
2026-09-23T03:57:04+00:00,590,1,37,True,True,True,1790135821
2026-09-23T03:57:04+00:00,610,16,4,True,True,True,1790135821
2026-09-23T03:57:04+00:00,608,5,15,True,True,True,1790135821
2026-09-23T03:57:04+00:00,593,2,28,True,True,True,1790135821
2026-09-23T03:57:04+00:00,530,5,2,True,True,True,1790135821
2026-09-23T03:57:04+00:00,463,18,1,True,True,True,1790135821
2026-09-23T03:57:04+00:00,475,18,5,True,True,True,1790135821
2026-09-23T03:57:04+00:00,439,2,21,True,True,True,1790135821
2026-09-23T03:57:04+00:00,600,7,3,True,True,True,1790135821
2026-09-23T03:57:04+00:00,440,16,0,True,True,True,1790135821
2026-09-23T03:57:04+00:00,612,9,7,True,True,True,1790135821
2026-09-23T03:57:04+00:00,491,12,6,True,True,True,1790135821
2026-09-23T03:57:04+00:00,493,19,7,True,True,True,1790135821
2026-09-23T03:57:04+00:00,410,24,1,True,True,True,1790135821
2026-09-23T03:57:04+00:00,605,0,18,True,True,True,1790135821
2026-09-23T03:57:04+00:00,388,6,12,True,True,True,1790135821
2026-09-23T03:57:04+00:00,591,1,23,True,True,True,1790135821
2026-09-23T03:57:04+00:00,592,6,11,True,True,True,1790135821
2026-09-23T03:57:04+00:00,585,15,1,True,True,True,1790135821
2026-09-23T03:57:04+00:00,565,5,12,True,True,True,1790135821
2026-09-23T03:57:04+00:00,571,0,19,True,True,True,1790135821
2026-09-23T03:57:04+00:00,568,3,12,True,True,True,1790135821
2026-09-23T03:57:04+00:00,588,2,18,True,True,True,1790135821
2026-09-23T03:57:04+00:00,584,9,25,True,True,True,1790135821
2026-09-23T03:57:04+00:00,569,14,15,True,True,True,1790135821
2026-09-23T03:57:04+00:00,577,1,28,True,True,True,1790135821
2026-09-23T03:57:04+00:00,564,1,27,True,True,True,1790135821
2026-09-23T03:57:04+00:00,570,4,10,True,True,True,1790135821
2026-09-23T03:57:04+00:00,572,4,32,True,True,True,1790135821
2026-09-23T03:57:04+00:00,586,25,0,True,True,True,1790135821
2026-09-23T03:57:04+00:00,576,16,2,True,True,True,1790135821
2026-09-23T03:57:04+00:00,566,16,7,True,True,True,1790135821
2026-09-23T03:57:04+00:00,602,3,14,True,True,True,1790135821
2026-09-23T03:57:04+00:00,575,0,27,True,True,True,1790135821
2026-09-23T03:57:04+00:00,567,0,38,True,True,True,1790135821
2026-09-23T03:57:04+00:00,582,1,25,True,True,True,1790135821
2026-09-23T03:57:04+00:00,595,8,14,True,True,True,1790135821
2026-09-23T03:57:04+00:00,542,9,10,True,True,True,1790135821
2026-09-23T03:57:04+00:00,563,10,5,True,True,True,1790135821
2026-09-23T03:57:04+00:00,558,9,4,True,True,True,1790135821
2026-09-23T03:57:04+00:00,552,18,0,True,True,True,1790135821
2026-09-23T03:57:04+00:00,555,8,6,True,True,True,1790135821
2026-09-23T03:57:04+00:00,573,15,9,True,True,True,1790135821
2026-09-23T03:57:04+00:00,561,15,7,True,True,True,1790135821
2026-09-23T03:57:04+00:00,615,19,2,True,True,True,1790135821
2026-09-23T03:57:04+00:00,543,0,20,True,True,True,1790135821
2026-09-23T03:57:04+00:00,554,0,18,True,True,True,1790135821
2026-09-23T03:57:04+00:00,574,0,12,True,True,True,1790135821
2026-09-23T03:57:04+00:00,560,3,4,True,True,True,1790135821
2026-09-23T03:57:04+00:00,548,2,15,True,True,True,1790135821
2026-09-23T03:57:04+00:00,559,14,3,True,True,True,1790135821
2026-09-23T03:57:04+00:00,545,14,24,True,True,True,1790135821
2026-09-23T03:57:04+00:00,550,1,7,True,True,True,1790135821
2026-09-23T03:57:04+00:00,541,6,6,True,True,True,1790135821
2026-09-23T03:57:04+00:00,527,5,6,True,True,True,1790135821
2026-09-23T03:57:04+00:00,529,1,19,True,True,True,1790135821
2026-09-23T03:57:04+00:00,526,3,9,True,True,True,1790135821
2026-09-23T03:57:04+00:00,537,5,13,True,True,True,1790135821
2026-09-23T03:57:04+00:00,547,8,22,True,True,True,1790135821
2026-09-23T03:57:04+00:00,601,0,18,True,True,True,1790135821
2026-09-23T03:57:04+00:00,533,4,7,True,True,True,1790135821
2026-09-23T03:57:04+00:00,535,0,26,True,True,True,1790135821
2026-09-23T03:57:04+00:00,524,1,18,True,True,True,1790135821
2026-09-23T03:57:04+00:00,519,22,1,True,True,True,1790135821
2026-09-23T03:57:04+00:00,534,12,26,True,True,True,1790135821
2026-09-23T03:57:04+00:00,521,12,1,True,True,True,1790135821
2026-09-23T03:57:04+00:00,518,1,15,True,True,True,1790135821
2026-09-23T03:57:04+00:00,556,1,16,True,True,True,1790135821
2026-09-23T03:57:04+00:00,525,0,15,True,True,True,1790135821
2026-09-23T03:57:04+00:00,517,2,13,True,True,True,1790135821
2026-09-23T03:57:04+00:00,523,20,10,True,True,True,1790135821
2026-09-23T03:57:04+00:00,522,8,1,True,True,True,1790135821
2026-09-23T03:57:04+00:00,594,7,11,True,True,True,1790135821
2026-09-23T03:57:04+00:00,532,10,11,True,True,True,1790135821
2026-09-23T03:57:04+00:00,509,0,12,True,True,True,1790135821
2026-09-23T03:57:04+00:00,531,2,12,True,True,True,1790135821
2026-09-23T03:57:04+00:00,536,0,8,True,True,True,1790135821
2026-09-23T03:57:04+00:00,562,1,39,True,True,True,1790135821
2026-09-23T03:57:04+00:00,511,1,17,True,True,True,1790135821
2026-09-23T03:57:04+00:00,505,7,14,True,True,True,1790135821
2026-09-23T03:57:04+00:00,501,3,13,True,True,True,1790135821
2026-09-23T03:57:04+00:00,514,10,2,True,True,True,1790135821
2026-09-23T03:57:04+00:00,500,0,17,True,True,True,1790135821
2026-09-23T03:57:04+00:00,503,27,3,True,True,True,1790135821
2026-09-23T03:57:04+00:00,513,0,15,True,True,True,1790135821
2026-09-23T03:57:04+00:00,498,0,12,True,True,True,1790135821
2026-09-23T03:57:04+00:00,507,19,1,True,True,True,1790135821
2026-09-23T03:57:04+00:00,512,13,16,True,True,True,1790135821
2026-09-23T03:57:04+00:00,619,0,42,True,True,True,1790135821
2026-09-23T03:57:04+00:00,474,1,40,True,True,True,1790135821
2026-09-23T03:57:04+00:00,580,2,43,True,True,True,1790135821
2026-09-23T03:57:04+00:00,496,8,35,True,True,True,1790135821
2026-09-23T03:57:04+00:00,482,3,15,True,True,True,1790135821
2026-09-23T03:57:04+00:00,407,2,10,True,True,True,1790135821
2026-09-23T03:57:04+00:00,409,13,11,True,True,True,1790135821
2026-09-23T03:57:04+00:00,451,9,11,True,True,True,1790135821
2026-09-23T03:57:04+00:00,402,2,18,True,True,True,1790135821
2026-09-23T03:57:04+00:00,516,7,6,True,True,True,1790135821
2026-09-23T03:57:04+00:00,625,12,29,True,True,True,1790135821
2026-09-23T03:57:04+00:00,429,4,16,True,True,True,1790135821
2026-09-23T03:57:04+00:00,380,1,22,True,True,True,1790135821
2026-09-23T03:57:04+00:00,583,8,9,True,True,True,1790135821
2026-09-23T03:57:04+00:00,398,5,8,True,True,True,1790135821
2026-09-23T03:57:04+00:00,381,11,4,True,True,True,1790135821
2026-09-23T03:57:04+00:00,464,22,22,True,True,True,1790135821
2026-09-23T03:57:04+00:00,442,15,3,True,True,True,1790135821
2026-09-23T03:57:04+00:00,483,11,9,True,True,True,1790135821
2026-09-23T03:57:04+00:00,458,7,8,True,True,True,1790135821
2026-09-23T03:57:04+00:00,499,7,9,True,True,True,1790135821
2026-09-23T03:57:04+00:00,472,2,20,True,True,True,1790135821
2026-09-23T03:57:04+00:00,506,6,21,True,True,True,1790135821
2026-09-23T03:57:04+00:00,465,6,23,True,True,True,1790135821
2026-09-23T03:57:04+00:00,611,6,32,True,True,True,1790135821
2026-09-23T03:57:04+00:00,404,2,21,True,True,True,1790135821
2026-09-23T03:57:04+00:00,579,7,8,True,True,True,1790135821
2026-09-23T03:57:04+00:00,589,2,24,True,True,True,1790135821
2026-09-23T03:57:04+00:00,434,2,18,True,True,True,1790135821
2026-09-23T03:57:04+00:00,462,3,10,True,True,True,1790135821
2026-09-23T03:57:04+00:00,578,6,18,True,True,True,1790135821
2026-09-23T03:57:04+00:00,415,1,10,True,True,True,1790135821
2026-09-23T03:57:04+00:00,423,20,0,True,True,True,1790135821
2026-09-23T03:57:04+00:00,412,5,1,True,True,True,1790135821
2026-09-23T03:57:04+00:00,387,10,5,True,True,True,1790135821
2026-09-23T03:57:04+00:00,441,0,15,True,True,True,1790135821
2026-09-23T03:57:04+00:00,454,6,14,True,True,True,1790135821
2026-09-23T03:57:04+00:00,436,8,5,True,True,True,1790135821
2026-09-23T03:57:04+00:00,394,11,9,True,True,True,1790135821
2026-09-23T03:57:04+00:00,497,4,23,True,True,True,1790135821
2026-09-23T03:57:04+00:00,581,15,6,True,True,True,1790135821
2026-09-23T03:57:04+00:00,461,9,10,True,True,True,1790135821
2026-09-23T03:57:04+00:00,599,19,29,True,True,True,1790135821
2026-09-23T03:57:04+00:00,428,6,17,True,True,True,1790135821
2026-09-23T03:57:04+00:00,400,8,15,True,True,True,1790135821
2026-09-23T03:57:04+00:00,487,3,18,True,True,True,1790135821
2026-09-23T03:57:04+00:00,438,3,38,True,True,True,1790135821
2026-09-23T03:57:04+00:00,459,0,9,True,True,True,1790135821
2026-09-23T03:57:04+00:00,433,3,15,True,True,True,1790135821
2026-09-23T03:57:04+00:00,399,19,11,True,True,True,1790135821
2026-09-23T03:57:04+00:00,489,18,10,True,True,True,1790135821
2026-09-23T03:57:04+00:00,742,16,12,True,True,True,1790135821
2026-09-23T03:57:04+00:00,551,13,19,True,True,True,1790135821
2026-09-23T03:57:04+00:00,406,7,5,True,True,True,1790135821
2026-09-23T03:57:04+00:00,488,5,18,True,True,True,1790135821
2026-09-23T03:57:04+00:00,540,8,26,True,True,True,1790135821
2026-09-23T03:57:04+00:00,431,7,12,True,True,True,1790135821
2026-09-23T03:57:04+00:00,393,3,18,True,True,True,1790135821
2026-09-23T03:57:04+00:00,420,6,10,True,True,True,1790135821
2026-09-23T03:57:04+00:00,397,3,30,True,True,True,1790135821
2026-09-23T03:57:04+00:00,390,15,13,True,True,True,1790135821
2026-09-23T03:57:04+00:00,449,3,21,True,True,True,1790135821
2026-09-23T03:57:04+00:00,430,26,15,True,True,True,1790135821
2026-09-23T03:57:04+00:00,484,11,22,True,True,True,1790135821
2026-09-23T03:57:04+00:00,479,4,25,True,True,True,1790135821
2026-09-23T03:57:04+00:00,403,4,8,True,True,True,1790135821
2026-09-23T03:57:04+00:00,435,3,24,True,True,True,1790135821
2026-09-23T03:57:04+00:00,426,1,18,True,True,True,1790135821
2026-09-23T03:57:04+00:00,450,2,12,True,True,True,1790135821
2026-09-23T03:57:04+00:00,456,6,28,True,True,True,1790135821
2026-09-23T03:57:04+00:00,468,15,0,True,True,True,1790135821
2026-09-23T03:57:04+00:00,453,0,31,True,True,True,1790135821
2026-09-23T03:57:04+00:00,466,1,13,True,True,True,1790135821
2026-09-23T03:57:04+00:00,469,1,27,True,True,True,1790135821
2026-09-23T03:57:04+00:00,416,2,12,True,True,True,1790135821
2026-09-23T03:57:04+00:00,391,3,10,True,True,True,1790135821
2026-09-23T03:57:04+00:00,389,0,15,True,True,True,1790135821
2026-09-23T03:57:04+00:00,470,3,12,True,True,True,1790135821
2026-09-23T03:57:04+00:00,384,4,12,True,True,True,1790135821
2026-09-23T03:57:04+00:00,425,5,2,True,True,True,1790135821
2026-09-23T03:57:04+00:00,411,3,9,True,True,True,1790135821
2026-09-23T03:57:04+00:00,598,18,13,True,True,True,1790135821
2026-09-23T03:57:04+00:00,444,15,1,True,True,True,1790135821
2026-09-23T03:57:04+00:00,447,25,4,True,True,True,1790135821
2026-09-23T03:57:04+00:00,408,14,1,True,True,True,1790135821
2026-09-23T03:57:04+00:00,737,19,5,True,True,True,1790135821
2026-09-23T03:57:04+00:00,432,2,9,True,True,True,1790135821
2026-09-23T03:57:04+00:00,401,6,0,True,True,True,1790135821
2026-09-23T03:57:04+00:00,452,0,29,True,True,True,1790135821
2026-09-23T03:57:04+00:00,392,5,2,True,True,True,1790135821
2026-09-23T03:57:04+00:00,481,22,20,True,True,True,1790135821
2026-09-23T03:57:04+00:00,495,23,18,True,True,True,1790135821
2026-09-23T03:57:04+00:00,478,4,9,True,True,True,1790135821
2026-09-23T03:57:04+00:00,414,0,11,True,True,True,1790135821
2026-09-23T03:57:04+00:00,476,11,9,True,True,True,1790135821
2026-09-23T03:57:04+00:00,445,8,8,True,True,True,1790135821
2026-09-23T03:57:04+00:00,748,5,21,True,True,True,1790135821
2026-09-23T03:57:04+00:00,473,1,5,True,True,True,1790135821
2026-09-23T03:57:04+00:00,383,17,10,True,True,True,1790135821
2026-09-23T03:57:04+00:00,480,24,1,True,True,True,1790135821
2026-09-23T03:57:04+00:00,421,17,2,True,True,True,1790135821
2026-09-23T03:57:04+00:00,746,0,8,True,True,True,1790135821
2026-09-23T03:57:04+00:00,417,5,9,True,True,True,1790135821
2026-09-23T03:57:04+00:00,427,8,3,True,True,True,1790135821
2026-09-23T03:57:04+00:00,395,2,11,True,True,True,1790135821
2026-09-23T03:57:04+00:00,418,13,13,True,True,True,1790135821
2026-09-23T03:57:04+00:00,413,2,8,True,True,True,1790135821
2026-09-23T03:57:04+00:00,486,7,15,True,True,True,1790135821
2026-09-23T03:57:04+00:00,597,9,4,True,True,True,1790135821
2026-09-23T03:57:04+00:00,422,8,3,True,True,True,1790135821
2026-09-23T03:57:04+00:00,382,7,0,True,True,True,1790135821
2026-09-23T03:57:04+00:00,396,0,22,True,True,True,1790135821
2026-09-23T03:57:04+00:00,735,13,1,True,True,True,1790135821
2026-09-23T03:57:04+00:00,437,1,23,True,True,True,1790135821
2026-09-23T03:57:04+00:00,446,5,17,True,True,True,1790135821
2026-09-23T03:57:04+00:00,424,5,2,True,True,True,1790135821
2026-09-23T03:57:04+00:00,455,12,0,True,True,True,1790135821
2026-09-23T03:57:04+00:00,457,5,4,True,True,True,1790135821
2026-09-23T03:57:04+00:00,377,5,21,True,True,True,1790135821
2026-09-23T03:57:04+00:00,738,11,1,True,True,True,1790135821
2026-09-23T03:57:04+00:00,460,26,0,True,True,True,1790135821
2026-09-23T03:57:04+00:00,744,5,3,True,True,True,1790135821
2026-09-23T03:57:04+00:00,485,13,4,True,True,True,1790135821
2026-09-23T04:12:04+00:00,6026,7,27,True,True,True,1790136721
2026-09-23T04:12:04+00:00,5431,1,20,True,True,True,1790136721
2026-09-23T04:12:04+00:00,5424,2,14,True,True,True,1790136721
2026-09-23T04:12:04+00:00,5220,0,19,True,True,True,1790136721
2026-09-23T04:12:04+00:00,5217,0,28,True,True,True,1790136721
2026-09-23T04:12:04+00:00,5113,8,4,True,True,True,1790136721
2026-09-23T04:12:04+00:00,4683,0,21,True,True,True,1790136721
2026-09-23T04:12:04+00:00,4552,0,18,True,True,True,1790136721
2026-09-23T04:12:04+00:00,3725,1,15,True,True,True,1790136721
2026-09-23T04:12:04+00:00,2358,1,10,True,True,True,1790136721
2026-09-23T04:12:04+00:00,2357,18,5,True,True,True,1790136721
2026-09-23T04:12:04+00:00,2355,1,10,True,True,True,1790136721
2026-09-23T04:12:04+00:00,2351,1,14,True,True,True,1790136721
2026-09-23T04:12:04+00:00,2350,0,24,True,True,True,1790136721
2026-09-23T04:12:04+00:00,2349,2,19,True,True,True,1790136721
2026-09-23T04:12:04+00:00,2347,3,26,True,True,True,1790136721
2026-09-23T04:12:04+00:00,2340,23,2,True,True,True,1790136721
2026-09-23T04:12:04+00:00,2339,20,9,True,True,True,1790136721
2026-09-23T04:12:04+00:00,2337,8,6,True,True,True,1790136721
2026-09-23T04:12:04+00:00,2334,1,11,True,True,True,1790136721
2026-09-23T04:12:04+00:00,2333,12,3,True,True,True,1790136721
2026-09-23T04:12:04+00:00,2332,2,9,True,True,True,1790136721
2026-09-23T04:12:04+00:00,2330,8,5,True,True,True,1790136721
2026-09-23T04:12:04+00:00,2329,7,8,True,True,True,1790136721
2026-09-23T04:12:04+00:00,2328,2,17,True,True,True,1790136721
2026-09-23T04:12:04+00:00,2315,16,1,True,True,True,1790136721
2026-09-23T04:12:04+00:00,2308,3,4,True,True,True,1790136721
2026-09-23T04:12:04+00:00,2307,1,29,True,True,True,1790136721
2026-09-23T04:12:04+00:00,2306,1,17,True,True,True,1790136721
2026-09-23T04:12:04+00:00,2305,6,8,True,True,True,1790136721
2026-09-23T04:12:04+00:00,2304,10,7,True,True,True,1790136721
2026-09-23T04:12:04+00:00,2280,12,0,True,True,True,1790136721
2026-09-23T04:12:04+00:00,2270,3,17,True,True,True,1790136721
2026-09-23T04:12:04+00:00,1919,0,6,True,True,True,1790136721
2026-09-23T04:12:04+00:00,1755,32,1,True,True,True,1790136721
2026-09-23T04:12:04+00:00,1101,13,9,True,True,True,1790136721
2026-09-23T04:12:04+00:00,1023,6,9,True,True,True,1790136721
2026-09-23T04:12:04+00:00,1009,3,6,True,True,True,1790136721
2026-09-23T04:12:04+00:00,970,11,13,True,True,True,1790136721
2026-09-23T04:12:04+00:00,787,6,6,True,True,True,1790136721
2026-09-23T04:12:04+00:00,627,11,17,True,True,True,1790136721
2026-09-23T04:12:04+00:00,623,2,16,True,True,True,1790136721
2026-09-23T04:12:04+00:00,624,4,14,True,True,True,1790136721
2026-09-23T04:12:04+00:00,626,5,18,True,True,True,1790136721
2026-09-23T04:12:04+00:00,614,5,19,True,True,True,1790136721
2026-09-23T04:12:04+00:00,616,11,4,True,True,True,1790136721
2026-09-23T04:12:04+00:00,618,0,40,True,True,True,1790136721
2026-09-23T04:12:04+00:00,621,14,13,True,True,True,1790136721
2026-09-23T04:12:04+00:00,622,5,19,True,True,True,1790136721
2026-09-23T04:12:04+00:00,613,7,10,True,True,True,1790136721
2026-09-23T04:12:04+00:00,620,20,16,True,True,True,1790136721
2026-09-23T04:12:04+00:00,596,8,10,True,True,True,1790136721
2026-09-23T04:12:04+00:00,617,10,6,True,True,True,1790136721
2026-09-23T04:12:04+00:00,609,2,24,True,True,True,1790136721
2026-09-23T04:12:04+00:00,607,22,6,True,True,True,1790136721
2026-09-23T04:12:04+00:00,603,4,12,True,True,True,1790136721
2026-09-23T04:12:04+00:00,590,1,37,True,True,True,1790136721
2026-09-23T04:12:04+00:00,610,16,4,True,True,True,1790136721
2026-09-23T04:12:04+00:00,608,4,16,True,True,True,1790136721
2026-09-23T04:12:04+00:00,593,2,28,True,True,True,1790136721
2026-09-23T04:12:04+00:00,530,5,2,True,True,True,1790136721
2026-09-23T04:12:04+00:00,463,18,1,True,True,True,1790136721
2026-09-23T04:12:04+00:00,475,18,5,True,True,True,1790136721
2026-09-23T04:12:04+00:00,439,2,21,True,True,True,1790136721
2026-09-23T04:12:04+00:00,600,7,3,True,True,True,1790136721
2026-09-23T04:12:04+00:00,440,16,0,True,True,True,1790136721
2026-09-23T04:12:04+00:00,612,9,7,True,True,True,1790136721
2026-09-23T04:12:04+00:00,491,12,6,True,True,True,1790136721
2026-09-23T04:12:04+00:00,493,18,8,True,True,True,1790136721
2026-09-23T04:12:04+00:00,410,24,1,True,True,True,1790136721
2026-09-23T04:12:04+00:00,605,0,18,True,True,True,1790136721
2026-09-23T04:12:04+00:00,388,6,12,True,True,True,1790136721
2026-09-23T04:12:04+00:00,591,1,23,True,True,True,1790136721
2026-09-23T04:12:04+00:00,592,6,11,True,True,True,1790136721
2026-09-23T04:12:04+00:00,585,15,1,True,True,True,1790136721
2026-09-23T04:12:04+00:00,565,5,12,True,True,True,1790136721
2026-09-23T04:12:04+00:00,571,0,19,True,True,True,1790136721
2026-09-23T04:12:04+00:00,568,3,12,True,True,True,1790136721
2026-09-23T04:12:04+00:00,588,2,18,True,True,True,1790136721
2026-09-23T04:12:04+00:00,584,9,25,True,True,True,1790136721
2026-09-23T04:12:04+00:00,569,14,15,True,True,True,1790136721
2026-09-23T04:12:04+00:00,577,1,28,True,True,True,1790136721
2026-09-23T04:12:04+00:00,564,1,27,True,True,True,1790136721
2026-09-23T04:12:04+00:00,570,4,10,True,True,True,1790136721
2026-09-23T04:12:04+00:00,572,4,31,True,True,True,1790136721
2026-09-23T04:12:04+00:00,586,25,0,True,True,True,1790136721
2026-09-23T04:12:04+00:00,576,16,2,True,True,True,1790136721
2026-09-23T04:12:04+00:00,566,16,7,True,True,True,1790136721
2026-09-23T04:12:04+00:00,602,3,14,True,True,True,1790136721
2026-09-23T04:12:04+00:00,575,0,27,True,True,True,1790136721
2026-09-23T04:12:04+00:00,567,1,37,True,True,True,1790136721
2026-09-23T04:12:04+00:00,582,1,25,True,True,True,1790136721
2026-09-23T04:12:04+00:00,595,8,14,True,True,True,1790136721
2026-09-23T04:12:04+00:00,542,9,10,True,True,True,1790136721
2026-09-23T04:12:04+00:00,563,10,5,True,True,True,1790136721
2026-09-23T04:12:04+00:00,558,9,4,True,True,True,1790136721
2026-09-23T04:12:04+00:00,552,18,0,True,True,True,1790136721
2026-09-23T04:12:04+00:00,555,8,6,True,True,True,1790136721
2026-09-23T04:12:04+00:00,573,15,9,True,True,True,1790136721
2026-09-23T04:12:04+00:00,561,15,7,True,True,True,1790136721
2026-09-23T04:12:04+00:00,615,19,2,True,True,True,1790136721
2026-09-23T04:12:04+00:00,543,0,20,True,True,True,1790136721
2026-09-23T04:12:04+00:00,554,0,18,True,True,True,1790136721
2026-09-23T04:12:04+00:00,574,0,12,True,True,True,1790136721
2026-09-23T04:12:04+00:00,560,3,4,True,True,True,1790136721
2026-09-23T04:12:04+00:00,548,2,15,True,True,True,1790136721
2026-09-23T04:12:04+00:00,559,14,3,True,True,True,1790136721
2026-09-23T04:12:04+00:00,545,14,24,True,True,True,1790136721
2026-09-23T04:12:04+00:00,550,1,7,True,True,True,1790136721
2026-09-23T04:12:04+00:00,541,6,6,True,True,True,1790136721
2026-09-23T04:12:04+00:00,527,5,6,True,True,True,1790136721
2026-09-23T04:12:04+00:00,529,1,19,True,True,True,1790136721
2026-09-23T04:12:04+00:00,526,3,9,True,True,True,1790136721
2026-09-23T04:12:04+00:00,537,5,13,True,True,True,1790136721
2026-09-23T04:12:04+00:00,547,8,22,True,True,True,1790136721
2026-09-23T04:12:04+00:00,601,0,18,True,True,True,1790136721
2026-09-23T04:12:04+00:00,533,4,7,True,True,True,1790136721
2026-09-23T04:12:04+00:00,535,0,26,True,True,True,1790136721
2026-09-23T04:12:04+00:00,524,1,18,True,True,True,1790136721
2026-09-23T04:12:04+00:00,519,21,2,True,True,True,1790136721
2026-09-23T04:12:04+00:00,534,12,26,True,True,True,1790136721
2026-09-23T04:12:04+00:00,521,12,1,True,True,True,1790136721
2026-09-23T04:12:04+00:00,518,1,15,True,True,True,1790136721
2026-09-23T04:12:04+00:00,556,2,15,True,True,True,1790136721
2026-09-23T04:12:04+00:00,525,0,15,True,True,True,1790136721
2026-09-23T04:12:04+00:00,517,2,13,True,True,True,1790136721
2026-09-23T04:12:04+00:00,523,20,10,True,True,True,1790136721
2026-09-23T04:12:04+00:00,522,8,1,True,True,True,1790136721
2026-09-23T04:12:04+00:00,594,7,11,True,True,True,1790136721
2026-09-23T04:12:04+00:00,532,10,11,True,True,True,1790136721
2026-09-23T04:12:04+00:00,509,0,12,True,True,True,1790136721
2026-09-23T04:12:04+00:00,531,2,12,True,True,True,1790136721
2026-09-23T04:12:04+00:00,536,0,8,True,True,True,1790136721
2026-09-23T04:12:04+00:00,562,1,39,True,True,True,1790136721
2026-09-23T04:12:04+00:00,511,1,17,True,True,True,1790136721
2026-09-23T04:12:04+00:00,505,7,14,True,True,True,1790136721
2026-09-23T04:12:04+00:00,501,3,13,True,True,True,1790136721
2026-09-23T04:12:04+00:00,514,10,2,True,True,True,1790136721
2026-09-23T04:12:04+00:00,500,0,17,True,True,True,1790136721
2026-09-23T04:12:04+00:00,503,27,3,True,True,True,1790136721
2026-09-23T04:12:04+00:00,513,0,15,True,True,True,1790136721
2026-09-23T04:12:04+00:00,498,0,12,True,True,True,1790136721
2026-09-23T04:12:04+00:00,507,19,1,True,True,True,1790136721
2026-09-23T04:12:04+00:00,512,13,16,True,True,True,1790136721
2026-09-23T04:12:04+00:00,619,0,42,True,True,True,1790136721
2026-09-23T04:12:04+00:00,474,1,40,True,True,True,1790136721
2026-09-23T04:12:04+00:00,580,2,43,True,True,True,1790136721
2026-09-23T04:12:04+00:00,496,8,35,True,True,True,1790136721
2026-09-23T04:12:04+00:00,482,3,15,True,True,True,1790136721
2026-09-23T04:12:04+00:00,407,2,10,True,True,True,1790136721
2026-09-23T04:12:04+00:00,409,13,11,True,True,True,1790136721
2026-09-23T04:12:04+00:00,451,9,11,True,True,True,1790136721
2026-09-23T04:12:04+00:00,402,2,18,True,True,True,1790136721
2026-09-23T04:12:04+00:00,516,7,6,True,True,True,1790136721
2026-09-23T04:12:04+00:00,625,12,29,True,True,True,1790136721
2026-09-23T04:12:04+00:00,429,4,16,True,True,True,1790136721
2026-09-23T04:12:04+00:00,380,1,22,True,True,True,1790136721
2026-09-23T04:12:04+00:00,583,8,9,True,True,True,1790136721
2026-09-23T04:12:04+00:00,398,5,8,True,True,True,1790136721
2026-09-23T04:12:04+00:00,381,12,3,True,True,True,1790136721
2026-09-23T04:12:04+00:00,464,22,22,True,True,True,1790136721
2026-09-23T04:12:04+00:00,442,15,3,True,True,True,1790136721
2026-09-23T04:12:04+00:00,483,11,9,True,True,True,1790136721
2026-09-23T04:12:04+00:00,458,7,8,True,True,True,1790136721
2026-09-23T04:12:04+00:00,499,6,10,True,True,True,1790136721
2026-09-23T04:12:04+00:00,472,2,20,True,True,True,1790136721
2026-09-23T04:12:04+00:00,506,6,21,True,True,True,1790136721
2026-09-23T04:12:04+00:00,465,6,23,True,True,True,1790136721
2026-09-23T04:12:04+00:00,611,6,32,True,True,True,1790136721
2026-09-23T04:12:04+00:00,404,2,21,True,True,True,1790136721
2026-09-23T04:12:04+00:00,579,7,8,True,True,True,1790136721
2026-09-23T04:12:04+00:00,589,2,24,True,True,True,1790136721
2026-09-23T04:12:04+00:00,434,2,18,True,True,True,1790136721
2026-09-23T04:12:04+00:00,462,3,10,True,True,True,1790136721
2026-09-23T04:12:04+00:00,578,6,18,True,True,True,1790136721
2026-09-23T04:12:04+00:00,415,1,10,True,True,True,1790136721
2026-09-23T04:12:04+00:00,423,20,0,True,True,True,1790136721
2026-09-23T04:12:04+00:00,412,5,1,True,True,True,1790136721
2026-09-23T04:12:04+00:00,387,10,5,True,True,True,1790136721
2026-09-23T04:12:04+00:00,441,0,15,True,True,True,1790136721
2026-09-23T04:12:04+00:00,454,6,14,True,True,True,1790136721
2026-09-23T04:12:04+00:00,436,8,5,True,True,True,1790136721
2026-09-23T04:12:04+00:00,394,11,9,True,True,True,1790136721
2026-09-23T04:12:04+00:00,497,4,23,True,True,True,1790136721
2026-09-23T04:12:04+00:00,581,15,6,True,True,True,1790136721
2026-09-23T04:12:04+00:00,461,9,10,True,True,True,1790136721
2026-09-23T04:12:04+00:00,599,20,28,True,True,True,1790136721
2026-09-23T04:12:04+00:00,428,6,17,True,True,True,1790136721
2026-09-23T04:12:04+00:00,400,8,15,True,True,True,1790136721
2026-09-23T04:12:04+00:00,487,2,19,True,True,True,1790136721
2026-09-23T04:12:04+00:00,438,3,38,True,True,True,1790136721
2026-09-23T04:12:04+00:00,459,0,9,True,True,True,1790136721
2026-09-23T04:12:04+00:00,433,3,15,True,True,True,1790136721
2026-09-23T04:12:04+00:00,399,19,11,True,True,True,1790136721
2026-09-23T04:12:04+00:00,489,18,10,True,True,True,1790136721
2026-09-23T04:12:04+00:00,742,16,12,True,True,True,1790136721
2026-09-23T04:12:04+00:00,551,13,19,True,True,True,1790136721
2026-09-23T04:12:04+00:00,406,8,4,True,True,True,1790136721
2026-09-23T04:12:04+00:00,488,5,18,True,True,True,1790136721
2026-09-23T04:12:04+00:00,540,8,26,True,True,True,1790136721
2026-09-23T04:12:04+00:00,431,7,12,True,True,True,1790136721
2026-09-23T04:12:04+00:00,393,3,18,True,True,True,1790136721
2026-09-23T04:12:04+00:00,420,6,10,True,True,True,1790136721
2026-09-23T04:12:04+00:00,397,3,30,True,True,True,1790136721
2026-09-23T04:12:04+00:00,390,15,13,True,True,True,1790136721
2026-09-23T04:12:04+00:00,449,3,21,True,True,True,1790136721
2026-09-23T04:12:04+00:00,430,26,15,True,True,True,1790136721
2026-09-23T04:12:04+00:00,484,11,22,True,True,True,1790136721
2026-09-23T04:12:04+00:00,479,4,25,True,True,True,1790136721
2026-09-23T04:12:04+00:00,403,4,8,True,True,True,1790136721
2026-09-23T04:12:04+00:00,435,3,24,True,True,True,1790136721
2026-09-23T04:12:04+00:00,426,1,18,True,True,True,1790136721
2026-09-23T04:12:04+00:00,450,2,12,True,True,True,1790136721
2026-09-23T04:12:04+00:00,456,6,28,True,True,True,1790136721
2026-09-23T04:12:04+00:00,468,15,0,True,True,True,1790136721
2026-09-23T04:12:04+00:00,453,0,31,True,True,True,1790136721
2026-09-23T04:12:04+00:00,466,1,13,True,True,True,1790136721
2026-09-23T04:12:04+00:00,469,1,27,True,True,True,1790136721
2026-09-23T04:12:04+00:00,416,2,12,True,True,True,1790136721
2026-09-23T04:12:04+00:00,391,3,10,True,True,True,1790136721
2026-09-23T04:12:04+00:00,389,0,15,True,True,True,1790136721
2026-09-23T04:12:04+00:00,470,3,12,True,True,True,1790136721
2026-09-23T04:12:04+00:00,384,4,12,True,True,True,1790136721
2026-09-23T04:12:04+00:00,425,5,2,True,True,True,1790136721
2026-09-23T04:12:04+00:00,411,3,9,True,True,True,1790136721
2026-09-23T04:12:04+00:00,598,18,13,True,True,True,1790136721
2026-09-23T04:12:04+00:00,444,14,2,True,True,True,1790136721
2026-09-23T04:12:04+00:00,447,25,4,True,True,True,1790136721
2026-09-23T04:12:04+00:00,408,14,1,True,True,True,1790136721
2026-09-23T04:12:04+00:00,737,19,5,True,True,True,1790136721
2026-09-23T04:12:04+00:00,432,2,9,True,True,True,1790136721
2026-09-23T04:12:04+00:00,401,6,0,True,True,True,1790136721
2026-09-23T04:12:04+00:00,452,0,29,True,True,True,1790136721
2026-09-23T04:12:04+00:00,392,5,2,True,True,True,1790136721
2026-09-23T04:12:04+00:00,481,22,20,True,True,True,1790136721
2026-09-23T04:12:04+00:00,495,23,18,True,True,True,1790136721
2026-09-23T04:12:04+00:00,478,5,8,True,True,True,1790136721
2026-09-23T04:12:04+00:00,414,0,11,True,True,True,1790136721
2026-09-23T04:12:04+00:00,476,11,9,True,True,True,1790136721
2026-09-23T04:12:04+00:00,445,9,7,True,True,True,1790136721
2026-09-23T04:12:04+00:00,748,5,21,True,True,True,1790136721
2026-09-23T04:12:04+00:00,473,1,5,True,True,True,1790136721
2026-09-23T04:12:04+00:00,383,17,10,True,True,True,1790136721
2026-09-23T04:12:04+00:00,480,24,1,True,True,True,1790136721
2026-09-23T04:12:04+00:00,421,17,2,True,True,True,1790136721
2026-09-23T04:12:04+00:00,746,0,8,True,True,True,1790136721
2026-09-23T04:12:04+00:00,417,5,9,True,True,True,1790136721
2026-09-23T04:12:04+00:00,427,8,3,True,True,True,1790136721
2026-09-23T04:12:04+00:00,395,2,11,True,True,True,1790136721
2026-09-23T04:12:04+00:00,418,13,13,True,True,True,1790136721
2026-09-23T04:12:04+00:00,413,2,8,True,True,True,1790136721
2026-09-23T04:12:04+00:00,486,7,15,True,True,True,1790136721
2026-09-23T04:12:04+00:00,597,9,4,True,True,True,1790136721
2026-09-23T04:12:04+00:00,422,8,3,True,True,True,1790136721
2026-09-23T04:12:04+00:00,382,7,0,True,True,True,1790136721
2026-09-23T04:12:04+00:00,396,0,22,True,True,True,1790136721
2026-09-23T04:12:04+00:00,735,13,1,True,True,True,1790136721
2026-09-23T04:12:04+00:00,437,1,23,True,True,True,1790136721
2026-09-23T04:12:04+00:00,446,5,17,True,True,True,1790136721
2026-09-23T04:12:04+00:00,424,5,2,True,True,True,1790136721
2026-09-23T04:12:04+00:00,455,12,0,True,True,True,1790136721
2026-09-23T04:12:04+00:00,457,5,4,True,True,True,1790136721
2026-09-23T04:12:04+00:00,377,5,21,True,True,True,1790136721
2026-09-23T04:12:04+00:00,738,11,1,True,True,True,1790136721
2026-09-23T04:12:04+00:00,460,26,0,True,True,True,1790136721
2026-09-23T04:12:04+00:00,744,5,3,True,True,True,1790136721
2026-09-23T04:12:04+00:00,485,12,5,True,True,True,1790136721
2026-09-23T04:27:04+00:00,6026,7,27,True,True,True,1790137624
2026-09-23T04:27:04+00:00,5431,1,20,True,True,True,1790137624
2026-09-23T04:27:04+00:00,5424,2,14,True,True,True,1790137624
2026-09-23T04:27:04+00:00,5220,0,19,True,True,True,1790137624
2026-09-23T04:27:04+00:00,5217,0,28,True,True,True,1790137624
2026-09-23T04:27:04+00:00,5113,7,5,True,True,True,1790137624
2026-09-23T04:27:04+00:00,4683,0,21,True,True,True,1790137624
2026-09-23T04:27:04+00:00,4552,0,18,True,True,True,1790137624
2026-09-23T04:27:04+00:00,3725,1,15,True,True,True,1790137624
2026-09-23T04:27:04+00:00,2358,1,10,True,True,True,1790137624
2026-09-23T04:27:04+00:00,2357,18,5,True,True,True,1790137624
2026-09-23T04:27:04+00:00,2355,1,10,True,True,True,1790137624
2026-09-23T04:27:04+00:00,2351,1,14,True,True,True,1790137624
2026-09-23T04:27:04+00:00,2350,0,24,True,True,True,1790137624
2026-09-23T04:27:04+00:00,2349,2,19,True,True,True,1790137624
2026-09-23T04:27:04+00:00,2347,3,26,True,True,True,1790137624
2026-09-23T04:27:04+00:00,2340,23,2,True,True,True,1790137624
2026-09-23T04:27:04+00:00,2339,20,9,True,True,True,1790137624
2026-09-23T04:27:04+00:00,2337,8,6,True,True,True,1790137624
2026-09-23T04:27:04+00:00,2334,1,11,True,True,True,1790137624
2026-09-23T04:27:04+00:00,2333,12,3,True,True,True,1790137624
2026-09-23T04:27:04+00:00,2332,2,9,True,True,True,1790137624
2026-09-23T04:27:04+00:00,2330,9,4,True,True,True,1790137624
2026-09-23T04:27:04+00:00,2329,7,8,True,True,True,1790137624
2026-09-23T04:27:04+00:00,2328,1,18,True,True,True,1790137624
2026-09-23T04:27:04+00:00,2315,15,2,True,True,True,1790137624
2026-09-23T04:27:04+00:00,2308,3,4,True,True,True,1790137624
2026-09-23T04:27:04+00:00,2307,1,29,True,True,True,1790137624
2026-09-23T04:27:04+00:00,2306,1,17,True,True,True,1790137624
2026-09-23T04:27:04+00:00,2305,6,8,True,True,True,1790137624
2026-09-23T04:27:04+00:00,2304,10,7,True,True,True,1790137624
2026-09-23T04:27:04+00:00,2280,12,0,True,True,True,1790137624
2026-09-23T04:27:04+00:00,2270,2,17,True,True,True,1790137624
2026-09-23T04:27:04+00:00,1919,0,6,True,True,True,1790137624
2026-09-23T04:27:04+00:00,1755,12,21,True,True,True,1790137624
2026-09-23T04:27:04+00:00,1101,13,9,True,True,True,1790137624
2026-09-23T04:27:04+00:00,1023,6,9,True,True,True,1790137624
2026-09-23T04:27:04+00:00,1009,3,6,True,True,True,1790137624
2026-09-23T04:27:04+00:00,970,11,13,True,True,True,1790137624
2026-09-23T04:27:04+00:00,787,6,6,True,True,True,1790137624
2026-09-23T04:27:04+00:00,627,11,17,True,True,True,1790137624
2026-09-23T04:27:04+00:00,623,3,15,True,True,True,1790137624
2026-09-23T04:27:04+00:00,624,4,14,True,True,True,1790137624
2026-09-23T04:27:04+00:00,626,5,18,True,True,True,1790137624
2026-09-23T04:27:04+00:00,614,5,19,True,True,True,1790137624
2026-09-23T04:27:04+00:00,616,11,4,True,True,True,1790137624
2026-09-23T04:27:04+00:00,618,0,40,True,True,True,1790137624
2026-09-23T04:27:04+00:00,621,14,13,True,True,True,1790137624
2026-09-23T04:27:04+00:00,622,5,19,True,True,True,1790137624
2026-09-23T04:27:04+00:00,613,7,10,True,True,True,1790137624
2026-09-23T04:27:04+00:00,620,21,15,True,True,True,1790137624
2026-09-23T04:27:04+00:00,596,8,10,True,True,True,1790137624
2026-09-23T04:27:04+00:00,617,9,7,True,True,True,1790137624
2026-09-23T04:27:04+00:00,609,2,24,True,True,True,1790137624
2026-09-23T04:27:04+00:00,607,22,6,True,True,True,1790137624
2026-09-23T04:27:04+00:00,603,3,13,True,True,True,1790137624
2026-09-23T04:27:04+00:00,590,1,37,True,True,True,1790137624
2026-09-23T04:27:04+00:00,610,16,4,True,True,True,1790137624
2026-09-23T04:27:04+00:00,608,4,16,True,True,True,1790137624
2026-09-23T04:27:04+00:00,593,1,29,True,True,True,1790137624
2026-09-23T04:27:04+00:00,530,5,2,True,True,True,1790137624
2026-09-23T04:27:04+00:00,463,18,1,True,True,True,1790137624
2026-09-23T04:27:04+00:00,475,18,5,True,True,True,1790137624
2026-09-23T04:27:04+00:00,439,2,21,True,True,True,1790137624
2026-09-23T04:27:04+00:00,600,7,3,True,True,True,1790137624
2026-09-23T04:27:04+00:00,440,16,0,True,True,True,1790137624
2026-09-23T04:27:04+00:00,612,9,7,True,True,True,1790137624
2026-09-23T04:27:04+00:00,491,12,6,True,True,True,1790137624
2026-09-23T04:27:04+00:00,493,17,9,True,True,True,1790137624
2026-09-23T04:27:04+00:00,410,24,1,True,True,True,1790137624
2026-09-23T04:27:04+00:00,605,0,18,True,True,True,1790137624
2026-09-23T04:27:04+00:00,388,6,12,True,True,True,1790137624
2026-09-23T04:27:04+00:00,591,1,23,True,True,True,1790137624
2026-09-23T04:27:04+00:00,592,6,11,True,True,True,1790137624
2026-09-23T04:27:04+00:00,585,15,1,True,True,True,1790137624
2026-09-23T04:27:04+00:00,565,6,11,True,True,True,1790137624
2026-09-23T04:27:04+00:00,571,0,19,True,True,True,1790137624
2026-09-23T04:27:04+00:00,568,3,12,True,True,True,1790137624
2026-09-23T04:27:04+00:00,588,2,18,True,True,True,1790137624
2026-09-23T04:27:04+00:00,584,9,25,True,True,True,1790137624
2026-09-23T04:27:04+00:00,569,14,15,True,True,True,1790137624
2026-09-23T04:27:04+00:00,577,1,28,True,True,True,1790137624
2026-09-23T04:27:04+00:00,564,1,27,True,True,True,1790137624
2026-09-23T04:27:04+00:00,570,4,10,True,True,True,1790137624
2026-09-23T04:27:04+00:00,572,4,31,True,True,True,1790137624
2026-09-23T04:27:04+00:00,586,25,0,True,True,True,1790137624
2026-09-23T04:27:04+00:00,576,15,3,True,True,True,1790137624
2026-09-23T04:27:04+00:00,566,16,7,True,True,True,1790137624
2026-09-23T04:27:04+00:00,602,3,14,True,True,True,1790137624
2026-09-23T04:27:04+00:00,575,0,27,True,True,True,1790137624
2026-09-23T04:27:04+00:00,567,1,37,True,True,True,1790137624
2026-09-23T04:27:04+00:00,582,1,25,True,True,True,1790137624
2026-09-23T04:27:04+00:00,595,8,14,True,True,True,1790137624
2026-09-23T04:27:04+00:00,542,9,10,True,True,True,1790137624
2026-09-23T04:27:04+00:00,563,10,5,True,True,True,1790137624
2026-09-23T04:27:04+00:00,558,9,4,True,True,True,1790137624
2026-09-23T04:27:04+00:00,552,18,0,True,True,True,1790137624
2026-09-23T04:27:04+00:00,555,8,6,True,True,True,1790137624
2026-09-23T04:27:04+00:00,573,15,9,True,True,True,1790137624
2026-09-23T04:27:04+00:00,561,15,7,True,True,True,1790137624
2026-09-23T04:27:04+00:00,615,19,2,True,True,True,1790137624
2026-09-23T04:27:04+00:00,543,0,20,True,True,True,1790137624
2026-09-23T04:27:04+00:00,554,0,18,True,True,True,1790137624
2026-09-23T04:27:04+00:00,574,0,12,True,True,True,1790137624
2026-09-23T04:27:04+00:00,560,3,4,True,True,True,1790137624
2026-09-23T04:27:04+00:00,548,2,15,True,True,True,1790137624
2026-09-23T04:27:04+00:00,559,14,3,True,True,True,1790137624
2026-09-23T04:27:04+00:00,545,14,24,True,True,True,1790137624
2026-09-23T04:27:04+00:00,550,1,7,True,True,True,1790137624
2026-09-23T04:27:04+00:00,541,6,6,True,True,True,1790137624
2026-09-23T04:27:04+00:00,527,5,6,True,True,True,1790137624
2026-09-23T04:27:04+00:00,529,1,19,True,True,True,1790137624
2026-09-23T04:27:04+00:00,526,3,9,True,True,True,1790137624
2026-09-23T04:27:04+00:00,537,5,13,True,True,True,1790137624
2026-09-23T04:27:04+00:00,547,8,22,True,True,True,1790137624
2026-09-23T04:27:04+00:00,601,0,18,True,True,True,1790137624
2026-09-23T04:27:04+00:00,533,4,7,True,True,True,1790137624
2026-09-23T04:27:04+00:00,535,0,26,True,True,True,1790137624
2026-09-23T04:27:04+00:00,524,1,18,True,True,True,1790137624
2026-09-23T04:27:04+00:00,519,21,2,True,True,True,1790137624
2026-09-23T04:27:04+00:00,534,12,26,True,True,True,1790137624
2026-09-23T04:27:04+00:00,521,12,1,True,True,True,1790137624
2026-09-23T04:27:04+00:00,518,1,15,True,True,True,1790137624
2026-09-23T04:27:04+00:00,556,2,15,True,True,True,1790137624
2026-09-23T04:27:04+00:00,525,0,15,True,True,True,1790137624
2026-09-23T04:27:04+00:00,517,2,13,True,True,True,1790137624
2026-09-23T04:27:04+00:00,523,7,23,True,True,True,1790137624
2026-09-23T04:27:04+00:00,522,8,1,True,True,True,1790137624
2026-09-23T04:27:04+00:00,594,6,12,True,True,True,1790137624
2026-09-23T04:27:04+00:00,532,10,11,True,True,True,1790137624
2026-09-23T04:27:04+00:00,509,0,12,True,True,True,1790137624
2026-09-23T04:27:04+00:00,531,2,12,True,True,True,1790137624
2026-09-23T04:27:04+00:00,536,0,8,True,True,True,1790137624
2026-09-23T04:27:04+00:00,562,1,39,True,True,True,1790137624
2026-09-23T04:27:04+00:00,511,1,17,True,True,True,1790137624
2026-09-23T04:27:04+00:00,505,7,14,True,True,True,1790137624
2026-09-23T04:27:04+00:00,501,3,13,True,True,True,1790137624
2026-09-23T04:27:04+00:00,514,10,2,True,True,True,1790137624
2026-09-23T04:27:04+00:00,500,0,17,True,True,True,1790137624
2026-09-23T04:27:04+00:00,503,27,3,True,True,True,1790137624
2026-09-23T04:27:04+00:00,513,0,15,True,True,True,1790137624
2026-09-23T04:27:04+00:00,498,0,12,True,True,True,1790137624
2026-09-23T04:27:04+00:00,507,19,1,True,True,True,1790137624
2026-09-23T04:27:04+00:00,512,13,16,True,True,True,1790137624
2026-09-23T04:27:04+00:00,619,0,42,True,True,True,1790137624
2026-09-23T04:27:04+00:00,474,1,40,True,True,True,1790137624
2026-09-23T04:27:04+00:00,580,2,43,True,True,True,1790137624
2026-09-23T04:27:04+00:00,496,8,35,True,True,True,1790137624
2026-09-23T04:27:04+00:00,482,3,15,True,True,True,1790137624
2026-09-23T04:27:04+00:00,407,2,10,True,True,True,1790137624
2026-09-23T04:27:04+00:00,409,13,11,True,True,True,1790137624
2026-09-23T04:27:04+00:00,451,9,11,True,True,True,1790137624
2026-09-23T04:27:04+00:00,402,2,18,True,True,True,1790137624
2026-09-23T04:27:04+00:00,516,7,6,True,True,True,1790137624
2026-09-23T04:27:04+00:00,625,12,29,True,True,True,1790137624
2026-09-23T04:27:04+00:00,429,4,16,True,True,True,1790137624
2026-09-23T04:27:04+00:00,380,0,23,True,True,True,1790137624
2026-09-23T04:27:04+00:00,583,6,9,True,True,True,1790137624
2026-09-23T04:27:04+00:00,398,5,8,True,True,True,1790137624
2026-09-23T04:27:04+00:00,381,12,3,True,True,True,1790137624
2026-09-23T04:27:04+00:00,464,22,22,True,True,True,1790137624
2026-09-23T04:27:04+00:00,442,15,3,True,True,True,1790137624
2026-09-23T04:27:04+00:00,483,12,8,True,True,True,1790137624
2026-09-23T04:27:04+00:00,458,7,8,True,True,True,1790137624
2026-09-23T04:27:04+00:00,499,5,11,True,True,True,1790137624
2026-09-23T04:27:04+00:00,472,2,20,True,True,True,1790137624
2026-09-23T04:27:04+00:00,506,6,21,True,True,True,1790137624
2026-09-23T04:27:04+00:00,465,7,22,True,True,True,1790137624
2026-09-23T04:27:04+00:00,611,6,32,True,True,True,1790137624
2026-09-23T04:27:04+00:00,404,2,21,True,True,True,1790137624
2026-09-23T04:27:04+00:00,579,6,9,True,True,True,1790137624
2026-09-23T04:27:04+00:00,589,2,24,True,True,True,1790137624
2026-09-23T04:27:04+00:00,434,2,18,True,True,True,1790137624
2026-09-23T04:27:04+00:00,462,3,10,True,True,True,1790137624
2026-09-23T04:27:04+00:00,578,6,18,True,True,True,1790137624
2026-09-23T04:27:04+00:00,415,1,10,True,True,True,1790137624
2026-09-23T04:27:04+00:00,423,20,0,True,True,True,1790137624
2026-09-23T04:27:04+00:00,412,5,1,True,True,True,1790137624
2026-09-23T04:27:04+00:00,387,10,5,True,True,True,1790137624
2026-09-23T04:27:04+00:00,441,0,15,True,True,True,1790137624
2026-09-23T04:27:04+00:00,454,6,14,True,True,True,1790137624
2026-09-23T04:27:04+00:00,436,8,5,True,True,True,1790137624
2026-09-23T04:27:04+00:00,394,11,9,True,True,True,1790137624
2026-09-23T04:27:04+00:00,497,4,23,True,True,True,1790137624
2026-09-23T04:27:04+00:00,581,15,6,True,True,True,1790137624
2026-09-23T04:27:04+00:00,461,8,11,True,True,True,1790137624
2026-09-23T04:27:04+00:00,599,20,28,True,True,True,1790137624
2026-09-23T04:27:04+00:00,428,6,17,True,True,True,1790137624
2026-09-23T04:27:04+00:00,400,8,15,True,True,True,1790137624
2026-09-23T04:27:04+00:00,487,2,19,True,True,True,1790137624
2026-09-23T04:27:04+00:00,438,3,38,True,True,True,1790137624
2026-09-23T04:27:04+00:00,459,0,9,True,True,True,1790137624
2026-09-23T04:27:04+00:00,433,3,15,True,True,True,1790137624
2026-09-23T04:27:04+00:00,399,18,12,True,True,True,1790137624
2026-09-23T04:27:04+00:00,489,18,10,True,True,True,1790137624
2026-09-23T04:27:04+00:00,742,16,12,True,True,True,1790137624
2026-09-23T04:27:04+00:00,551,13,19,True,True,True,1790137624
2026-09-23T04:27:04+00:00,406,8,4,True,True,True,1790137624
2026-09-23T04:27:04+00:00,488,5,18,True,True,True,1790137624
2026-09-23T04:27:04+00:00,540,8,26,True,True,True,1790137624
2026-09-23T04:27:04+00:00,431,6,13,True,True,True,1790137624
2026-09-23T04:27:04+00:00,393,3,18,True,True,True,1790137624
2026-09-23T04:27:04+00:00,420,6,10,True,True,True,1790137624
2026-09-23T04:27:04+00:00,397,3,30,True,True,True,1790137624
2026-09-23T04:27:04+00:00,390,15,13,True,True,True,1790137624
2026-09-23T04:27:04+00:00,449,3,21,True,True,True,1790137624
2026-09-23T04:27:04+00:00,430,26,15,True,True,True,1790137624
2026-09-23T04:27:04+00:00,484,11,22,True,True,True,1790137624
2026-09-23T04:27:04+00:00,479,4,25,True,True,True,1790137624
2026-09-23T04:27:04+00:00,403,4,8,True,True,True,1790137624
2026-09-23T04:27:04+00:00,435,3,24,True,True,True,1790137624
2026-09-23T04:27:04+00:00,426,1,18,True,True,True,1790137624
2026-09-23T04:27:04+00:00,450,1,13,True,True,True,1790137624
2026-09-23T04:27:04+00:00,456,6,28,True,True,True,1790137624
2026-09-23T04:27:04+00:00,468,14,1,True,True,True,1790137624
2026-09-23T04:27:04+00:00,453,1,30,True,True,True,1790137624
2026-09-23T04:27:04+00:00,466,1,13,True,True,True,1790137624
2026-09-23T04:27:04+00:00,469,1,27,True,True,True,1790137624
2026-09-23T04:27:04+00:00,416,2,12,True,True,True,1790137624
2026-09-23T04:27:04+00:00,391,3,10,True,True,True,1790137624
2026-09-23T04:27:04+00:00,389,1,14,True,True,True,1790137624
2026-09-23T04:27:04+00:00,470,3,12,True,True,True,1790137624
2026-09-23T04:27:04+00:00,384,4,12,True,True,True,1790137624
2026-09-23T04:27:04+00:00,425,4,3,True,True,True,1790137624
2026-09-23T04:27:04+00:00,411,3,9,True,True,True,1790137624
2026-09-23T04:27:04+00:00,598,18,13,True,True,True,1790137624
2026-09-23T04:27:04+00:00,444,14,2,True,True,True,1790137624
2026-09-23T04:27:04+00:00,447,24,5,True,True,True,1790137624
2026-09-23T04:27:04+00:00,408,14,1,True,True,True,1790137624
2026-09-23T04:27:04+00:00,737,19,5,True,True,True,1790137624
2026-09-23T04:27:04+00:00,432,2,9,True,True,True,1790137624
2026-09-23T04:27:04+00:00,401,6,0,True,True,True,1790137624
2026-09-23T04:27:04+00:00,452,0,29,True,True,True,1790137624
2026-09-23T04:27:04+00:00,392,4,3,True,True,True,1790137624
2026-09-23T04:27:04+00:00,481,22,20,True,True,True,1790137624
2026-09-23T04:27:04+00:00,495,23,18,True,True,True,1790137624
2026-09-23T04:27:04+00:00,478,5,8,True,True,True,1790137624
2026-09-23T04:27:04+00:00,414,0,11,True,True,True,1790137624
2026-09-23T04:27:04+00:00,476,11,9,True,True,True,1790137624
2026-09-23T04:27:04+00:00,445,9,7,True,True,True,1790137624
2026-09-23T04:27:04+00:00,748,5,21,True,True,True,1790137624
2026-09-23T04:27:04+00:00,473,1,5,True,True,True,1790137624
2026-09-23T04:27:04+00:00,383,17,10,True,True,True,1790137624
2026-09-23T04:27:04+00:00,480,24,1,True,True,True,1790137624
2026-09-23T04:27:04+00:00,421,16,3,True,True,True,1790137624
2026-09-23T04:27:04+00:00,746,0,8,True,True,True,1790137624
2026-09-23T04:27:04+00:00,417,5,9,True,True,True,1790137624
2026-09-23T04:27:04+00:00,427,7,4,True,True,True,1790137624
2026-09-23T04:27:04+00:00,395,2,11,True,True,True,1790137624
2026-09-23T04:27:04+00:00,418,13,13,True,True,True,1790137624
2026-09-23T04:27:04+00:00,413,2,8,True,True,True,1790137624
2026-09-23T04:27:04+00:00,486,7,15,True,True,True,1790137624
2026-09-23T04:27:04+00:00,597,8,5,True,True,True,1790137624
2026-09-23T04:27:04+00:00,422,8,3,True,True,True,1790137624
2026-09-23T04:27:04+00:00,382,7,0,True,True,True,1790137624
2026-09-23T04:27:04+00:00,396,0,22,True,True,True,1790137624
2026-09-23T04:27:04+00:00,735,13,1,True,True,True,1790137624
2026-09-23T04:27:04+00:00,437,1,23,True,True,True,1790137624
2026-09-23T04:27:04+00:00,446,5,17,True,True,True,1790137624
2026-09-23T04:27:04+00:00,424,5,2,True,True,True,1790137624
2026-09-23T04:27:04+00:00,455,12,0,True,True,True,1790137624
2026-09-23T04:27:04+00:00,457,5,4,True,True,True,1790137624
2026-09-23T04:27:04+00:00,377,5,21,True,True,True,1790137624
2026-09-23T04:27:04+00:00,738,11,1,True,True,True,1790137624
2026-09-23T04:27:04+00:00,460,25,1,True,True,True,1790137624
2026-09-23T04:27:04+00:00,744,5,3,True,True,True,1790137624
2026-09-23T04:27:04+00:00,485,12,5,True,True,True,1790137624
2026-09-23T04:42:04+00:00,6026,7,27,True,True,True,1790138515
2026-09-23T04:42:04+00:00,5431,1,20,True,True,True,1790138515
2026-09-23T04:42:04+00:00,5424,2,14,True,True,True,1790138515
2026-09-23T04:42:04+00:00,5220,0,19,True,True,True,1790138515
2026-09-23T04:42:04+00:00,5217,1,27,True,True,True,1790138515
2026-09-23T04:42:04+00:00,5113,7,5,True,True,True,1790138515
2026-09-23T04:42:04+00:00,4683,0,21,True,True,True,1790138515
2026-09-23T04:42:04+00:00,4552,0,18,True,True,True,1790138515
2026-09-23T04:42:04+00:00,3725,1,15,True,True,True,1790138515
2026-09-23T04:42:04+00:00,2358,1,10,True,True,True,1790138515
2026-09-23T04:42:04+00:00,2357,18,5,True,True,True,1790138515
2026-09-23T04:42:04+00:00,2355,1,10,True,True,True,1790138515
2026-09-23T04:42:04+00:00,2351,1,14,True,True,True,1790138515
2026-09-23T04:42:04+00:00,2350,0,24,True,True,True,1790138515
2026-09-23T04:42:04+00:00,2349,2,19,True,True,True,1790138515
2026-09-23T04:42:04+00:00,2347,3,26,True,True,True,1790138515
2026-09-23T04:42:04+00:00,2340,22,3,True,True,True,1790138515
2026-09-23T04:42:04+00:00,2339,21,8,True,True,True,1790138515
2026-09-23T04:42:04+00:00,2337,9,5,True,True,True,1790138515
2026-09-23T04:42:04+00:00,2334,1,11,True,True,True,1790138515
2026-09-23T04:42:04+00:00,2333,13,2,True,True,True,1790138515
2026-09-23T04:42:04+00:00,2332,2,9,True,True,True,1790138515
2026-09-23T04:42:04+00:00,2330,10,3,True,True,True,1790138515
2026-09-23T04:42:04+00:00,2329,7,8,True,True,True,1790138515
2026-09-23T04:42:04+00:00,2328,5,14,True,True,True,1790138515
2026-09-23T04:42:04+00:00,2315,15,2,True,True,True,1790138515
2026-09-23T04:42:04+00:00,2308,3,4,True,True,True,1790138515
2026-09-23T04:42:04+00:00,2307,3,27,True,True,True,1790138515
2026-09-23T04:42:04+00:00,2306,1,17,True,True,True,1790138515
2026-09-23T04:42:04+00:00,2305,6,8,True,True,True,1790138515
2026-09-23T04:42:04+00:00,2304,10,7,True,True,True,1790138515
2026-09-23T04:42:04+00:00,2280,12,0,True,True,True,1790138515
2026-09-23T04:42:04+00:00,2270,2,18,True,True,True,1790138515
2026-09-23T04:42:04+00:00,1919,0,6,True,True,True,1790138515
2026-09-23T04:42:04+00:00,1755,12,21,True,True,True,1790138515
2026-09-23T04:42:04+00:00,1101,13,9,True,True,True,1790138515
2026-09-23T04:42:04+00:00,1023,6,9,True,True,True,1790138515
2026-09-23T04:42:04+00:00,1009,3,6,True,True,True,1790138515
2026-09-23T04:42:04+00:00,970,11,13,True,True,True,1790138515
2026-09-23T04:42:04+00:00,787,6,6,True,True,True,1790138515
2026-09-23T04:42:04+00:00,627,11,17,True,True,True,1790138515
2026-09-23T04:42:04+00:00,623,5,13,True,True,True,1790138515
2026-09-23T04:42:04+00:00,624,4,14,True,True,True,1790138515
2026-09-23T04:42:04+00:00,626,5,18,True,True,True,1790138515
2026-09-23T04:42:04+00:00,614,5,19,True,True,True,1790138515
2026-09-23T04:42:04+00:00,616,11,4,True,True,True,1790138515
2026-09-23T04:42:04+00:00,618,0,40,True,True,True,1790138515
2026-09-23T04:42:04+00:00,621,13,14,True,True,True,1790138515
2026-09-23T04:42:04+00:00,622,5,19,True,True,True,1790138515
2026-09-23T04:42:04+00:00,613,7,10,True,True,True,1790138515
2026-09-23T04:42:04+00:00,620,20,16,True,True,True,1790138515
2026-09-23T04:42:04+00:00,596,8,10,True,True,True,1790138515
2026-09-23T04:42:04+00:00,617,9,7,True,True,True,1790138515
2026-09-23T04:42:04+00:00,609,2,24,True,True,True,1790138515
2026-09-23T04:42:04+00:00,607,22,6,True,True,True,1790138515
2026-09-23T04:42:04+00:00,603,3,13,True,True,True,1790138515
2026-09-23T04:42:04+00:00,590,1,37,True,True,True,1790138515
2026-09-23T04:42:04+00:00,610,16,4,True,True,True,1790138515
2026-09-23T04:42:04+00:00,608,4,16,True,True,True,1790138515
2026-09-23T04:42:04+00:00,593,1,29,True,True,True,1790138515
2026-09-23T04:42:04+00:00,530,5,2,True,True,True,1790138515
2026-09-23T04:42:04+00:00,463,18,1,True,True,True,1790138515
2026-09-23T04:42:04+00:00,475,18,5,True,True,True,1790138515
2026-09-23T04:42:04+00:00,439,4,19,True,True,True,1790138515
2026-09-23T04:42:04+00:00,600,7,3,True,True,True,1790138515
2026-09-23T04:42:04+00:00,440,16,0,True,True,True,1790138515
2026-09-23T04:42:04+00:00,612,9,7,True,True,True,1790138515
2026-09-23T04:42:04+00:00,491,12,6,True,True,True,1790138515
2026-09-23T04:42:04+00:00,493,17,9,True,True,True,1790138515
2026-09-23T04:42:04+00:00,410,24,1,True,True,True,1790138515
2026-09-23T04:42:04+00:00,605,0,18,True,True,True,1790138515
2026-09-23T04:42:04+00:00,388,5,13,True,True,True,1790138515
2026-09-23T04:42:04+00:00,591,1,23,True,True,True,1790138515
2026-09-23T04:42:04+00:00,592,6,11,True,True,True,1790138515
2026-09-23T04:42:04+00:00,585,15,1,True,True,True,1790138515
2026-09-23T04:42:04+00:00,565,6,11,True,True,True,1790138515
2026-09-23T04:42:04+00:00,571,0,19,True,True,True,1790138515
2026-09-23T04:42:04+00:00,568,3,12,True,True,True,1790138515
2026-09-23T04:42:04+00:00,588,2,18,True,True,True,1790138515
2026-09-23T04:42:04+00:00,584,9,25,True,True,True,1790138515
2026-09-23T04:42:04+00:00,569,14,15,True,True,True,1790138515
2026-09-23T04:42:04+00:00,577,1,28,True,True,True,1790138515
2026-09-23T04:42:04+00:00,564,1,27,True,True,True,1790138515
2026-09-23T04:42:04+00:00,570,4,10,True,True,True,1790138515
2026-09-23T04:42:04+00:00,572,4,31,True,True,True,1790138515
2026-09-23T04:42:04+00:00,586,25,0,True,True,True,1790138515
2026-09-23T04:42:04+00:00,576,15,3,True,True,True,1790138515
2026-09-23T04:42:04+00:00,566,16,7,True,True,True,1790138515
2026-09-23T04:42:04+00:00,602,3,14,True,True,True,1790138515
2026-09-23T04:42:04+00:00,575,0,27,True,True,True,1790138515
2026-09-23T04:42:04+00:00,567,1,37,True,True,True,1790138515
2026-09-23T04:42:04+00:00,582,1,25,True,True,True,1790138515
2026-09-23T04:42:04+00:00,595,8,14,True,True,True,1790138515
2026-09-23T04:42:04+00:00,542,9,10,True,True,True,1790138515
2026-09-23T04:42:04+00:00,563,10,5,True,True,True,1790138515
2026-09-23T04:42:04+00:00,558,9,4,True,True,True,1790138515
2026-09-23T04:42:04+00:00,552,18,0,True,True,True,1790138515
2026-09-23T04:42:04+00:00,555,8,7,True,True,True,1790138515
2026-09-23T04:42:04+00:00,573,15,9,True,True,True,1790138515
2026-09-23T04:42:04+00:00,561,15,7,True,True,True,1790138515
2026-09-23T04:42:04+00:00,615,19,2,True,True,True,1790138515
2026-09-23T04:42:04+00:00,543,0,20,True,True,True,1790138515
2026-09-23T04:42:04+00:00,554,0,18,True,True,True,1790138515
2026-09-23T04:42:04+00:00,574,1,11,True,True,True,1790138515
2026-09-23T04:42:04+00:00,560,3,4,True,True,True,1790138515
2026-09-23T04:42:04+00:00,548,2,15,True,True,True,1790138515
2026-09-23T04:42:04+00:00,559,14,3,True,True,True,1790138515
2026-09-23T04:42:04+00:00,545,14,24,True,True,True,1790138515
2026-09-23T04:42:04+00:00,550,0,8,True,True,True,1790138515
2026-09-23T04:42:04+00:00,541,6,6,True,True,True,1790138515
2026-09-23T04:42:04+00:00,527,5,6,True,True,True,1790138515
2026-09-23T04:42:04+00:00,529,2,18,True,True,True,1790138515
2026-09-23T04:42:04+00:00,526,3,9,True,True,True,1790138515
2026-09-23T04:42:04+00:00,537,5,13,True,True,True,1790138515
2026-09-23T04:42:04+00:00,547,8,22,True,True,True,1790138515
2026-09-23T04:42:04+00:00,601,0,18,True,True,True,1790138515
2026-09-23T04:42:04+00:00,533,4,7,True,True,True,1790138515
2026-09-23T04:42:04+00:00,535,0,26,True,True,True,1790138515
2026-09-23T04:42:04+00:00,524,1,18,True,True,True,1790138515
2026-09-23T04:42:04+00:00,519,21,2,True,True,True,1790138515
2026-09-23T04:42:04+00:00,534,13,25,True,True,True,1790138515
2026-09-23T04:42:04+00:00,521,12,1,True,True,True,1790138515
2026-09-23T04:42:04+00:00,518,1,15,True,True,True,1790138515
2026-09-23T04:42:04+00:00,556,2,15,True,True,True,1790138515
2026-09-23T04:42:04+00:00,525,0,15,True,True,True,1790138515
2026-09-23T04:42:04+00:00,517,2,13,True,True,True,1790138515
2026-09-23T04:42:04+00:00,523,4,26,True,True,True,1790138515
2026-09-23T04:42:04+00:00,522,8,1,True,True,True,1790138515
2026-09-23T04:42:04+00:00,594,6,12,True,True,True,1790138515
2026-09-23T04:42:04+00:00,532,10,11,True,True,True,1790138515
2026-09-23T04:42:04+00:00,509,0,12,True,True,True,1790138515
2026-09-23T04:42:04+00:00,531,2,12,True,True,True,1790138515
2026-09-23T04:42:04+00:00,536,0,8,True,True,True,1790138515
2026-09-23T04:42:04+00:00,562,1,39,True,True,True,1790138515
2026-09-23T04:42:04+00:00,511,2,16,True,True,True,1790138515
2026-09-23T04:42:04+00:00,505,7,14,True,True,True,1790138515
2026-09-23T04:42:04+00:00,501,3,13,True,True,True,1790138515
2026-09-23T04:42:04+00:00,514,10,2,True,True,True,1790138515
2026-09-23T04:42:04+00:00,500,0,17,True,True,True,1790138515
2026-09-23T04:42:04+00:00,503,26,4,True,True,True,1790138515
2026-09-23T04:42:04+00:00,513,0,15,True,True,True,1790138515
2026-09-23T04:42:04+00:00,498,0,12,True,True,True,1790138515
2026-09-23T04:42:04+00:00,507,19,1,True,True,True,1790138515
2026-09-23T04:42:04+00:00,512,13,16,True,True,True,1790138515
2026-09-23T04:42:04+00:00,619,0,42,True,True,True,1790138515
2026-09-23T04:42:04+00:00,474,1,40,True,True,True,1790138515
2026-09-23T04:42:04+00:00,580,2,43,True,True,True,1790138515
2026-09-23T04:42:04+00:00,496,8,35,True,True,True,1790138515
2026-09-23T04:42:04+00:00,482,3,15,True,True,True,1790138515
2026-09-23T04:42:04+00:00,407,1,11,True,True,True,1790138515
2026-09-23T04:42:04+00:00,409,13,11,True,True,True,1790138515
2026-09-23T04:42:04+00:00,451,9,11,True,True,True,1790138515
2026-09-23T04:42:04+00:00,402,2,18,True,True,True,1790138515
2026-09-23T04:42:04+00:00,516,7,6,True,True,True,1790138515
2026-09-23T04:42:04+00:00,625,13,28,True,True,True,1790138515
2026-09-23T04:42:04+00:00,429,4,16,True,True,True,1790138515
2026-09-23T04:42:04+00:00,380,0,23,True,True,True,1790138515
2026-09-23T04:42:04+00:00,583,5,10,True,True,True,1790138515
2026-09-23T04:42:04+00:00,398,5,8,True,True,True,1790138515
2026-09-23T04:42:04+00:00,381,12,3,True,True,True,1790138515
2026-09-23T04:42:04+00:00,464,22,22,True,True,True,1790138515
2026-09-23T04:42:04+00:00,442,15,3,True,True,True,1790138515
2026-09-23T04:42:04+00:00,483,12,8,True,True,True,1790138515
2026-09-23T04:42:04+00:00,458,7,8,True,True,True,1790138515
2026-09-23T04:42:04+00:00,499,5,11,True,True,True,1790138515
2026-09-23T04:42:04+00:00,472,2,20,True,True,True,1790138515
2026-09-23T04:42:04+00:00,506,6,21,True,True,True,1790138515
2026-09-23T04:42:04+00:00,465,7,22,True,True,True,1790138515
2026-09-23T04:42:04+00:00,611,6,32,True,True,True,1790138515
2026-09-23T04:42:04+00:00,404,2,21,True,True,True,1790138515
2026-09-23T04:42:04+00:00,579,5,10,True,True,True,1790138515
2026-09-23T04:42:04+00:00,589,2,24,True,True,True,1790138515
2026-09-23T04:42:04+00:00,434,2,18,True,True,True,1790138515
2026-09-23T04:42:04+00:00,462,3,10,True,True,True,1790138515
2026-09-23T04:42:04+00:00,578,4,20,True,True,True,1790138515
2026-09-23T04:42:04+00:00,415,1,10,True,True,True,1790138515
2026-09-23T04:42:04+00:00,423,19,1,True,True,True,1790138515
2026-09-23T04:42:04+00:00,412,5,1,True,True,True,1790138515
2026-09-23T04:42:04+00:00,387,10,5,True,True,True,1790138515
2026-09-23T04:42:04+00:00,441,0,15,True,True,True,1790138515
2026-09-23T04:42:04+00:00,454,6,14,True,True,True,1790138515
2026-09-23T04:42:04+00:00,436,7,6,True,True,True,1790138515
2026-09-23T04:42:04+00:00,394,10,10,True,True,True,1790138515
2026-09-23T04:42:04+00:00,497,4,23,True,True,True,1790138515
2026-09-23T04:42:04+00:00,581,15,6,True,True,True,1790138515
2026-09-23T04:42:04+00:00,461,8,11,True,True,True,1790138515
2026-09-23T04:42:04+00:00,599,20,28,True,True,True,1790138515
2026-09-23T04:42:04+00:00,428,6,17,True,True,True,1790138515
2026-09-23T04:42:04+00:00,400,8,15,True,True,True,1790138515
2026-09-23T04:42:04+00:00,487,2,19,True,True,True,1790138515
2026-09-23T04:42:04+00:00,438,3,38,True,True,True,1790138515
2026-09-23T04:42:04+00:00,459,0,9,True,True,True,1790138515
2026-09-23T04:42:04+00:00,433,3,15,True,True,True,1790138515
2026-09-23T04:42:04+00:00,399,18,12,True,True,True,1790138515
2026-09-23T04:42:04+00:00,489,18,10,True,True,True,1790138515
2026-09-23T04:42:04+00:00,742,16,12,True,True,True,1790138515
2026-09-23T04:42:04+00:00,551,12,20,True,True,True,1790138515
2026-09-23T04:42:04+00:00,406,7,4,True,True,True,1790138515
2026-09-23T04:42:04+00:00,488,5,18,True,True,True,1790138515
2026-09-23T04:42:04+00:00,540,7,27,True,True,True,1790138515
2026-09-23T04:42:04+00:00,431,6,13,True,True,True,1790138515
2026-09-23T04:42:04+00:00,393,1,20,True,True,True,1790138515
2026-09-23T04:42:04+00:00,420,6,10,True,True,True,1790138515
2026-09-23T04:42:04+00:00,397,3,30,True,True,True,1790138515
2026-09-23T04:42:04+00:00,390,16,12,True,True,True,1790138515
2026-09-23T04:42:04+00:00,449,3,21,True,True,True,1790138515
2026-09-23T04:42:04+00:00,430,26,15,True,True,True,1790138515
2026-09-23T04:42:04+00:00,484,11,22,True,True,True,1790138515
2026-09-23T04:42:04+00:00,479,4,25,True,True,True,1790138515
2026-09-23T04:42:04+00:00,403,3,9,True,True,True,1790138515
2026-09-23T04:42:04+00:00,435,3,24,True,True,True,1790138515
2026-09-23T04:42:04+00:00,426,19,0,True,True,True,1790138515
2026-09-23T04:42:04+00:00,450,1,13,True,True,True,1790138515
2026-09-23T04:42:04+00:00,456,6,28,True,True,True,1790138515
2026-09-23T04:42:04+00:00,468,14,1,True,True,True,1790138515
2026-09-23T04:42:04+00:00,453,0,30,True,True,True,1790138515
2026-09-23T04:42:04+00:00,466,0,14,True,True,True,1790138515
2026-09-23T04:42:04+00:00,469,1,27,True,True,True,1790138515
2026-09-23T04:42:04+00:00,416,2,12,True,True,True,1790138515
2026-09-23T04:42:04+00:00,391,3,10,True,True,True,1790138515
2026-09-23T04:42:04+00:00,389,1,14,True,True,True,1790138515
2026-09-23T04:42:04+00:00,470,4,11,True,True,True,1790138515
2026-09-23T04:42:04+00:00,384,4,12,True,True,True,1790138515
2026-09-23T04:42:04+00:00,425,4,3,True,True,True,1790138515
2026-09-23T04:42:04+00:00,411,3,9,True,True,True,1790138515
2026-09-23T04:42:04+00:00,598,18,13,True,True,True,1790138515
2026-09-23T04:42:04+00:00,444,14,2,True,True,True,1790138515
2026-09-23T04:42:04+00:00,447,24,5,True,True,True,1790138515
2026-09-23T04:42:04+00:00,408,14,1,True,True,True,1790138515
2026-09-23T04:42:04+00:00,737,19,5,True,True,True,1790138515
2026-09-23T04:42:04+00:00,432,2,9,True,True,True,1790138515
2026-09-23T04:42:04+00:00,401,6,0,True,True,True,1790138515
2026-09-23T04:42:04+00:00,452,0,29,True,True,True,1790138515
2026-09-23T04:42:04+00:00,392,4,3,True,True,True,1790138515
2026-09-23T04:42:04+00:00,481,22,20,True,True,True,1790138515
2026-09-23T04:42:04+00:00,495,24,17,True,True,True,1790138515
2026-09-23T04:42:04+00:00,478,5,8,True,True,True,1790138515
2026-09-23T04:42:04+00:00,414,0,11,True,True,True,1790138515
2026-09-23T04:42:04+00:00,476,11,9,True,True,True,1790138515
2026-09-23T04:42:04+00:00,445,9,7,True,True,True,1790138515
2026-09-23T04:42:04+00:00,748,5,21,True,True,True,1790138515
2026-09-23T04:42:04+00:00,473,1,5,True,True,True,1790138515
2026-09-23T04:42:04+00:00,383,17,10,True,True,True,1790138515
2026-09-23T04:42:04+00:00,480,9,16,True,True,True,1790138515
2026-09-23T04:42:04+00:00,421,16,3,True,True,True,1790138515
2026-09-23T04:42:04+00:00,746,0,8,True,True,True,1790138515
2026-09-23T04:42:04+00:00,417,5,9,True,True,True,1790138515
2026-09-23T04:42:04+00:00,427,7,4,True,True,True,1790138515
2026-09-23T04:42:04+00:00,395,2,11,True,True,True,1790138515
2026-09-23T04:42:04+00:00,418,13,13,True,True,True,1790138515
2026-09-23T04:42:04+00:00,413,3,7,True,True,True,1790138515
2026-09-23T04:42:04+00:00,486,7,15,True,True,True,1790138515
2026-09-23T04:42:04+00:00,597,8,5,True,True,True,1790138515
2026-09-23T04:42:04+00:00,422,8,3,True,True,True,1790138515
2026-09-23T04:42:04+00:00,382,6,1,True,True,True,1790138515
2026-09-23T04:42:04+00:00,396,0,22,True,True,True,1790138515
2026-09-23T04:42:04+00:00,735,13,1,True,True,True,1790138515
2026-09-23T04:42:04+00:00,437,1,22,True,True,True,1790138515
2026-09-23T04:42:04+00:00,446,5,17,True,True,True,1790138515
2026-09-23T04:42:04+00:00,424,5,2,True,True,True,1790138515
2026-09-23T04:42:04+00:00,455,11,1,True,True,True,1790138515
2026-09-23T04:42:04+00:00,457,4,5,True,True,True,1790138515
2026-09-23T04:42:04+00:00,377,5,21,True,True,True,1790138515
2026-09-23T04:42:04+00:00,738,11,1,True,True,True,1790138515
2026-09-23T04:42:04+00:00,460,25,1,True,True,True,1790138515
2026-09-23T04:42:04+00:00,744,5,3,True,True,True,1790138515
2026-09-23T04:42:04+00:00,485,10,7,True,True,True,1790138515
2026-09-23T04:57:04+00:00,6026,5,29,True,True,True,1790139413
2026-09-23T04:57:04+00:00,5431,1,20,True,True,True,1790139413
2026-09-23T04:57:04+00:00,5424,2,14,True,True,True,1790139413
2026-09-23T04:57:04+00:00,5220,0,19,True,True,True,1790139413
2026-09-23T04:57:04+00:00,5217,1,27,True,True,True,1790139413
2026-09-23T04:57:04+00:00,5113,6,6,True,True,True,1790139413
2026-09-23T04:57:04+00:00,4683,0,21,True,True,True,1790139413
2026-09-23T04:57:04+00:00,4552,0,18,True,True,True,1790139413
2026-09-23T04:57:04+00:00,3725,1,15,True,True,True,1790139413
2026-09-23T04:57:04+00:00,2358,1,10,True,True,True,1790139413
2026-09-23T04:57:04+00:00,2357,18,5,True,True,True,1790139413
2026-09-23T04:57:04+00:00,2355,1,10,True,True,True,1790139413
2026-09-23T04:57:04+00:00,2351,1,14,True,True,True,1790139413
2026-09-23T04:57:04+00:00,2350,0,24,True,True,True,1790139413
2026-09-23T04:57:04+00:00,2349,2,19,True,True,True,1790139413
2026-09-23T04:57:04+00:00,2347,3,26,True,True,True,1790139413
2026-09-23T04:57:04+00:00,2340,22,3,True,True,True,1790139413
2026-09-23T04:57:04+00:00,2339,22,7,True,True,True,1790139413
2026-09-23T04:57:04+00:00,2337,9,5,True,True,True,1790139413
2026-09-23T04:57:04+00:00,2334,1,11,True,True,True,1790139413
2026-09-23T04:57:04+00:00,2333,13,2,True,True,True,1790139413
2026-09-23T04:57:04+00:00,2332,2,9,True,True,True,1790139413
2026-09-23T04:57:04+00:00,2330,11,2,True,True,True,1790139413
2026-09-23T04:57:04+00:00,2329,7,8,True,True,True,1790139413
2026-09-23T04:57:04+00:00,2328,6,13,True,True,True,1790139413
2026-09-23T04:57:04+00:00,2315,16,1,True,True,True,1790139413
2026-09-23T04:57:04+00:00,2308,3,4,True,True,True,1790139413
2026-09-23T04:57:04+00:00,2307,3,27,True,True,True,1790139413
2026-09-23T04:57:04+00:00,2306,1,17,True,True,True,1790139413
2026-09-23T04:57:04+00:00,2305,6,8,True,True,True,1790139413
2026-09-23T04:57:04+00:00,2304,10,7,True,True,True,1790139413
2026-09-23T04:57:04+00:00,2280,12,0,True,True,True,1790139413
2026-09-23T04:57:04+00:00,2270,2,18,True,True,True,1790139413
2026-09-23T04:57:04+00:00,1919,0,6,True,True,True,1790139413
2026-09-23T04:57:04+00:00,1755,12,21,True,True,True,1790139413
2026-09-23T04:57:04+00:00,1101,13,9,True,True,True,1790139413
2026-09-23T04:57:04+00:00,1023,6,9,True,True,True,1790139413
2026-09-23T04:57:04+00:00,1009,3,6,True,True,True,1790139413
2026-09-23T04:57:04+00:00,970,11,13,True,True,True,1790139413
2026-09-23T04:57:04+00:00,787,7,5,True,True,True,1790139413
2026-09-23T04:57:04+00:00,627,11,17,True,True,True,1790139413
2026-09-23T04:57:04+00:00,623,6,12,True,True,True,1790139413
2026-09-23T04:57:04+00:00,624,3,15,True,True,True,1790139413
2026-09-23T04:57:04+00:00,626,5,18,True,True,True,1790139413
2026-09-23T04:57:04+00:00,614,5,19,True,True,True,1790139413
2026-09-23T04:57:04+00:00,616,11,4,True,True,True,1790139413
2026-09-23T04:57:04+00:00,618,0,40,True,True,True,1790139413
2026-09-23T04:57:04+00:00,621,13,14,True,True,True,1790139413
2026-09-23T04:57:04+00:00,622,5,19,True,True,True,1790139413
2026-09-23T04:57:04+00:00,613,7,10,True,True,True,1790139413
2026-09-23T04:57:04+00:00,620,20,16,True,True,True,1790139413
2026-09-23T04:57:04+00:00,596,8,10,True,True,True,1790139413
2026-09-23T04:57:04+00:00,617,9,7,True,True,True,1790139413
2026-09-23T04:57:04+00:00,609,3,23,True,True,True,1790139413
2026-09-23T04:57:04+00:00,607,20,8,True,True,True,1790139413
2026-09-23T04:57:04+00:00,603,3,13,True,True,True,1790139413
2026-09-23T04:57:04+00:00,590,2,36,True,True,True,1790139413
2026-09-23T04:57:04+00:00,610,16,4,True,True,True,1790139413
2026-09-23T04:57:04+00:00,608,4,16,True,True,True,1790139413
2026-09-23T04:57:04+00:00,593,1,29,True,True,True,1790139413
2026-09-23T04:57:04+00:00,530,6,1,True,True,True,1790139413
2026-09-23T04:57:04+00:00,463,18,1,True,True,True,1790139413
2026-09-23T04:57:04+00:00,475,17,6,True,True,True,1790139413
2026-09-23T04:57:04+00:00,439,3,20,True,True,True,1790139413
2026-09-23T04:57:04+00:00,600,7,3,True,True,True,1790139413
2026-09-23T04:57:04+00:00,440,15,1,True,True,True,1790139413
2026-09-23T04:57:04+00:00,612,8,8,True,True,True,1790139413
2026-09-23T04:57:04+00:00,491,12,6,True,True,True,1790139413
2026-09-23T04:57:04+00:00,493,17,9,True,True,True,1790139413
2026-09-23T04:57:04+00:00,410,24,1,True,True,True,1790139413
2026-09-23T04:57:04+00:00,605,0,18,True,True,True,1790139413
2026-09-23T04:57:04+00:00,388,5,13,True,True,True,1790139413
2026-09-23T04:57:04+00:00,591,1,23,True,True,True,1790139413
2026-09-23T04:57:04+00:00,592,6,11,True,True,True,1790139413
2026-09-23T04:57:04+00:00,585,15,1,True,True,True,1790139413
2026-09-23T04:57:04+00:00,565,5,12,True,True,True,1790139413
2026-09-23T04:57:04+00:00,571,0,19,True,True,True,1790139413
2026-09-23T04:57:04+00:00,568,3,12,True,True,True,1790139413
2026-09-23T04:57:04+00:00,588,2,18,True,True,True,1790139413
2026-09-23T04:57:04+00:00,584,8,26,True,True,True,1790139413
2026-09-23T04:57:04+00:00,569,14,15,True,True,True,1790139413
2026-09-23T04:57:04+00:00,577,1,28,True,True,True,1790139413
2026-09-23T04:57:04+00:00,564,0,28,True,True,True,1790139413
2026-09-23T04:57:04+00:00,570,5,9,True,True,True,1790139413
2026-09-23T04:57:04+00:00,572,5,30,True,True,True,1790139413
2026-09-23T04:57:04+00:00,586,25,0,True,True,True,1790139413
2026-09-23T04:57:04+00:00,576,15,3,True,True,True,1790139413
2026-09-23T04:57:04+00:00,566,15,8,True,True,True,1790139413
2026-09-23T04:57:04+00:00,602,2,15,True,True,True,1790139413
2026-09-23T04:57:04+00:00,575,0,27,True,True,True,1790139413
2026-09-23T04:57:04+00:00,567,1,37,True,True,True,1790139413
2026-09-23T04:57:04+00:00,582,2,24,True,True,True,1790139413
2026-09-23T04:57:04+00:00,595,8,14,True,True,True,1790139413
2026-09-23T04:57:04+00:00,542,9,10,True,True,True,1790139413
2026-09-23T04:57:04+00:00,563,10,5,True,True,True,1790139413
2026-09-23T04:57:04+00:00,558,10,3,True,True,True,1790139413
2026-09-23T04:57:04+00:00,552,18,0,True,True,True,1790139413
2026-09-23T04:57:04+00:00,555,8,7,True,True,True,1790139413
2026-09-23T04:57:04+00:00,573,16,8,True,True,True,1790139413
2026-09-23T04:57:04+00:00,561,15,7,True,True,True,1790139413
2026-09-23T04:57:04+00:00,615,20,1,True,True,True,1790139413
2026-09-23T04:57:04+00:00,543,0,20,True,True,True,1790139413
2026-09-23T04:57:04+00:00,554,0,18,True,True,True,1790139413
2026-09-23T04:57:04+00:00,574,2,10,True,True,True,1790139413
2026-09-23T04:57:04+00:00,560,3,4,True,True,True,1790139413
2026-09-23T04:57:04+00:00,548,2,15,True,True,True,1790139413
2026-09-23T04:57:04+00:00,559,14,3,True,True,True,1790139413
2026-09-23T04:57:04+00:00,545,14,24,True,True,True,1790139413
2026-09-23T04:57:04+00:00,550,0,8,True,True,True,1790139413
2026-09-23T04:57:04+00:00,541,6,6,True,True,True,1790139413
2026-09-23T04:57:04+00:00,527,5,6,True,True,True,1790139413
2026-09-23T04:57:04+00:00,529,2,18,True,True,True,1790139413
2026-09-23T04:57:04+00:00,526,4,8,True,True,True,1790139413
2026-09-23T04:57:04+00:00,537,5,13,True,True,True,1790139413
2026-09-23T04:57:04+00:00,547,9,21,True,True,True,1790139413
2026-09-23T04:57:04+00:00,601,0,18,True,True,True,1790139413
2026-09-23T04:57:04+00:00,533,4,7,True,True,True,1790139413
2026-09-23T04:57:04+00:00,535,0,26,True,True,True,1790139413
2026-09-23T04:57:04+00:00,524,2,17,True,True,True,1790139413
2026-09-23T04:57:04+00:00,519,21,2,True,True,True,1790139413
2026-09-23T04:57:04+00:00,534,14,24,True,True,True,1790139413
2026-09-23T04:57:04+00:00,521,11,2,True,True,True,1790139413
2026-09-23T04:57:04+00:00,518,1,15,True,True,True,1790139413
2026-09-23T04:57:04+00:00,556,2,15,True,True,True,1790139413
2026-09-23T04:57:04+00:00,525,0,15,True,True,True,1790139413
2026-09-23T04:57:04+00:00,517,2,13,True,True,True,1790139413
2026-09-23T04:57:04+00:00,523,4,25,True,True,True,1790139413
2026-09-23T04:57:04+00:00,522,8,1,True,True,True,1790139413
2026-09-23T04:57:04+00:00,594,6,12,True,True,True,1790139413
2026-09-23T04:57:04+00:00,532,10,11,True,True,True,1790139413
2026-09-23T04:57:04+00:00,509,0,12,True,True,True,1790139413
2026-09-23T04:57:04+00:00,531,2,12,True,True,True,1790139413
2026-09-23T04:57:04+00:00,536,0,8,True,True,True,1790139413
2026-09-23T04:57:04+00:00,562,2,38,True,True,True,1790139413
2026-09-23T04:57:04+00:00,511,3,15,True,True,True,1790139413
2026-09-23T04:57:04+00:00,505,7,14,True,True,True,1790139413
2026-09-23T04:57:04+00:00,501,3,13,True,True,True,1790139413
2026-09-23T04:57:04+00:00,514,10,2,True,True,True,1790139413
2026-09-23T04:57:04+00:00,500,0,17,True,True,True,1790139413
2026-09-23T04:57:04+00:00,503,25,5,True,True,True,1790139413
2026-09-23T04:57:04+00:00,513,0,15,True,True,True,1790139413
2026-09-23T04:57:04+00:00,498,0,12,True,True,True,1790139413
2026-09-23T04:57:04+00:00,507,17,2,True,True,True,1790139413
2026-09-23T04:57:04+00:00,512,11,18,True,True,True,1790139413
2026-09-23T04:57:04+00:00,619,0,42,True,True,True,1790139413
2026-09-23T04:57:04+00:00,474,1,40,True,True,True,1790139413
2026-09-23T04:57:04+00:00,580,2,43,True,True,True,1790139413
2026-09-23T04:57:04+00:00,496,8,35,True,True,True,1790139413
2026-09-23T04:57:04+00:00,482,3,15,True,True,True,1790139413
2026-09-23T04:57:04+00:00,407,1,11,True,True,True,1790139413
2026-09-23T04:57:04+00:00,409,11,13,True,True,True,1790139413
2026-09-23T04:57:04+00:00,451,9,11,True,True,True,1790139413
2026-09-23T04:57:04+00:00,402,2,18,True,True,True,1790139413
2026-09-23T04:57:04+00:00,516,7,6,True,True,True,1790139413
2026-09-23T04:57:04+00:00,625,13,28,True,True,True,1790139413
2026-09-23T04:57:04+00:00,429,5,15,True,True,True,1790139413
2026-09-23T04:57:04+00:00,380,9,14,True,True,True,1790139413
2026-09-23T04:57:04+00:00,583,8,7,True,True,True,1790139413
2026-09-23T04:57:04+00:00,398,7,6,True,True,True,1790139413
2026-09-23T04:57:04+00:00,381,12,3,True,True,True,1790139413
2026-09-23T04:57:04+00:00,464,21,23,True,True,True,1790139413
2026-09-23T04:57:04+00:00,442,15,3,True,True,True,1790139413
2026-09-23T04:57:04+00:00,483,12,8,True,True,True,1790139413
2026-09-23T04:57:04+00:00,458,5,10,True,True,True,1790139413
2026-09-23T04:57:04+00:00,499,5,11,True,True,True,1790139413
2026-09-23T04:57:04+00:00,472,2,20,True,True,True,1790139413
2026-09-23T04:57:04+00:00,506,6,21,True,True,True,1790139413
2026-09-23T04:57:04+00:00,465,7,22,True,True,True,1790139413
2026-09-23T04:57:04+00:00,611,6,32,True,True,True,1790139413
2026-09-23T04:57:04+00:00,404,4,19,True,True,True,1790139413
2026-09-23T04:57:04+00:00,579,5,10,True,True,True,1790139413
2026-09-23T04:57:04+00:00,589,2,24,True,True,True,1790139413
2026-09-23T04:57:04+00:00,434,3,17,True,True,True,1790139413
2026-09-23T04:57:04+00:00,462,3,10,True,True,True,1790139413
2026-09-23T04:57:04+00:00,578,4,20,True,True,True,1790139413
2026-09-23T04:57:04+00:00,415,1,10,True,True,True,1790139413
2026-09-23T04:57:04+00:00,423,18,2,True,True,True,1790139413
2026-09-23T04:57:04+00:00,412,5,1,True,True,True,1790139413
2026-09-23T04:57:04+00:00,387,10,5,True,True,True,1790139413
2026-09-23T04:57:04+00:00,441,0,15,True,True,True,1790139413
2026-09-23T04:57:04+00:00,454,6,14,True,True,True,1790139413
2026-09-23T04:57:04+00:00,436,4,9,True,True,True,1790139413
2026-09-23T04:57:04+00:00,394,8,12,True,True,True,1790139413
2026-09-23T04:57:04+00:00,497,4,23,True,True,True,1790139413
2026-09-23T04:57:04+00:00,581,14,7,True,True,True,1790139413
2026-09-23T04:57:04+00:00,461,8,11,True,True,True,1790139413
2026-09-23T04:57:04+00:00,599,20,28,True,True,True,1790139413
2026-09-23T04:57:04+00:00,428,6,17,True,True,True,1790139413
2026-09-23T04:57:04+00:00,400,8,15,True,True,True,1790139413
2026-09-23T04:57:04+00:00,487,2,19,True,True,True,1790139413
2026-09-23T04:57:04+00:00,438,3,38,True,True,True,1790139413
2026-09-23T04:57:04+00:00,459,0,9,True,True,True,1790139413
2026-09-23T04:57:04+00:00,433,3,15,True,True,True,1790139413
2026-09-23T04:57:04+00:00,399,18,12,True,True,True,1790139413
2026-09-23T04:57:04+00:00,489,19,9,True,True,True,1790139413
2026-09-23T04:57:04+00:00,742,16,12,True,True,True,1790139413
2026-09-23T04:57:04+00:00,551,12,20,True,True,True,1790139413
2026-09-23T04:57:04+00:00,406,6,6,True,True,True,1790139413
2026-09-23T04:57:04+00:00,488,5,18,True,True,True,1790139413
2026-09-23T04:57:04+00:00,540,7,27,True,True,True,1790139413
2026-09-23T04:57:04+00:00,431,5,14,True,True,True,1790139413
2026-09-23T04:57:04+00:00,393,1,20,True,True,True,1790139413
2026-09-23T04:57:04+00:00,420,5,11,True,True,True,1790139413
2026-09-23T04:57:04+00:00,397,3,30,True,True,True,1790139413
2026-09-23T04:57:04+00:00,390,18,10,True,True,True,1790139413
2026-09-23T04:57:04+00:00,449,3,21,True,True,True,1790139413
2026-09-23T04:57:04+00:00,430,8,33,True,True,True,1790139413
2026-09-23T04:57:04+00:00,484,12,21,True,True,True,1790139413
2026-09-23T04:57:04+00:00,479,4,25,True,True,True,1790139413
2026-09-23T04:57:04+00:00,403,3,9,True,True,True,1790139413
2026-09-23T04:57:04+00:00,435,3,24,True,True,True,1790139413
2026-09-23T04:57:04+00:00,426,18,1,True,True,True,1790139413
2026-09-23T04:57:04+00:00,450,1,13,True,True,True,1790139413
2026-09-23T04:57:04+00:00,456,7,27,True,True,True,1790139413
2026-09-23T04:57:04+00:00,468,13,2,True,True,True,1790139413
2026-09-23T04:57:04+00:00,453,0,31,True,True,True,1790139413
2026-09-23T04:57:04+00:00,466,0,14,True,True,True,1790139413
2026-09-23T04:57:04+00:00,469,1,27,True,True,True,1790139413
2026-09-23T04:57:04+00:00,416,2,12,True,True,True,1790139413
2026-09-23T04:57:04+00:00,391,2,11,True,True,True,1790139413
2026-09-23T04:57:04+00:00,389,1,14,True,True,True,1790139413
2026-09-23T04:57:04+00:00,470,4,11,True,True,True,1790139413
2026-09-23T04:57:04+00:00,384,3,13,True,True,True,1790139413
2026-09-23T04:57:04+00:00,425,4,3,True,True,True,1790139413
2026-09-23T04:57:04+00:00,411,3,9,True,True,True,1790139413
2026-09-23T04:57:04+00:00,598,16,15,True,True,True,1790139413
2026-09-23T04:57:04+00:00,444,13,3,True,True,True,1790139413
2026-09-23T04:57:04+00:00,447,24,5,True,True,True,1790139413
2026-09-23T04:57:04+00:00,408,14,1,True,True,True,1790139413
2026-09-23T04:57:04+00:00,737,18,6,True,True,True,1790139413
2026-09-23T04:57:04+00:00,432,2,9,True,True,True,1790139413
2026-09-23T04:57:04+00:00,401,6,0,True,True,True,1790139413
2026-09-23T04:57:04+00:00,452,0,29,True,True,True,1790139413
2026-09-23T04:57:04+00:00,392,4,3,True,True,True,1790139413
2026-09-23T04:57:04+00:00,481,22,20,True,True,True,1790139413
2026-09-23T04:57:04+00:00,495,24,17,True,True,True,1790139413
2026-09-23T04:57:04+00:00,478,5,8,True,True,True,1790139413
2026-09-23T04:57:04+00:00,414,0,11,True,True,True,1790139413
2026-09-23T04:57:04+00:00,476,11,9,True,True,True,1790139413
2026-09-23T04:57:04+00:00,445,9,7,True,True,True,1790139413
2026-09-23T04:57:04+00:00,748,5,21,True,True,True,1790139413
2026-09-23T04:57:04+00:00,473,1,5,True,True,True,1790139413
2026-09-23T04:57:04+00:00,383,17,10,True,True,True,1790139413
2026-09-23T04:57:04+00:00,480,9,16,True,True,True,1790139413
2026-09-23T04:57:04+00:00,421,16,3,True,True,True,1790139413
2026-09-23T04:57:04+00:00,746,0,8,True,True,True,1790139413
2026-09-23T04:57:04+00:00,417,5,9,True,True,True,1790139413
2026-09-23T04:57:04+00:00,427,7,4,True,True,True,1790139413
2026-09-23T04:57:04+00:00,395,2,11,True,True,True,1790139413
2026-09-23T04:57:04+00:00,418,13,13,True,True,True,1790139413
2026-09-23T04:57:04+00:00,413,3,7,True,True,True,1790139413
2026-09-23T04:57:04+00:00,486,7,15,True,True,True,1790139413
2026-09-23T04:57:04+00:00,597,9,4,True,True,True,1790139413
2026-09-23T04:57:04+00:00,422,8,3,True,True,True,1790139413
2026-09-23T04:57:04+00:00,382,6,1,True,True,True,1790139413
2026-09-23T04:57:04+00:00,396,0,22,True,True,True,1790139413
2026-09-23T04:57:04+00:00,735,13,1,True,True,True,1790139413
2026-09-23T04:57:04+00:00,437,1,22,True,True,True,1790139413
2026-09-23T04:57:04+00:00,446,5,17,True,True,True,1790139413
2026-09-23T04:57:04+00:00,424,4,3,True,True,True,1790139413
2026-09-23T04:57:04+00:00,455,10,2,True,True,True,1790139413
2026-09-23T04:57:04+00:00,457,3,6,True,True,True,1790139413
2026-09-23T04:57:04+00:00,377,5,21,True,True,True,1790139413
2026-09-23T04:57:04+00:00,738,11,1,True,True,True,1790139413
2026-09-23T04:57:04+00:00,460,25,1,True,True,True,1790139413
2026-09-23T04:57:04+00:00,744,5,3,True,True,True,1790139413
2026-09-23T04:57:04+00:00,485,10,7,True,True,True,1790139413
2026-09-23T05:12:04+00:00,6026,5,29,True,True,True,1790140322
2026-09-23T05:12:04+00:00,5431,1,20,True,True,True,1790140322
2026-09-23T05:12:04+00:00,5424,2,14,True,True,True,1790140322
2026-09-23T05:12:04+00:00,5220,0,19,True,True,True,1790140322
2026-09-23T05:12:04+00:00,5217,1,27,True,True,True,1790140322
2026-09-23T05:12:04+00:00,5113,6,6,True,True,True,1790140322
2026-09-23T05:12:04+00:00,4683,0,21,True,True,True,1790140322
2026-09-23T05:12:04+00:00,4552,0,18,True,True,True,1790140322
2026-09-23T05:12:04+00:00,3725,2,14,True,True,True,1790140322
2026-09-23T05:12:04+00:00,2358,1,10,True,True,True,1790140322
2026-09-23T05:12:04+00:00,2357,17,6,True,True,True,1790140322
2026-09-23T05:12:04+00:00,2355,1,10,True,True,True,1790140322
2026-09-23T05:12:04+00:00,2351,1,14,True,True,True,1790140322
2026-09-23T05:12:04+00:00,2350,0,24,True,True,True,1790140322
2026-09-23T05:12:04+00:00,2349,2,19,True,True,True,1790140322
2026-09-23T05:12:04+00:00,2347,3,26,True,True,True,1790140322
2026-09-23T05:12:04+00:00,2340,22,3,True,True,True,1790140322
2026-09-23T05:12:04+00:00,2339,22,7,True,True,True,1790140322
2026-09-23T05:12:04+00:00,2337,9,5,True,True,True,1790140322
2026-09-23T05:12:04+00:00,2334,1,11,True,True,True,1790140322
2026-09-23T05:12:04+00:00,2333,13,2,True,True,True,1790140322
2026-09-23T05:12:04+00:00,2332,2,9,True,True,True,1790140322
2026-09-23T05:12:04+00:00,2330,12,1,True,True,True,1790140322
2026-09-23T05:12:04+00:00,2329,8,7,True,True,True,1790140322
2026-09-23T05:12:04+00:00,2328,9,10,True,True,True,1790140322
2026-09-23T05:12:04+00:00,2315,16,1,True,True,True,1790140322
2026-09-23T05:12:04+00:00,2308,4,3,True,True,True,1790140322
2026-09-23T05:12:04+00:00,2307,3,27,True,True,True,1790140322
2026-09-23T05:12:04+00:00,2306,1,17,True,True,True,1790140322
2026-09-23T05:12:04+00:00,2305,6,7,True,True,True,1790140322
2026-09-23T05:12:04+00:00,2304,10,7,True,True,True,1790140322
2026-09-23T05:12:04+00:00,2280,12,0,True,True,True,1790140322
2026-09-23T05:12:04+00:00,2270,2,18,True,True,True,1790140322
2026-09-23T05:12:04+00:00,1919,1,5,True,True,True,1790140322
2026-09-23T05:12:04+00:00,1755,12,21,True,True,True,1790140322
2026-09-23T05:12:04+00:00,1101,13,9,True,True,True,1790140322
2026-09-23T05:12:04+00:00,1023,6,9,True,True,True,1790140322
2026-09-23T05:12:04+00:00,1009,3,6,True,True,True,1790140322
2026-09-23T05:12:04+00:00,970,10,14,True,True,True,1790140322
2026-09-23T05:12:04+00:00,787,7,5,True,True,True,1790140322
2026-09-23T05:12:04+00:00,627,12,16,True,True,True,1790140322
2026-09-23T05:12:04+00:00,623,7,11,True,True,True,1790140322
2026-09-23T05:12:04+00:00,624,2,16,True,True,True,1790140322
2026-09-23T05:12:04+00:00,626,5,18,True,True,True,1790140322
2026-09-23T05:12:04+00:00,614,5,19,True,True,True,1790140322
2026-09-23T05:12:04+00:00,616,11,4,True,True,True,1790140322
2026-09-23T05:12:04+00:00,618,0,40,True,True,True,1790140322
2026-09-23T05:12:04+00:00,621,13,14,True,True,True,1790140322
2026-09-23T05:12:04+00:00,622,5,19,True,True,True,1790140322
2026-09-23T05:12:04+00:00,613,7,10,True,True,True,1790140322
2026-09-23T05:12:04+00:00,620,17,19,True,True,True,1790140322
2026-09-23T05:12:04+00:00,596,8,10,True,True,True,1790140322
2026-09-23T05:12:04+00:00,617,9,7,True,True,True,1790140322
2026-09-23T05:12:04+00:00,609,3,23,True,True,True,1790140322
2026-09-23T05:12:04+00:00,607,18,10,True,True,True,1790140322
2026-09-23T05:12:04+00:00,603,3,13,True,True,True,1790140322
2026-09-23T05:12:04+00:00,590,2,36,True,True,True,1790140322
2026-09-23T05:12:04+00:00,610,14,6,True,True,True,1790140322
2026-09-23T05:12:04+00:00,608,4,16,True,True,True,1790140322
2026-09-23T05:12:04+00:00,593,16,13,True,True,True,1790140322
2026-09-23T05:12:04+00:00,530,7,0,True,True,True,1790140322
2026-09-23T05:12:04+00:00,463,18,1,True,True,True,1790140322
2026-09-23T05:12:04+00:00,475,17,6,True,True,True,1790140322
2026-09-23T05:12:04+00:00,439,3,20,True,True,True,1790140322
2026-09-23T05:12:04+00:00,600,7,3,True,True,True,1790140322
2026-09-23T05:12:04+00:00,440,14,2,True,True,True,1790140322
2026-09-23T05:12:04+00:00,612,8,8,True,True,True,1790140322
2026-09-23T05:12:04+00:00,491,12,6,True,True,True,1790140322
2026-09-23T05:12:04+00:00,493,16,10,True,True,True,1790140322
2026-09-23T05:12:04+00:00,410,23,2,True,True,True,1790140322
2026-09-23T05:12:04+00:00,605,0,18,True,True,True,1790140322
2026-09-23T05:12:04+00:00,388,5,13,True,True,True,1790140322
2026-09-23T05:12:04+00:00,591,1,23,True,True,True,1790140322
2026-09-23T05:12:04+00:00,592,5,12,True,True,True,1790140322
2026-09-23T05:12:04+00:00,585,15,1,True,True,True,1790140322
2026-09-23T05:12:04+00:00,565,5,12,True,True,True,1790140322
2026-09-23T05:12:04+00:00,571,0,19,True,True,True,1790140322
2026-09-23T05:12:04+00:00,568,3,12,True,True,True,1790140322
2026-09-23T05:12:04+00:00,588,1,19,True,True,True,1790140322
2026-09-23T05:12:04+00:00,584,6,28,True,True,True,1790140322
2026-09-23T05:12:04+00:00,569,14,15,True,True,True,1790140322
2026-09-23T05:12:04+00:00,577,1,28,True,True,True,1790140322
2026-09-23T05:12:04+00:00,564,0,28,True,True,True,1790140322
2026-09-23T05:12:04+00:00,570,5,9,True,True,True,1790140322
2026-09-23T05:12:04+00:00,572,5,30,True,True,True,1790140322
2026-09-23T05:12:04+00:00,586,25,0,True,True,True,1790140322
2026-09-23T05:12:04+00:00,576,15,3,True,True,True,1790140322
2026-09-23T05:12:04+00:00,566,16,7,True,True,True,1790140322
2026-09-23T05:12:04+00:00,602,2,15,True,True,True,1790140322
2026-09-23T05:12:04+00:00,575,0,27,True,True,True,1790140322
2026-09-23T05:12:04+00:00,567,1,37,True,True,True,1790140322
2026-09-23T05:12:04+00:00,582,2,24,True,True,True,1790140322
2026-09-23T05:12:04+00:00,595,8,14,True,True,True,1790140322
2026-09-23T05:12:04+00:00,542,9,10,True,True,True,1790140322
2026-09-23T05:12:04+00:00,563,10,5,True,True,True,1790140322
2026-09-23T05:12:04+00:00,558,10,3,True,True,True,1790140322
2026-09-23T05:12:04+00:00,552,18,0,True,True,True,1790140322
2026-09-23T05:12:04+00:00,555,8,7,True,True,True,1790140322
2026-09-23T05:12:04+00:00,573,16,8,True,True,True,1790140322
2026-09-23T05:12:04+00:00,561,15,7,True,True,True,1790140322
2026-09-23T05:12:04+00:00,615,21,0,True,True,True,1790140322
2026-09-23T05:12:04+00:00,543,0,20,True,True,True,1790140322
2026-09-23T05:12:04+00:00,554,0,18,True,True,True,1790140322
2026-09-23T05:12:04+00:00,574,2,10,True,True,True,1790140322
2026-09-23T05:12:04+00:00,560,3,4,True,True,True,1790140322
2026-09-23T05:12:04+00:00,548,2,15,True,True,True,1790140322
2026-09-23T05:12:04+00:00,559,14,3,True,True,True,1790140322
2026-09-23T05:12:04+00:00,545,14,24,True,True,True,1790140322
2026-09-23T05:12:04+00:00,550,0,8,True,True,True,1790140322
2026-09-23T05:12:04+00:00,541,6,6,True,True,True,1790140322
2026-09-23T05:12:04+00:00,527,6,5,True,True,True,1790140322
2026-09-23T05:12:04+00:00,529,2,18,True,True,True,1790140322
2026-09-23T05:12:04+00:00,526,5,7,True,True,True,1790140322
2026-09-23T05:12:04+00:00,537,7,11,True,True,True,1790140322
2026-09-23T05:12:04+00:00,547,9,21,True,True,True,1790140322
2026-09-23T05:12:04+00:00,601,0,18,True,True,True,1790140322
2026-09-23T05:12:04+00:00,533,4,7,True,True,True,1790140322
2026-09-23T05:12:04+00:00,535,0,26,True,True,True,1790140322
2026-09-23T05:12:04+00:00,524,2,17,True,True,True,1790140322
2026-09-23T05:12:04+00:00,519,21,2,True,True,True,1790140322
2026-09-23T05:12:04+00:00,534,12,26,True,True,True,1790140322
2026-09-23T05:12:04+00:00,521,11,2,True,True,True,1790140322
2026-09-23T05:12:04+00:00,518,1,15,True,True,True,1790140322
2026-09-23T05:12:04+00:00,556,2,15,True,True,True,1790140322
2026-09-23T05:12:04+00:00,525,0,15,True,True,True,1790140322
2026-09-23T05:12:04+00:00,517,2,13,True,True,True,1790140322
2026-09-23T05:12:04+00:00,523,5,24,True,True,True,1790140322
2026-09-23T05:12:04+00:00,522,8,1,True,True,True,1790140322
2026-09-23T05:12:04+00:00,594,6,12,True,True,True,1790140322
2026-09-23T05:12:04+00:00,532,10,11,True,True,True,1790140322
2026-09-23T05:12:04+00:00,509,0,12,True,True,True,1790140322
2026-09-23T05:12:04+00:00,531,2,12,True,True,True,1790140322
2026-09-23T05:12:04+00:00,536,0,8,True,True,True,1790140322
2026-09-23T05:12:04+00:00,562,2,38,True,True,True,1790140322
2026-09-23T05:12:04+00:00,511,3,15,True,True,True,1790140322
2026-09-23T05:12:04+00:00,505,7,14,True,True,True,1790140322
2026-09-23T05:12:04+00:00,501,3,13,True,True,True,1790140322
2026-09-23T05:12:04+00:00,514,10,2,True,True,True,1790140322
2026-09-23T05:12:04+00:00,500,0,17,True,True,True,1790140322
2026-09-23T05:12:04+00:00,503,25,5,True,True,True,1790140322
2026-09-23T05:12:04+00:00,513,0,15,True,True,True,1790140322
2026-09-23T05:12:04+00:00,498,1,11,True,True,True,1790140322
2026-09-23T05:12:04+00:00,507,15,5,True,True,True,1790140322
2026-09-23T05:12:04+00:00,512,11,18,True,True,True,1790140322
2026-09-23T05:12:04+00:00,619,0,42,True,True,True,1790140322
2026-09-23T05:12:04+00:00,474,1,40,True,True,True,1790140322
2026-09-23T05:12:04+00:00,580,2,43,True,True,True,1790140322
2026-09-23T05:12:04+00:00,496,8,35,True,True,True,1790140322
2026-09-23T05:12:04+00:00,482,2,16,True,True,True,1790140322
2026-09-23T05:12:04+00:00,407,1,11,True,True,True,1790140322
2026-09-23T05:12:04+00:00,409,11,13,True,True,True,1790140322
2026-09-23T05:12:04+00:00,451,7,12,True,True,True,1790140322
2026-09-23T05:12:04+00:00,402,2,18,True,True,True,1790140322
2026-09-23T05:12:04+00:00,516,6,7,True,True,True,1790140322
2026-09-23T05:12:04+00:00,625,13,28,True,True,True,1790140322
2026-09-23T05:12:04+00:00,429,5,15,True,True,True,1790140322
2026-09-23T05:12:04+00:00,380,15,8,True,True,True,1790140322
2026-09-23T05:12:04+00:00,583,8,7,True,True,True,1790140322
2026-09-23T05:12:04+00:00,398,5,8,True,True,True,1790140322
2026-09-23T05:12:04+00:00,381,12,3,True,True,True,1790140322
2026-09-23T05:12:04+00:00,464,22,22,True,True,True,1790140322
2026-09-23T05:12:04+00:00,442,15,3,True,True,True,1790140322
2026-09-23T05:12:04+00:00,483,12,8,True,True,True,1790140322
2026-09-23T05:12:04+00:00,458,5,10,True,True,True,1790140322
2026-09-23T05:12:04+00:00,499,5,11,True,True,True,1790140322
2026-09-23T05:12:04+00:00,472,2,20,True,True,True,1790140322
2026-09-23T05:12:04+00:00,506,6,21,True,True,True,1790140322
2026-09-23T05:12:04+00:00,465,9,20,True,True,True,1790140322
2026-09-23T05:12:04+00:00,611,6,32,True,True,True,1790140322
2026-09-23T05:12:04+00:00,404,5,18,True,True,True,1790140322
2026-09-23T05:12:04+00:00,579,4,11,True,True,True,1790140322
2026-09-23T05:12:04+00:00,589,2,24,True,True,True,1790140322
2026-09-23T05:12:04+00:00,434,3,17,True,True,True,1790140322
2026-09-23T05:12:04+00:00,462,3,10,True,True,True,1790140322
2026-09-23T05:12:04+00:00,578,4,20,True,True,True,1790140322
2026-09-23T05:12:04+00:00,415,1,10,True,True,True,1790140322
2026-09-23T05:12:04+00:00,423,17,3,True,True,True,1790140322
2026-09-23T05:12:04+00:00,412,5,1,True,True,True,1790140322
2026-09-23T05:12:04+00:00,387,11,4,True,True,True,1790140322
2026-09-23T05:12:04+00:00,441,0,15,True,True,True,1790140322
2026-09-23T05:12:04+00:00,454,6,14,True,True,True,1790140322
2026-09-23T05:12:04+00:00,436,4,9,True,True,True,1790140322
2026-09-23T05:12:04+00:00,394,7,13,True,True,True,1790140322
2026-09-23T05:12:04+00:00,497,4,23,True,True,True,1790140322
2026-09-23T05:12:04+00:00,581,14,7,True,True,True,1790140322
2026-09-23T05:12:04+00:00,461,8,11,True,True,True,1790140322
2026-09-23T05:12:04+00:00,599,20,28,True,True,True,1790140322
2026-09-23T05:12:04+00:00,428,6,17,True,True,True,1790140322
2026-09-23T05:12:04+00:00,400,8,15,True,True,True,1790140322
2026-09-23T05:12:04+00:00,487,2,19,True,True,True,1790140322
2026-09-23T05:12:04+00:00,438,2,39,True,True,True,1790140322
2026-09-23T05:12:04+00:00,459,0,9,True,True,True,1790140322
2026-09-23T05:12:04+00:00,433,4,14,True,True,True,1790140322
2026-09-23T05:12:04+00:00,399,18,12,True,True,True,1790140322
2026-09-23T05:12:04+00:00,489,19,9,True,True,True,1790140322
2026-09-23T05:12:04+00:00,742,15,13,True,True,True,1790140322
2026-09-23T05:12:04+00:00,551,10,22,True,True,True,1790140322
2026-09-23T05:12:04+00:00,406,6,6,True,True,True,1790140322
2026-09-23T05:12:04+00:00,488,5,18,True,True,True,1790140322
2026-09-23T05:12:04+00:00,540,7,27,True,True,True,1790140322
2026-09-23T05:12:04+00:00,431,5,14,True,True,True,1790140322
2026-09-23T05:12:04+00:00,393,1,20,True,True,True,1790140322
2026-09-23T05:12:04+00:00,420,5,11,True,True,True,1790140322
2026-09-23T05:12:04+00:00,397,5,28,True,True,True,1790140322
2026-09-23T05:12:04+00:00,390,19,9,True,True,True,1790140322
2026-09-23T05:12:04+00:00,449,3,21,True,True,True,1790140322
2026-09-23T05:12:04+00:00,430,8,33,True,True,True,1790140322
2026-09-23T05:12:04+00:00,484,12,21,True,True,True,1790140322
2026-09-23T05:12:04+00:00,479,5,24,True,True,True,1790140322
2026-09-23T05:12:04+00:00,403,3,9,True,True,True,1790140322
2026-09-23T05:12:04+00:00,435,5,22,True,True,True,1790140322
2026-09-23T05:12:04+00:00,426,18,1,True,True,True,1790140322
2026-09-23T05:12:04+00:00,450,0,14,True,True,True,1790140322
2026-09-23T05:12:04+00:00,456,6,28,True,True,True,1790140322
2026-09-23T05:12:04+00:00,468,13,2,True,True,True,1790140322
2026-09-23T05:12:04+00:00,453,0,31,True,True,True,1790140322
2026-09-23T05:12:04+00:00,466,0,14,True,True,True,1790140322
2026-09-23T05:12:04+00:00,469,1,27,True,True,True,1790140322
2026-09-23T05:12:04+00:00,416,2,12,True,True,True,1790140322
2026-09-23T05:12:04+00:00,391,2,11,True,True,True,1790140322
2026-09-23T05:12:04+00:00,389,1,14,True,True,True,1790140322
2026-09-23T05:12:04+00:00,470,4,11,True,True,True,1790140322
2026-09-23T05:12:04+00:00,384,3,13,True,True,True,1790140322
2026-09-23T05:12:04+00:00,425,4,3,True,True,True,1790140322
2026-09-23T05:12:04+00:00,411,3,9,True,True,True,1790140322
2026-09-23T05:12:04+00:00,598,14,17,True,True,True,1790140322
2026-09-23T05:12:04+00:00,444,11,5,True,True,True,1790140322
2026-09-23T05:12:04+00:00,447,23,6,True,True,True,1790140322
2026-09-23T05:12:04+00:00,408,14,1,True,True,True,1790140322
2026-09-23T05:12:04+00:00,737,19,5,True,True,True,1790140322
2026-09-23T05:12:04+00:00,432,2,9,True,True,True,1790140322
2026-09-23T05:12:04+00:00,401,6,0,True,True,True,1790140322
2026-09-23T05:12:04+00:00,452,1,28,True,True,True,1790140322
2026-09-23T05:12:04+00:00,392,6,1,True,True,True,1790140322
2026-09-23T05:12:04+00:00,481,22,20,True,True,True,1790140322
2026-09-23T05:12:04+00:00,495,24,17,True,True,True,1790140322
2026-09-23T05:12:04+00:00,478,8,5,True,True,True,1790140322
2026-09-23T05:12:04+00:00,414,1,10,True,True,True,1790140322
2026-09-23T05:12:04+00:00,476,11,9,True,True,True,1790140322
2026-09-23T05:12:04+00:00,445,9,7,True,True,True,1790140322
2026-09-23T05:12:04+00:00,748,5,21,True,True,True,1790140322
2026-09-23T05:12:04+00:00,473,1,5,True,True,True,1790140322
2026-09-23T05:12:04+00:00,383,16,11,True,True,True,1790140322
2026-09-23T05:12:04+00:00,480,9,16,True,True,True,1790140322
2026-09-23T05:12:04+00:00,421,15,4,True,True,True,1790140322
2026-09-23T05:12:04+00:00,746,1,7,True,True,True,1790140322
2026-09-23T05:12:04+00:00,417,4,10,True,True,True,1790140322
2026-09-23T05:12:04+00:00,427,7,4,True,True,True,1790140322
2026-09-23T05:12:04+00:00,395,1,12,True,True,True,1790140322
2026-09-23T05:12:04+00:00,418,13,13,True,True,True,1790140322
2026-09-23T05:12:04+00:00,413,3,7,True,True,True,1790140322
2026-09-23T05:12:04+00:00,486,7,15,True,True,True,1790140322
2026-09-23T05:12:04+00:00,597,8,5,True,True,True,1790140322
2026-09-23T05:12:04+00:00,422,8,3,True,True,True,1790140322
2026-09-23T05:12:04+00:00,382,6,1,True,True,True,1790140322
2026-09-23T05:12:04+00:00,396,3,19,True,True,True,1790140322
2026-09-23T05:12:04+00:00,735,12,2,True,True,True,1790140322
2026-09-23T05:12:04+00:00,437,1,22,True,True,True,1790140322
2026-09-23T05:12:04+00:00,446,7,15,True,True,True,1790140322
2026-09-23T05:12:04+00:00,424,3,4,True,True,True,1790140322
2026-09-23T05:12:04+00:00,455,9,3,True,True,True,1790140322
2026-09-23T05:12:04+00:00,457,3,6,True,True,True,1790140322
2026-09-23T05:12:04+00:00,377,5,21,True,True,True,1790140322
2026-09-23T05:12:04+00:00,738,11,1,True,True,True,1790140322
2026-09-23T05:12:04+00:00,460,25,1,True,True,True,1790140322
2026-09-23T05:12:04+00:00,744,4,4,True,True,True,1790140322
2026-09-23T05:12:04+00:00,485,10,7,True,True,True,1790140322
2026-09-23T05:27:04+00:00,6026,5,29,True,True,True,1790141224
2026-09-23T05:27:04+00:00,5431,1,20,True,True,True,1790141224
2026-09-23T05:27:04+00:00,5424,2,14,True,True,True,1790141224
2026-09-23T05:27:04+00:00,5220,0,19,True,True,True,1790141224
2026-09-23T05:27:04+00:00,5217,1,27,True,True,True,1790141224
2026-09-23T05:27:04+00:00,5113,5,7,True,True,True,1790141224
2026-09-23T05:27:04+00:00,4683,0,21,True,True,True,1790141224
2026-09-23T05:27:04+00:00,4552,0,18,True,True,True,1790141224
2026-09-23T05:27:04+00:00,3725,2,14,True,True,True,1790141224
2026-09-23T05:27:04+00:00,2358,2,9,True,True,True,1790141224
2026-09-23T05:27:04+00:00,2357,16,7,True,True,True,1790141224
2026-09-23T05:27:04+00:00,2355,1,10,True,True,True,1790141224
2026-09-23T05:27:04+00:00,2351,1,14,True,True,True,1790141224
2026-09-23T05:27:04+00:00,2350,0,24,True,True,True,1790141224
2026-09-23T05:27:04+00:00,2349,2,19,True,True,True,1790141224
2026-09-23T05:27:04+00:00,2347,3,26,True,True,True,1790141224
2026-09-23T05:27:04+00:00,2340,22,3,True,True,True,1790141224
2026-09-23T05:27:04+00:00,2339,23,6,True,True,True,1790141224
2026-09-23T05:27:04+00:00,2337,9,5,True,True,True,1790141224
2026-09-23T05:27:04+00:00,2334,1,11,True,True,True,1790141224
2026-09-23T05:27:04+00:00,2333,13,2,True,True,True,1790141224
2026-09-23T05:27:04+00:00,2332,2,9,True,True,True,1790141224
2026-09-23T05:27:04+00:00,2330,12,1,True,True,True,1790141224
2026-09-23T05:27:04+00:00,2329,8,7,True,True,True,1790141224
2026-09-23T05:27:04+00:00,2328,13,5,True,True,True,1790141224
2026-09-23T05:27:04+00:00,2315,17,0,True,True,True,1790141224
2026-09-23T05:27:04+00:00,2308,6,1,True,True,True,1790141224
2026-09-23T05:27:04+00:00,2307,3,27,True,True,True,1790141224
2026-09-23T05:27:04+00:00,2306,1,17,True,True,True,1790141224
2026-09-23T05:27:04+00:00,2305,5,9,True,True,True,1790141224
2026-09-23T05:27:04+00:00,2304,9,8,True,True,True,1790141224
2026-09-23T05:27:04+00:00,2280,11,0,True,True,True,1790141224
2026-09-23T05:27:04+00:00,2270,2,18,True,True,True,1790141224
2026-09-23T05:27:04+00:00,1919,1,5,True,True,True,1790141224
2026-09-23T05:27:04+00:00,1755,13,20,True,True,True,1790141224
2026-09-23T05:27:04+00:00,1101,13,9,True,True,True,1790141224
2026-09-23T05:27:04+00:00,1023,6,9,True,True,True,1790141224
2026-09-23T05:27:04+00:00,1009,3,6,True,True,True,1790141224
2026-09-23T05:27:04+00:00,970,10,14,True,True,True,1790141224
2026-09-23T05:27:04+00:00,787,7,5,True,True,True,1790141224
2026-09-23T05:27:04+00:00,627,12,16,True,True,True,1790141224
2026-09-23T05:27:04+00:00,623,11,7,True,True,True,1790141224
2026-09-23T05:27:04+00:00,624,2,16,True,True,True,1790141224
2026-09-23T05:27:04+00:00,626,5,18,True,True,True,1790141224
2026-09-23T05:27:04+00:00,614,5,19,True,True,True,1790141224
2026-09-23T05:27:04+00:00,616,12,3,True,True,True,1790141224
2026-09-23T05:27:04+00:00,618,0,40,True,True,True,1790141224
2026-09-23T05:27:04+00:00,621,11,16,True,True,True,1790141224
2026-09-23T05:27:04+00:00,622,4,20,True,True,True,1790141224
2026-09-23T05:27:04+00:00,613,6,11,True,True,True,1790141224
2026-09-23T05:27:04+00:00,620,15,21,True,True,True,1790141224
2026-09-23T05:27:04+00:00,596,7,11,True,True,True,1790141224
2026-09-23T05:27:04+00:00,617,9,7,True,True,True,1790141224
2026-09-23T05:27:04+00:00,609,3,23,True,True,True,1790141224
2026-09-23T05:27:04+00:00,607,17,11,True,True,True,1790141224
2026-09-23T05:27:04+00:00,603,3,13,True,True,True,1790141224
2026-09-23T05:27:04+00:00,590,3,35,True,True,True,1790141224
2026-09-23T05:27:04+00:00,610,14,6,True,True,True,1790141224
2026-09-23T05:27:04+00:00,608,4,16,True,True,True,1790141224
2026-09-23T05:27:04+00:00,593,16,13,True,True,True,1790141224
2026-09-23T05:27:04+00:00,530,7,0,True,True,True,1790141224
2026-09-23T05:27:04+00:00,463,16,3,True,True,True,1790141224
2026-09-23T05:27:04+00:00,475,17,6,True,True,True,1790141224
2026-09-23T05:27:04+00:00,439,2,21,True,True,True,1790141224
2026-09-23T05:27:04+00:00,600,7,3,True,True,True,1790141224
2026-09-23T05:27:04+00:00,440,14,2,True,True,True,1790141224
2026-09-23T05:27:04+00:00,612,6,10,True,True,True,1790141224
2026-09-23T05:27:04+00:00,491,13,5,True,True,True,1790141224
2026-09-23T05:27:04+00:00,493,13,13,True,True,True,1790141224
2026-09-23T05:27:04+00:00,410,23,2,True,True,True,1790141224
2026-09-23T05:27:04+00:00,605,0,18,True,True,True,1790141224
2026-09-23T05:27:04+00:00,388,5,13,True,True,True,1790141224
2026-09-23T05:27:04+00:00,591,1,23,True,True,True,1790141224
2026-09-23T05:27:04+00:00,592,5,12,True,True,True,1790141224
2026-09-23T05:27:04+00:00,585,15,1,True,True,True,1790141224
2026-09-23T05:27:04+00:00,565,5,12,True,True,True,1790141224
2026-09-23T05:27:04+00:00,571,0,19,True,True,True,1790141224
2026-09-23T05:27:04+00:00,568,2,13,True,True,True,1790141224
2026-09-23T05:27:04+00:00,588,1,19,True,True,True,1790141224
2026-09-23T05:27:04+00:00,584,5,29,True,True,True,1790141224
2026-09-23T05:27:04+00:00,569,12,17,True,True,True,1790141224
2026-09-23T05:27:04+00:00,577,1,28,True,True,True,1790141224
2026-09-23T05:27:04+00:00,564,1,27,True,True,True,1790141224
2026-09-23T05:27:04+00:00,570,5,9,True,True,True,1790141224
2026-09-23T05:27:04+00:00,572,5,30,True,True,True,1790141224
2026-09-23T05:27:04+00:00,586,24,0,True,True,True,1790141224
2026-09-23T05:27:04+00:00,576,15,3,True,True,True,1790141224
2026-09-23T05:27:04+00:00,566,17,6,True,True,True,1790141224
2026-09-23T05:27:04+00:00,602,1,16,True,True,True,1790141224
2026-09-23T05:27:04+00:00,575,1,26,True,True,True,1790141224
2026-09-23T05:27:04+00:00,567,1,37,True,True,True,1790141224
2026-09-23T05:27:04+00:00,582,3,23,True,True,True,1790141224
2026-09-23T05:27:04+00:00,595,8,14,True,True,True,1790141224
2026-09-23T05:27:04+00:00,542,9,10,True,True,True,1790141224
2026-09-23T05:27:04+00:00,563,10,5,True,True,True,1790141224
2026-09-23T05:27:04+00:00,558,9,4,True,True,True,1790141224
2026-09-23T05:27:04+00:00,552,11,7,True,True,True,1790141224
2026-09-23T05:27:04+00:00,555,7,7,True,True,True,1790141224
2026-09-23T05:27:04+00:00,573,17,7,True,True,True,1790141224
2026-09-23T05:27:04+00:00,561,14,8,True,True,True,1790141224
2026-09-23T05:27:04+00:00,615,21,0,True,True,True,1790141224
2026-09-23T05:27:04+00:00,543,0,20,True,True,True,1790141224
2026-09-23T05:27:04+00:00,554,0,18,True,True,True,1790141224
2026-09-23T05:27:04+00:00,574,2,10,True,True,True,1790141224
2026-09-23T05:27:04+00:00,560,3,4,True,True,True,1790141224
2026-09-23T05:27:04+00:00,548,2,15,True,True,True,1790141224
2026-09-23T05:27:04+00:00,559,16,1,True,True,True,1790141224
2026-09-23T05:27:04+00:00,545,14,24,True,True,True,1790141224
2026-09-23T05:27:04+00:00,550,0,8,True,True,True,1790141224
2026-09-23T05:27:04+00:00,541,6,6,True,True,True,1790141224
2026-09-23T05:27:04+00:00,527,6,5,True,True,True,1790141224
2026-09-23T05:27:04+00:00,529,2,18,True,True,True,1790141224
2026-09-23T05:27:04+00:00,526,5,7,True,True,True,1790141224
2026-09-23T05:27:04+00:00,537,9,9,True,True,True,1790141224
2026-09-23T05:27:04+00:00,547,9,21,True,True,True,1790141224
2026-09-23T05:27:04+00:00,601,0,18,True,True,True,1790141224
2026-09-23T05:27:04+00:00,533,4,7,True,True,True,1790141224
2026-09-23T05:27:04+00:00,535,0,26,True,True,True,1790141224
2026-09-23T05:27:04+00:00,524,2,17,True,True,True,1790141224
2026-09-23T05:27:04+00:00,519,21,2,True,True,True,1790141224
2026-09-23T05:27:04+00:00,534,11,27,True,True,True,1790141224
2026-09-23T05:27:04+00:00,521,11,2,True,True,True,1790141224
2026-09-23T05:27:04+00:00,518,0,16,True,True,True,1790141224
2026-09-23T05:27:04+00:00,556,2,15,True,True,True,1790141224
2026-09-23T05:27:04+00:00,525,0,15,True,True,True,1790141224
2026-09-23T05:27:04+00:00,517,2,13,True,True,True,1790141224
2026-09-23T05:27:04+00:00,523,5,24,True,True,True,1790141224
2026-09-23T05:27:04+00:00,522,8,1,True,True,True,1790141224
2026-09-23T05:27:04+00:00,594,5,13,True,True,True,1790141224
2026-09-23T05:27:04+00:00,532,10,11,True,True,True,1790141224
2026-09-23T05:27:04+00:00,509,1,11,True,True,True,1790141224
2026-09-23T05:27:04+00:00,531,2,12,True,True,True,1790141224
2026-09-23T05:27:04+00:00,536,0,8,True,True,True,1790141224
2026-09-23T05:27:04+00:00,562,2,38,True,True,True,1790141224
2026-09-23T05:27:04+00:00,511,4,14,True,True,True,1790141224
2026-09-23T05:27:04+00:00,505,6,15,True,True,True,1790141224
2026-09-23T05:27:04+00:00,501,3,13,True,True,True,1790141224
2026-09-23T05:27:04+00:00,514,9,3,True,True,True,1790141224
2026-09-23T05:27:04+00:00,500,0,17,True,True,True,1790141224
2026-09-23T05:27:04+00:00,503,25,5,True,True,True,1790141224
2026-09-23T05:27:04+00:00,513,0,15,True,True,True,1790141224
2026-09-23T05:27:04+00:00,498,1,11,True,True,True,1790141224
2026-09-23T05:27:04+00:00,507,15,5,True,True,True,1790141224
2026-09-23T05:27:04+00:00,512,10,19,True,True,True,1790141224
2026-09-23T05:27:04+00:00,619,0,42,True,True,True,1790141224
2026-09-23T05:27:04+00:00,474,1,40,True,True,True,1790141224
2026-09-23T05:27:04+00:00,580,22,23,True,True,True,1790141224
2026-09-23T05:27:04+00:00,496,8,35,True,True,True,1790141224
2026-09-23T05:27:04+00:00,482,2,16,True,True,True,1790141224
2026-09-23T05:27:04+00:00,407,1,11,True,True,True,1790141224
2026-09-23T05:27:04+00:00,409,11,13,True,True,True,1790141224
2026-09-23T05:27:04+00:00,451,6,13,True,True,True,1790141224
2026-09-23T05:27:04+00:00,402,2,18,True,True,True,1790141224
2026-09-23T05:27:04+00:00,516,5,8,True,True,True,1790141224
2026-09-23T05:27:04+00:00,625,13,28,True,True,True,1790141224
2026-09-23T05:27:04+00:00,429,5,15,True,True,True,1790141224
2026-09-23T05:27:04+00:00,380,13,10,True,True,True,1790141224
2026-09-23T05:27:04+00:00,583,7,8,True,True,True,1790141224
2026-09-23T05:27:04+00:00,398,4,9,True,True,True,1790141224
2026-09-23T05:27:04+00:00,381,12,3,True,True,True,1790141224
2026-09-23T05:27:04+00:00,464,20,24,True,True,True,1790141224
2026-09-23T05:27:04+00:00,442,15,3,True,True,True,1790141224
2026-09-23T05:27:04+00:00,483,12,8,True,True,True,1790141224
2026-09-23T05:27:04+00:00,458,4,11,True,True,True,1790141224
2026-09-23T05:27:04+00:00,499,3,13,True,True,True,1790141224
2026-09-23T05:27:04+00:00,472,2,20,True,True,True,1790141224
2026-09-23T05:27:04+00:00,506,6,21,True,True,True,1790141224
2026-09-23T05:27:04+00:00,465,11,18,True,True,True,1790141224
2026-09-23T05:27:04+00:00,611,7,31,True,True,True,1790141224
2026-09-23T05:27:04+00:00,404,5,18,True,True,True,1790141224
2026-09-23T05:27:04+00:00,579,2,13,True,True,True,1790141224
2026-09-23T05:27:04+00:00,589,2,24,True,True,True,1790141224
2026-09-23T05:27:04+00:00,434,5,15,True,True,True,1790141224
2026-09-23T05:27:04+00:00,462,3,10,True,True,True,1790141224
2026-09-23T05:27:04+00:00,578,4,20,True,True,True,1790141224
2026-09-23T05:27:04+00:00,415,1,10,True,True,True,1790141224
2026-09-23T05:27:04+00:00,423,16,4,True,True,True,1790141224
2026-09-23T05:27:04+00:00,412,4,2,True,True,True,1790141224
2026-09-23T05:27:04+00:00,387,11,4,True,True,True,1790141224
2026-09-23T05:27:04+00:00,441,0,15,True,True,True,1790141224
2026-09-23T05:27:04+00:00,454,6,14,True,True,True,1790141224
2026-09-23T05:27:04+00:00,436,4,9,True,True,True,1790141224
2026-09-23T05:27:04+00:00,394,6,14,True,True,True,1790141224
2026-09-23T05:27:04+00:00,497,4,23,True,True,True,1790141224
2026-09-23T05:27:04+00:00,581,12,9,True,True,True,1790141224
2026-09-23T05:27:04+00:00,461,8,11,True,True,True,1790141224
2026-09-23T05:27:04+00:00,599,20,28,True,True,True,1790141224
2026-09-23T05:27:04+00:00,428,6,17,True,True,True,1790141224
2026-09-23T05:27:04+00:00,400,8,15,True,True,True,1790141224
2026-09-23T05:27:04+00:00,487,2,19,True,True,True,1790141224
2026-09-23T05:27:04+00:00,438,2,39,True,True,True,1790141224
2026-09-23T05:27:04+00:00,459,0,9,True,True,True,1790141224
2026-09-23T05:27:04+00:00,433,4,14,True,True,True,1790141224
2026-09-23T05:27:04+00:00,399,17,13,True,True,True,1790141224
2026-09-23T05:27:04+00:00,489,19,9,True,True,True,1790141224
2026-09-23T05:27:04+00:00,742,14,14,True,True,True,1790141224
2026-09-23T05:27:04+00:00,551,9,23,True,True,True,1790141224
2026-09-23T05:27:04+00:00,406,5,7,True,True,True,1790141224
2026-09-23T05:27:04+00:00,488,5,18,True,True,True,1790141224
2026-09-23T05:27:04+00:00,540,6,28,True,True,True,1790141224
2026-09-23T05:27:04+00:00,431,6,13,True,True,True,1790141224
2026-09-23T05:27:04+00:00,393,1,20,True,True,True,1790141224
2026-09-23T05:27:04+00:00,420,5,11,True,True,True,1790141224
2026-09-23T05:27:04+00:00,397,4,29,True,True,True,1790141224
2026-09-23T05:27:04+00:00,390,21,7,True,True,True,1790141224
2026-09-23T05:27:04+00:00,449,3,21,True,True,True,1790141224
2026-09-23T05:27:04+00:00,430,9,32,True,True,True,1790141224
2026-09-23T05:27:04+00:00,484,12,21,True,True,True,1790141224
2026-09-23T05:27:04+00:00,479,5,24,True,True,True,1790141224
2026-09-23T05:27:04+00:00,403,3,9,True,True,True,1790141224
2026-09-23T05:27:04+00:00,435,6,21,True,True,True,1790141224
2026-09-23T05:27:04+00:00,426,17,2,True,True,True,1790141224
2026-09-23T05:27:04+00:00,450,0,14,True,True,True,1790141224
2026-09-23T05:27:04+00:00,456,7,27,True,True,True,1790141224
2026-09-23T05:27:04+00:00,468,13,2,True,True,True,1790141224
2026-09-23T05:27:04+00:00,453,1,30,True,True,True,1790141224
2026-09-23T05:27:04+00:00,466,0,14,True,True,True,1790141224
2026-09-23T05:27:04+00:00,469,1,27,True,True,True,1790141224
2026-09-23T05:27:04+00:00,416,2,12,True,True,True,1790141224
2026-09-23T05:27:04+00:00,391,2,11,True,True,True,1790141224
2026-09-23T05:27:04+00:00,389,0,15,True,True,True,1790141224
2026-09-23T05:27:04+00:00,470,3,12,True,True,True,1790141224
2026-09-23T05:27:04+00:00,384,3,13,True,True,True,1790141224
2026-09-23T05:27:04+00:00,425,4,3,True,True,True,1790141224
2026-09-23T05:27:04+00:00,411,3,9,True,True,True,1790141224
2026-09-23T05:27:04+00:00,598,11,20,True,True,True,1790141224
2026-09-23T05:27:04+00:00,444,11,5,True,True,True,1790141224
2026-09-23T05:27:04+00:00,447,22,7,True,True,True,1790141224
2026-09-23T05:27:04+00:00,408,14,1,True,True,True,1790141224
2026-09-23T05:27:04+00:00,737,19,5,True,True,True,1790141224
2026-09-23T05:27:04+00:00,432,0,11,True,True,True,1790141224
2026-09-23T05:27:04+00:00,401,6,0,True,True,True,1790141224
2026-09-23T05:27:04+00:00,452,3,26,True,True,True,1790141224
2026-09-23T05:27:04+00:00,392,4,3,True,True,True,1790141224
2026-09-23T05:27:04+00:00,481,22,20,True,True,True,1790141224
2026-09-23T05:27:04+00:00,495,25,16,True,True,True,1790141224
2026-09-23T05:27:04+00:00,478,9,4,True,True,True,1790141224
2026-09-23T05:27:04+00:00,414,2,9,True,True,True,1790141224
2026-09-23T05:27:04+00:00,476,12,8,True,True,True,1790141224
2026-09-23T05:27:04+00:00,445,9,7,True,True,True,1790141224
2026-09-23T05:27:04+00:00,748,6,20,True,True,True,1790141224
2026-09-23T05:27:04+00:00,473,1,5,True,True,True,1790141224
2026-09-23T05:27:04+00:00,383,16,11,True,True,True,1790141224
2026-09-23T05:27:04+00:00,480,9,16,True,True,True,1790141224
2026-09-23T05:27:04+00:00,421,15,4,True,True,True,1790141224
2026-09-23T05:27:04+00:00,746,1,7,True,True,True,1790141224
2026-09-23T05:27:04+00:00,417,3,11,True,True,True,1790141224
2026-09-23T05:27:04+00:00,427,6,5,True,True,True,1790141224
2026-09-23T05:27:04+00:00,395,1,12,True,True,True,1790141224
2026-09-23T05:27:04+00:00,418,13,13,True,True,True,1790141224
2026-09-23T05:27:04+00:00,413,4,6,True,True,True,1790141224
2026-09-23T05:27:04+00:00,486,7,15,True,True,True,1790141224
2026-09-23T05:27:04+00:00,597,8,5,True,True,True,1790141224
2026-09-23T05:27:04+00:00,422,7,4,True,True,True,1790141224
2026-09-23T05:27:04+00:00,382,4,3,True,True,True,1790141224
2026-09-23T05:27:04+00:00,396,6,16,True,True,True,1790141224
2026-09-23T05:27:04+00:00,735,12,2,True,True,True,1790141224
2026-09-23T05:27:04+00:00,437,3,21,True,True,True,1790141224
2026-09-23T05:27:04+00:00,446,7,15,True,True,True,1790141224
2026-09-23T05:27:04+00:00,424,2,5,True,True,True,1790141224
2026-09-23T05:27:04+00:00,455,7,5,True,True,True,1790141224
2026-09-23T05:27:04+00:00,457,1,8,True,True,True,1790141224
2026-09-23T05:27:04+00:00,377,6,20,True,True,True,1790141224
2026-09-23T05:27:04+00:00,738,11,1,True,True,True,1790141224
2026-09-23T05:27:04+00:00,460,25,1,True,True,True,1790141224
2026-09-23T05:27:04+00:00,744,3,5,True,True,True,1790141224
2026-09-23T05:27:04+00:00,485,10,7,True,True,True,1790141224
2026-09-23T05:42:04+00:00,6026,6,28,True,True,True,1790142111
2026-09-23T05:42:04+00:00,5431,1,20,True,True,True,1790142111
2026-09-23T05:42:04+00:00,5424,2,14,True,True,True,1790142111
2026-09-23T05:42:04+00:00,5220,0,19,True,True,True,1790142111
2026-09-23T05:42:04+00:00,5217,2,26,True,True,True,1790142111
2026-09-23T05:42:04+00:00,5113,5,7,True,True,True,1790142111
2026-09-23T05:42:04+00:00,4683,0,21,True,True,True,1790142111
2026-09-23T05:42:04+00:00,4552,0,18,True,True,True,1790142111
2026-09-23T05:42:04+00:00,3725,2,14,True,True,True,1790142111
2026-09-23T05:42:04+00:00,2358,3,8,True,True,True,1790142111
2026-09-23T05:42:04+00:00,2357,18,5,True,True,True,1790142111
2026-09-23T05:42:04+00:00,2355,1,10,True,True,True,1790142111
2026-09-23T05:42:04+00:00,2351,1,14,True,True,True,1790142111
2026-09-23T05:42:04+00:00,2350,1,23,True,True,True,1790142111
2026-09-23T05:42:04+00:00,2349,2,19,True,True,True,1790142111
2026-09-23T05:42:04+00:00,2347,4,25,True,True,True,1790142111
2026-09-23T05:42:04+00:00,2340,21,4,True,True,True,1790142111
2026-09-23T05:42:04+00:00,2339,23,6,True,True,True,1790142111
2026-09-23T05:42:04+00:00,2337,9,5,True,True,True,1790142111
2026-09-23T05:42:04+00:00,2334,1,11,True,True,True,1790142111
2026-09-23T05:42:04+00:00,2333,15,0,True,True,True,1790142111
2026-09-23T05:42:04+00:00,2332,2,9,True,True,True,1790142111
2026-09-23T05:42:04+00:00,2330,13,0,True,True,True,1790142111
2026-09-23T05:42:04+00:00,2329,10,5,True,True,True,1790142111
2026-09-23T05:42:04+00:00,2328,17,1,True,True,True,1790142111
2026-09-23T05:42:04+00:00,2315,15,2,True,True,True,1790142111
2026-09-23T05:42:04+00:00,2308,6,1,True,True,True,1790142111
2026-09-23T05:42:04+00:00,2307,3,27,True,True,True,1790142111
2026-09-23T05:42:04+00:00,2306,1,17,True,True,True,1790142111
2026-09-23T05:42:04+00:00,2305,5,9,True,True,True,1790142111
2026-09-23T05:42:04+00:00,2304,8,9,True,True,True,1790142111
2026-09-23T05:42:04+00:00,2280,11,0,True,True,True,1790142111
2026-09-23T05:42:04+00:00,2270,1,19,True,True,True,1790142111
2026-09-23T05:42:04+00:00,1919,1,5,True,True,True,1790142111
2026-09-23T05:42:04+00:00,1755,14,19,True,True,True,1790142111
2026-09-23T05:42:04+00:00,1101,13,9,True,True,True,1790142111
2026-09-23T05:42:04+00:00,1023,6,9,True,True,True,1790142111
2026-09-23T05:42:04+00:00,1009,4,5,True,True,True,1790142111
2026-09-23T05:42:04+00:00,970,8,16,True,True,True,1790142111
2026-09-23T05:42:04+00:00,787,8,4,True,True,True,1790142111
2026-09-23T05:42:04+00:00,627,12,16,True,True,True,1790142111
2026-09-23T05:42:04+00:00,623,13,5,True,True,True,1790142111
2026-09-23T05:42:04+00:00,624,2,16,True,True,True,1790142111
2026-09-23T05:42:04+00:00,626,5,18,True,True,True,1790142111
2026-09-23T05:42:04+00:00,614,5,19,True,True,True,1790142111
2026-09-23T05:42:04+00:00,616,13,2,True,True,True,1790142111
2026-09-23T05:42:04+00:00,618,1,39,True,True,True,1790142111
2026-09-23T05:42:04+00:00,621,11,16,True,True,True,1790142111
2026-09-23T05:42:04+00:00,622,3,21,True,True,True,1790142111
2026-09-23T05:42:04+00:00,613,5,12,True,True,True,1790142111
2026-09-23T05:42:04+00:00,620,14,22,True,True,True,1790142111
2026-09-23T05:42:04+00:00,596,6,12,True,True,True,1790142111
2026-09-23T05:42:04+00:00,617,8,8,True,True,True,1790142111
2026-09-23T05:42:04+00:00,609,3,23,True,True,True,1790142111
2026-09-23T05:42:04+00:00,607,14,14,True,True,True,1790142111
2026-09-23T05:42:04+00:00,603,3,13,True,True,True,1790142111
2026-09-23T05:42:04+00:00,590,1,37,True,True,True,1790142111
2026-09-23T05:42:04+00:00,610,13,7,True,True,True,1790142111
2026-09-23T05:42:04+00:00,608,3,17,True,True,True,1790142111
2026-09-23T05:42:04+00:00,593,12,17,True,True,True,1790142111
2026-09-23T05:42:04+00:00,530,7,0,True,True,True,1790142111
2026-09-23T05:42:04+00:00,463,16,3,True,True,True,1790142111
2026-09-23T05:42:04+00:00,475,17,6,True,True,True,1790142111
2026-09-23T05:42:04+00:00,439,2,21,True,True,True,1790142111
2026-09-23T05:42:04+00:00,600,7,3,True,True,True,1790142111
2026-09-23T05:42:04+00:00,440,13,3,True,True,True,1790142111
2026-09-23T05:42:04+00:00,612,3,13,True,True,True,1790142111
2026-09-23T05:42:04+00:00,491,13,5,True,True,True,1790142111
2026-09-23T05:42:04+00:00,493,12,13,True,True,True,1790142111
2026-09-23T05:42:04+00:00,410,20,5,True,True,True,1790142111
2026-09-23T05:42:04+00:00,605,0,18,True,True,True,1790142111
2026-09-23T05:42:04+00:00,388,4,14,True,True,True,1790142111
2026-09-23T05:42:04+00:00,591,1,22,True,True,True,1790142111
2026-09-23T05:42:04+00:00,592,4,13,True,True,True,1790142111
2026-09-23T05:42:04+00:00,585,16,0,True,True,True,1790142111
2026-09-23T05:42:04+00:00,565,5,12,True,True,True,1790142111
2026-09-23T05:42:04+00:00,571,2,17,True,True,True,1790142111
2026-09-23T05:42:04+00:00,568,3,12,True,True,True,1790142111
2026-09-23T05:42:04+00:00,588,0,20,True,True,True,1790142111
2026-09-23T05:42:04+00:00,584,3,31,True,True,True,1790142111
2026-09-23T05:42:04+00:00,569,13,16,True,True,True,1790142111
2026-09-23T05:42:04+00:00,577,2,27,True,True,True,1790142111
2026-09-23T05:42:04+00:00,564,1,27,True,True,True,1790142111
2026-09-23T05:42:04+00:00,570,5,9,True,True,True,1790142111
2026-09-23T05:42:04+00:00,572,4,31,True,True,True,1790142111
2026-09-23T05:42:04+00:00,586,21,4,True,True,True,1790142111
2026-09-23T05:42:04+00:00,576,15,3,True,True,True,1790142111
2026-09-23T05:42:04+00:00,566,17,6,True,True,True,1790142111
2026-09-23T05:42:04+00:00,602,1,16,True,True,True,1790142111
2026-09-23T05:42:04+00:00,575,1,26,True,True,True,1790142111
2026-09-23T05:42:04+00:00,567,2,36,True,True,True,1790142111
2026-09-23T05:42:04+00:00,582,1,25,True,True,True,1790142111
2026-09-23T05:42:04+00:00,595,8,14,True,True,True,1790142111
2026-09-23T05:42:04+00:00,542,9,10,True,True,True,1790142111
2026-09-23T05:42:04+00:00,563,10,5,True,True,True,1790142111
2026-09-23T05:42:04+00:00,558,8,5,True,True,True,1790142111
2026-09-23T05:42:04+00:00,552,9,9,True,True,True,1790142111
2026-09-23T05:42:04+00:00,555,3,12,True,True,True,1790142111
2026-09-23T05:42:04+00:00,573,7,17,True,True,True,1790142111
2026-09-23T05:42:04+00:00,561,11,11,True,True,True,1790142111
2026-09-23T05:42:04+00:00,615,20,1,True,True,True,1790142111
2026-09-23T05:42:04+00:00,543,0,20,True,True,True,1790142111
2026-09-23T05:42:04+00:00,554,0,18,True,True,True,1790142111
2026-09-23T05:42:04+00:00,574,6,6,True,True,True,1790142111
2026-09-23T05:42:04+00:00,560,3,4,True,True,True,1790142111
2026-09-23T05:42:04+00:00,548,1,16,True,True,True,1790142111
2026-09-23T05:42:04+00:00,559,16,1,True,True,True,1790142111
2026-09-23T05:42:04+00:00,545,14,24,True,True,True,1790142111
2026-09-23T05:42:04+00:00,550,0,8,True,True,True,1790142111
2026-09-23T05:42:04+00:00,541,6,6,True,True,True,1790142111
2026-09-23T05:42:04+00:00,527,8,3,True,True,True,1790142111
2026-09-23T05:42:04+00:00,529,2,18,True,True,True,1790142111
2026-09-23T05:42:04+00:00,526,6,6,True,True,True,1790142111
2026-09-23T05:42:04+00:00,537,11,7,True,True,True,1790142111
2026-09-23T05:42:04+00:00,547,10,20,True,True,True,1790142111
2026-09-23T05:42:04+00:00,601,0,18,True,True,True,1790142111
2026-09-23T05:42:04+00:00,533,4,7,True,True,True,1790142111
2026-09-23T05:42:04+00:00,535,0,26,True,True,True,1790142111
2026-09-23T05:42:04+00:00,524,2,17,True,True,True,1790142111
2026-09-23T05:42:04+00:00,519,21,2,True,True,True,1790142111
2026-09-23T05:42:04+00:00,534,13,25,True,True,True,1790142111
2026-09-23T05:42:04+00:00,521,12,1,True,True,True,1790142111
2026-09-23T05:42:04+00:00,518,0,16,True,True,True,1790142111
2026-09-23T05:42:04+00:00,556,1,16,True,True,True,1790142111
2026-09-23T05:42:04+00:00,525,2,13,True,True,True,1790142111
2026-09-23T05:42:04+00:00,517,2,13,True,True,True,1790142111
2026-09-23T05:42:04+00:00,523,7,22,True,True,True,1790142111
2026-09-23T05:42:04+00:00,522,8,1,True,True,True,1790142111
2026-09-23T05:42:04+00:00,594,4,14,True,True,True,1790142111
2026-09-23T05:42:04+00:00,532,10,11,True,True,True,1790142111
2026-09-23T05:42:04+00:00,509,1,11,True,True,True,1790142111
2026-09-23T05:42:04+00:00,531,3,11,True,True,True,1790142111
2026-09-23T05:42:04+00:00,536,0,8,True,True,True,1790142111
2026-09-23T05:42:04+00:00,562,3,37,True,True,True,1790142111
2026-09-23T05:42:04+00:00,511,3,15,True,True,True,1790142111
2026-09-23T05:42:04+00:00,505,6,15,True,True,True,1790142111
2026-09-23T05:42:04+00:00,501,2,14,True,True,True,1790142111
2026-09-23T05:42:04+00:00,514,9,3,True,True,True,1790142111
2026-09-23T05:42:04+00:00,500,0,17,True,True,True,1790142111
2026-09-23T05:42:04+00:00,503,22,8,True,True,True,1790142111
2026-09-23T05:42:04+00:00,513,0,15,True,True,True,1790142111
2026-09-23T05:42:04+00:00,498,1,11,True,True,True,1790142111
2026-09-23T05:42:04+00:00,507,11,9,True,True,True,1790142111
2026-09-23T05:42:04+00:00,512,10,19,True,True,True,1790142111
2026-09-23T05:42:04+00:00,619,0,42,True,True,True,1790142111
2026-09-23T05:42:04+00:00,474,1,40,True,True,True,1790142111
2026-09-23T05:42:04+00:00,580,22,23,True,True,True,1790142111
2026-09-23T05:42:04+00:00,496,8,35,True,True,True,1790142111
2026-09-23T05:42:04+00:00,482,2,16,True,True,True,1790142111
2026-09-23T05:42:04+00:00,407,1,11,True,True,True,1790142111
2026-09-23T05:42:04+00:00,409,12,12,True,True,True,1790142111
2026-09-23T05:42:04+00:00,451,6,14,True,True,True,1790142111
2026-09-23T05:42:04+00:00,402,2,18,True,True,True,1790142111
2026-09-23T05:42:04+00:00,516,3,10,True,True,True,1790142111
2026-09-23T05:42:04+00:00,625,13,28,True,True,True,1790142111
2026-09-23T05:42:04+00:00,429,8,12,True,True,True,1790142111
2026-09-23T05:42:04+00:00,380,12,11,True,True,True,1790142111
2026-09-23T05:42:04+00:00,583,7,8,True,True,True,1790142111
2026-09-23T05:42:04+00:00,398,4,9,True,True,True,1790142111
2026-09-23T05:42:04+00:00,381,14,1,True,True,True,1790142111
2026-09-23T05:42:04+00:00,464,17,27,True,True,True,1790142111
2026-09-23T05:42:04+00:00,442,15,3,True,True,True,1790142111
2026-09-23T05:42:04+00:00,483,12,8,True,True,True,1790142111
2026-09-23T05:42:04+00:00,458,4,11,True,True,True,1790142111
2026-09-23T05:42:04+00:00,499,3,13,True,True,True,1790142111
2026-09-23T05:42:04+00:00,472,1,21,True,True,True,1790142111
2026-09-23T05:42:04+00:00,506,6,21,True,True,True,1790142111
2026-09-23T05:42:04+00:00,465,7,22,True,True,True,1790142111
2026-09-23T05:42:04+00:00,611,10,28,True,True,True,1790142111
2026-09-23T05:42:04+00:00,404,5,18,True,True,True,1790142111
2026-09-23T05:42:04+00:00,579,2,13,True,True,True,1790142111
2026-09-23T05:42:04+00:00,589,2,24,True,True,True,1790142111
2026-09-23T05:42:04+00:00,434,6,14,True,True,True,1790142111
2026-09-23T05:42:04+00:00,462,3,10,True,True,True,1790142111
2026-09-23T05:42:04+00:00,578,5,19,True,True,True,1790142111
2026-09-23T05:42:04+00:00,415,1,10,True,True,True,1790142111
2026-09-23T05:42:04+00:00,423,14,6,True,True,True,1790142111
2026-09-23T05:42:04+00:00,412,4,2,True,True,True,1790142111
2026-09-23T05:42:04+00:00,387,11,4,True,True,True,1790142111
2026-09-23T05:42:04+00:00,441,0,15,True,True,True,1790142111
2026-09-23T05:42:04+00:00,454,6,14,True,True,True,1790142111
2026-09-23T05:42:04+00:00,436,3,10,True,True,True,1790142111
2026-09-23T05:42:04+00:00,394,5,15,True,True,True,1790142111
2026-09-23T05:42:04+00:00,497,4,23,True,True,True,1790142111
2026-09-23T05:42:04+00:00,581,12,9,True,True,True,1790142111
2026-09-23T05:42:04+00:00,461,8,11,True,True,True,1790142111
2026-09-23T05:42:04+00:00,599,19,29,True,True,True,1790142111
2026-09-23T05:42:04+00:00,428,6,17,True,True,True,1790142111
2026-09-23T05:42:04+00:00,400,8,15,True,True,True,1790142111
2026-09-23T05:42:04+00:00,487,2,19,True,True,True,1790142111
2026-09-23T05:42:04+00:00,438,2,39,True,True,True,1790142111
2026-09-23T05:42:04+00:00,459,0,9,True,True,True,1790142111
2026-09-23T05:42:04+00:00,433,4,14,True,True,True,1790142111
2026-09-23T05:42:04+00:00,399,17,13,True,True,True,1790142111
2026-09-23T05:42:04+00:00,489,19,9,True,True,True,1790142111
2026-09-23T05:42:04+00:00,742,14,14,True,True,True,1790142111
2026-09-23T05:42:04+00:00,551,9,23,True,True,True,1790142111
2026-09-23T05:42:04+00:00,406,5,7,True,True,True,1790142111
2026-09-23T05:42:04+00:00,488,2,20,True,True,True,1790142111
2026-09-23T05:42:04+00:00,540,5,29,True,True,True,1790142111
2026-09-23T05:42:04+00:00,431,6,13,True,True,True,1790142111
2026-09-23T05:42:04+00:00,393,1,20,True,True,True,1790142111
2026-09-23T05:42:04+00:00,420,4,12,True,True,True,1790142111
2026-09-23T05:42:04+00:00,397,5,28,True,True,True,1790142111
2026-09-23T05:42:04+00:00,390,20,8,True,True,True,1790142111
2026-09-23T05:42:04+00:00,449,4,20,True,True,True,1790142111
2026-09-23T05:42:04+00:00,430,9,32,True,True,True,1790142111
2026-09-23T05:42:04+00:00,484,12,21,True,True,True,1790142111
2026-09-23T05:42:04+00:00,479,5,24,True,True,True,1790142111
2026-09-23T05:42:04+00:00,403,3,9,True,True,True,1790142111
2026-09-23T05:42:04+00:00,435,6,21,True,True,True,1790142111
2026-09-23T05:42:04+00:00,426,16,3,True,True,True,1790142111
2026-09-23T05:42:04+00:00,450,1,13,True,True,True,1790142111
2026-09-23T05:42:04+00:00,456,7,27,True,True,True,1790142111
2026-09-23T05:42:04+00:00,468,12,3,True,True,True,1790142111
2026-09-23T05:42:04+00:00,453,2,29,True,True,True,1790142111
2026-09-23T05:42:04+00:00,466,0,14,True,True,True,1790142111
2026-09-23T05:42:04+00:00,469,0,28,True,True,True,1790142111
2026-09-23T05:42:04+00:00,416,2,12,True,True,True,1790142111
2026-09-23T05:42:04+00:00,391,1,12,True,True,True,1790142111
2026-09-23T05:42:04+00:00,389,1,14,True,True,True,1790142111
2026-09-23T05:42:04+00:00,470,3,12,True,True,True,1790142111
2026-09-23T05:42:04+00:00,384,3,13,True,True,True,1790142111
2026-09-23T05:42:04+00:00,425,4,3,True,True,True,1790142111
2026-09-23T05:42:04+00:00,411,3,9,True,True,True,1790142111
2026-09-23T05:42:04+00:00,598,9,22,True,True,True,1790142111
2026-09-23T05:42:04+00:00,444,10,6,True,True,True,1790142111
2026-09-23T05:42:04+00:00,447,23,6,True,True,True,1790142111
2026-09-23T05:42:04+00:00,408,13,2,True,True,True,1790142111
2026-09-23T05:42:04+00:00,737,19,5,True,True,True,1790142111
2026-09-23T05:42:04+00:00,432,0,11,True,True,True,1790142111
2026-09-23T05:42:04+00:00,401,6,0,True,True,True,1790142111
2026-09-23T05:42:04+00:00,452,0,29,True,True,True,1790142111
2026-09-23T05:42:04+00:00,392,4,3,True,True,True,1790142111
2026-09-23T05:42:04+00:00,481,15,27,True,True,True,1790142111
2026-09-23T05:42:04+00:00,495,27,14,True,True,True,1790142111
2026-09-23T05:42:04+00:00,478,9,4,True,True,True,1790142111
2026-09-23T05:42:04+00:00,414,2,9,True,True,True,1790142111
2026-09-23T05:42:04+00:00,476,12,8,True,True,True,1790142111
2026-09-23T05:42:04+00:00,445,10,6,True,True,True,1790142111
2026-09-23T05:42:04+00:00,748,5,21,True,True,True,1790142111
2026-09-23T05:42:04+00:00,473,1,5,True,True,True,1790142111
2026-09-23T05:42:04+00:00,383,15,12,True,True,True,1790142111
2026-09-23T05:42:04+00:00,480,7,18,True,True,True,1790142111
2026-09-23T05:42:04+00:00,421,11,8,True,True,True,1790142111
2026-09-23T05:42:04+00:00,746,1,7,True,True,True,1790142111
2026-09-23T05:42:04+00:00,417,3,11,True,True,True,1790142111
2026-09-23T05:42:04+00:00,427,5,6,True,True,True,1790142111
2026-09-23T05:42:04+00:00,395,1,12,True,True,True,1790142111
2026-09-23T05:42:04+00:00,418,13,13,True,True,True,1790142111
2026-09-23T05:42:04+00:00,413,8,2,True,True,True,1790142111
2026-09-23T05:42:04+00:00,486,6,16,True,True,True,1790142111
2026-09-23T05:42:04+00:00,597,7,6,True,True,True,1790142111
2026-09-23T05:42:04+00:00,422,7,4,True,True,True,1790142111
2026-09-23T05:42:04+00:00,382,3,4,True,True,True,1790142111
2026-09-23T05:42:04+00:00,396,8,14,True,True,True,1790142111
2026-09-23T05:42:04+00:00,735,11,3,True,True,True,1790142111
2026-09-23T05:42:04+00:00,437,3,21,True,True,True,1790142111
2026-09-23T05:42:04+00:00,446,5,17,True,True,True,1790142111
2026-09-23T05:42:04+00:00,424,0,7,True,True,True,1790142111
2026-09-23T05:42:04+00:00,455,6,6,True,True,True,1790142111
2026-09-23T05:42:04+00:00,457,1,8,True,True,True,1790142111
2026-09-23T05:42:04+00:00,377,6,20,True,True,True,1790142111
2026-09-23T05:42:04+00:00,738,11,1,True,True,True,1790142111
2026-09-23T05:42:04+00:00,460,24,2,True,True,True,1790142111
2026-09-23T05:42:04+00:00,744,3,5,True,True,True,1790142111
2026-09-23T05:42:04+00:00,485,7,10,True,True,True,1790142111
2026-09-23T05:57:04+00:00,6026,7,27,True,True,True,1790143015
2026-09-23T05:57:04+00:00,5431,1,20,True,True,True,1790143015
2026-09-23T05:57:04+00:00,5424,2,14,True,True,True,1790143015
2026-09-23T05:57:04+00:00,5220,0,19,True,True,True,1790143015
2026-09-23T05:57:04+00:00,5217,4,24,True,True,True,1790143015
2026-09-23T05:57:04+00:00,5113,4,8,True,True,True,1790143015
2026-09-23T05:57:04+00:00,4683,1,20,True,True,True,1790143015
2026-09-23T05:57:04+00:00,4552,0,18,True,True,True,1790143015
2026-09-23T05:57:04+00:00,3725,2,14,True,True,True,1790143015
2026-09-23T05:57:04+00:00,2358,0,11,True,True,True,1790143015
2026-09-23T05:57:04+00:00,2357,16,7,True,True,True,1790143015
2026-09-23T05:57:04+00:00,2355,1,10,True,True,True,1790143015
2026-09-23T05:57:04+00:00,2351,1,14,True,True,True,1790143015
2026-09-23T05:57:04+00:00,2350,3,21,True,True,True,1790143015
2026-09-23T05:57:04+00:00,2349,2,19,True,True,True,1790143015
2026-09-23T05:57:04+00:00,2347,4,25,True,True,True,1790143015
2026-09-23T05:57:04+00:00,2340,21,4,True,True,True,1790143015
2026-09-23T05:57:04+00:00,2339,22,7,True,True,True,1790143015
2026-09-23T05:57:04+00:00,2337,10,4,True,True,True,1790143015
2026-09-23T05:57:04+00:00,2334,0,12,True,True,True,1790143015
2026-09-23T05:57:04+00:00,2333,15,0,True,True,True,1790143015
2026-09-23T05:57:04+00:00,2332,1,10,True,True,True,1790143015
2026-09-23T05:57:04+00:00,2330,13,0,True,True,True,1790143015
2026-09-23T05:57:04+00:00,2329,10,5,True,True,True,1790143015
2026-09-23T05:57:04+00:00,2328,17,1,True,True,True,1790143015
2026-09-23T05:57:04+00:00,2315,17,0,True,True,True,1790143015
2026-09-23T05:57:04+00:00,2308,5,2,True,True,True,1790143015
2026-09-23T05:57:04+00:00,2307,3,27,True,True,True,1790143015
2026-09-23T05:57:04+00:00,2306,2,16,True,True,True,1790143015
2026-09-23T05:57:04+00:00,2305,5,9,True,True,True,1790143015
2026-09-23T05:57:04+00:00,2304,7,10,True,True,True,1790143015
2026-09-23T05:57:04+00:00,2280,11,0,True,True,True,1790143015
2026-09-23T05:57:04+00:00,2270,1,19,True,True,True,1790143015
2026-09-23T05:57:04+00:00,1919,1,5,True,True,True,1790143015
2026-09-23T05:57:04+00:00,1755,14,19,True,True,True,1790143015
2026-09-23T05:57:04+00:00,1101,13,9,True,True,True,1790143015
2026-09-23T05:57:04+00:00,1023,8,7,True,True,True,1790143015
2026-09-23T05:57:04+00:00,1009,4,5,True,True,True,1790143015
2026-09-23T05:57:04+00:00,970,8,16,True,True,True,1790143015
2026-09-23T05:57:04+00:00,787,10,2,True,True,True,1790143015
2026-09-23T05:57:04+00:00,627,12,16,True,True,True,1790143015
2026-09-23T05:57:04+00:00,623,15,3,True,True,True,1790143015
2026-09-23T05:57:04+00:00,624,2,16,True,True,True,1790143015
2026-09-23T05:57:04+00:00,626,6,17,True,True,True,1790143015
2026-09-23T05:57:04+00:00,614,6,18,True,True,True,1790143015
2026-09-23T05:57:04+00:00,616,13,2,True,True,True,1790143015
2026-09-23T05:57:04+00:00,618,1,39,True,True,True,1790143015
2026-09-23T05:57:04+00:00,621,10,17,True,True,True,1790143015
2026-09-23T05:57:04+00:00,622,2,22,True,True,True,1790143015
2026-09-23T05:57:04+00:00,613,3,13,True,True,True,1790143015
2026-09-23T05:57:04+00:00,620,11,25,True,True,True,1790143015
2026-09-23T05:57:04+00:00,596,6,11,True,True,True,1790143015
2026-09-23T05:57:04+00:00,617,7,9,True,True,True,1790143015
2026-09-23T05:57:04+00:00,609,2,24,True,True,True,1790143015
2026-09-23T05:57:04+00:00,607,6,21,True,True,True,1790143015
2026-09-23T05:57:04+00:00,603,4,12,True,True,True,1790143015
2026-09-23T05:57:04+00:00,590,2,36,True,True,True,1790143015
2026-09-23T05:57:04+00:00,610,12,8,True,True,True,1790143015
2026-09-23T05:57:04+00:00,608,3,17,True,True,True,1790143015
2026-09-23T05:57:04+00:00,593,8,21,True,True,True,1790143015
2026-09-23T05:57:04+00:00,530,7,0,True,True,True,1790143015
2026-09-23T05:57:04+00:00,463,16,3,True,True,True,1790143015
2026-09-23T05:57:04+00:00,475,18,5,True,True,True,1790143015
2026-09-23T05:57:04+00:00,439,2,21,True,True,True,1790143015
2026-09-23T05:57:04+00:00,600,7,3,True,True,True,1790143015
2026-09-23T05:57:04+00:00,440,13,3,True,True,True,1790143015
2026-09-23T05:57:04+00:00,612,3,13,True,True,True,1790143015
2026-09-23T05:57:04+00:00,491,13,5,True,True,True,1790143015
2026-09-23T05:57:04+00:00,493,9,17,True,True,True,1790143015
2026-09-23T05:57:04+00:00,410,20,5,True,True,True,1790143015
2026-09-23T05:57:04+00:00,605,0,18,True,True,True,1790143015
2026-09-23T05:57:04+00:00,388,4,14,True,True,True,1790143015
2026-09-23T05:57:04+00:00,591,1,23,True,True,True,1790143015
2026-09-23T05:57:04+00:00,592,4,13,True,True,True,1790143015
2026-09-23T05:57:04+00:00,585,15,1,True,True,True,1790143015
2026-09-23T05:57:04+00:00,565,5,12,True,True,True,1790143015
2026-09-23T05:57:04+00:00,571,1,18,True,True,True,1790143015
2026-09-23T05:57:04+00:00,568,3,12,True,True,True,1790143015
2026-09-23T05:57:04+00:00,588,0,20,True,True,True,1790143015
2026-09-23T05:57:04+00:00,584,3,31,True,True,True,1790143015
2026-09-23T05:57:04+00:00,569,13,16,True,True,True,1790143015
2026-09-23T05:57:04+00:00,577,2,27,True,True,True,1790143015
2026-09-23T05:57:04+00:00,564,1,27,True,True,True,1790143015
2026-09-23T05:57:04+00:00,570,5,9,True,True,True,1790143015
2026-09-23T05:57:04+00:00,572,8,27,True,True,True,1790143015
2026-09-23T05:57:04+00:00,586,20,5,True,True,True,1790143015
2026-09-23T05:57:04+00:00,576,15,3,True,True,True,1790143015
2026-09-23T05:57:04+00:00,566,17,6,True,True,True,1790143015
2026-09-23T05:57:04+00:00,602,1,16,True,True,True,1790143015
2026-09-23T05:57:04+00:00,575,1,26,True,True,True,1790143015
2026-09-23T05:57:04+00:00,567,2,36,True,True,True,1790143015
2026-09-23T05:57:04+00:00,582,13,13,True,True,True,1790143015
2026-09-23T05:57:04+00:00,595,8,14,True,True,True,1790143015
2026-09-23T05:57:04+00:00,542,8,11,True,True,True,1790143015
2026-09-23T05:57:04+00:00,563,8,7,True,True,True,1790143015
2026-09-23T05:57:04+00:00,558,12,1,True,True,True,1790143015
2026-09-23T05:57:04+00:00,552,12,6,True,True,True,1790143015
2026-09-23T05:57:04+00:00,555,2,13,True,True,True,1790143015
2026-09-23T05:57:04+00:00,573,7,17,True,True,True,1790143015
2026-09-23T05:57:04+00:00,561,11,11,True,True,True,1790143015
2026-09-23T05:57:04+00:00,615,20,1,True,True,True,1790143015
2026-09-23T05:57:04+00:00,543,1,19,True,True,True,1790143015
2026-09-23T05:57:04+00:00,554,0,18,True,True,True,1790143015
2026-09-23T05:57:04+00:00,574,10,2,True,True,True,1790143015
2026-09-23T05:57:04+00:00,560,3,4,True,True,True,1790143015
2026-09-23T05:57:04+00:00,548,0,17,True,True,True,1790143015
2026-09-23T05:57:04+00:00,559,16,1,True,True,True,1790143015
2026-09-23T05:57:04+00:00,545,15,23,True,True,True,1790143015
2026-09-23T05:57:04+00:00,550,0,8,True,True,True,1790143015
2026-09-23T05:57:04+00:00,541,8,4,True,True,True,1790143015
2026-09-23T05:57:04+00:00,527,10,1,True,True,True,1790143015
2026-09-23T05:57:04+00:00,529,2,18,True,True,True,1790143015
2026-09-23T05:57:04+00:00,526,6,6,True,True,True,1790143015
2026-09-23T05:57:04+00:00,537,13,5,True,True,True,1790143015
2026-09-23T05:57:04+00:00,547,11,19,True,True,True,1790143015
2026-09-23T05:57:04+00:00,601,0,18,True,True,True,1790143015
2026-09-23T05:57:04+00:00,533,4,7,True,True,True,1790143015
2026-09-23T05:57:04+00:00,535,1,25,True,True,True,1790143015
2026-09-23T05:57:04+00:00,524,2,17,True,True,True,1790143015
2026-09-23T05:57:04+00:00,519,19,4,True,True,True,1790143015
2026-09-23T05:57:04+00:00,534,14,24,True,True,True,1790143015
2026-09-23T05:57:04+00:00,521,11,2,True,True,True,1790143015
2026-09-23T05:57:04+00:00,518,0,16,True,True,True,1790143015
2026-09-23T05:57:04+00:00,556,1,16,True,True,True,1790143015
2026-09-23T05:57:04+00:00,525,2,13,True,True,True,1790143015
2026-09-23T05:57:04+00:00,517,1,14,True,True,True,1790143015
2026-09-23T05:57:04+00:00,523,8,20,True,True,True,1790143015
2026-09-23T05:57:04+00:00,522,9,0,True,True,True,1790143015
2026-09-23T05:57:04+00:00,594,4,14,True,True,True,1790143015
2026-09-23T05:57:04+00:00,532,10,11,True,True,True,1790143015
2026-09-23T05:57:04+00:00,509,2,10,True,True,True,1790143015
2026-09-23T05:57:04+00:00,531,3,11,True,True,True,1790143015
2026-09-23T05:57:04+00:00,536,0,8,True,True,True,1790143015
2026-09-23T05:57:04+00:00,562,2,38,True,True,True,1790143015
2026-09-23T05:57:04+00:00,511,2,15,True,True,True,1790143015
2026-09-23T05:57:04+00:00,505,6,15,True,True,True,1790143015
2026-09-23T05:57:04+00:00,501,2,14,True,True,True,1790143015
2026-09-23T05:57:04+00:00,514,8,4,True,True,True,1790143015
2026-09-23T05:57:04+00:00,500,0,17,True,True,True,1790143015
2026-09-23T05:57:04+00:00,503,21,9,True,True,True,1790143015
2026-09-23T05:57:04+00:00,513,1,14,True,True,True,1790143015
2026-09-23T05:57:04+00:00,498,1,11,True,True,True,1790143015
2026-09-23T05:57:04+00:00,507,7,13,True,True,True,1790143015
2026-09-23T05:57:04+00:00,512,9,20,True,True,True,1790143015
2026-09-23T05:57:04+00:00,619,0,42,True,True,True,1790143015
2026-09-23T05:57:04+00:00,474,1,40,True,True,True,1790143015
2026-09-23T05:57:04+00:00,580,23,22,True,True,True,1790143015
2026-09-23T05:57:04+00:00,496,8,35,True,True,True,1790143015
2026-09-23T05:57:04+00:00,482,2,16,True,True,True,1790143015
2026-09-23T05:57:04+00:00,407,0,12,True,True,True,1790143015
2026-09-23T05:57:04+00:00,409,11,13,True,True,True,1790143015
2026-09-23T05:57:04+00:00,451,6,14,True,True,True,1790143015
2026-09-23T05:57:04+00:00,402,2,18,True,True,True,1790143015
2026-09-23T05:57:04+00:00,516,0,13,True,True,True,1790143015
2026-09-23T05:57:04+00:00,625,13,28,True,True,True,1790143015
2026-09-23T05:57:04+00:00,429,7,13,True,True,True,1790143015
2026-09-23T05:57:04+00:00,380,12,11,True,True,True,1790143015
2026-09-23T05:57:04+00:00,583,8,7,True,True,True,1790143015
2026-09-23T05:57:04+00:00,398,2,11,True,True,True,1790143015
2026-09-23T05:57:04+00:00,381,15,0,True,True,True,1790143015
2026-09-23T05:57:04+00:00,464,16,28,True,True,True,1790143015
2026-09-23T05:57:04+00:00,442,15,3,True,True,True,1790143015
2026-09-23T05:57:04+00:00,483,12,8,True,True,True,1790143015
2026-09-23T05:57:04+00:00,458,3,12,True,True,True,1790143015
2026-09-23T05:57:04+00:00,499,3,13,True,True,True,1790143015
2026-09-23T05:57:04+00:00,472,0,22,True,True,True,1790143015
2026-09-23T05:57:04+00:00,506,6,21,True,True,True,1790143015
2026-09-23T05:57:04+00:00,465,12,17,True,True,True,1790143015
2026-09-23T05:57:04+00:00,611,13,24,True,True,True,1790143015
2026-09-23T05:57:04+00:00,404,5,18,True,True,True,1790143015
2026-09-23T05:57:04+00:00,579,0,15,True,True,True,1790143015
2026-09-23T05:57:04+00:00,589,2,24,True,True,True,1790143015
2026-09-23T05:57:04+00:00,434,7,13,True,True,True,1790143015
2026-09-23T05:57:04+00:00,462,3,10,True,True,True,1790143015
2026-09-23T05:57:04+00:00,578,4,20,True,True,True,1790143015
2026-09-23T05:57:04+00:00,415,0,11,True,True,True,1790143015
2026-09-23T05:57:04+00:00,423,13,7,True,True,True,1790143015
2026-09-23T05:57:04+00:00,412,6,0,True,True,True,1790143015
2026-09-23T05:57:04+00:00,387,11,4,True,True,True,1790143015
2026-09-23T05:57:04+00:00,441,0,15,True,True,True,1790143015
2026-09-23T05:57:04+00:00,454,8,14,True,True,True,1790143015
2026-09-23T05:57:04+00:00,436,2,11,True,True,True,1790143015
2026-09-23T05:57:04+00:00,394,2,18,True,True,True,1790143015
2026-09-23T05:57:04+00:00,497,4,23,True,True,True,1790143015
2026-09-23T05:57:04+00:00,581,12,9,True,True,True,1790143015
2026-09-23T05:57:04+00:00,461,9,11,True,True,True,1790143015
2026-09-23T05:57:04+00:00,599,18,30,True,True,True,1790143015
2026-09-23T05:57:04+00:00,428,7,16,True,True,True,1790143015
2026-09-23T05:57:04+00:00,400,8,15,True,True,True,1790143015
2026-09-23T05:57:04+00:00,487,2,19,True,True,True,1790143015
2026-09-23T05:57:04+00:00,438,2,39,True,True,True,1790143015
2026-09-23T05:57:04+00:00,459,0,9,True,True,True,1790143015
2026-09-23T05:57:04+00:00,433,3,15,True,True,True,1790143015
2026-09-23T05:57:04+00:00,399,17,13,True,True,True,1790143015
2026-09-23T05:57:04+00:00,489,20,8,True,True,True,1790143015
2026-09-23T05:57:04+00:00,742,14,14,True,True,True,1790143015
2026-09-23T05:57:04+00:00,551,6,26,True,True,True,1790143015
2026-09-23T05:57:04+00:00,406,3,9,True,True,True,1790143015
2026-09-23T05:57:04+00:00,488,2,21,True,True,True,1790143015
2026-09-23T05:57:04+00:00,540,4,30,True,True,True,1790143015
2026-09-23T05:57:04+00:00,431,5,14,True,True,True,1790143015
2026-09-23T05:57:04+00:00,393,1,20,True,True,True,1790143015
2026-09-23T05:57:04+00:00,420,4,12,True,True,True,1790143015
2026-09-23T05:57:04+00:00,397,5,28,True,True,True,1790143015
2026-09-23T05:57:04+00:00,390,24,4,True,True,True,1790143015
2026-09-23T05:57:04+00:00,449,6,18,True,True,True,1790143015
2026-09-23T05:57:04+00:00,430,10,31,True,True,True,1790143015
2026-09-23T05:57:04+00:00,484,13,20,True,True,True,1790143015
2026-09-23T05:57:04+00:00,479,8,21,True,True,True,1790143015
2026-09-23T05:57:04+00:00,403,2,10,True,True,True,1790143015
2026-09-23T05:57:04+00:00,435,7,20,True,True,True,1790143015
2026-09-23T05:57:04+00:00,426,15,4,True,True,True,1790143015
2026-09-23T05:57:04+00:00,450,1,13,True,True,True,1790143015
2026-09-23T05:57:04+00:00,456,6,28,True,True,True,1790143015
2026-09-23T05:57:04+00:00,468,12,3,True,True,True,1790143015
2026-09-23T05:57:04+00:00,453,3,28,True,True,True,1790143015
2026-09-23T05:57:04+00:00,466,0,14,True,True,True,1790143015
2026-09-23T05:57:04+00:00,469,0,28,True,True,True,1790143015
2026-09-23T05:57:04+00:00,416,2,12,True,True,True,1790143015
2026-09-23T05:57:04+00:00,391,1,12,True,True,True,1790143015
2026-09-23T05:57:04+00:00,389,0,15,True,True,True,1790143015
2026-09-23T05:57:04+00:00,470,3,12,True,True,True,1790143015
2026-09-23T05:57:04+00:00,384,0,15,True,True,True,1790143015
2026-09-23T05:57:04+00:00,425,3,4,True,True,True,1790143015
2026-09-23T05:57:04+00:00,411,3,9,True,True,True,1790143015
2026-09-23T05:57:04+00:00,598,7,24,True,True,True,1790143015
2026-09-23T05:57:04+00:00,444,10,6,True,True,True,1790143015
2026-09-23T05:57:04+00:00,447,24,5,True,True,True,1790143015
2026-09-23T05:57:04+00:00,408,13,1,True,True,True,1790143015
2026-09-23T05:57:04+00:00,737,18,6,True,True,True,1790143015
2026-09-23T05:57:04+00:00,432,0,11,True,True,True,1790143015
2026-09-23T05:57:04+00:00,401,6,0,True,True,True,1790143015
2026-09-23T05:57:04+00:00,452,4,25,True,True,True,1790143015
2026-09-23T05:57:04+00:00,392,4,3,True,True,True,1790143015
2026-09-23T05:57:04+00:00,481,15,27,True,True,True,1790143015
2026-09-23T05:57:04+00:00,495,29,12,True,True,True,1790143015
2026-09-23T05:57:04+00:00,478,12,1,True,True,True,1790143015
2026-09-23T05:57:04+00:00,414,3,8,True,True,True,1790143015
2026-09-23T05:57:04+00:00,476,13,7,True,True,True,1790143015
2026-09-23T05:57:04+00:00,445,10,6,True,True,True,1790143015
2026-09-23T05:57:04+00:00,748,6,20,True,True,True,1790143015
2026-09-23T05:57:04+00:00,473,0,6,True,True,True,1790143015
2026-09-23T05:57:04+00:00,383,16,11,True,True,True,1790143015
2026-09-23T05:57:04+00:00,480,8,17,True,True,True,1790143015
2026-09-23T05:57:04+00:00,421,4,15,True,True,True,1790143015
2026-09-23T05:57:04+00:00,746,1,7,True,True,True,1790143015
2026-09-23T05:57:04+00:00,417,1,13,True,True,True,1790143015
2026-09-23T05:57:04+00:00,427,3,8,True,True,True,1790143015
2026-09-23T05:57:04+00:00,395,0,13,True,True,True,1790143015
2026-09-23T05:57:04+00:00,418,14,12,True,True,True,1790143015
2026-09-23T05:57:04+00:00,413,9,1,True,True,True,1790143015
2026-09-23T05:57:04+00:00,486,6,16,True,True,True,1790143015
2026-09-23T05:57:04+00:00,597,7,6,True,True,True,1790143015
2026-09-23T05:57:04+00:00,422,6,5,True,True,True,1790143015
2026-09-23T05:57:04+00:00,382,0,6,True,True,True,1790143015
2026-09-23T05:57:04+00:00,396,13,9,True,True,True,1790143015
2026-09-23T05:57:04+00:00,735,12,2,True,True,True,1790143015
2026-09-23T05:57:04+00:00,437,4,20,True,True,True,1790143015
2026-09-23T05:57:04+00:00,446,3,19,True,True,True,1790143015
2026-09-23T05:57:04+00:00,424,0,7,True,True,True,1790143015
2026-09-23T05:57:04+00:00,455,6,6,True,True,True,1790143015
2026-09-23T05:57:04+00:00,457,1,8,True,True,True,1790143015
2026-09-23T05:57:04+00:00,377,5,21,True,True,True,1790143015
2026-09-23T05:57:04+00:00,738,11,1,True,True,True,1790143015
2026-09-23T05:57:04+00:00,460,23,3,True,True,True,1790143015
2026-09-23T05:57:04+00:00,744,3,5,True,True,True,1790143015
2026-09-23T05:57:04+00:00,485,3,14,True,True,True,1790143015
