polled_at_utc,station_id,num_bikes_available,num_docks_available,is_renting,is_returning,is_installed,last_reported
2026-10-07T00:06:15+00:00,6026,0,34,True,True,True,1791331567
2026-10-07T00:06:15+00:00,5431,7,13,True,True,True,1791331567
2026-10-07T00:06:15+00:00,5424,1,17,True,True,True,1791331567
2026-10-07T00:06:15+00:00,5220,0,19,True,True,True,1791331567
2026-10-07T00:06:15+00:00,5217,12,18,True,True,True,1791331567
2026-10-07T00:06:15+00:00,5113,12,1,True,True,True,1791331567
2026-10-07T00:06:15+00:00,4683,0,20,True,True,True,1791331567
2026-10-07T00:06:15+00:00,4552,1,17,True,True,True,1791331567
2026-10-07T00:06:15+00:00,3725,1,15,True,True,True,1791331567
2026-10-07T00:06:15+00:00,2358,7,4,True,True,True,1791331567
2026-10-07T00:06:15+00:00,2357,23,0,True,True,True,1791331567
2026-10-07T00:06:15+00:00,2355,0,12,True,True,True,1791331567
2026-10-07T00:06:15+00:00,2351,0,17,True,True,True,1791331567
2026-10-07T00:06:15+00:00,2350,1,21,True,True,True,1791331567
2026-10-07T00:06:15+00:00,2349,6,15,True,True,True,1791331567
2026-10-07T00:06:15+00:00,2347,9,21,True,True,True,1791331567
2026-10-07T00:06:15+00:00,2340,13,9,True,True,True,1791331567
2026-10-07T00:06:15+00:00,2339,8,21,True,True,True,1791331567
2026-10-07T00:06:15+00:00,2337,2,11,True,True,True,1791331567
2026-10-07T00:06:15+00:00,2334,2,9,True,True,True,1791331567
2026-10-07T00:06:15+00:00,2333,11,4,True,True,True,1791331567
2026-10-07T00:06:15+00:00,2332,1,8,True,True,True,1791331567
2026-10-07T00:06:15+00:00,2330,9,4,True,True,True,1791331567
2026-10-07T00:06:15+00:00,2329,10,4,True,True,True,1791331567
2026-10-07T00:06:15+00:00,2328,8,11,True,True,True,1791331567
2026-10-07T00:06:15+00:00,2315,7,8,True,True,True,1791331567
2026-10-07T00:06:15+00:00,2308,3,5,True,True,True,1791331567
2026-10-07T00:06:15+00:00,2307,1,25,True,True,True,1791331567
2026-10-07T00:06:15+00:00,2306,0,18,True,True,True,1791331567
2026-10-07T00:06:15+00:00,2305,8,6,True,True,True,1791331567
2026-10-07T00:06:15+00:00,2304,15,3,True,True,True,1791331567
2026-10-07T00:06:15+00:00,2280,11,3,True,True,True,1791331567
2026-10-07T00:06:15+00:00,2270,0,18,True,True,True,1791331567
2026-10-07T00:06:15+00:00,1919,0,6,True,True,True,1791331567
2026-10-07T00:06:15+00:00,1755,9,24,True,True,True,1791331567
2026-10-07T00:06:15+00:00,1101,14,9,True,True,True,1791331567
2026-10-07T00:06:15+00:00,1023,4,9,True,True,True,1791331567
2026-10-07T00:06:15+00:00,1009,4,6,True,True,True,1791331567
2026-10-07T00:06:15+00:00,970,7,16,True,True,True,1791331567
2026-10-07T00:06:15+00:00,787,2,10,True,True,True,1791331567
2026-10-07T00:06:15+00:00,627,2,28,True,True,True,1791331567
2026-10-07T00:06:15+00:00,623,5,14,True,True,True,1791331567
2026-10-07T00:06:15+00:00,624,8,9,True,True,True,1791331567
2026-10-07T00:06:15+00:00,626,2,20,True,True,True,1791331567
2026-10-07T00:06:15+00:00,614,21,2,True,True,True,1791331567
2026-10-07T00:06:15+00:00,616,11,4,True,True,True,1791331567
2026-10-07T00:06:15+00:00,618,0,40,True,True,True,1791331567
2026-10-07T00:06:15+00:00,621,8,16,True,True,True,1791331567
2026-10-07T00:06:15+00:00,622,5,21,True,True,True,1791331567
2026-10-07T00:06:15+00:00,613,6,10,True,True,True,1791331567
2026-10-07T00:06:15+00:00,620,13,25,True,True,True,1791331567
2026-10-07T00:06:15+00:00,596,6,10,True,True,True,1791331567
2026-10-07T00:06:15+00:00,617,1,3,True,True,True,1791331567
2026-10-07T00:06:15+00:00,609,6,21,True,True,True,1791331567
2026-10-07T00:06:15+00:00,607,15,13,True,True,True,1791331567
2026-10-07T00:06:15+00:00,603,5,13,True,True,True,1791331567
2026-10-07T00:06:15+00:00,590,3,34,True,True,True,1791331567
2026-10-07T00:06:15+00:00,610,8,12,True,True,True,1791331567
2026-10-07T00:06:15+00:00,608,5,16,True,True,True,1791331567
2026-10-07T00:06:15+00:00,593,4,24,True,True,True,1791331567
2026-10-07T00:06:15+00:00,530,4,5,True,True,True,1791331567
2026-10-07T00:06:15+00:00,463,14,2,True,True,True,1791331567
2026-10-07T00:06:15+00:00,475,22,1,True,True,True,1791331567
2026-10-07T00:06:15+00:00,439,0,23,True,True,True,1791331567
2026-10-07T00:06:15+00:00,600,4,6,True,True,True,1791331567
2026-10-07T00:06:15+00:00,440,5,12,True,True,True,1791331567
2026-10-07T00:06:15+00:00,612,1,17,True,True,True,1791331567
2026-10-07T00:06:15+00:00,491,15,3,True,True,True,1791331567
2026-10-07T00:06:15+00:00,493,21,4,True,True,True,1791331567
2026-10-07T00:06:15+00:00,410,6,19,True,True,True,1791331567
2026-10-07T00:06:15+00:00,605,4,14,True,True,True,1791331567
2026-10-07T00:06:15+00:00,388,0,17,True,True,True,1791331567
2026-10-07T00:06:15+00:00,591,3,19,True,True,True,1791331567
2026-10-07T00:06:15+00:00,592,1,17,True,True,True,1791331567
2026-10-07T00:06:15+00:00,585,0,1,False,False,False,1791331567
2026-10-07T00:06:15+00:00,565,5,13,True,True,True,1791331567
2026-10-07T00:06:15+00:00,571,8,11,True,True,True,1791331567
2026-10-07T00:06:15+00:00,568,4,11,True,True,True,1791331567
2026-10-07T00:06:15+00:00,588,1,18,True,True,True,1791331567
2026-10-07T00:06:15+00:00,584,3,30,True,True,True,1791331567
2026-10-07T00:06:15+00:00,569,7,22,True,True,True,1791331567
2026-10-07T00:06:15+00:00,577,23,5,True,True,True,1791331567
2026-10-07T00:06:15+00:00,564,8,21,True,True,True,1791331567
2026-10-07T00:06:15+00:00,570,2,13,True,True,True,1791331567
2026-10-07T00:06:15+00:00,572,9,28,True,True,True,1791331567
2026-10-07T00:06:15+00:00,586,2,23,True,True,True,1791331567
2026-10-07T00:06:15+00:00,576,9,8,True,True,True,1791331567
2026-10-07T00:06:15+00:00,566,2,21,True,True,True,1791331567
2026-10-07T00:06:15+00:00,602,3,15,True,True,True,1791331567
2026-10-07T00:06:15+00:00,575,0,29,True,True,True,1791331567
2026-10-07T00:06:15+00:00,567,3,34,True,True,True,1791331567
2026-10-07T00:06:15+00:00,582,1,24,True,True,True,1791331567
2026-10-07T00:06:15+00:00,595,22,0,True,True,True,1791331567
2026-10-07T00:06:15+00:00,542,10,8,True,True,True,1791331567
2026-10-07T00:06:15+00:00,563,9,7,True,True,True,1791331567
2026-10-07T00:06:15+00:00,558,3,12,True,True,True,1791331567
2026-10-07T00:06:15+00:00,552,8,10,True,True,True,1791331567
2026-10-07T00:06:15+00:00,555,8,5,True,True,True,1791331567
2026-10-07T00:06:15+00:00,573,21,3,True,True,True,1791331567
2026-10-07T00:06:15+00:00,561,12,10,True,True,True,1791331567
2026-10-07T00:06:15+00:00,615,13,8,True,True,True,1791331567
2026-10-07T00:06:15+00:00,543,0,17,True,True,True,1791331567
2026-10-07T00:06:15+00:00,554,0,20,True,True,True,1791331567
2026-10-07T00:06:15+00:00,574,2,9,True,True,True,1791331567
2026-10-07T00:06:15+00:00,560,0,8,True,True,True,1791331567
2026-10-07T00:06:15+00:00,548,1,16,True,True,True,1791331567
2026-10-07T00:06:15+00:00,559,7,10,True,True,True,1791331567
2026-10-07T00:06:15+00:00,545,19,19,True,True,True,1791331567
2026-10-07T00:06:15+00:00,550,0,9,True,True,True,1791331567
2026-10-07T00:06:15+00:00,541,3,6,True,True,True,1791331567
2026-10-07T00:06:15+00:00,527,10,2,True,True,True,1791331567
2026-10-07T00:06:15+00:00,529,14,7,True,True,True,1791331567
2026-10-07T00:06:15+00:00,526,0,13,True,True,True,1791331567
2026-10-07T00:06:15+00:00,537,5,13,True,True,True,1791331567
2026-10-07T00:06:15+00:00,547,3,26,True,True,True,1791331567
2026-10-07T00:06:15+00:00,601,3,16,True,True,True,1791331567
2026-10-07T00:06:15+00:00,533,0,11,True,True,True,1791331567
2026-10-07T00:06:15+00:00,535,4,23,True,True,True,1791331567
2026-10-07T00:06:15+00:00,524,0,19,True,True,True,1791331567
2026-10-07T00:06:15+00:00,519,19,2,True,True,True,1791331567
2026-10-07T00:06:15+00:00,534,12,27,True,True,True,1791331567
2026-10-07T00:06:15+00:00,521,6,6,True,True,True,1791331567
2026-10-07T00:06:15+00:00,518,14,4,True,True,True,1791331567
2026-10-07T00:06:15+00:00,556,4,14,True,True,True,1791331567
2026-10-07T00:06:15+00:00,525,1,11,True,True,True,1791331567
2026-10-07T00:06:15+00:00,517,2,13,True,True,True,1791331567
2026-10-07T00:06:15+00:00,523,19,11,True,True,True,1791331567
2026-10-07T00:06:15+00:00,522,8,1,True,True,True,1791331567
2026-10-07T00:06:15+00:00,594,17,1,True,True,True,1791331567
2026-10-07T00:06:15+00:00,532,0,20,True,True,True,1791331567
2026-10-07T00:06:15+00:00,509,7,5,True,True,True,1791331567
2026-10-07T00:06:15+00:00,531,9,9,True,True,True,1791331567
2026-10-07T00:06:15+00:00,536,0,9,True,True,True,1791331567
2026-10-07T00:06:15+00:00,562,29,8,True,True,True,1791331567
2026-10-07T00:06:15+00:00,511,2,18,True,True,True,1791331567
2026-10-07T00:06:15+00:00,505,5,14,True,True,True,1791331567
2026-10-07T00:06:15+00:00,501,1,17,True,True,True,1791331567
2026-10-07T00:06:15+00:00,514,1,8,True,True,True,1791331567
2026-10-07T00:06:15+00:00,500,0,17,True,True,True,1791331567
2026-10-07T00:06:15+00:00,503,15,14,True,True,True,1791331567
2026-10-07T00:06:15+00:00,513,1,13,True,True,True,1791331567
2026-10-07T00:06:15+00:00,498,0,12,True,True,True,1791331567
2026-10-07T00:06:15+00:00,507,16,0,True,True,True,1791331567
2026-10-07T00:06:15+00:00,512,3,26,True,True,True,1791331567
2026-10-07T00:06:15+00:00,619,0,42,True,True,True,1791331567
2026-10-07T00:06:15+00:00,474,0,42,True,True,True,1791331567
2026-10-07T00:06:15+00:00,580,3,42,True,True,True,1791331567
2026-10-07T00:06:15+00:00,496,4,39,True,True,True,1791331567
2026-10-07T00:06:15+00:00,482,1,16,True,True,True,1791331567
2026-10-07T00:06:15+00:00,407,0,12,True,True,True,1791331567
2026-10-07T00:06:15+00:00,409,15,9,True,True,True,1791331567
2026-10-07T00:06:15+00:00,451,2,16,True,True,True,1791331567
2026-10-07T00:06:15+00:00,402,3,16,True,True,True,1791331567
2026-10-07T00:06:15+00:00,516,6,8,True,True,True,1791331567
2026-10-07T00:06:15+00:00,625,6,34,True,True,True,1791331567
2026-10-07T00:06:15+00:00,429,0,20,True,True,True,1791331567
2026-10-07T00:06:15+00:00,380,0,24,True,True,True,1791331567
2026-10-07T00:06:15+00:00,583,7,11,True,True,True,1791331567
2026-10-07T00:06:15+00:00,398,11,2,True,True,True,1791331567
2026-10-07T00:06:15+00:00,381,14,0,True,True,True,1791331567
2026-10-07T00:06:15+00:00,464,23,20,True,True,True,1791331567
2026-10-07T00:06:15+00:00,442,12,0,True,True,True,1791331567
2026-10-07T00:06:15+00:00,483,6,15,True,True,True,1791331567
2026-10-07T00:06:15+00:00,458,11,3,True,True,True,1791331567
2026-10-07T00:06:15+00:00,499,12,4,True,True,True,1791331567
2026-10-07T00:06:15+00:00,472,3,19,True,True,True,1791331567
2026-10-07T00:06:15+00:00,506,4,20,True,True,True,1791331567
2026-10-07T00:06:15+00:00,465,6,22,True,True,True,1791331567
2026-10-07T00:06:15+00:00,611,3,33,True,True,True,1791331567
2026-10-07T00:06:15+00:00,404,2,24,True,True,True,1791331567
2026-10-07T00:06:15+00:00,579,2,14,True,True,True,1791331567
2026-10-07T00:06:15+00:00,589,6,21,True,True,True,1791331567
2026-10-07T00:06:15+00:00,434,2,16,True,True,True,1791331567
2026-10-07T00:06:15+00:00,462,2,13,True,True,True,1791331567
2026-10-07T00:06:15+00:00,578,10,14,True,True,True,1791331567
2026-10-07T00:06:15+00:00,415,0,10,True,True,True,1791331567
2026-10-07T00:06:15+00:00,423,17,2,True,True,True,1791331567
2026-10-07T00:06:15+00:00,412,2,2,True,True,True,1791331567
2026-10-07T00:06:15+00:00,387,3,11,True,True,True,1791331567
2026-10-07T00:06:15+00:00,441,0,15,True,True,True,1791331567
2026-10-07T00:06:15+00:00,454,6,16,True,True,True,1791331567
2026-10-07T00:06:15+00:00,436,10,0,True,True,True,1791331567
2026-10-07T00:06:15+00:00,394,6,8,True,True,True,1791331567
2026-10-07T00:06:15+00:00,497,2,25,True,True,True,1791331567
2026-10-07T00:06:15+00:00,581,17,5,True,True,True,1791331567
2026-10-07T00:06:15+00:00,461,9,9,True,True,True,1791331567
2026-10-07T00:06:15+00:00,599,17,28,True,True,True,1791331567
2026-10-07T00:06:15+00:00,428,12,11,True,True,True,1791331567
2026-10-07T00:06:15+00:00,400,7,17,True,True,True,1791331567
2026-10-07T00:06:15+00:00,487,4,16,True,True,True,1791331567
2026-10-07T00:06:15+00:00,438,22,16,True,True,True,1791331567
2026-10-07T00:06:15+00:00,459,1,11,True,True,True,1791331567
2026-10-07T00:06:15+00:00,433,2,16,True,True,True,1791331567
2026-10-07T00:06:15+00:00,399,25,8,True,True,True,1791331567
2026-10-07T00:06:15+00:00,489,6,20,True,True,True,1791331567
2026-10-07T00:06:15+00:00,742,23,3,True,True,True,1791331567
2026-10-07T00:06:15+00:00,551,18,12,True,True,True,1791331567
2026-10-07T00:06:15+00:00,406,2,9,True,True,True,1791331567
2026-10-07T00:06:15+00:00,488,14,7,True,True,True,1791331567
2026-10-07T00:06:15+00:00,540,10,21,True,True,True,1791331567
2026-10-07T00:06:15+00:00,431,11,9,True,True,True,1791331567
2026-10-07T00:06:15+00:00,393,10,9,True,True,True,1791331567
2026-10-07T00:06:15+00:00,420,8,8,True,True,True,1791331567
2026-10-07T00:06:15+00:00,397,2,30,True,True,True,1791331567
2026-10-07T00:06:15+00:00,390,14,16,True,True,True,1791331567
2026-10-07T00:06:15+00:00,449,6,17,True,True,True,1791331567
2026-10-07T00:06:15+00:00,430,6,33,True,True,True,1791331567
2026-10-07T00:06:15+00:00,484,12,20,True,True,True,1791331567
2026-10-07T00:06:15+00:00,479,14,14,True,True,True,1791331567
2026-10-07T00:06:15+00:00,403,12,0,True,True,True,1791331567
2026-10-07T00:06:15+00:00,435,17,13,True,True,True,1791331567
2026-10-07T00:06:15+00:00,426,16,4,True,True,True,1791331567
2026-10-07T00:06:15+00:00,450,4,10,True,True,True,1791331567
2026-10-07T00:06:15+00:00,456,19,13,True,True,True,1791331567
2026-10-07T00:06:15+00:00,468,14,0,True,True,True,1791331567
2026-10-07T00:06:15+00:00,453,3,29,True,True,True,1791331567
2026-10-07T00:06:15+00:00,466,0,15,True,True,True,1791331567
2026-10-07T00:06:15+00:00,469,3,27,True,True,True,1791331567
2026-10-07T00:06:15+00:00,416,1,14,True,True,True,1791331567
2026-10-07T00:06:15+00:00,391,7,5,True,True,True,1791331567
2026-10-07T00:06:15+00:00,389,7,8,True,True,True,1791331567
2026-10-07T00:06:15+00:00,470,1,12,True,True,True,1791331567
2026-10-07T00:06:15+00:00,384,6,10,True,True,True,1791331567
2026-10-07T00:06:15+00:00,425,2,4,True,True,True,1791331567
2026-10-07T00:06:15+00:00,411,3,8,True,True,True,1791331567
2026-10-07T00:06:15+00:00,598,11,20,True,True,True,1791331567
2026-10-07T00:06:15+00:00,444,15,2,True,True,True,1791331567
2026-10-07T00:06:15+00:00,447,12,16,True,True,True,1791331567
2026-10-07T00:06:15+00:00,408,11,2,True,True,True,1791331567
2026-10-07T00:06:15+00:00,737,9,14,True,True,True,1791331567
2026-10-07T00:06:15+00:00,432,10,2,True,True,True,1791331567
2026-10-07T00:06:15+00:00,401,6,0,True,True,True,1791331567
2026-10-07T00:06:15+00:00,452,0,30,True,True,True,1791331567
2026-10-07T00:06:15+00:00,392,5,2,True,True,True,1791331567
2026-10-07T00:06:15+00:00,481,5,37,True,True,True,1791331567
2026-10-07T00:06:15+00:00,495,17,22,True,True,True,1791331567
2026-10-07T00:06:15+00:00,478,7,6,True,True,True,1791331567
2026-10-07T00:06:15+00:00,414,4,7,True,True,True,1791331567
2026-10-07T00:06:15+00:00,476,12,5,True,True,True,1791331567
2026-10-07T00:06:15+00:00,445,9,8,True,True,True,1791331567
2026-10-07T00:06:15+00:00,748,11,15,True,True,True,1791331567
2026-10-07T00:06:15+00:00,473,2,5,True,True,True,1791331567
2026-10-07T00:06:15+00:00,383,12,13,True,True,True,1791331567
2026-10-07T00:06:15+00:00,480,18,4,True,True,True,1791331567
2026-10-07T00:06:15+00:00,421,5,16,True,True,True,1791331567
2026-10-07T00:06:15+00:00,746,9,2,True,True,True,1791331567
2026-10-07T00:06:15+00:00,417,1,13,True,True,True,1791331567
2026-10-07T00:06:15+00:00,427,7,7,True,True,True,1791331567
2026-10-07T00:06:15+00:00,395,1,12,True,True,True,1791331567
2026-10-07T00:06:15+00:00,418,8,19,True,True,True,1791331567
2026-10-07T00:06:15+00:00,413,0,12,True,True,True,1791331567
2026-10-07T00:06:15+00:00,486,3,16,True,True,True,1791331567
2026-10-07T00:06:15+00:00,597,7,6,True,True,True,1791331567
2026-10-07T00:06:15+00:00,422,3,6,True,True,True,1791331567
2026-10-07T00:06:15+00:00,382,7,1,True,True,True,1791331567
2026-10-07T00:06:15+00:00,396,5,15,True,True,True,1791331567
2026-10-07T00:06:15+00:00,735,11,3,True,True,True,1791331567
2026-10-07T00:06:15+00:00,437,5,19,True,True,True,1791331567
2026-10-07T00:06:15+00:00,446,8,11,True,True,True,1791331567
2026-10-07T00:06:15+00:00,424,2,5,True,True,True,1791331567
2026-10-07T00:06:15+00:00,455,10,1,True,True,True,1791331567
2026-10-07T00:06:15+00:00,457,9,1,True,True,True,1791331567
2026-10-07T00:06:15+00:00,377,26,2,True,True,True,1791331567
2026-10-07T00:06:15+00:00,738,10,2,True,True,True,1791331567
2026-10-07T00:06:15+00:00,460,20,7,True,True,True,1791331567
2026-10-07T00:06:15+00:00,744,3,4,True,True,True,1791331567
2026-10-07T00:06:15+00:00,485,19,1,True,True,True,1791331567
2026-10-07T00:21:15+00:00,6026,0,34,True,True,True,1791332474
2026-10-07T00:21:15+00:00,5431,7,13,True,True,True,1791332474
2026-10-07T00:21:15+00:00,5424,1,17,True,True,True,1791332474
2026-10-07T00:21:15+00:00,5220,0,19,True,True,True,1791332474
2026-10-07T00:21:15+00:00,5217,12,18,True,True,True,1791332474
2026-10-07T00:21:15+00:00,5113,12,1,True,True,True,1791332474
2026-10-07T00:21:15+00:00,4683,0,20,True,True,True,1791332474
2026-10-07T00:21:15+00:00,4552,1,17,True,True,True,1791332474
2026-10-07T00:21:15+00:00,3725,1,15,True,True,True,1791332474
2026-10-07T00:21:15+00:00,2358,7,4,True,True,True,1791332474
2026-10-07T00:21:15+00:00,2357,23,0,True,True,True,1791332474
2026-10-07T00:21:15+00:00,2355,0,12,True,True,True,1791332474
2026-10-07T00:21:15+00:00,2351,0,17,True,True,True,1791332474
2026-10-07T00:21:15+00:00,2350,1,21,True,True,True,1791332474
2026-10-07T00:21:15+00:00,2349,6,15,True,True,True,1791332474
2026-10-07T00:21:15+00:00,2347,9,21,True,True,True,1791332474
2026-10-07T00:21:15+00:00,2340,13,9,True,True,True,1791332474
2026-10-07T00:21:15+00:00,2339,8,21,True,True,True,1791332474
2026-10-07T00:21:15+00:00,2337,2,11,True,True,True,1791332474
2026-10-07T00:21:15+00:00,2334,2,9,True,True,True,1791332474
2026-10-07T00:21:15+00:00,2333,11,4,True,True,True,1791332474
2026-10-07T00:21:15+00:00,2332,1,8,True,True,True,1791332474
2026-10-07T00:21:15+00:00,2330,9,4,True,True,True,1791332474
2026-10-07T00:21:15+00:00,2329,10,4,True,True,True,1791332474
2026-10-07T00:21:15+00:00,2328,8,11,True,True,True,1791332474
2026-10-07T00:21:15+00:00,2315,7,8,True,True,True,1791332474
2026-10-07T00:21:15+00:00,2308,3,5,True,True,True,1791332474
2026-10-07T00:21:15+00:00,2307,1,25,True,True,True,1791332474
2026-10-07T00:21:15+00:00,2306,0,18,True,True,True,1791332474
2026-10-07T00:21:15+00:00,2305,8,6,True,True,True,1791332474
2026-10-07T00:21:15+00:00,2304,15,3,True,True,True,1791332474
2026-10-07T00:21:15+00:00,2280,11,3,True,True,True,1791332474
2026-10-07T00:21:15+00:00,2270,0,18,True,True,True,1791332474
2026-10-07T00:21:15+00:00,1919,0,6,True,True,True,1791332474
2026-10-07T00:21:15+00:00,1755,9,24,True,True,True,1791332474
2026-10-07T00:21:15+00:00,1101,14,9,True,True,True,1791332474
2026-10-07T00:21:15+00:00,1023,4,9,True,True,True,1791332474
2026-10-07T00:21:15+00:00,1009,4,6,True,True,True,1791332474
2026-10-07T00:21:15+00:00,970,7,16,True,True,True,1791332474
2026-10-07T00:21:15+00:00,787,2,10,True,True,True,1791332474
2026-10-07T00:21:15+00:00,627,2,28,True,True,True,1791332474
2026-10-07T00:21:15+00:00,623,5,14,True,True,True,1791332474
2026-10-07T00:21:15+00:00,624,8,9,True,True,True,1791332474
2026-10-07T00:21:15+00:00,626,2,20,True,True,True,1791332474
2026-10-07T00:21:15+00:00,614,21,2,True,True,True,1791332474
2026-10-07T00:21:15+00:00,616,11,4,True,True,True,1791332474
2026-10-07T00:21:15+00:00,618,0,40,True,True,True,1791332474
2026-10-07T00:21:15+00:00,621,8,16,True,True,True,1791332474
2026-10-07T00:21:15+00:00,622,5,21,True,True,True,1791332474
2026-10-07T00:21:15+00:00,613,6,10,True,True,True,1791332474
2026-10-07T00:21:15+00:00,620,13,25,True,True,True,1791332474
2026-10-07T00:21:15+00:00,596,6,10,True,True,True,1791332474
2026-10-07T00:21:15+00:00,617,1,3,True,True,True,1791332474
2026-10-07T00:21:15+00:00,609,6,21,True,True,True,1791332474
2026-10-07T00:21:15+00:00,607,15,13,True,True,True,1791332474
2026-10-07T00:21:15+00:00,603,5,13,True,True,True,1791332474
2026-10-07T00:21:15+00:00,590,3,34,True,True,True,1791332474
2026-10-07T00:21:15+00:00,610,8,12,True,True,True,1791332474
2026-10-07T00:21:15+00:00,608,6,15,True,True,True,1791332474
2026-10-07T00:21:15+00:00,593,4,24,True,True,True,1791332474
2026-10-07T00:21:15+00:00,530,4,5,True,True,True,1791332474
2026-10-07T00:21:15+00:00,463,14,2,True,True,True,1791332474
2026-10-07T00:21:15+00:00,475,22,1,True,True,True,1791332474
2026-10-07T00:21:15+00:00,439,0,23,True,True,True,1791332474
2026-10-07T00:21:15+00:00,600,4,6,True,True,True,1791332474
2026-10-07T00:21:15+00:00,440,5,12,True,True,True,1791332474
2026-10-07T00:21:15+00:00,612,1,17,True,True,True,1791332474
2026-10-07T00:21:15+00:00,491,15,3,True,True,True,1791332474
2026-10-07T00:21:15+00:00,493,21,4,True,True,True,1791332474
2026-10-07T00:21:15+00:00,410,6,19,True,True,True,1791332474
2026-10-07T00:21:15+00:00,605,4,14,True,True,True,1791332474
2026-10-07T00:21:15+00:00,388,0,17,True,True,True,1791332474
2026-10-07T00:21:15+00:00,591,3,19,True,True,True,1791332474
2026-10-07T00:21:15+00:00,592,1,17,True,True,True,1791332474
2026-10-07T00:21:15+00:00,585,0,1,False,False,False,1791332474
2026-10-07T00:21:15+00:00,565,5,13,True,True,True,1791332474
2026-10-07T00:21:15+00:00,571,8,11,True,True,True,1791332474
2026-10-07T00:21:15+00:00,568,4,11,True,True,True,1791332474
2026-10-07T00:21:15+00:00,588,1,18,True,True,True,1791332474
2026-10-07T00:21:15+00:00,584,3,30,True,True,True,1791332474
2026-10-07T00:21:15+00:00,569,7,22,True,True,True,1791332474
2026-10-07T00:21:15+00:00,577,23,5,True,True,True,1791332474
2026-10-07T00:21:15+00:00,564,8,21,True,True,True,1791332474
2026-10-07T00:21:15+00:00,570,2,13,True,True,True,1791332474
2026-10-07T00:21:15+00:00,572,9,28,True,True,True,1791332474
2026-10-07T00:21:15+00:00,586,2,23,True,True,True,1791332474
2026-10-07T00:21:15+00:00,576,9,8,True,True,True,1791332474
2026-10-07T00:21:15+00:00,566,2,21,True,True,True,1791332474
2026-10-07T00:21:15+00:00,602,3,15,True,True,True,1791332474
2026-10-07T00:21:15+00:00,575,0,29,True,True,True,1791332474
2026-10-07T00:21:15+00:00,567,3,34,True,True,True,1791332474
2026-10-07T00:21:15+00:00,582,1,24,True,True,True,1791332474
2026-10-07T00:21:15+00:00,595,22,0,True,True,True,1791332474
2026-10-07T00:21:15+00:00,542,10,8,True,True,True,1791332474
2026-10-07T00:21:15+00:00,563,9,7,True,True,True,1791332474
2026-10-07T00:21:15+00:00,558,3,12,True,True,True,1791332474
2026-10-07T00:21:15+00:00,552,8,10,True,True,True,1791332474
2026-10-07T00:21:15+00:00,555,8,5,True,True,True,1791332474
2026-10-07T00:21:15+00:00,573,21,3,True,True,True,1791332474
2026-10-07T00:21:15+00:00,561,12,10,True,True,True,1791332474
2026-10-07T00:21:15+00:00,615,13,8,True,True,True,1791332474
2026-10-07T00:21:15+00:00,543,0,17,True,True,True,1791332474
2026-10-07T00:21:15+00:00,554,0,20,True,True,True,1791332474
2026-10-07T00:21:15+00:00,574,2,9,True,True,True,1791332474
2026-10-07T00:21:15+00:00,560,0,8,True,True,True,1791332474
2026-10-07T00:21:15+00:00,548,1,16,True,True,True,1791332474
2026-10-07T00:21:15+00:00,559,7,10,True,True,True,1791332474
2026-10-07T00:21:15+00:00,545,19,19,True,True,True,1791332474
2026-10-07T00:21:15+00:00,550,0,9,True,True,True,1791332474
2026-10-07T00:21:15+00:00,541,3,6,True,True,True,1791332474
2026-10-07T00:21:15+00:00,527,10,2,True,True,True,1791332474
2026-10-07T00:21:15+00:00,529,14,7,True,True,True,1791332474
2026-10-07T00:21:15+00:00,526,0,13,True,True,True,1791332474
2026-10-07T00:21:15+00:00,537,5,13,True,True,True,1791332474
2026-10-07T00:21:15+00:00,547,3,26,True,True,True,1791332474
2026-10-07T00:21:15+00:00,601,3,16,True,True,True,1791332474
2026-10-07T00:21:15+00:00,533,0,11,True,True,True,1791332474
2026-10-07T00:21:15+00:00,535,4,23,True,True,True,1791332474
2026-10-07T00:21:15+00:00,524,0,19,True,True,True,1791332474
2026-10-07T00:21:15+00:00,519,19,2,True,True,True,1791332474
2026-10-07T00:21:15+00:00,534,12,27,True,True,True,1791332474
2026-10-07T00:21:15+00:00,521,6,6,True,True,True,1791332474
2026-10-07T00:21:15+00:00,518,14,4,True,True,True,1791332474
2026-10-07T00:21:15+00:00,556,4,14,True,True,True,1791332474
2026-10-07T00:21:15+00:00,525,1,11,True,True,True,1791332474
2026-10-07T00:21:15+00:00,517,2,13,True,True,True,1791332474
2026-10-07T00:21:15+00:00,523,19,11,True,True,True,1791332474
2026-10-07T00:21:15+00:00,522,8,1,True,True,True,1791332474
2026-10-07T00:21:15+00:00,594,17,1,True,True,True,1791332474
2026-10-07T00:21:15+00:00,532,0,20,True,True,True,1791332474
2026-10-07T00:21:15+00:00,509,7,5,True,True,True,1791332474
2026-10-07T00:21:15+00:00,531,9,9,True,True,True,1791332474
2026-10-07T00:21:15+00:00,536,0,9,True,True,True,1791332474
2026-10-07T00:21:15+00:00,562,29,8,True,True,True,1791332474
2026-10-07T00:21:15+00:00,511,2,18,True,True,True,1791332474
2026-10-07T00:21:15+00:00,505,5,14,True,True,True,1791332474
2026-10-07T00:21:15+00:00,501,1,17,True,True,True,1791332474
2026-10-07T00:21:15+00:00,514,1,8,True,True,True,1791332474
2026-10-07T00:21:15+00:00,500,0,17,True,True,True,1791332474
2026-10-07T00:21:15+00:00,503,15,14,True,True,True,1791332474
2026-10-07T00:21:15+00:00,513,1,13,True,True,True,1791332474
2026-10-07T00:21:15+00:00,498,0,12,True,True,True,1791332474
2026-10-07T00:21:15+00:00,507,16,0,True,True,True,1791332474
2026-10-07T00:21:15+00:00,512,3,26,True,True,True,1791332474
2026-10-07T00:21:15+00:00,619,0,42,True,True,True,1791332474
2026-10-07T00:21:15+00:00,474,0,42,True,True,True,1791332474
2026-10-07T00:21:15+00:00,580,3,42,True,True,True,1791332474
2026-10-07T00:21:15+00:00,496,4,39,True,True,True,1791332474
2026-10-07T00:21:15+00:00,482,1,16,True,True,True,1791332474
2026-10-07T00:21:15+00:00,407,0,12,True,True,True,1791332474
2026-10-07T00:21:15+00:00,409,15,9,True,True,True,1791332474
2026-10-07T00:21:15+00:00,451,2,16,True,True,True,1791332474
2026-10-07T00:21:15+00:00,402,3,16,True,True,True,1791332474
2026-10-07T00:21:15+00:00,516,6,8,True,True,True,1791332474
2026-10-07T00:21:15+00:00,625,6,34,True,True,True,1791332474
2026-10-07T00:21:15+00:00,429,0,20,True,True,True,1791332474
2026-10-07T00:21:15+00:00,380,0,24,True,True,True,1791332474
2026-10-07T00:21:15+00:00,583,7,11,True,True,True,1791332474
2026-10-07T00:21:15+00:00,398,11,2,True,True,True,1791332474
2026-10-07T00:21:15+00:00,381,14,0,True,True,True,1791332474
2026-10-07T00:21:15+00:00,464,23,20,True,True,True,1791332474
2026-10-07T00:21:15+00:00,442,12,0,True,True,True,1791332474
2026-10-07T00:21:15+00:00,483,6,15,True,True,True,1791332474
2026-10-07T00:21:15+00:00,458,11,3,True,True,True,1791332474
2026-10-07T00:21:15+00:00,499,12,4,True,True,True,1791332474
2026-10-07T00:21:15+00:00,472,3,19,True,True,True,1791332474
2026-10-07T00:21:15+00:00,506,4,20,True,True,True,1791332474
2026-10-07T00:21:15+00:00,465,6,22,True,True,True,1791332474
2026-10-07T00:21:15+00:00,611,3,33,True,True,True,1791332474
2026-10-07T00:21:15+00:00,404,2,24,True,True,True,1791332474
2026-10-07T00:21:15+00:00,579,2,14,True,True,True,1791332474
2026-10-07T00:21:15+00:00,589,6,21,True,True,True,1791332474
2026-10-07T00:21:15+00:00,434,2,16,True,True,True,1791332474
2026-10-07T00:21:15+00:00,462,2,13,True,True,True,1791332474
2026-10-07T00:21:15+00:00,578,10,14,True,True,True,1791332474
2026-10-07T00:21:15+00:00,415,0,10,True,True,True,1791332474
2026-10-07T00:21:15+00:00,423,17,2,True,True,True,1791332474
2026-10-07T00:21:15+00:00,412,2,2,True,True,True,1791332474
2026-10-07T00:21:15+00:00,387,3,11,True,True,True,1791332474
2026-10-07T00:21:15+00:00,441,0,15,True,True,True,1791332474
2026-10-07T00:21:15+00:00,454,6,16,True,True,True,1791332474
2026-10-07T00:21:15+00:00,436,10,0,True,True,True,1791332474
2026-10-07T00:21:15+00:00,394,6,8,True,True,True,1791332474
2026-10-07T00:21:15+00:00,497,2,25,True,True,True,1791332474
2026-10-07T00:21:15+00:00,581,17,5,True,True,True,1791332474
2026-10-07T00:21:15+00:00,461,9,9,True,True,True,1791332474
2026-10-07T00:21:15+00:00,599,17,28,True,True,True,1791332474
2026-10-07T00:21:15+00:00,428,12,11,True,True,True,1791332474
2026-10-07T00:21:15+00:00,400,7,17,True,True,True,1791332474
2026-10-07T00:21:15+00:00,487,4,16,True,True,True,1791332474
2026-10-07T00:21:15+00:00,438,22,16,True,True,True,1791332474
2026-10-07T00:21:15+00:00,459,1,11,True,True,True,1791332474
2026-10-07T00:21:15+00:00,433,2,16,True,True,True,1791332474
2026-10-07T00:21:15+00:00,399,25,8,True,True,True,1791332474
2026-10-07T00:21:15+00:00,489,6,20,True,True,True,1791332474
2026-10-07T00:21:15+00:00,742,23,3,True,True,True,1791332474
2026-10-07T00:21:15+00:00,551,18,12,True,True,True,1791332474
2026-10-07T00:21:15+00:00,406,2,9,True,True,True,1791332474
2026-10-07T00:21:15+00:00,488,14,7,True,True,True,1791332474
2026-10-07T00:21:15+00:00,540,10,21,True,True,True,1791332474
2026-10-07T00:21:15+00:00,431,11,9,True,True,True,1791332474
2026-10-07T00:21:15+00:00,393,10,9,True,True,True,1791332474
2026-10-07T00:21:15+00:00,420,8,8,True,True,True,1791332474
2026-10-07T00:21:15+00:00,397,2,30,True,True,True,1791332474
2026-10-07T00:21:15+00:00,390,14,16,True,True,True,1791332474
2026-10-07T00:21:15+00:00,449,6,17,True,True,True,1791332474
2026-10-07T00:21:15+00:00,430,6,33,True,True,True,1791332474
2026-10-07T00:21:15+00:00,484,12,20,True,True,True,1791332474
2026-10-07T00:21:15+00:00,479,14,14,True,True,True,1791332474
2026-10-07T00:21:15+00:00,403,12,0,True,True,True,1791332474
2026-10-07T00:21:15+00:00,435,17,13,True,True,True,1791332474
2026-10-07T00:21:15+00:00,426,16,4,True,True,True,1791332474
2026-10-07T00:21:15+00:00,450,4,10,True,True,True,1791332474
2026-10-07T00:21:15+00:00,456,19,13,True,True,True,1791332474
2026-10-07T00:21:15+00:00,468,14,0,True,True,True,1791332474
2026-10-07T00:21:15+00:00,453,3,29,True,True,True,1791332474
2026-10-07T00:21:15+00:00,466,0,15,True,True,True,1791332474
2026-10-07T00:21:15+00:00,469,3,27,True,True,True,1791332474
2026-10-07T00:21:15+00:00,416,1,14,True,True,True,1791332474
2026-10-07T00:21:15+00:00,391,7,5,True,True,True,1791332474
2026-10-07T00:21:15+00:00,389,7,8,True,True,True,1791332474
2026-10-07T00:21:15+00:00,470,1,12,True,True,True,1791332474
2026-10-07T00:21:15+00:00,384,6,10,True,True,True,1791332474
2026-10-07T00:21:15+00:00,425,3,4,True,True,True,1791332474
2026-10-07T00:21:15+00:00,411,3,8,True,True,True,1791332474
2026-10-07T00:21:15+00:00,598,11,20,True,True,True,1791332474
2026-10-07T00:21:15+00:00,444,15,2,True,True,True,1791332474
2026-10-07T00:21:15+00:00,447,12,16,True,True,True,1791332474
2026-10-07T00:21:15+00:00,408,11,2,True,True,True,1791332474
2026-10-07T00:21:15+00:00,737,9,14,True,True,True,1791332474
2026-10-07T00:21:15+00:00,432,10,2,True,True,True,1791332474
2026-10-07T00:21:15+00:00,401,6,0,True,True,True,1791332474
2026-10-07T00:21:15+00:00,452,0,30,True,True,True,1791332474
2026-10-07T00:21:15+00:00,392,5,2,True,True,True,1791332474
2026-10-07T00:21:15+00:00,481,5,37,True,True,True,1791332474
2026-10-07T00:21:15+00:00,495,17,22,True,True,True,1791332474
2026-10-07T00:21:15+00:00,478,7,6,True,True,True,1791332474
2026-10-07T00:21:15+00:00,414,4,7,True,True,True,1791332474
2026-10-07T00:21:15+00:00,476,12,5,True,True,True,1791332474
2026-10-07T00:21:15+00:00,445,9,8,True,True,True,1791332474
2026-10-07T00:21:15+00:00,748,11,15,True,True,True,1791332474
2026-10-07T00:21:15+00:00,473,2,5,True,True,True,1791332474
2026-10-07T00:21:15+00:00,383,12,13,True,True,True,1791332474
2026-10-07T00:21:15+00:00,480,18,4,True,True,True,1791332474
2026-10-07T00:21:15+00:00,421,5,16,True,True,True,1791332474
2026-10-07T00:21:15+00:00,746,9,2,True,True,True,1791332474
2026-10-07T00:21:15+00:00,417,1,13,True,True,True,1791332474
2026-10-07T00:21:15+00:00,427,7,7,True,True,True,1791332474
2026-10-07T00:21:15+00:00,395,1,12,True,True,True,1791332474
2026-10-07T00:21:15+00:00,418,8,19,True,True,True,1791332474
2026-10-07T00:21:15+00:00,413,0,12,True,True,True,1791332474
2026-10-07T00:21:15+00:00,486,3,16,True,True,True,1791332474
2026-10-07T00:21:15+00:00,597,7,6,True,True,True,1791332474
2026-10-07T00:21:15+00:00,422,3,6,True,True,True,1791332474
2026-10-07T00:21:15+00:00,382,7,1,True,True,True,1791332474
2026-10-07T00:21:15+00:00,396,5,15,True,True,True,1791332474
2026-10-07T00:21:15+00:00,735,11,3,True,True,True,1791332474
2026-10-07T00:21:15+00:00,437,5,19,True,True,True,1791332474
2026-10-07T00:21:15+00:00,446,8,11,True,True,True,1791332474
2026-10-07T00:21:15+00:00,424,2,5,True,True,True,1791332474
2026-10-07T00:21:15+00:00,455,10,1,True,True,True,1791332474
2026-10-07T00:21:15+00:00,457,9,1,True,True,True,1791332474
2026-10-07T00:21:15+00:00,377,26,2,True,True,True,1791332474
2026-10-07T00:21:15+00:00,738,10,2,True,True,True,1791332474
2026-10-07T00:21:15+00:00,460,20,7,True,True,True,1791332474
2026-10-07T00:21:15+00:00,744,3,4,True,True,True,1791332474
2026-10-07T00:21:15+00:00,485,19,1,True,True,True,1791332474
2026-10-07T00:36:15+00:00,6026,0,34,True,True,True,1791333368
2026-10-07T00:36:15+00:00,5431,7,13,True,True,True,1791333368
2026-10-07T00:36:15+00:00,5424,1,17,True,True,True,1791333368
2026-10-07T00:36:15+00:00,5220,0,19,True,True,True,1791333368
2026-10-07T00:36:15+00:00,5217,12,18,True,True,True,1791333368
2026-10-07T00:36:15+00:00,5113,12,1,True,True,True,1791333368
2026-10-07T00:36:15+00:00,4683,0,20,True,True,True,1791333368
2026-10-07T00:36:15+00:00,4552,1,17,True,True,True,1791333368
2026-10-07T00:36:15+00:00,3725,1,15,True,True,True,1791333368
2026-10-07T00:36:15+00:00,2358,7,4,True,True,True,1791333368
2026-10-07T00:36:15+00:00,2357,23,0,True,True,True,1791333368
2026-10-07T00:36:15+00:00,2355,0,12,True,True,True,1791333368
2026-10-07T00:36:15+00:00,2351,0,17,True,True,True,1791333368
2026-10-07T00:36:15+00:00,2350,1,21,True,True,True,1791333368
2026-10-07T00:36:15+00:00,2349,6,15,True,True,True,1791333368
2026-10-07T00:36:15+00:00,2347,9,21,True,True,True,1791333368
2026-10-07T00:36:15+00:00,2340,13,9,True,True,True,1791333368
2026-10-07T00:36:15+00:00,2339,8,21,True,True,True,1791333368
2026-10-07T00:36:15+00:00,2337,2,11,True,True,True,1791333368
2026-10-07T00:36:15+00:00,2334,2,9,True,True,True,1791333368
2026-10-07T00:36:15+00:00,2333,11,4,True,True,True,1791333368
2026-10-07T00:36:15+00:00,2332,1,8,True,True,True,1791333368
2026-10-07T00:36:15+00:00,2330,9,4,True,True,True,1791333368
2026-10-07T00:36:15+00:00,2329,10,4,True,True,True,1791333368
2026-10-07T00:36:15+00:00,2328,8,11,True,True,True,1791333368
2026-10-07T00:36:15+00:00,2315,7,8,True,True,True,1791333368
2026-10-07T00:36:15+00:00,2308,3,5,True,True,True,1791333368
2026-10-07T00:36:15+00:00,2307,1,25,True,True,True,1791333368
2026-10-07T00:36:15+00:00,2306,0,18,True,True,True,1791333368
2026-10-07T00:36:15+00:00,2305,8,6,True,True,True,1791333368
2026-10-07T00:36:15+00:00,2304,15,3,True,True,True,1791333368
2026-10-07T00:36:15+00:00,2280,11,3,True,True,True,1791333368
2026-10-07T00:36:15+00:00,2270,0,18,True,True,True,1791333368
2026-10-07T00:36:15+00:00,1919,0,6,True,True,True,1791333368
2026-10-07T00:36:15+00:00,1755,9,24,True,True,True,1791333368
2026-10-07T00:36:15+00:00,1101,14,9,True,True,True,1791333368
2026-10-07T00:36:15+00:00,1023,4,9,True,True,True,1791333368
2026-10-07T00:36:15+00:00,1009,4,6,True,True,True,1791333368
2026-10-07T00:36:15+00:00,970,7,16,True,True,True,1791333368
2026-10-07T00:36:15+00:00,787,2,10,True,True,True,1791333368
2026-10-07T00:36:15+00:00,627,2,28,True,True,True,1791333368
2026-10-07T00:36:15+00:00,623,5,14,True,True,True,1791333368
2026-10-07T00:36:15+00:00,624,8,9,True,True,True,1791333368
2026-10-07T00:36:15+00:00,626,2,20,True,True,True,1791333368
2026-10-07T00:36:15+00:00,614,21,2,True,True,True,1791333368
2026-10-07T00:36:15+00:00,616,11,4,True,True,True,1791333368
2026-10-07T00:36:15+00:00,618,0,40,True,True,True,1791333368
2026-10-07T00:36:15+00:00,621,8,16,True,True,True,1791333368
2026-10-07T00:36:15+00:00,622,5,21,True,True,True,1791333368
2026-10-07T00:36:15+00:00,613,6,10,True,True,True,1791333368
2026-10-07T00:36:15+00:00,620,13,25,True,True,True,1791333368
2026-10-07T00:36:15+00:00,596,6,10,True,True,True,1791333368
2026-10-07T00:36:15+00:00,617,1,3,True,True,True,1791333368
2026-10-07T00:36:15+00:00,609,6,21,True,True,True,1791333368
2026-10-07T00:36:15+00:00,607,15,13,True,True,True,1791333368
2026-10-07T00:36:15+00:00,603,5,13,True,True,True,1791333368
2026-10-07T00:36:15+00:00,590,3,34,True,True,True,1791333368
2026-10-07T00:36:15+00:00,610,8,12,True,True,True,1791333368
2026-10-07T00:36:15+00:00,608,6,15,True,True,True,1791333368
2026-10-07T00:36:15+00:00,593,4,24,True,True,True,1791333368
2026-10-07T00:36:15+00:00,530,4,5,True,True,True,1791333368
2026-10-07T00:36:15+00:00,463,14,2,True,True,True,1791333368
2026-10-07T00:36:15+00:00,475,22,1,True,True,True,1791333368
2026-10-07T00:36:15+00:00,439,0,23,True,True,True,1791333368
2026-10-07T00:36:15+00:00,600,4,6,True,True,True,1791333368
2026-10-07T00:36:15+00:00,440,5,12,True,True,True,1791333368
2026-10-07T00:36:15+00:00,612,1,17,True,True,True,1791333368
2026-10-07T00:36:15+00:00,491,15,3,True,True,True,1791333368
2026-10-07T00:36:15+00:00,493,21,4,True,True,True,1791333368
2026-10-07T00:36:15+00:00,410,6,19,True,True,True,1791333368
2026-10-07T00:36:15+00:00,605,4,14,True,True,True,1791333368
2026-10-07T00:36:15+00:00,388,0,17,True,True,True,1791333368
2026-10-07T00:36:15+00:00,591,3,19,True,True,True,1791333368
2026-10-07T00:36:15+00:00,592,1,17,True,True,True,1791333368
2026-10-07T00:36:15+00:00,585,0,1,False,False,False,1791333368
2026-10-07T00:36:15+00:00,565,5,13,True,True,True,1791333368
2026-10-07T00:36:15+00:00,571,8,11,True,True,True,1791333368
2026-10-07T00:36:15+00:00,568,4,11,True,True,True,1791333368
2026-10-07T00:36:15+00:00,588,1,18,True,True,True,1791333368
2026-10-07T00:36:15+00:00,584,3,30,True,True,True,1791333368
2026-10-07T00:36:15+00:00,569,7,22,True,True,True,1791333368
2026-10-07T00:36:15+00:00,577,23,5,True,True,True,1791333368
2026-10-07T00:36:15+00:00,564,8,21,True,True,True,1791333368
2026-10-07T00:36:15+00:00,570,2,13,True,True,True,1791333368
2026-10-07T00:36:15+00:00,572,9,28,True,True,True,1791333368
2026-10-07T00:36:15+00:00,586,2,23,True,True,True,1791333368
2026-10-07T00:36:15+00:00,576,9,8,True,True,True,1791333368
2026-10-07T00:36:15+00:00,566,2,21,True,True,True,1791333368
2026-10-07T00:36:15+00:00,602,3,15,True,True,True,1791333368
2026-10-07T00:36:15+00:00,575,0,29,True,True,True,1791333368
2026-10-07T00:36:15+00:00,567,3,34,True,True,True,1791333368
2026-10-07T00:36:15+00:00,582,1,24,True,True,True,1791333368
2026-10-07T00:36:15+00:00,595,22,0,True,True,True,1791333368
2026-10-07T00:36:15+00:00,542,10,8,True,True,True,1791333368
2026-10-07T00:36:15+00:00,563,9,7,True,True,True,1791333368
2026-10-07T00:36:15+00:00,558,3,12,True,True,True,1791333368
2026-10-07T00:36:15+00:00,552,8,10,True,True,True,1791333368
2026-10-07T00:36:15+00:00,555,8,5,True,True,True,1791333368
2026-10-07T00:36:15+00:00,573,21,3,True,True,True,1791333368
2026-10-07T00:36:15+00:00,561,12,10,True,True,True,1791333368
2026-10-07T00:36:15+00:00,615,13,8,True,True,True,1791333368
2026-10-07T00:36:15+00:00,543,0,17,True,True,True,1791333368
2026-10-07T00:36:15+00:00,554,0,20,True,True,True,1791333368
2026-10-07T00:36:15+00:00,574,2,9,True,True,True,1791333368
2026-10-07T00:36:15+00:00,560,0,8,True,True,True,1791333368
2026-10-07T00:36:15+00:00,548,1,16,True,True,True,1791333368
2026-10-07T00:36:15+00:00,559,7,10,True,True,True,1791333368
2026-10-07T00:36:15+00:00,545,19,19,True,True,True,1791333368
2026-10-07T00:36:15+00:00,550,0,9,True,True,True,1791333368
2026-10-07T00:36:15+00:00,541,3,6,True,True,True,1791333368
2026-10-07T00:36:15+00:00,527,10,2,True,True,True,1791333368
2026-10-07T00:36:15+00:00,529,14,7,True,True,True,1791333368
2026-10-07T00:36:15+00:00,526,0,13,True,True,True,1791333368
2026-10-07T00:36:15+00:00,537,5,13,True,True,True,1791333368
2026-10-07T00:36:15+00:00,547,3,26,True,True,True,1791333368
2026-10-07T00:36:15+00:00,601,3,16,True,True,True,1791333368
2026-10-07T00:36:15+00:00,533,0,11,True,True,True,1791333368
2026-10-07T00:36:15+00:00,535,4,23,True,True,True,1791333368
2026-10-07T00:36:15+00:00,524,0,19,True,True,True,1791333368
2026-10-07T00:36:15+00:00,519,19,2,True,True,True,1791333368
2026-10-07T00:36:15+00:00,534,12,27,True,True,True,1791333368
2026-10-07T00:36:15+00:00,521,6,6,True,True,True,1791333368
2026-10-07T00:36:15+00:00,518,14,4,True,True,True,1791333368
2026-10-07T00:36:15+00:00,556,4,14,True,True,True,1791333368
2026-10-07T00:36:15+00:00,525,1,11,True,True,True,1791333368
2026-10-07T00:36:15+00:00,517,2,13,True,True,True,1791333368
2026-10-07T00:36:15+00:00,523,19,11,True,True,True,1791333368
2026-10-07T00:36:15+00:00,522,8,1,True,True,True,1791333368
2026-10-07T00:36:15+00:00,594,17,1,True,True,True,1791333368
2026-10-07T00:36:15+00:00,532,0,20,True,True,True,1791333368
2026-10-07T00:36:15+00:00,509,7,5,True,True,True,1791333368
2026-10-07T00:36:15+00:00,531,9,9,True,True,True,1791333368
2026-10-07T00:36:15+00:00,536,0,9,True,True,True,1791333368
2026-10-07T00:36:15+00:00,562,29,8,True,True,True,1791333368
2026-10-07T00:36:15+00:00,511,2,18,True,True,True,1791333368
2026-10-07T00:36:15+00:00,505,5,14,True,True,True,1791333368
2026-10-07T00:36:15+00:00,501,1,17,True,True,True,1791333368
2026-10-07T00:36:15+00:00,514,1,8,True,True,True,1791333368
2026-10-07T00:36:15+00:00,500,0,17,True,True,True,1791333368
2026-10-07T00:36:15+00:00,503,15,14,True,True,True,1791333368
2026-10-07T00:36:15+00:00,513,1,13,True,True,True,1791333368
2026-10-07T00:36:15+00:00,498,0,12,True,True,True,1791333368
2026-10-07T00:36:15+00:00,507,16,0,True,True,True,1791333368
2026-10-07T00:36:15+00:00,512,3,26,True,True,True,1791333368
2026-10-07T00:36:15+00:00,619,0,42,True,True,True,1791333368
2026-10-07T00:36:15+00:00,474,0,42,True,True,True,1791333368
2026-10-07T00:36:15+00:00,580,3,42,True,True,True,1791333368
2026-10-07T00:36:15+00:00,496,4,39,True,True,True,1791333368
2026-10-07T00:36:15+00:00,482,1,16,True,True,True,1791333368
2026-10-07T00:36:15+00:00,407,0,12,True,True,True,1791333368
2026-10-07T00:36:15+00:00,409,15,9,True,True,True,1791333368
2026-10-07T00:36:15+00:00,451,2,16,True,True,True,1791333368
2026-10-07T00:36:15+00:00,402,3,16,True,True,True,1791333368
2026-10-07T00:36:15+00:00,516,6,8,True,True,True,1791333368
2026-10-07T00:36:15+00:00,625,6,34,True,True,True,1791333368
2026-10-07T00:36:15+00:00,429,0,20,True,True,True,1791333368
2026-10-07T00:36:15+00:00,380,0,24,True,True,True,1791333368
2026-10-07T00:36:15+00:00,583,7,11,True,True,True,1791333368
2026-10-07T00:36:15+00:00,398,11,2,True,True,True,1791333368
2026-10-07T00:36:15+00:00,381,14,0,True,True,True,1791333368
2026-10-07T00:36:15+00:00,464,23,20,True,True,True,1791333368
2026-10-07T00:36:15+00:00,442,12,0,True,True,True,1791333368
2026-10-07T00:36:15+00:00,483,6,15,True,True,True,1791333368
2026-10-07T00:36:15+00:00,458,11,3,True,True,True,1791333368
2026-10-07T00:36:15+00:00,499,12,4,True,True,True,1791333368
2026-10-07T00:36:15+00:00,472,3,19,True,True,True,1791333368
2026-10-07T00:36:15+00:00,506,4,20,True,True,True,1791333368
2026-10-07T00:36:15+00:00,465,6,22,True,True,True,1791333368
2026-10-07T00:36:15+00:00,611,3,33,True,True,True,1791333368
2026-10-07T00:36:15+00:00,404,2,24,True,True,True,1791333368
2026-10-07T00:36:15+00:00,579,2,14,True,True,True,1791333368
2026-10-07T00:36:15+00:00,589,6,21,True,True,True,1791333368
2026-10-07T00:36:15+00:00,434,2,16,True,True,True,1791333368
2026-10-07T00:36:15+00:00,462,2,13,True,True,True,1791333368
2026-10-07T00:36:15+00:00,578,10,14,True,True,True,1791333368
2026-10-07T00:36:15+00:00,415,0,10,True,True,True,1791333368
2026-10-07T00:36:15+00:00,423,17,2,True,True,True,1791333368
2026-10-07T00:36:15+00:00,412,2,2,True,True,True,1791333368
2026-10-07T00:36:15+00:00,387,3,11,True,True,True,1791333368
2026-10-07T00:36:15+00:00,441,0,15,True,True,True,1791333368
2026-10-07T00:36:15+00:00,454,6,16,True,True,True,1791333368
2026-10-07T00:36:15+00:00,436,10,0,True,True,True,1791333368
2026-10-07T00:36:15+00:00,394,6,8,True,True,True,1791333368
2026-10-07T00:36:15+00:00,497,2,25,True,True,True,1791333368
2026-10-07T00:36:15+00:00,581,17,5,True,True,True,1791333368
2026-10-07T00:36:15+00:00,461,9,9,True,True,True,1791333368
2026-10-07T00:36:15+00:00,599,17,28,True,True,True,1791333368
2026-10-07T00:36:15+00:00,428,12,11,True,True,True,1791333368
2026-10-07T00:36:15+00:00,400,7,17,True,True,True,1791333368
2026-10-07T00:36:15+00:00,487,4,16,True,True,True,1791333368
2026-10-07T00:36:15+00:00,438,22,16,True,True,True,1791333368
2026-10-07T00:36:15+00:00,459,1,11,True,True,True,1791333368
2026-10-07T00:36:15+00:00,433,2,16,True,True,True,1791333368
2026-10-07T00:36:15+00:00,399,25,8,True,True,True,1791333368
2026-10-07T00:36:15+00:00,489,6,20,True,True,True,1791333368
2026-10-07T00:36:15+00:00,742,23,3,True,True,True,1791333368
2026-10-07T00:36:15+00:00,551,18,12,True,True,True,1791333368
2026-10-07T00:36:15+00:00,406,2,9,True,True,True,1791333368
2026-10-07T00:36:15+00:00,488,14,7,True,True,True,1791333368
2026-10-07T00:36:15+00:00,540,10,21,True,True,True,1791333368
2026-10-07T00:36:15+00:00,431,11,9,True,True,True,1791333368
2026-10-07T00:36:15+00:00,393,10,9,True,True,True,1791333368
2026-10-07T00:36:15+00:00,420,8,8,True,True,True,1791333368
2026-10-07T00:36:15+00:00,397,2,30,True,True,True,1791333368
2026-10-07T00:36:15+00:00,390,14,16,True,True,True,1791333368
2026-10-07T00:36:15+00:00,449,6,17,True,True,True,1791333368
2026-10-07T00:36:15+00:00,430,6,33,True,True,True,1791333368
2026-10-07T00:36:15+00:00,484,12,20,True,True,True,1791333368
2026-10-07T00:36:15+00:00,479,14,14,True,True,True,1791333368
2026-10-07T00:36:15+00:00,403,12,0,True,True,True,1791333368
2026-10-07T00:36:15+00:00,435,17,13,True,True,True,1791333368
2026-10-07T00:36:15+00:00,426,16,4,True,True,True,1791333368
2026-10-07T00:36:15+00:00,450,4,10,True,True,True,1791333368
2026-10-07T00:36:15+00:00,456,19,13,True,True,True,1791333368
2026-10-07T00:36:15+00:00,468,14,0,True,True,True,1791333368
2026-10-07T00:36:15+00:00,453,3,29,True,True,True,1791333368
2026-10-07T00:36:15+00:00,466,0,15,True,True,True,1791333368
2026-10-07T00:36:15+00:00,469,3,27,True,True,True,1791333368
2026-10-07T00:36:15+00:00,416,1,14,True,True,True,1791333368
2026-10-07T00:36:15+00:00,391,7,5,True,True,True,1791333368
2026-10-07T00:36:15+00:00,389,7,8,True,True,True,1791333368
2026-10-07T00:36:15+00:00,470,1,12,True,True,True,1791333368
2026-10-07T00:36:15+00:00,384,6,10,True,True,True,1791333368
2026-10-07T00:36:15+00:00,425,3,4,True,True,True,1791333368
2026-10-07T00:36:15+00:00,411,3,8,True,True,True,1791333368
2026-10-07T00:36:15+00:00,598,11,20,True,True,True,1791333368
2026-10-07T00:36:15+00:00,444,15,2,True,True,True,1791333368
2026-10-07T00:36:15+00:00,447,12,16,True,True,True,1791333368
2026-10-07T00:36:15+00:00,408,11,2,True,True,True,1791333368
2026-10-07T00:36:15+00:00,737,9,14,True,True,True,1791333368
2026-10-07T00:36:15+00:00,432,10,2,True,True,True,1791333368
2026-10-07T00:36:15+00:00,401,6,0,True,True,True,1791333368
2026-10-07T00:36:15+00:00,452,0,30,True,True,True,1791333368
2026-10-07T00:36:15+00:00,392,5,2,True,True,True,1791333368
2026-10-07T00:36:15+00:00,481,5,37,True,True,True,1791333368
2026-10-07T00:36:15+00:00,495,17,22,True,True,True,1791333368
2026-10-07T00:36:15+00:00,478,7,6,True,True,True,1791333368
2026-10-07T00:36:15+00:00,414,4,7,True,True,True,1791333368
2026-10-07T00:36:15+00:00,476,12,5,True,True,True,1791333368
2026-10-07T00:36:15+00:00,445,9,8,True,True,True,1791333368
2026-10-07T00:36:15+00:00,748,11,15,True,True,True,1791333368
2026-10-07T00:36:15+00:00,473,2,5,True,True,True,1791333368
2026-10-07T00:36:15+00:00,383,12,13,True,True,True,1791333368
2026-10-07T00:36:15+00:00,480,18,4,True,True,True,1791333368
2026-10-07T00:36:15+00:00,421,5,16,True,True,True,1791333368
2026-10-07T00:36:15+00:00,746,9,2,True,True,True,1791333368
2026-10-07T00:36:15+00:00,417,1,13,True,True,True,1791333368
2026-10-07T00:36:15+00:00,427,7,7,True,True,True,1791333368
2026-10-07T00:36:15+00:00,395,1,12,True,True,True,1791333368
2026-10-07T00:36:15+00:00,418,8,19,True,True,True,1791333368
2026-10-07T00:36:15+00:00,413,0,12,True,True,True,1791333368
2026-10-07T00:36:15+00:00,486,3,16,True,True,True,1791333368
2026-10-07T00:36:15+00:00,597,7,6,True,True,True,1791333368
2026-10-07T00:36:15+00:00,422,3,6,True,True,True,1791333368
2026-10-07T00:36:15+00:00,382,7,1,True,True,True,1791333368
2026-10-07T00:36:15+00:00,396,5,15,True,True,True,1791333368
2026-10-07T00:36:15+00:00,735,11,3,True,True,True,1791333368
2026-10-07T00:36:15+00:00,437,5,19,True,True,True,1791333368
2026-10-07T00:36:15+00:00,446,8,11,True,True,True,1791333368
2026-10-07T00:36:15+00:00,424,2,5,True,True,True,1791333368
2026-10-07T00:36:15+00:00,455,10,1,True,True,True,1791333368
2026-10-07T00:36:15+00:00,457,9,1,True,True,True,1791333368
2026-10-07T00:36:15+00:00,377,26,2,True,True,True,1791333368
2026-10-07T00:36:15+00:00,738,10,2,True,True,True,1791333368
2026-10-07T00:36:15+00:00,460,20,7,True,True,True,1791333368
2026-10-07T00:36:15+00:00,744,3,4,True,True,True,1791333368
2026-10-07T00:36:15+00:00,485,19,1,True,True,True,1791333368
2026-10-07T00:51:15+00:00,6026,0,34,True,True,True,1791334272
2026-10-07T00:51:15+00:00,5431,7,13,True,True,True,1791334272
2026-10-07T00:51:15+00:00,5424,1,17,True,True,True,1791334272
2026-10-07T00:51:15+00:00,5220,0,19,True,True,True,1791334272
2026-10-07T00:51:15+00:00,5217,12,18,True,True,True,1791334272
2026-10-07T00:51:15+00:00,5113,12,1,True,True,True,1791334272
2026-10-07T00:51:15+00:00,4683,0,20,True,True,True,1791334272
2026-10-07T00:51:15+00:00,4552,1,17,True,True,True,1791334272
2026-10-07T00:51:15+00:00,3725,1,15,True,True,True,1791334272
2026-10-07T00:51:15+00:00,2358,7,4,True,True,True,1791334272
2026-10-07T00:51:15+00:00,2357,23,0,True,True,True,1791334272
2026-10-07T00:51:15+00:00,2355,0,12,True,True,True,1791334272
2026-10-07T00:51:15+00:00,2351,0,17,True,True,True,1791334272
2026-10-07T00:51:15+00:00,2350,1,21,True,True,True,1791334272
2026-10-07T00:51:15+00:00,2349,6,15,True,True,True,1791334272
2026-10-07T00:51:15+00:00,2347,9,21,True,True,True,1791334272
2026-10-07T00:51:15+00:00,2340,13,9,True,True,True,1791334272
2026-10-07T00:51:15+00:00,2339,8,21,True,True,True,1791334272
2026-10-07T00:51:15+00:00,2337,2,11,True,True,True,1791334272
2026-10-07T00:51:15+00:00,2334,2,9,True,True,True,1791334272
2026-10-07T00:51:15+00:00,2333,11,4,True,True,True,1791334272
2026-10-07T00:51:15+00:00,2332,1,8,True,True,True,1791334272
2026-10-07T00:51:15+00:00,2330,9,4,True,True,True,1791334272
2026-10-07T00:51:15+00:00,2329,10,4,True,True,True,1791334272
2026-10-07T00:51:15+00:00,2328,8,11,True,True,True,1791334272
2026-10-07T00:51:15+00:00,2315,7,8,True,True,True,1791334272
2026-10-07T00:51:15+00:00,2308,3,5,True,True,True,1791334272
2026-10-07T00:51:15+00:00,2307,1,25,True,True,True,1791334272
2026-10-07T00:51:15+00:00,2306,0,18,True,True,True,1791334272
2026-10-07T00:51:15+00:00,2305,8,6,True,True,True,1791334272
2026-10-07T00:51:15+00:00,2304,15,3,True,True,True,1791334272
2026-10-07T00:51:15+00:00,2280,11,3,True,True,True,1791334272
2026-10-07T00:51:15+00:00,2270,0,18,True,True,True,1791334272
2026-10-07T00:51:15+00:00,1919,0,6,True,True,True,1791334272
2026-10-07T00:51:15+00:00,1755,9,24,True,True,True,1791334272
2026-10-07T00:51:15+00:00,1101,14,9,True,True,True,1791334272
2026-10-07T00:51:15+00:00,1023,4,9,True,True,True,1791334272
2026-10-07T00:51:15+00:00,1009,4,6,True,True,True,1791334272
2026-10-07T00:51:15+00:00,970,7,16,True,True,True,1791334272
2026-10-07T00:51:15+00:00,787,2,10,True,True,True,1791334272
2026-10-07T00:51:15+00:00,627,2,28,True,True,True,1791334272
2026-10-07T00:51:15+00:00,623,5,14,True,True,True,1791334272
2026-10-07T00:51:15+00:00,624,8,9,True,True,True,1791334272
2026-10-07T00:51:15+00:00,626,2,20,True,True,True,1791334272
2026-10-07T00:51:15+00:00,614,21,2,True,True,True,1791334272
2026-10-07T00:51:15+00:00,616,11,4,True,True,True,1791334272
2026-10-07T00:51:15+00:00,618,0,40,True,True,True,1791334272
2026-10-07T00:51:15+00:00,621,8,16,True,True,True,1791334272
2026-10-07T00:51:15+00:00,622,5,21,True,True,True,1791334272
2026-10-07T00:51:15+00:00,613,6,10,True,True,True,1791334272
2026-10-07T00:51:15+00:00,620,13,25,True,True,True,1791334272
2026-10-07T00:51:15+00:00,596,6,10,True,True,True,1791334272
2026-10-07T00:51:15+00:00,617,1,3,True,True,True,1791334272
2026-10-07T00:51:15+00:00,609,6,21,True,True,True,1791334272
2026-10-07T00:51:15+00:00,607,15,13,True,True,True,1791334272
2026-10-07T00:51:15+00:00,603,5,13,True,True,True,1791334272
2026-10-07T00:51:15+00:00,590,3,34,True,True,True,1791334272
2026-10-07T00:51:15+00:00,610,8,12,True,True,True,1791334272
2026-10-07T00:51:15+00:00,608,6,15,True,True,True,1791334272
2026-10-07T00:51:15+00:00,593,4,24,True,True,True,1791334272
2026-10-07T00:51:15+00:00,530,4,5,True,True,True,1791334272
2026-10-07T00:51:15+00:00,463,14,2,True,True,True,1791334272
2026-10-07T00:51:15+00:00,475,22,1,True,True,True,1791334272
2026-10-07T00:51:15+00:00,439,0,23,True,True,True,1791334272
2026-10-07T00:51:15+00:00,600,4,6,True,True,True,1791334272
2026-10-07T00:51:15+00:00,440,5,12,True,True,True,1791334272
2026-10-07T00:51:15+00:00,612,1,17,True,True,True,1791334272
2026-10-07T00:51:15+00:00,491,15,3,True,True,True,1791334272
2026-10-07T00:51:15+00:00,493,21,4,True,True,True,1791334272
2026-10-07T00:51:15+00:00,410,6,19,True,True,True,1791334272
2026-10-07T00:51:15+00:00,605,4,14,True,True,True,1791334272
2026-10-07T00:51:15+00:00,388,0,17,True,True,True,1791334272
2026-10-07T00:51:15+00:00,591,3,19,True,True,True,1791334272
2026-10-07T00:51:15+00:00,592,1,17,True,True,True,1791334272
2026-10-07T00:51:15+00:00,585,0,1,False,False,False,1791334272
2026-10-07T00:51:15+00:00,565,5,13,True,True,True,1791334272
2026-10-07T00:51:15+00:00,571,8,11,True,True,True,1791334272
2026-10-07T00:51:15+00:00,568,4,11,True,True,True,1791334272
2026-10-07T00:51:15+00:00,588,1,18,True,True,True,1791334272
2026-10-07T00:51:15+00:00,584,3,30,True,True,True,1791334272
2026-10-07T00:51:15+00:00,569,7,22,True,True,True,1791334272
2026-10-07T00:51:15+00:00,577,23,5,True,True,True,1791334272
2026-10-07T00:51:15+00:00,564,8,21,True,True,True,1791334272
2026-10-07T00:51:15+00:00,570,2,13,True,True,True,1791334272
2026-10-07T00:51:15+00:00,572,9,28,True,True,True,1791334272
2026-10-07T00:51:15+00:00,586,2,23,True,True,True,1791334272
2026-10-07T00:51:15+00:00,576,9,8,True,True,True,1791334272
2026-10-07T00:51:15+00:00,566,2,21,True,True,True,1791334272
2026-10-07T00:51:15+00:00,602,3,15,True,True,True,1791334272
2026-10-07T00:51:15+00:00,575,0,29,True,True,True,1791334272
2026-10-07T00:51:15+00:00,567,3,34,True,True,True,1791334272
2026-10-07T00:51:15+00:00,582,1,24,True,True,True,1791334272
2026-10-07T00:51:15+00:00,595,22,0,True,True,True,1791334272
2026-10-07T00:51:15+00:00,542,10,8,True,True,True,1791334272
2026-10-07T00:51:15+00:00,563,9,7,True,True,True,1791334272
2026-10-07T00:51:15+00:00,558,3,12,True,True,True,1791334272
2026-10-07T00:51:15+00:00,552,8,10,True,True,True,1791334272
2026-10-07T00:51:15+00:00,555,8,5,True,True,True,1791334272
2026-10-07T00:51:15+00:00,573,21,3,True,True,True,1791334272
2026-10-07T00:51:15+00:00,561,12,10,True,True,True,1791334272
2026-10-07T00:51:15+00:00,615,13,8,True,True,True,1791334272
2026-10-07T00:51:15+00:00,543,0,17,True,True,True,1791334272
2026-10-07T00:51:15+00:00,554,0,20,True,True,True,1791334272
2026-10-07T00:51:15+00:00,574,2,9,True,True,True,1791334272
2026-10-07T00:51:15+00:00,560,0,8,True,True,True,1791334272
2026-10-07T00:51:15+00:00,548,1,16,True,True,True,1791334272
2026-10-07T00:51:15+00:00,559,7,10,True,True,True,1791334272
2026-10-07T00:51:15+00:00,545,19,19,True,True,True,1791334272
2026-10-07T00:51:15+00:00,550,0,9,True,True,True,1791334272
2026-10-07T00:51:15+00:00,541,3,6,True,True,True,1791334272
2026-10-07T00:51:15+00:00,527,10,2,True,True,True,1791334272
2026-10-07T00:51:15+00:00,529,14,7,True,True,True,1791334272
2026-10-07T00:51:15+00:00,526,0,13,True,True,True,1791334272
2026-10-07T00:51:15+00:00,537,5,13,True,True,True,1791334272
2026-10-07T00:51:15+00:00,547,3,26,True,True,True,1791334272
2026-10-07T00:51:15+00:00,601,3,16,True,True,True,1791334272
2026-10-07T00:51:15+00:00,533,0,11,True,True,True,1791334272
2026-10-07T00:51:15+00:00,535,4,23,True,True,True,1791334272
2026-10-07T00:51:15+00:00,524,0,19,True,True,True,1791334272
2026-10-07T00:51:15+00:00,519,19,2,True,True,True,1791334272
2026-10-07T00:51:15+00:00,534,12,27,True,True,True,1791334272
2026-10-07T00:51:15+00:00,521,6,6,True,True,True,1791334272
2026-10-07T00:51:15+00:00,518,14,4,True,True,True,1791334272
2026-10-07T00:51:15+00:00,556,4,14,True,True,True,1791334272
2026-10-07T00:51:15+00:00,525,1,11,True,True,True,1791334272
2026-10-07T00:51:15+00:00,517,2,13,True,True,True,1791334272
2026-10-07T00:51:15+00:00,523,19,11,True,True,True,1791334272
2026-10-07T00:51:15+00:00,522,8,1,True,True,True,1791334272
2026-10-07T00:51:15+00:00,594,17,1,True,True,True,1791334272
2026-10-07T00:51:15+00:00,532,0,20,True,True,True,1791334272
2026-10-07T00:51:15+00:00,509,7,5,True,True,True,1791334272
2026-10-07T00:51:15+00:00,531,9,9,True,True,True,1791334272
2026-10-07T00:51:15+00:00,536,0,9,True,True,True,1791334272
2026-10-07T00:51:15+00:00,562,29,8,True,True,True,1791334272
2026-10-07T00:51:15+00:00,511,2,18,True,True,True,1791334272
2026-10-07T00:51:15+00:00,505,5,14,True,True,True,1791334272
2026-10-07T00:51:15+00:00,501,1,17,True,True,True,1791334272
2026-10-07T00:51:15+00:00,514,1,8,True,True,True,1791334272
2026-10-07T00:51:15+00:00,500,0,17,True,True,True,1791334272
2026-10-07T00:51:15+00:00,503,15,14,True,True,True,1791334272
2026-10-07T00:51:15+00:00,513,1,13,True,True,True,1791334272
2026-10-07T00:51:15+00:00,498,0,12,True,True,True,1791334272
2026-10-07T00:51:15+00:00,507,16,0,True,True,True,1791334272
2026-10-07T00:51:15+00:00,512,3,26,True,True,True,1791334272
2026-10-07T00:51:15+00:00,619,0,42,True,True,True,1791334272
2026-10-07T00:51:15+00:00,474,0,42,True,True,True,1791334272
2026-10-07T00:51:15+00:00,580,3,42,True,True,True,1791334272
2026-10-07T00:51:15+00:00,496,4,39,True,True,True,1791334272
2026-10-07T00:51:15+00:00,482,1,16,True,True,True,1791334272
2026-10-07T00:51:15+00:00,407,0,12,True,True,True,1791334272
2026-10-07T00:51:15+00:00,409,15,9,True,True,True,1791334272
2026-10-07T00:51:15+00:00,451,2,16,True,True,True,1791334272
2026-10-07T00:51:15+00:00,402,3,16,True,True,True,1791334272
2026-10-07T00:51:15+00:00,516,6,8,True,True,True,1791334272
2026-10-07T00:51:15+00:00,625,6,34,True,True,True,1791334272
2026-10-07T00:51:15+00:00,429,0,20,True,True,True,1791334272
2026-10-07T00:51:15+00:00,380,0,24,True,True,True,1791334272
2026-10-07T00:51:15+00:00,583,7,11,True,True,True,1791334272
2026-10-07T00:51:15+00:00,398,11,2,True,True,True,1791334272
2026-10-07T00:51:15+00:00,381,14,0,True,True,True,1791334272
2026-10-07T00:51:15+00:00,464,23,20,True,True,True,1791334272
2026-10-07T00:51:15+00:00,442,12,0,True,True,True,1791334272
2026-10-07T00:51:15+00:00,483,6,15,True,True,True,1791334272
2026-10-07T00:51:15+00:00,458,11,3,True,True,True,1791334272
2026-10-07T00:51:15+00:00,499,12,4,True,True,True,1791334272
2026-10-07T00:51:15+00:00,472,3,19,True,True,True,1791334272
2026-10-07T00:51:15+00:00,506,4,20,True,True,True,1791334272
2026-10-07T00:51:15+00:00,465,6,22,True,True,True,1791334272
2026-10-07T00:51:15+00:00,611,3,33,True,True,True,1791334272
2026-10-07T00:51:15+00:00,404,2,24,True,True,True,1791334272
2026-10-07T00:51:15+00:00,579,2,14,True,True,True,1791334272
2026-10-07T00:51:15+00:00,589,6,21,True,True,True,1791334272
2026-10-07T00:51:15+00:00,434,2,16,True,True,True,1791334272
2026-10-07T00:51:15+00:00,462,2,13,True,True,True,1791334272
2026-10-07T00:51:15+00:00,578,10,14,True,True,True,1791334272
2026-10-07T00:51:15+00:00,415,0,10,True,True,True,1791334272
2026-10-07T00:51:15+00:00,423,17,2,True,True,True,1791334272
2026-10-07T00:51:15+00:00,412,2,2,True,True,True,1791334272
2026-10-07T00:51:15+00:00,387,3,11,True,True,True,1791334272
2026-10-07T00:51:15+00:00,441,0,15,True,True,True,1791334272
2026-10-07T00:51:15+00:00,454,6,16,True,True,True,1791334272
2026-10-07T00:51:15+00:00,436,10,0,True,True,True,1791334272
2026-10-07T00:51:15+00:00,394,6,8,True,True,True,1791334272
2026-10-07T00:51:15+00:00,497,2,25,True,True,True,1791334272
2026-10-07T00:51:15+00:00,581,17,5,True,True,True,1791334272
2026-10-07T00:51:15+00:00,461,9,9,True,True,True,1791334272
2026-10-07T00:51:15+00:00,599,17,28,True,True,True,1791334272
2026-10-07T00:51:15+00:00,428,12,11,True,True,True,1791334272
2026-10-07T00:51:15+00:00,400,7,17,True,True,True,1791334272
2026-10-07T00:51:15+00:00,487,4,16,True,True,True,1791334272
2026-10-07T00:51:15+00:00,438,22,16,True,True,True,1791334272
2026-10-07T00:51:15+00:00,459,1,11,True,True,True,1791334272
2026-10-07T00:51:15+00:00,433,2,16,True,True,True,1791334272
2026-10-07T00:51:15+00:00,399,25,8,True,True,True,1791334272
2026-10-07T00:51:15+00:00,489,6,20,True,True,True,1791334272
2026-10-07T00:51:15+00:00,742,23,3,True,True,True,1791334272
2026-10-07T00:51:15+00:00,551,18,12,True,True,True,1791334272
2026-10-07T00:51:15+00:00,406,2,9,True,True,True,1791334272
2026-10-07T00:51:15+00:00,488,14,7,True,True,True,1791334272
2026-10-07T00:51:15+00:00,540,10,21,True,True,True,1791334272
2026-10-07T00:51:15+00:00,431,11,9,True,True,True,1791334272
2026-10-07T00:51:15+00:00,393,10,9,True,True,True,1791334272
2026-10-07T00:51:15+00:00,420,8,8,True,True,True,1791334272
2026-10-07T00:51:15+00:00,397,2,30,True,True,True,1791334272
2026-10-07T00:51:15+00:00,390,14,16,True,True,True,1791334272
2026-10-07T00:51:15+00:00,449,6,17,True,True,True,1791334272
2026-10-07T00:51:15+00:00,430,6,33,True,True,True,1791334272
2026-10-07T00:51:15+00:00,484,12,20,True,True,True,1791334272
2026-10-07T00:51:15+00:00,479,14,14,True,True,True,1791334272
2026-10-07T00:51:15+00:00,403,12,0,True,True,True,1791334272
2026-10-07T00:51:15+00:00,435,17,13,True,True,True,1791334272
2026-10-07T00:51:15+00:00,426,16,4,True,True,True,1791334272
2026-10-07T00:51:15+00:00,450,4,10,True,True,True,1791334272
2026-10-07T00:51:15+00:00,456,19,13,True,True,True,1791334272
2026-10-07T00:51:15+00:00,468,14,0,True,True,True,1791334272
2026-10-07T00:51:15+00:00,453,3,29,True,True,True,1791334272
2026-10-07T00:51:15+00:00,466,0,15,True,True,True,1791334272
2026-10-07T00:51:15+00:00,469,3,27,True,True,True,1791334272
2026-10-07T00:51:15+00:00,416,1,14,True,True,True,1791334272
2026-10-07T00:51:15+00:00,391,7,5,True,True,True,1791334272
2026-10-07T00:51:15+00:00,389,7,8,True,True,True,1791334272
2026-10-07T00:51:15+00:00,470,1,12,True,True,True,1791334272
2026-10-07T00:51:15+00:00,384,6,10,True,True,True,1791334272
2026-10-07T00:51:15+00:00,425,3,4,True,True,True,1791334272
2026-10-07T00:51:15+00:00,411,3,8,True,True,True,1791334272
2026-10-07T00:51:15+00:00,598,11,20,True,True,True,1791334272
2026-10-07T00:51:15+00:00,444,15,2,True,True,True,1791334272
2026-10-07T00:51:15+00:00,447,12,16,True,True,True,1791334272
2026-10-07T00:51:15+00:00,408,11,2,True,True,True,1791334272
2026-10-07T00:51:15+00:00,737,9,14,True,True,True,1791334272
2026-10-07T00:51:15+00:00,432,10,2,True,True,True,1791334272
2026-10-07T00:51:15+00:00,401,6,0,True,True,True,1791334272
2026-10-07T00:51:15+00:00,452,0,30,True,True,True,1791334272
2026-10-07T00:51:15+00:00,392,5,2,True,True,True,1791334272
2026-10-07T00:51:15+00:00,481,5,37,True,True,True,1791334272
2026-10-07T00:51:15+00:00,495,17,22,True,True,True,1791334272
2026-10-07T00:51:15+00:00,478,7,6,True,True,True,1791334272
2026-10-07T00:51:15+00:00,414,4,7,True,True,True,1791334272
2026-10-07T00:51:15+00:00,476,12,5,True,True,True,1791334272
2026-10-07T00:51:15+00:00,445,9,8,True,True,True,1791334272
2026-10-07T00:51:15+00:00,748,11,15,True,True,True,1791334272
2026-10-07T00:51:15+00:00,473,2,5,True,True,True,1791334272
2026-10-07T00:51:15+00:00,383,12,13,True,True,True,1791334272
2026-10-07T00:51:15+00:00,480,18,4,True,True,True,1791334272
2026-10-07T00:51:15+00:00,421,5,16,True,True,True,1791334272
2026-10-07T00:51:15+00:00,746,9,2,True,True,True,1791334272
2026-10-07T00:51:15+00:00,417,1,13,True,True,True,1791334272
2026-10-07T00:51:15+00:00,427,7,7,True,True,True,1791334272
2026-10-07T00:51:15+00:00,395,1,12,True,True,True,1791334272
2026-10-07T00:51:15+00:00,418,8,19,True,True,True,1791334272
2026-10-07T00:51:15+00:00,413,0,12,True,True,True,1791334272
2026-10-07T00:51:15+00:00,486,3,16,True,True,True,1791334272
2026-10-07T00:51:15+00:00,597,7,6,True,True,True,1791334272
2026-10-07T00:51:15+00:00,422,3,6,True,True,True,1791334272
2026-10-07T00:51:15+00:00,382,7,1,True,True,True,1791334272
2026-10-07T00:51:15+00:00,396,5,15,True,True,True,1791334272
2026-10-07T00:51:15+00:00,735,11,3,True,True,True,1791334272
2026-10-07T00:51:15+00:00,437,5,19,True,True,True,1791334272
2026-10-07T00:51:15+00:00,446,8,11,True,True,True,1791334272
2026-10-07T00:51:15+00:00,424,2,5,True,True,True,1791334272
2026-10-07T00:51:15+00:00,455,10,1,True,True,True,1791334272
2026-10-07T00:51:15+00:00,457,9,1,True,True,True,1791334272
2026-10-07T00:51:15+00:00,377,26,2,True,True,True,1791334272
2026-10-07T00:51:15+00:00,738,10,2,True,True,True,1791334272
2026-10-07T00:51:15+00:00,460,20,7,True,True,True,1791334272
2026-10-07T00:51:15+00:00,744,3,4,True,True,True,1791334272
2026-10-07T00:51:15+00:00,485,19,1,True,True,True,1791334272
2026-10-07T01:06:15+00:00,6026,0,34,True,True,True,1791335171
2026-10-07T01:06:15+00:00,5431,7,13,True,True,True,1791335171
2026-10-07T01:06:15+00:00,5424,1,17,True,True,True,1791335171
2026-10-07T01:06:15+00:00,5220,0,19,True,True,True,1791335171
2026-10-07T01:06:15+00:00,5217,12,18,True,True,True,1791335171
2026-10-07T01:06:15+00:00,5113,12,1,True,True,True,1791335171
2026-10-07T01:06:15+00:00,4683,0,20,True,True,True,1791335171
2026-10-07T01:06:15+00:00,4552,1,17,True,True,True,1791335171
2026-10-07T01:06:15+00:00,3725,1,15,True,True,True,1791335171
2026-10-07T01:06:15+00:00,2358,7,4,True,True,True,1791335171
2026-10-07T01:06:15+00:00,2357,23,0,True,True,True,1791335171
2026-10-07T01:06:15+00:00,2355,0,12,True,True,True,1791335171
2026-10-07T01:06:15+00:00,2351,0,17,True,True,True,1791335171
2026-10-07T01:06:15+00:00,2350,1,21,True,True,True,1791335171
2026-10-07T01:06:15+00:00,2349,6,15,True,True,True,1791335171
2026-10-07T01:06:15+00:00,2347,9,21,True,True,True,1791335171
2026-10-07T01:06:15+00:00,2340,13,9,True,True,True,1791335171
2026-10-07T01:06:15+00:00,2339,8,21,True,True,True,1791335171
2026-10-07T01:06:15+00:00,2337,2,11,True,True,True,1791335171
2026-10-07T01:06:15+00:00,2334,2,9,True,True,True,1791335171
2026-10-07T01:06:15+00:00,2333,11,4,True,True,True,1791335171
2026-10-07T01:06:15+00:00,2332,1,8,True,True,True,1791335171
2026-10-07T01:06:15+00:00,2330,9,4,True,True,True,1791335171
2026-10-07T01:06:15+00:00,2329,10,4,True,True,True,1791335171
2026-10-07T01:06:15+00:00,2328,8,11,True,True,True,1791335171
2026-10-07T01:06:15+00:00,2315,7,8,True,True,True,1791335171
2026-10-07T01:06:15+00:00,2308,3,5,True,True,True,1791335171
2026-10-07T01:06:15+00:00,2307,1,25,True,True,True,1791335171
2026-10-07T01:06:15+00:00,2306,0,18,True,True,True,1791335171
2026-10-07T01:06:15+00:00,2305,8,6,True,True,True,1791335171
2026-10-07T01:06:15+00:00,2304,15,3,True,True,True,1791335171
2026-10-07T01:06:15+00:00,2280,11,3,True,True,True,1791335171
2026-10-07T01:06:15+00:00,2270,0,18,True,True,True,1791335171
2026-10-07T01:06:15+00:00,1919,0,6,True,True,True,1791335171
2026-10-07T01:06:15+00:00,1755,9,24,True,True,True,1791335171
2026-10-07T01:06:15+00:00,1101,14,9,True,True,True,1791335171
2026-10-07T01:06:15+00:00,1023,4,9,True,True,True,1791335171
2026-10-07T01:06:15+00:00,1009,4,6,True,True,True,1791335171
2026-10-07T01:06:15+00:00,970,7,16,True,True,True,1791335171
2026-10-07T01:06:15+00:00,787,2,10,True,True,True,1791335171
2026-10-07T01:06:15+00:00,627,2,28,True,True,True,1791335171
2026-10-07T01:06:15+00:00,623,5,14,True,True,True,1791335171
2026-10-07T01:06:15+00:00,624,8,9,True,True,True,1791335171
2026-10-07T01:06:15+00:00,626,2,20,True,True,True,1791335171
2026-10-07T01:06:15+00:00,614,21,2,True,True,True,1791335171
2026-10-07T01:06:15+00:00,616,11,4,True,True,True,1791335171
2026-10-07T01:06:15+00:00,618,0,40,True,True,True,1791335171
2026-10-07T01:06:15+00:00,621,8,16,True,True,True,1791335171
2026-10-07T01:06:15+00:00,622,5,21,True,True,True,1791335171
2026-10-07T01:06:15+00:00,613,6,10,True,True,True,1791335171
2026-10-07T01:06:15+00:00,620,13,25,True,True,True,1791335171
2026-10-07T01:06:15+00:00,596,6,10,True,True,True,1791335171
2026-10-07T01:06:15+00:00,617,1,3,True,True,True,1791335171
2026-10-07T01:06:15+00:00,609,6,21,True,True,True,1791335171
2026-10-07T01:06:15+00:00,607,15,13,True,True,True,1791335171
2026-10-07T01:06:15+00:00,603,5,13,True,True,True,1791335171
2026-10-07T01:06:15+00:00,590,3,34,True,True,True,1791335171
2026-10-07T01:06:15+00:00,610,8,12,True,True,True,1791335171
2026-10-07T01:06:15+00:00,608,6,15,True,True,True,1791335171
2026-10-07T01:06:15+00:00,593,4,24,True,True,True,1791335171
2026-10-07T01:06:15+00:00,530,4,5,True,True,True,1791335171
2026-10-07T01:06:15+00:00,463,14,2,True,True,True,1791335171
2026-10-07T01:06:15+00:00,475,22,1,True,True,True,1791335171
2026-10-07T01:06:15+00:00,439,0,23,True,True,True,1791335171
2026-10-07T01:06:15+00:00,600,4,6,True,True,True,1791335171
2026-10-07T01:06:15+00:00,440,5,12,True,True,True,1791335171
2026-10-07T01:06:15+00:00,612,1,17,True,True,True,1791335171
2026-10-07T01:06:15+00:00,491,15,3,True,True,True,1791335171
2026-10-07T01:06:15+00:00,493,21,4,True,True,True,1791335171
2026-10-07T01:06:15+00:00,410,6,19,True,True,True,1791335171
2026-10-07T01:06:15+00:00,605,4,14,True,True,True,1791335171
2026-10-07T01:06:15+00:00,388,0,17,True,True,True,1791335171
2026-10-07T01:06:15+00:00,591,3,19,True,True,True,1791335171
2026-10-07T01:06:15+00:00,592,1,17,True,True,True,1791335171
2026-10-07T01:06:15+00:00,585,0,1,False,False,False,1791335171
2026-10-07T01:06:15+00:00,565,5,13,True,True,True,1791335171
2026-10-07T01:06:15+00:00,571,8,11,True,True,True,1791335171
2026-10-07T01:06:15+00:00,568,4,11,True,True,True,1791335171
2026-10-07T01:06:15+00:00,588,1,18,True,True,True,1791335171
2026-10-07T01:06:15+00:00,584,3,30,True,True,True,1791335171
2026-10-07T01:06:15+00:00,569,7,22,True,True,True,1791335171
2026-10-07T01:06:15+00:00,577,23,5,True,True,True,1791335171
2026-10-07T01:06:15+00:00,564,8,21,True,True,True,1791335171
2026-10-07T01:06:15+00:00,570,2,13,True,True,True,1791335171
2026-10-07T01:06:15+00:00,572,9,28,True,True,True,1791335171
2026-10-07T01:06:15+00:00,586,2,23,True,True,True,1791335171
2026-10-07T01:06:15+00:00,576,9,8,True,True,True,1791335171
2026-10-07T01:06:15+00:00,566,2,21,True,True,True,1791335171
2026-10-07T01:06:15+00:00,602,3,15,True,True,True,1791335171
2026-10-07T01:06:15+00:00,575,0,29,True,True,True,1791335171
2026-10-07T01:06:15+00:00,567,3,34,True,True,True,1791335171
2026-10-07T01:06:15+00:00,582,1,24,True,True,True,1791335171
2026-10-07T01:06:15+00:00,595,22,0,True,True,True,1791335171
2026-10-07T01:06:15+00:00,542,10,8,True,True,True,1791335171
2026-10-07T01:06:15+00:00,563,9,7,True,True,True,1791335171
2026-10-07T01:06:15+00:00,558,3,12,True,True,True,1791335171
2026-10-07T01:06:15+00:00,552,8,10,True,True,True,1791335171
2026-10-07T01:06:15+00:00,555,8,5,True,True,True,1791335171
2026-10-07T01:06:15+00:00,573,21,3,True,True,True,1791335171
2026-10-07T01:06:15+00:00,561,12,10,True,True,True,1791335171
2026-10-07T01:06:15+00:00,615,13,8,True,True,True,1791335171
2026-10-07T01:06:15+00:00,543,0,17,True,True,True,1791335171
2026-10-07T01:06:15+00:00,554,0,20,True,True,True,1791335171
2026-10-07T01:06:15+00:00,574,2,9,True,True,True,1791335171
2026-10-07T01:06:15+00:00,560,0,8,True,True,True,1791335171
2026-10-07T01:06:15+00:00,548,1,16,True,True,True,1791335171
2026-10-07T01:06:15+00:00,559,7,10,True,True,True,1791335171
2026-10-07T01:06:15+00:00,545,19,19,True,True,True,1791335171
2026-10-07T01:06:15+00:00,550,0,9,True,True,True,1791335171
2026-10-07T01:06:15+00:00,541,3,6,True,True,True,1791335171
2026-10-07T01:06:15+00:00,527,10,2,True,True,True,1791335171
2026-10-07T01:06:15+00:00,529,14,7,True,True,True,1791335171
2026-10-07T01:06:15+00:00,526,0,13,True,True,True,1791335171
2026-10-07T01:06:15+00:00,537,5,13,True,True,True,1791335171
2026-10-07T01:06:15+00:00,547,3,26,True,True,True,1791335171
2026-10-07T01:06:15+00:00,601,3,16,True,True,True,1791335171
2026-10-07T01:06:15+00:00,533,0,11,True,True,True,1791335171
2026-10-07T01:06:15+00:00,535,4,23,True,True,True,1791335171
2026-10-07T01:06:15+00:00,524,0,19,True,True,True,1791335171
2026-10-07T01:06:15+00:00,519,19,2,True,True,True,1791335171
2026-10-07T01:06:15+00:00,534,12,27,True,True,True,1791335171
2026-10-07T01:06:15+00:00,521,6,6,True,True,True,1791335171
2026-10-07T01:06:15+00:00,518,14,4,True,True,True,1791335171
2026-10-07T01:06:15+00:00,556,4,14,True,True,True,1791335171
2026-10-07T01:06:15+00:00,525,1,11,True,True,True,1791335171
2026-10-07T01:06:15+00:00,517,2,13,True,True,True,1791335171
2026-10-07T01:06:15+00:00,523,19,11,True,True,True,1791335171
2026-10-07T01:06:15+00:00,522,8,1,True,True,True,1791335171
2026-10-07T01:06:15+00:00,594,17,1,True,True,True,1791335171
2026-10-07T01:06:15+00:00,532,0,20,True,True,True,1791335171
2026-10-07T01:06:15+00:00,509,7,5,True,True,True,1791335171
2026-10-07T01:06:15+00:00,531,9,9,True,True,True,1791335171
2026-10-07T01:06:15+00:00,536,0,9,True,True,True,1791335171
2026-10-07T01:06:15+00:00,562,29,8,True,True,True,1791335171
2026-10-07T01:06:15+00:00,511,2,18,True,True,True,1791335171
2026-10-07T01:06:15+00:00,505,5,14,True,True,True,1791335171
2026-10-07T01:06:15+00:00,501,1,17,True,True,True,1791335171
2026-10-07T01:06:15+00:00,514,1,8,True,True,True,1791335171
2026-10-07T01:06:15+00:00,500,0,17,True,True,True,1791335171
2026-10-07T01:06:15+00:00,503,15,14,True,True,True,1791335171
2026-10-07T01:06:15+00:00,513,1,13,True,True,True,1791335171
2026-10-07T01:06:15+00:00,498,0,12,True,True,True,1791335171
2026-10-07T01:06:15+00:00,507,16,0,True,True,True,1791335171
2026-10-07T01:06:15+00:00,512,3,26,True,True,True,1791335171
2026-10-07T01:06:15+00:00,619,0,42,True,True,True,1791335171
2026-10-07T01:06:15+00:00,474,0,42,True,True,True,1791335171
2026-10-07T01:06:15+00:00,580,3,42,True,True,True,1791335171
2026-10-07T01:06:15+00:00,496,4,39,True,True,True,1791335171
2026-10-07T01:06:15+00:00,482,1,16,True,True,True,1791335171
2026-10-07T01:06:15+00:00,407,0,12,True,True,True,1791335171
2026-10-07T01:06:15+00:00,409,15,9,True,True,True,1791335171
2026-10-07T01:06:15+00:00,451,2,16,True,True,True,1791335171
2026-10-07T01:06:15+00:00,402,3,16,True,True,True,1791335171
2026-10-07T01:06:15+00:00,516,6,8,True,True,True,1791335171
2026-10-07T01:06:15+00:00,625,6,34,True,True,True,1791335171
2026-10-07T01:06:15+00:00,429,0,20,True,True,True,1791335171
2026-10-07T01:06:15+00:00,380,0,24,True,True,True,1791335171
2026-10-07T01:06:15+00:00,583,7,11,True,True,True,1791335171
2026-10-07T01:06:15+00:00,398,11,2,True,True,True,1791335171
2026-10-07T01:06:15+00:00,381,14,0,True,True,True,1791335171
2026-10-07T01:06:15+00:00,464,23,20,True,True,True,1791335171
2026-10-07T01:06:15+00:00,442,12,0,True,True,True,1791335171
2026-10-07T01:06:15+00:00,483,6,15,True,True,True,1791335171
2026-10-07T01:06:15+00:00,458,11,4,True,True,True,1791335171
2026-10-07T01:06:15+00:00,499,12,4,True,True,True,1791335171
2026-10-07T01:06:15+00:00,472,3,19,True,True,True,1791335171
2026-10-07T01:06:15+00:00,506,4,20,True,True,True,1791335171
2026-10-07T01:06:15+00:00,465,6,22,True,True,True,1791335171
2026-10-07T01:06:15+00:00,611,3,33,True,True,True,1791335171
2026-10-07T01:06:15+00:00,404,2,24,True,True,True,1791335171
2026-10-07T01:06:15+00:00,579,2,14,True,True,True,1791335171
2026-10-07T01:06:15+00:00,589,6,21,True,True,True,1791335171
2026-10-07T01:06:15+00:00,434,2,16,True,True,True,1791335171
2026-10-07T01:06:15+00:00,462,2,13,True,True,True,1791335171
2026-10-07T01:06:15+00:00,578,10,14,True,True,True,1791335171
2026-10-07T01:06:15+00:00,415,0,10,True,True,True,1791335171
2026-10-07T01:06:15+00:00,423,17,2,True,True,True,1791335171
2026-10-07T01:06:15+00:00,412,2,2,True,True,True,1791335171
2026-10-07T01:06:15+00:00,387,3,11,True,True,True,1791335171
2026-10-07T01:06:15+00:00,441,0,15,True,True,True,1791335171
2026-10-07T01:06:15+00:00,454,6,16,True,True,True,1791335171
2026-10-07T01:06:15+00:00,436,10,0,True,True,True,1791335171
2026-10-07T01:06:15+00:00,394,6,8,True,True,True,1791335171
2026-10-07T01:06:15+00:00,497,2,25,True,True,True,1791335171
2026-10-07T01:06:15+00:00,581,17,5,True,True,True,1791335171
2026-10-07T01:06:15+00:00,461,9,9,True,True,True,1791335171
2026-10-07T01:06:15+00:00,599,17,28,True,True,True,1791335171
2026-10-07T01:06:15+00:00,428,12,11,True,True,True,1791335171
2026-10-07T01:06:15+00:00,400,7,17,True,True,True,1791335171
2026-10-07T01:06:15+00:00,487,4,16,True,True,True,1791335171
2026-10-07T01:06:15+00:00,438,22,16,True,True,True,1791335171
2026-10-07T01:06:15+00:00,459,1,11,True,True,True,1791335171
2026-10-07T01:06:15+00:00,433,2,16,True,True,True,1791335171
2026-10-07T01:06:15+00:00,399,25,8,True,True,True,1791335171
2026-10-07T01:06:15+00:00,489,6,20,True,True,True,1791335171
2026-10-07T01:06:15+00:00,742,23,3,True,True,True,1791335171
2026-10-07T01:06:15+00:00,551,18,12,True,True,True,1791335171
2026-10-07T01:06:15+00:00,406,2,9,True,True,True,1791335171
2026-10-07T01:06:15+00:00,488,14,7,True,True,True,1791335171
2026-10-07T01:06:15+00:00,540,10,21,True,True,True,1791335171
2026-10-07T01:06:15+00:00,431,11,9,True,True,True,1791335171
2026-10-07T01:06:15+00:00,393,10,9,True,True,True,1791335171
2026-10-07T01:06:15+00:00,420,8,8,True,True,True,1791335171
2026-10-07T01:06:15+00:00,397,2,30,True,True,True,1791335171
2026-10-07T01:06:15+00:00,390,14,16,True,True,True,1791335171
2026-10-07T01:06:15+00:00,449,6,17,True,True,True,1791335171
2026-10-07T01:06:15+00:00,430,6,33,True,True,True,1791335171
2026-10-07T01:06:15+00:00,484,12,20,True,True,True,1791335171
2026-10-07T01:06:15+00:00,479,14,14,True,True,True,1791335171
2026-10-07T01:06:15+00:00,403,12,0,True,True,True,1791335171
2026-10-07T01:06:15+00:00,435,17,13,True,True,True,1791335171
2026-10-07T01:06:15+00:00,426,16,4,True,True,True,1791335171
2026-10-07T01:06:15+00:00,450,4,10,True,True,True,1791335171
2026-10-07T01:06:15+00:00,456,19,13,True,True,True,1791335171
2026-10-07T01:06:15+00:00,468,14,0,True,True,True,1791335171
2026-10-07T01:06:15+00:00,453,3,29,True,True,True,1791335171
2026-10-07T01:06:15+00:00,466,0,15,True,True,True,1791335171
2026-10-07T01:06:15+00:00,469,3,27,True,True,True,1791335171
2026-10-07T01:06:15+00:00,416,1,14,True,True,True,1791335171
2026-10-07T01:06:15+00:00,391,7,5,True,True,True,1791335171
2026-10-07T01:06:15+00:00,389,7,8,True,True,True,1791335171
2026-10-07T01:06:15+00:00,470,2,12,True,True,True,1791335171
2026-10-07T01:06:15+00:00,384,6,10,True,True,True,1791335171
2026-10-07T01:06:15+00:00,425,3,4,True,True,True,1791335171
2026-10-07T01:06:15+00:00,411,3,8,True,True,True,1791335171
2026-10-07T01:06:15+00:00,598,11,20,True,True,True,1791335171
2026-10-07T01:06:15+00:00,444,15,2,True,True,True,1791335171
2026-10-07T01:06:15+00:00,447,12,16,True,True,True,1791335171
2026-10-07T01:06:15+00:00,408,11,2,True,True,True,1791335171
2026-10-07T01:06:15+00:00,737,9,14,True,True,True,1791335171
2026-10-07T01:06:15+00:00,432,10,2,True,True,True,1791335171
2026-10-07T01:06:15+00:00,401,6,0,True,True,True,1791335171
2026-10-07T01:06:15+00:00,452,0,30,True,True,True,1791335171
2026-10-07T01:06:15+00:00,392,5,2,True,True,True,1791335171
2026-10-07T01:06:15+00:00,481,5,37,True,True,True,1791335171
2026-10-07T01:06:15+00:00,495,17,22,True,True,True,1791335171
2026-10-07T01:06:15+00:00,478,7,6,True,True,True,1791335171
2026-10-07T01:06:15+00:00,414,4,7,True,True,True,1791335171
2026-10-07T01:06:15+00:00,476,12,5,True,True,True,1791335171
2026-10-07T01:06:15+00:00,445,9,8,True,True,True,1791335171
2026-10-07T01:06:15+00:00,748,11,15,True,True,True,1791335171
2026-10-07T01:06:15+00:00,473,2,5,True,True,True,1791335171
2026-10-07T01:06:15+00:00,383,12,13,True,True,True,1791335171
2026-10-07T01:06:15+00:00,480,18,4,True,True,True,1791335171
2026-10-07T01:06:15+00:00,421,5,16,True,True,True,1791335171
2026-10-07T01:06:15+00:00,746,9,2,True,True,True,1791335171
2026-10-07T01:06:15+00:00,417,1,13,True,True,True,1791335171
2026-10-07T01:06:15+00:00,427,7,7,True,True,True,1791335171
2026-10-07T01:06:15+00:00,395,1,12,True,True,True,1791335171
2026-10-07T01:06:15+00:00,418,8,19,True,True,True,1791335171
2026-10-07T01:06:15+00:00,413,0,12,True,True,True,1791335171
2026-10-07T01:06:15+00:00,486,3,16,True,True,True,1791335171
2026-10-07T01:06:15+00:00,597,7,6,True,True,True,1791335171
2026-10-07T01:06:15+00:00,422,3,6,True,True,True,1791335171
2026-10-07T01:06:15+00:00,382,7,1,True,True,True,1791335171
2026-10-07T01:06:15+00:00,396,5,15,True,True,True,1791335171
2026-10-07T01:06:15+00:00,735,11,3,True,True,True,1791335171
2026-10-07T01:06:15+00:00,437,5,19,True,True,True,1791335171
2026-10-07T01:06:15+00:00,446,8,11,True,True,True,1791335171
2026-10-07T01:06:15+00:00,424,2,5,True,True,True,1791335171
2026-10-07T01:06:15+00:00,455,10,1,True,True,True,1791335171
2026-10-07T01:06:15+00:00,457,9,1,True,True,True,1791335171
2026-10-07T01:06:15+00:00,377,26,2,True,True,True,1791335171
2026-10-07T01:06:15+00:00,738,10,2,True,True,True,1791335171
2026-10-07T01:06:15+00:00,460,20,7,True,True,True,1791335171
2026-10-07T01:06:15+00:00,744,3,4,True,True,True,1791335171
2026-10-07T01:06:15+00:00,485,19,1,True,True,True,1791335171
2026-10-07T01:21:15+00:00,6026,0,34,True,True,True,1791336067
2026-10-07T01:21:15+00:00,5431,7,13,True,True,True,1791336067
2026-10-07T01:21:15+00:00,5424,1,17,True,True,True,1791336067
2026-10-07T01:21:15+00:00,5220,0,19,True,True,True,1791336067
2026-10-07T01:21:15+00:00,5217,12,18,True,True,True,1791336067
2026-10-07T01:21:15+00:00,5113,12,1,True,True,True,1791336067
2026-10-07T01:21:15+00:00,4683,0,20,True,True,True,1791336067
2026-10-07T01:21:15+00:00,4552,1,17,True,True,True,1791336067
2026-10-07T01:21:15+00:00,3725,1,15,True,True,True,1791336067
2026-10-07T01:21:15+00:00,2358,7,4,True,True,True,1791336067
2026-10-07T01:21:15+00:00,2357,23,0,True,True,True,1791336067
2026-10-07T01:21:15+00:00,2355,0,12,True,True,True,1791336067
2026-10-07T01:21:15+00:00,2351,0,17,True,True,True,1791336067
2026-10-07T01:21:15+00:00,2350,1,21,True,True,True,1791336067
2026-10-07T01:21:15+00:00,2349,6,15,True,True,True,1791336067
2026-10-07T01:21:15+00:00,2347,9,21,True,True,True,1791336067
2026-10-07T01:21:15+00:00,2340,13,9,True,True,True,1791336067
2026-10-07T01:21:15+00:00,2339,8,21,True,True,True,1791336067
2026-10-07T01:21:15+00:00,2337,2,11,True,True,True,1791336067
2026-10-07T01:21:15+00:00,2334,2,9,True,True,True,1791336067
2026-10-07T01:21:15+00:00,2333,11,4,True,True,True,1791336067
2026-10-07T01:21:15+00:00,2332,1,8,True,True,True,1791336067
2026-10-07T01:21:15+00:00,2330,9,4,True,True,True,1791336067
2026-10-07T01:21:15+00:00,2329,10,4,True,True,True,1791336067
2026-10-07T01:21:15+00:00,2328,8,11,True,True,True,1791336067
2026-10-07T01:21:15+00:00,2315,7,8,True,True,True,1791336067
2026-10-07T01:21:15+00:00,2308,3,5,True,True,True,1791336067
2026-10-07T01:21:15+00:00,2307,1,25,True,True,True,1791336067
2026-10-07T01:21:15+00:00,2306,0,18,True,True,True,1791336067
2026-10-07T01:21:15+00:00,2305,8,6,True,True,True,1791336067
2026-10-07T01:21:15+00:00,2304,15,3,True,True,True,1791336067
2026-10-07T01:21:15+00:00,2280,11,3,True,True,True,1791336067
2026-10-07T01:21:15+00:00,2270,0,18,True,True,True,1791336067
2026-10-07T01:21:15+00:00,1919,0,6,True,True,True,1791336067
2026-10-07T01:21:15+00:00,1755,9,24,True,True,True,1791336067
2026-10-07T01:21:15+00:00,1101,14,9,True,True,True,1791336067
2026-10-07T01:21:15+00:00,1023,4,9,True,True,True,1791336067
2026-10-07T01:21:15+00:00,1009,4,6,True,True,True,1791336067
2026-10-07T01:21:15+00:00,970,7,16,True,True,True,1791336067
2026-10-07T01:21:15+00:00,787,2,10,True,True,True,1791336067
2026-10-07T01:21:15+00:00,627,2,28,True,True,True,1791336067
2026-10-07T01:21:15+00:00,623,5,14,True,True,True,1791336067
2026-10-07T01:21:15+00:00,624,8,9,True,True,True,1791336067
2026-10-07T01:21:15+00:00,626,2,20,True,True,True,1791336067
2026-10-07T01:21:15+00:00,614,21,2,True,True,True,1791336067
2026-10-07T01:21:15+00:00,616,11,4,True,True,True,1791336067
2026-10-07T01:21:15+00:00,618,0,40,True,True,True,1791336067
2026-10-07T01:21:15+00:00,621,8,16,True,True,True,1791336067
2026-10-07T01:21:15+00:00,622,5,21,True,True,True,1791336067
2026-10-07T01:21:15+00:00,613,6,10,True,True,True,1791336067
2026-10-07T01:21:15+00:00,620,13,25,True,True,True,1791336067
2026-10-07T01:21:15+00:00,596,6,10,True,True,True,1791336067
2026-10-07T01:21:15+00:00,617,1,3,True,True,True,1791336067
2026-10-07T01:21:15+00:00,609,6,21,True,True,True,1791336067
2026-10-07T01:21:15+00:00,607,15,13,True,True,True,1791336067
2026-10-07T01:21:15+00:00,603,5,13,True,True,True,1791336067
2026-10-07T01:21:15+00:00,590,3,34,True,True,True,1791336067
2026-10-07T01:21:15+00:00,610,8,12,True,True,True,1791336067
2026-10-07T01:21:15+00:00,608,6,15,True,True,True,1791336067
2026-10-07T01:21:15+00:00,593,4,24,True,True,True,1791336067
2026-10-07T01:21:15+00:00,530,4,5,True,True,True,1791336067
2026-10-07T01:21:15+00:00,463,14,2,True,True,True,1791336067
2026-10-07T01:21:15+00:00,475,22,1,True,True,True,1791336067
2026-10-07T01:21:15+00:00,439,0,23,True,True,True,1791336067
2026-10-07T01:21:15+00:00,600,4,6,True,True,True,1791336067
2026-10-07T01:21:15+00:00,440,5,12,True,True,True,1791336067
2026-10-07T01:21:15+00:00,612,1,17,True,True,True,1791336067
2026-10-07T01:21:15+00:00,491,15,3,True,True,True,1791336067
2026-10-07T01:21:15+00:00,493,21,4,True,True,True,1791336067
2026-10-07T01:21:15+00:00,410,6,19,True,True,True,1791336067
2026-10-07T01:21:15+00:00,605,4,14,True,True,True,1791336067
2026-10-07T01:21:15+00:00,388,0,17,True,True,True,1791336067
2026-10-07T01:21:15+00:00,591,3,19,True,True,True,1791336067
2026-10-07T01:21:15+00:00,592,1,17,True,True,True,1791336067
2026-10-07T01:21:15+00:00,585,0,1,False,False,False,1791336067
2026-10-07T01:21:15+00:00,565,5,13,True,True,True,1791336067
2026-10-07T01:21:15+00:00,571,8,11,True,True,True,1791336067
2026-10-07T01:21:15+00:00,568,4,11,True,True,True,1791336067
2026-10-07T01:21:15+00:00,588,1,18,True,True,True,1791336067
2026-10-07T01:21:15+00:00,584,3,30,True,True,True,1791336067
2026-10-07T01:21:15+00:00,569,7,22,True,True,True,1791336067
2026-10-07T01:21:15+00:00,577,23,5,True,True,True,1791336067
2026-10-07T01:21:15+00:00,564,8,21,True,True,True,1791336067
2026-10-07T01:21:15+00:00,570,2,13,True,True,True,1791336067
2026-10-07T01:21:15+00:00,572,9,28,True,True,True,1791336067
2026-10-07T01:21:15+00:00,586,2,23,True,True,True,1791336067
2026-10-07T01:21:15+00:00,576,9,8,True,True,True,1791336067
2026-10-07T01:21:15+00:00,566,2,21,True,True,True,1791336067
2026-10-07T01:21:15+00:00,602,3,15,True,True,True,1791336067
2026-10-07T01:21:15+00:00,575,0,29,True,True,True,1791336067
2026-10-07T01:21:15+00:00,567,3,34,True,True,True,1791336067
2026-10-07T01:21:15+00:00,582,1,24,True,True,True,1791336067
2026-10-07T01:21:15+00:00,595,22,0,True,True,True,1791336067
2026-10-07T01:21:15+00:00,542,10,8,True,True,True,1791336067
2026-10-07T01:21:15+00:00,563,9,7,True,True,True,1791336067
2026-10-07T01:21:15+00:00,558,3,12,True,True,True,1791336067
2026-10-07T01:21:15+00:00,552,8,10,True,True,True,1791336067
2026-10-07T01:21:15+00:00,555,8,5,True,True,True,1791336067
2026-10-07T01:21:15+00:00,573,21,3,True,True,True,1791336067
2026-10-07T01:21:15+00:00,561,12,10,True,True,True,1791336067
2026-10-07T01:21:15+00:00,615,13,8,True,True,True,1791336067
2026-10-07T01:21:15+00:00,543,0,17,True,True,True,1791336067
2026-10-07T01:21:15+00:00,554,0,20,True,True,True,1791336067
2026-10-07T01:21:15+00:00,574,2,9,True,True,True,1791336067
2026-10-07T01:21:15+00:00,560,0,8,True,True,True,1791336067
2026-10-07T01:21:15+00:00,548,1,16,True,True,True,1791336067
2026-10-07T01:21:15+00:00,559,7,10,True,True,True,1791336067
2026-10-07T01:21:15+00:00,545,19,19,True,True,True,1791336067
2026-10-07T01:21:15+00:00,550,0,9,True,True,True,1791336067
2026-10-07T01:21:15+00:00,541,3,6,True,True,True,1791336067
2026-10-07T01:21:15+00:00,527,10,2,True,True,True,1791336067
2026-10-07T01:21:15+00:00,529,14,7,True,True,True,1791336067
2026-10-07T01:21:15+00:00,526,0,13,True,True,True,1791336067
2026-10-07T01:21:15+00:00,537,5,13,True,True,True,1791336067
2026-10-07T01:21:15+00:00,547,3,26,True,True,True,1791336067
2026-10-07T01:21:15+00:00,601,3,16,True,True,True,1791336067
2026-10-07T01:21:15+00:00,533,0,11,True,True,True,1791336067
2026-10-07T01:21:15+00:00,535,4,23,True,True,True,1791336067
2026-10-07T01:21:15+00:00,524,0,19,True,True,True,1791336067
2026-10-07T01:21:15+00:00,519,19,2,True,True,True,1791336067
2026-10-07T01:21:15+00:00,534,12,27,True,True,True,1791336067
2026-10-07T01:21:15+00:00,521,6,6,True,True,True,1791336067
2026-10-07T01:21:15+00:00,518,14,4,True,True,True,1791336067
2026-10-07T01:21:15+00:00,556,4,14,True,True,True,1791336067
2026-10-07T01:21:15+00:00,525,1,11,True,True,True,1791336067
2026-10-07T01:21:15+00:00,517,2,13,True,True,True,1791336067
2026-10-07T01:21:15+00:00,523,19,11,True,True,True,1791336067
2026-10-07T01:21:15+00:00,522,8,1,True,True,True,1791336067
2026-10-07T01:21:15+00:00,594,17,1,True,True,True,1791336067
2026-10-07T01:21:15+00:00,532,0,20,True,True,True,1791336067
2026-10-07T01:21:15+00:00,509,7,5,True,True,True,1791336067
2026-10-07T01:21:15+00:00,531,9,9,True,True,True,1791336067
2026-10-07T01:21:15+00:00,536,0,9,True,True,True,1791336067
2026-10-07T01:21:15+00:00,562,29,8,True,True,True,1791336067
2026-10-07T01:21:15+00:00,511,2,18,True,True,True,1791336067
2026-10-07T01:21:15+00:00,505,5,14,True,True,True,1791336067
2026-10-07T01:21:15+00:00,501,1,17,True,True,True,1791336067
2026-10-07T01:21:15+00:00,514,1,8,True,True,True,1791336067
2026-10-07T01:21:15+00:00,500,0,17,True,True,True,1791336067
2026-10-07T01:21:15+00:00,503,15,14,True,True,True,1791336067
2026-10-07T01:21:15+00:00,513,1,13,True,True,True,1791336067
2026-10-07T01:21:15+00:00,498,0,12,True,True,True,1791336067
2026-10-07T01:21:15+00:00,507,16,0,True,True,True,1791336067
2026-10-07T01:21:15+00:00,512,3,26,True,True,True,1791336067
2026-10-07T01:21:15+00:00,619,0,42,True,True,True,1791336067
2026-10-07T01:21:15+00:00,474,0,42,True,True,True,1791336067
2026-10-07T01:21:15+00:00,580,3,42,True,True,True,1791336067
2026-10-07T01:21:15+00:00,496,4,39,True,True,True,1791336067
2026-10-07T01:21:15+00:00,482,1,16,True,True,True,1791336067
2026-10-07T01:21:15+00:00,407,0,12,True,True,True,1791336067
2026-10-07T01:21:15+00:00,409,15,9,True,True,True,1791336067
2026-10-07T01:21:15+00:00,451,2,16,True,True,True,1791336067
2026-10-07T01:21:15+00:00,402,3,16,True,True,True,1791336067
2026-10-07T01:21:15+00:00,516,6,8,True,True,True,1791336067
2026-10-07T01:21:15+00:00,625,6,34,True,True,True,1791336067
2026-10-07T01:21:15+00:00,429,0,20,True,True,True,1791336067
2026-10-07T01:21:15+00:00,380,0,24,True,True,True,1791336067
2026-10-07T01:21:15+00:00,583,7,11,True,True,True,1791336067
2026-10-07T01:21:15+00:00,398,11,2,True,True,True,1791336067
2026-10-07T01:21:15+00:00,381,14,0,True,True,True,1791336067
2026-10-07T01:21:15+00:00,464,23,20,True,True,True,1791336067
2026-10-07T01:21:15+00:00,442,12,0,True,True,True,1791336067
2026-10-07T01:21:15+00:00,483,6,15,True,True,True,1791336067
2026-10-07T01:21:15+00:00,458,11,4,True,True,True,1791336067
2026-10-07T01:21:15+00:00,499,12,4,True,True,True,1791336067
2026-10-07T01:21:15+00:00,472,3,19,True,True,True,1791336067
2026-10-07T01:21:15+00:00,506,4,20,True,True,True,1791336067
2026-10-07T01:21:15+00:00,465,6,22,True,True,True,1791336067
2026-10-07T01:21:15+00:00,611,3,33,True,True,True,1791336067
2026-10-07T01:21:15+00:00,404,2,24,True,True,True,1791336067
2026-10-07T01:21:15+00:00,579,2,14,True,True,True,1791336067
2026-10-07T01:21:15+00:00,589,6,21,True,True,True,1791336067
2026-10-07T01:21:15+00:00,434,2,16,True,True,True,1791336067
2026-10-07T01:21:15+00:00,462,2,13,True,True,True,1791336067
2026-10-07T01:21:15+00:00,578,10,14,True,True,True,1791336067
2026-10-07T01:21:15+00:00,415,0,10,True,True,True,1791336067
2026-10-07T01:21:15+00:00,423,17,2,True,True,True,1791336067
2026-10-07T01:21:15+00:00,412,2,2,True,True,True,1791336067
2026-10-07T01:21:15+00:00,387,3,11,True,True,True,1791336067
2026-10-07T01:21:15+00:00,441,0,15,True,True,True,1791336067
2026-10-07T01:21:15+00:00,454,6,16,True,True,True,1791336067
2026-10-07T01:21:15+00:00,436,10,0,True,True,True,1791336067
2026-10-07T01:21:15+00:00,394,6,8,True,True,True,1791336067
2026-10-07T01:21:15+00:00,497,2,25,True,True,True,1791336067
2026-10-07T01:21:15+00:00,581,17,5,True,True,True,1791336067
2026-10-07T01:21:15+00:00,461,9,9,True,True,True,1791336067
2026-10-07T01:21:15+00:00,599,17,28,True,True,True,1791336067
2026-10-07T01:21:15+00:00,428,12,11,True,True,True,1791336067
2026-10-07T01:21:15+00:00,400,7,17,True,True,True,1791336067
2026-10-07T01:21:15+00:00,487,4,16,True,True,True,1791336067
2026-10-07T01:21:15+00:00,438,22,16,True,True,True,1791336067
2026-10-07T01:21:15+00:00,459,1,11,True,True,True,1791336067
2026-10-07T01:21:15+00:00,433,2,16,True,True,True,1791336067
2026-10-07T01:21:15+00:00,399,25,8,True,True,True,1791336067
2026-10-07T01:21:15+00:00,489,6,20,True,True,True,1791336067
2026-10-07T01:21:15+00:00,742,23,3,True,True,True,1791336067
2026-10-07T01:21:15+00:00,551,18,12,True,True,True,1791336067
2026-10-07T01:21:15+00:00,406,2,9,True,True,True,1791336067
2026-10-07T01:21:15+00:00,488,14,7,True,True,True,1791336067
2026-10-07T01:21:15+00:00,540,10,21,True,True,True,1791336067
2026-10-07T01:21:15+00:00,431,11,9,True,True,True,1791336067
2026-10-07T01:21:15+00:00,393,10,9,True,True,True,1791336067
2026-10-07T01:21:15+00:00,420,8,8,True,True,True,1791336067
2026-10-07T01:21:15+00:00,397,2,30,True,True,True,1791336067
2026-10-07T01:21:15+00:00,390,14,16,True,True,True,1791336067
2026-10-07T01:21:15+00:00,449,6,17,True,True,True,1791336067
2026-10-07T01:21:15+00:00,430,6,33,True,True,True,1791336067
2026-10-07T01:21:15+00:00,484,12,20,True,True,True,1791336067
2026-10-07T01:21:15+00:00,479,14,14,True,True,True,1791336067
2026-10-07T01:21:15+00:00,403,12,0,True,True,True,1791336067
2026-10-07T01:21:15+00:00,435,17,13,True,True,True,1791336067
2026-10-07T01:21:15+00:00,426,16,4,True,True,True,1791336067
2026-10-07T01:21:15+00:00,450,4,10,True,True,True,1791336067
2026-10-07T01:21:15+00:00,456,19,13,True,True,True,1791336067
2026-10-07T01:21:15+00:00,468,14,0,True,True,True,1791336067
2026-10-07T01:21:15+00:00,453,3,29,True,True,True,1791336067
2026-10-07T01:21:15+00:00,466,0,15,True,True,True,1791336067
2026-10-07T01:21:15+00:00,469,3,27,True,True,True,1791336067
2026-10-07T01:21:15+00:00,416,1,14,True,True,True,1791336067
2026-10-07T01:21:15+00:00,391,7,5,True,True,True,1791336067
2026-10-07T01:21:15+00:00,389,7,8,True,True,True,1791336067
2026-10-07T01:21:15+00:00,470,2,12,True,True,True,1791336067
2026-10-07T01:21:15+00:00,384,6,10,True,True,True,1791336067
2026-10-07T01:21:15+00:00,425,2,4,True,True,True,1791336067
2026-10-07T01:21:15+00:00,411,3,8,True,True,True,1791336067
2026-10-07T01:21:15+00:00,598,11,20,True,True,True,1791336067
2026-10-07T01:21:15+00:00,444,15,2,True,True,True,1791336067
2026-10-07T01:21:15+00:00,447,12,16,True,True,True,1791336067
2026-10-07T01:21:15+00:00,408,11,2,True,True,True,1791336067
2026-10-07T01:21:15+00:00,737,9,14,True,True,True,1791336067
2026-10-07T01:21:15+00:00,432,10,2,True,True,True,1791336067
2026-10-07T01:21:15+00:00,401,6,0,True,True,True,1791336067
2026-10-07T01:21:15+00:00,452,0,30,True,True,True,1791336067
2026-10-07T01:21:15+00:00,392,5,2,True,True,True,1791336067
2026-10-07T01:21:15+00:00,481,5,37,True,True,True,1791336067
2026-10-07T01:21:15+00:00,495,17,22,True,True,True,1791336067
2026-10-07T01:21:15+00:00,478,7,6,True,True,True,1791336067
2026-10-07T01:21:15+00:00,414,4,7,True,True,True,1791336067
2026-10-07T01:21:15+00:00,476,12,5,True,True,True,1791336067
2026-10-07T01:21:15+00:00,445,9,8,True,True,True,1791336067
2026-10-07T01:21:15+00:00,748,11,15,True,True,True,1791336067
2026-10-07T01:21:15+00:00,473,2,5,True,True,True,1791336067
2026-10-07T01:21:15+00:00,383,12,13,True,True,True,1791336067
2026-10-07T01:21:15+00:00,480,18,4,True,True,True,1791336067
2026-10-07T01:21:15+00:00,421,5,16,True,True,True,1791336067
2026-10-07T01:21:15+00:00,746,9,2,True,True,True,1791336067
2026-10-07T01:21:15+00:00,417,1,13,True,True,True,1791336067
2026-10-07T01:21:15+00:00,427,7,7,True,True,True,1791336067
2026-10-07T01:21:15+00:00,395,1,12,True,True,True,1791336067
2026-10-07T01:21:15+00:00,418,8,19,True,True,True,1791336067
2026-10-07T01:21:15+00:00,413,0,12,True,True,True,1791336067
2026-10-07T01:21:15+00:00,486,3,16,True,True,True,1791336067
2026-10-07T01:21:15+00:00,597,7,6,True,True,True,1791336067
2026-10-07T01:21:15+00:00,422,3,6,True,True,True,1791336067
2026-10-07T01:21:15+00:00,382,7,1,True,True,True,1791336067
2026-10-07T01:21:15+00:00,396,5,15,True,True,True,1791336067
2026-10-07T01:21:15+00:00,735,11,3,True,True,True,1791336067
2026-10-07T01:21:15+00:00,437,5,19,True,True,True,1791336067
2026-10-07T01:21:15+00:00,446,8,11,True,True,True,1791336067
2026-10-07T01:21:15+00:00,424,2,5,True,True,True,1791336067
2026-10-07T01:21:15+00:00,455,10,1,True,True,True,1791336067
2026-10-07T01:21:15+00:00,457,9,1,True,True,True,1791336067
2026-10-07T01:21:15+00:00,377,26,2,True,True,True,1791336067
2026-10-07T01:21:15+00:00,738,10,2,True,True,True,1791336067
2026-10-07T01:21:15+00:00,460,20,7,True,True,True,1791336067
2026-10-07T01:21:15+00:00,744,3,4,True,True,True,1791336067
2026-10-07T01:21:15+00:00,485,19,1,True,True,True,1791336067
2026-10-07T01:36:15+00:00,6026,0,34,True,True,True,1791336966
2026-10-07T01:36:15+00:00,5431,7,13,True,True,True,1791336966
2026-10-07T01:36:15+00:00,5424,1,17,True,True,True,1791336966
2026-10-07T01:36:15+00:00,5220,0,19,True,True,True,1791336966
2026-10-07T01:36:15+00:00,5217,12,18,True,True,True,1791336966
2026-10-07T01:36:15+00:00,5113,12,1,True,True,True,1791336966
2026-10-07T01:36:15+00:00,4683,0,20,True,True,True,1791336966
2026-10-07T01:36:15+00:00,4552,1,17,True,True,True,1791336966
2026-10-07T01:36:15+00:00,3725,1,15,True,True,True,1791336966
2026-10-07T01:36:15+00:00,2358,7,4,True,True,True,1791336966
2026-10-07T01:36:15+00:00,2357,23,0,True,True,True,1791336966
2026-10-07T01:36:15+00:00,2355,0,12,True,True,True,1791336966
2026-10-07T01:36:15+00:00,2351,0,17,True,True,True,1791336966
2026-10-07T01:36:15+00:00,2350,1,21,True,True,True,1791336966
2026-10-07T01:36:15+00:00,2349,6,15,True,True,True,1791336966
2026-10-07T01:36:15+00:00,2347,9,21,True,True,True,1791336966
2026-10-07T01:36:15+00:00,2340,13,9,True,True,True,1791336966
2026-10-07T01:36:15+00:00,2339,8,21,True,True,True,1791336966
2026-10-07T01:36:15+00:00,2337,2,11,True,True,True,1791336966
2026-10-07T01:36:15+00:00,2334,2,9,True,True,True,1791336966
2026-10-07T01:36:15+00:00,2333,11,4,True,True,True,1791336966
2026-10-07T01:36:15+00:00,2332,1,8,True,True,True,1791336966
2026-10-07T01:36:15+00:00,2330,9,4,True,True,True,1791336966
2026-10-07T01:36:15+00:00,2329,10,4,True,True,True,1791336966
2026-10-07T01:36:15+00:00,2328,8,11,True,True,True,1791336966
2026-10-07T01:36:15+00:00,2315,7,8,True,True,True,1791336966
2026-10-07T01:36:15+00:00,2308,3,5,True,True,True,1791336966
2026-10-07T01:36:15+00:00,2307,1,25,True,True,True,1791336966
2026-10-07T01:36:15+00:00,2306,0,18,True,True,True,1791336966
2026-10-07T01:36:15+00:00,2305,8,6,True,True,True,1791336966
2026-10-07T01:36:15+00:00,2304,15,3,True,True,True,1791336966
2026-10-07T01:36:15+00:00,2280,11,3,True,True,True,1791336966
2026-10-07T01:36:15+00:00,2270,0,18,True,True,True,1791336966
2026-10-07T01:36:15+00:00,1919,0,6,True,True,True,1791336966
2026-10-07T01:36:15+00:00,1755,9,24,True,True,True,1791336966
2026-10-07T01:36:15+00:00,1101,14,9,True,True,True,1791336966
2026-10-07T01:36:15+00:00,1023,4,9,True,True,True,1791336966
2026-10-07T01:36:15+00:00,1009,4,6,True,True,True,1791336966
2026-10-07T01:36:15+00:00,970,7,16,True,True,True,1791336966
2026-10-07T01:36:15+00:00,787,2,10,True,True,True,1791336966
2026-10-07T01:36:15+00:00,627,2,28,True,True,True,1791336966
2026-10-07T01:36:15+00:00,623,5,14,True,True,True,1791336966
2026-10-07T01:36:15+00:00,624,8,9,True,True,True,1791336966
2026-10-07T01:36:15+00:00,626,2,20,True,True,True,1791336966
2026-10-07T01:36:15+00:00,614,21,2,True,True,True,1791336966
2026-10-07T01:36:15+00:00,616,11,4,True,True,True,1791336966
2026-10-07T01:36:15+00:00,618,0,40,True,True,True,1791336966
2026-10-07T01:36:15+00:00,621,8,16,True,True,True,1791336966
2026-10-07T01:36:15+00:00,622,5,21,True,True,True,1791336966
2026-10-07T01:36:15+00:00,613,6,10,True,True,True,1791336966
2026-10-07T01:36:15+00:00,620,13,25,True,True,True,1791336966
2026-10-07T01:36:15+00:00,596,6,10,True,True,True,1791336966
2026-10-07T01:36:15+00:00,617,1,3,True,True,True,1791336966
2026-10-07T01:36:15+00:00,609,6,21,True,True,True,1791336966
2026-10-07T01:36:15+00:00,607,15,13,True,True,True,1791336966
2026-10-07T01:36:15+00:00,603,5,13,True,True,True,1791336966
2026-10-07T01:36:15+00:00,590,3,34,True,True,True,1791336966
2026-10-07T01:36:15+00:00,610,8,12,True,True,True,1791336966
2026-10-07T01:36:15+00:00,608,6,15,True,True,True,1791336966
2026-10-07T01:36:15+00:00,593,4,24,True,True,True,1791336966
2026-10-07T01:36:15+00:00,530,4,5,True,True,True,1791336966
2026-10-07T01:36:15+00:00,463,14,2,True,True,True,1791336966
2026-10-07T01:36:15+00:00,475,22,1,True,True,True,1791336966
2026-10-07T01:36:15+00:00,439,0,23,True,True,True,1791336966
2026-10-07T01:36:15+00:00,600,4,6,True,True,True,1791336966
2026-10-07T01:36:15+00:00,440,5,12,True,True,True,1791336966
2026-10-07T01:36:15+00:00,612,1,17,True,True,True,1791336966
2026-10-07T01:36:15+00:00,491,15,3,True,True,True,1791336966
2026-10-07T01:36:15+00:00,493,21,4,True,True,True,1791336966
2026-10-07T01:36:15+00:00,410,6,19,True,True,True,1791336966
2026-10-07T01:36:15+00:00,605,4,14,True,True,True,1791336966
2026-10-07T01:36:15+00:00,388,0,17,True,True,True,1791336966
2026-10-07T01:36:15+00:00,591,3,19,True,True,True,1791336966
2026-10-07T01:36:15+00:00,592,1,17,True,True,True,1791336966
2026-10-07T01:36:15+00:00,585,0,1,False,False,False,1791336966
2026-10-07T01:36:15+00:00,565,5,13,True,True,True,1791336966
2026-10-07T01:36:15+00:00,571,8,11,True,True,True,1791336966
2026-10-07T01:36:15+00:00,568,4,11,True,True,True,1791336966
2026-10-07T01:36:15+00:00,588,1,18,True,True,True,1791336966
2026-10-07T01:36:15+00:00,584,3,30,True,True,True,1791336966
2026-10-07T01:36:15+00:00,569,7,22,True,True,True,1791336966
2026-10-07T01:36:15+00:00,577,23,5,True,True,True,1791336966
2026-10-07T01:36:15+00:00,564,8,21,True,True,True,1791336966
2026-10-07T01:36:15+00:00,570,2,13,True,True,True,1791336966
2026-10-07T01:36:15+00:00,572,9,28,True,True,True,1791336966
2026-10-07T01:36:15+00:00,586,2,23,True,True,True,1791336966
2026-10-07T01:36:15+00:00,576,9,8,True,True,True,1791336966
2026-10-07T01:36:15+00:00,566,2,21,True,True,True,1791336966
2026-10-07T01:36:15+00:00,602,3,15,True,True,True,1791336966
2026-10-07T01:36:15+00:00,575,0,29,True,True,True,1791336966
2026-10-07T01:36:15+00:00,567,3,34,True,True,True,1791336966
2026-10-07T01:36:15+00:00,582,1,24,True,True,True,1791336966
2026-10-07T01:36:15+00:00,595,22,0,True,True,True,1791336966
2026-10-07T01:36:15+00:00,542,10,8,True,True,True,1791336966
2026-10-07T01:36:15+00:00,563,9,7,True,True,True,1791336966
2026-10-07T01:36:15+00:00,558,3,12,True,True,True,1791336966
2026-10-07T01:36:15+00:00,552,8,10,True,True,True,1791336966
2026-10-07T01:36:15+00:00,555,8,5,True,True,True,1791336966
2026-10-07T01:36:15+00:00,573,21,3,True,True,True,1791336966
2026-10-07T01:36:15+00:00,561,12,10,True,True,True,1791336966
2026-10-07T01:36:15+00:00,615,13,8,True,True,True,1791336966
2026-10-07T01:36:15+00:00,543,1,17,True,True,True,1791336966
2026-10-07T01:36:15+00:00,554,0,20,True,True,True,1791336966
2026-10-07T01:36:15+00:00,574,2,9,True,True,True,1791336966
2026-10-07T01:36:15+00:00,560,0,8,True,True,True,1791336966
2026-10-07T01:36:15+00:00,548,1,16,True,True,True,1791336966
2026-10-07T01:36:15+00:00,559,7,10,True,True,True,1791336966
2026-10-07T01:36:15+00:00,545,19,19,True,True,True,1791336966
2026-10-07T01:36:15+00:00,550,0,9,True,True,True,1791336966
2026-10-07T01:36:15+00:00,541,3,6,True,True,True,1791336966
2026-10-07T01:36:15+00:00,527,10,2,True,True,True,1791336966
2026-10-07T01:36:15+00:00,529,14,7,True,True,True,1791336966
2026-10-07T01:36:15+00:00,526,0,13,True,True,True,1791336966
2026-10-07T01:36:15+00:00,537,5,13,True,True,True,1791336966
2026-10-07T01:36:15+00:00,547,3,26,True,True,True,1791336966
2026-10-07T01:36:15+00:00,601,3,16,True,True,True,1791336966
2026-10-07T01:36:15+00:00,533,0,11,True,True,True,1791336966
2026-10-07T01:36:15+00:00,535,4,23,True,True,True,1791336966
2026-10-07T01:36:15+00:00,524,0,19,True,True,True,1791336966
2026-10-07T01:36:15+00:00,519,19,2,True,True,True,1791336966
2026-10-07T01:36:15+00:00,534,12,27,True,True,True,1791336966
2026-10-07T01:36:15+00:00,521,6,6,True,True,True,1791336966
2026-10-07T01:36:15+00:00,518,14,4,True,True,True,1791336966
2026-10-07T01:36:15+00:00,556,4,14,True,True,True,1791336966
2026-10-07T01:36:15+00:00,525,1,11,True,True,True,1791336966
2026-10-07T01:36:15+00:00,517,2,13,True,True,True,1791336966
2026-10-07T01:36:15+00:00,523,19,11,True,True,True,1791336966
2026-10-07T01:36:15+00:00,522,8,1,True,True,True,1791336966
2026-10-07T01:36:15+00:00,594,17,1,True,True,True,1791336966
2026-10-07T01:36:15+00:00,532,0,20,True,True,True,1791336966
2026-10-07T01:36:15+00:00,509,7,5,True,True,True,1791336966
2026-10-07T01:36:15+00:00,531,9,9,True,True,True,1791336966
2026-10-07T01:36:15+00:00,536,0,9,True,True,True,1791336966
2026-10-07T01:36:15+00:00,562,29,8,True,True,True,1791336966
2026-10-07T01:36:15+00:00,511,2,18,True,True,True,1791336966
2026-10-07T01:36:15+00:00,505,5,14,True,True,True,1791336966
2026-10-07T01:36:15+00:00,501,1,17,True,True,True,1791336966
2026-10-07T01:36:15+00:00,514,1,8,True,True,True,1791336966
2026-10-07T01:36:15+00:00,500,0,17,True,True,True,1791336966
2026-10-07T01:36:15+00:00,503,15,14,True,True,True,1791336966
2026-10-07T01:36:15+00:00,513,1,13,True,True,True,1791336966
2026-10-07T01:36:15+00:00,498,0,12,True,True,True,1791336966
2026-10-07T01:36:15+00:00,507,16,0,True,True,True,1791336966
2026-10-07T01:36:15+00:00,512,3,26,True,True,True,1791336966
2026-10-07T01:36:15+00:00,619,0,42,True,True,True,1791336966
2026-10-07T01:36:15+00:00,474,0,42,True,True,True,1791336966
2026-10-07T01:36:15+00:00,580,3,42,True,True,True,1791336966
2026-10-07T01:36:15+00:00,496,4,39,True,True,True,1791336966
2026-10-07T01:36:15+00:00,482,1,16,True,True,True,1791336966
2026-10-07T01:36:15+00:00,407,0,12,True,True,True,1791336966
2026-10-07T01:36:15+00:00,409,15,9,True,True,True,1791336966
2026-10-07T01:36:15+00:00,451,2,16,True,True,True,1791336966
2026-10-07T01:36:15+00:00,402,3,16,True,True,True,1791336966
2026-10-07T01:36:15+00:00,516,6,8,True,True,True,1791336966
2026-10-07T01:36:15+00:00,625,6,34,True,True,True,1791336966
2026-10-07T01:36:15+00:00,429,0,20,True,True,True,1791336966
2026-10-07T01:36:15+00:00,380,0,24,True,True,True,1791336966
2026-10-07T01:36:15+00:00,583,7,11,True,True,True,1791336966
2026-10-07T01:36:15+00:00,398,11,2,True,True,True,1791336966
2026-10-07T01:36:15+00:00,381,14,0,True,True,True,1791336966
2026-10-07T01:36:15+00:00,464,23,20,True,True,True,1791336966
2026-10-07T01:36:15+00:00,442,12,0,True,True,True,1791336966
2026-10-07T01:36:15+00:00,483,6,15,True,True,True,1791336966
2026-10-07T01:36:15+00:00,458,11,4,True,True,True,1791336966
2026-10-07T01:36:15+00:00,499,12,4,True,True,True,1791336966
2026-10-07T01:36:15+00:00,472,3,19,True,True,True,1791336966
2026-10-07T01:36:15+00:00,506,4,20,True,True,True,1791336966
2026-10-07T01:36:15+00:00,465,6,22,True,True,True,1791336966
2026-10-07T01:36:15+00:00,611,3,33,True,True,True,1791336966
2026-10-07T01:36:15+00:00,404,2,24,True,True,True,1791336966
2026-10-07T01:36:15+00:00,579,2,14,True,True,True,1791336966
2026-10-07T01:36:15+00:00,589,6,21,True,True,True,1791336966
2026-10-07T01:36:15+00:00,434,2,16,True,True,True,1791336966
2026-10-07T01:36:15+00:00,462,2,13,True,True,True,1791336966
2026-10-07T01:36:15+00:00,578,10,14,True,True,True,1791336966
2026-10-07T01:36:15+00:00,415,0,10,True,True,True,1791336966
2026-10-07T01:36:15+00:00,423,17,2,True,True,True,1791336966
2026-10-07T01:36:15+00:00,412,2,2,True,True,True,1791336966
2026-10-07T01:36:15+00:00,387,3,11,True,True,True,1791336966
2026-10-07T01:36:15+00:00,441,0,15,True,True,True,1791336966
2026-10-07T01:36:15+00:00,454,6,16,True,True,True,1791336966
2026-10-07T01:36:15+00:00,436,10,0,True,True,True,1791336966
2026-10-07T01:36:15+00:00,394,6,8,True,True,True,1791336966
2026-10-07T01:36:15+00:00,497,2,25,True,True,True,1791336966
2026-10-07T01:36:15+00:00,581,17,5,True,True,True,1791336966
2026-10-07T01:36:15+00:00,461,8,9,True,True,True,1791336966
2026-10-07T01:36:15+00:00,599,17,28,True,True,True,1791336966
2026-10-07T01:36:15+00:00,428,12,11,True,True,True,1791336966
2026-10-07T01:36:15+00:00,400,7,17,True,True,True,1791336966
2026-10-07T01:36:15+00:00,487,4,16,True,True,True,1791336966
2026-10-07T01:36:15+00:00,438,22,16,True,True,True,1791336966
2026-10-07T01:36:15+00:00,459,1,11,True,True,True,1791336966
2026-10-07T01:36:15+00:00,433,2,16,True,True,True,1791336966
2026-10-07T01:36:15+00:00,399,25,8,True,True,True,1791336966
2026-10-07T01:36:15+00:00,489,6,20,True,True,True,1791336966
2026-10-07T01:36:15+00:00,742,23,3,True,True,True,1791336966
2026-10-07T01:36:15+00:00,551,18,12,True,True,True,1791336966
2026-10-07T01:36:15+00:00,406,2,9,True,True,True,1791336966
2026-10-07T01:36:15+00:00,488,14,7,True,True,True,1791336966
2026-10-07T01:36:15+00:00,540,10,21,True,True,True,1791336966
2026-10-07T01:36:15+00:00,431,11,9,True,True,True,1791336966
2026-10-07T01:36:15+00:00,393,10,9,True,True,True,1791336966
2026-10-07T01:36:15+00:00,420,8,8,True,True,True,1791336966
2026-10-07T01:36:15+00:00,397,2,30,True,True,True,1791336966
2026-10-07T01:36:15+00:00,390,14,16,True,True,True,1791336966
2026-10-07T01:36:15+00:00,449,6,17,True,True,True,1791336966
2026-10-07T01:36:15+00:00,430,6,33,True,True,True,1791336966
2026-10-07T01:36:15+00:00,484,12,20,True,True,True,1791336966
2026-10-07T01:36:15+00:00,479,14,14,True,True,True,1791336966
2026-10-07T01:36:15+00:00,403,12,0,True,True,True,1791336966
2026-10-07T01:36:15+00:00,435,17,13,True,True,True,1791336966
2026-10-07T01:36:15+00:00,426,16,4,True,True,True,1791336966
2026-10-07T01:36:15+00:00,450,4,10,True,True,True,1791336966
2026-10-07T01:36:15+00:00,456,19,13,True,True,True,1791336966
2026-10-07T01:36:15+00:00,468,14,0,True,True,True,1791336966
2026-10-07T01:36:15+00:00,453,3,29,True,True,True,1791336966
2026-10-07T01:36:15+00:00,466,0,15,True,True,True,1791336966
2026-10-07T01:36:15+00:00,469,3,27,True,True,True,1791336966
2026-10-07T01:36:15+00:00,416,1,14,True,True,True,1791336966
2026-10-07T01:36:15+00:00,391,7,5,True,True,True,1791336966
2026-10-07T01:36:15+00:00,389,7,8,True,True,True,1791336966
2026-10-07T01:36:15+00:00,470,2,12,True,True,True,1791336966
2026-10-07T01:36:15+00:00,384,6,10,True,True,True,1791336966
2026-10-07T01:36:15+00:00,425,2,4,True,True,True,1791336966
2026-10-07T01:36:15+00:00,411,3,8,True,True,True,1791336966
2026-10-07T01:36:15+00:00,598,11,20,True,True,True,1791336966
2026-10-07T01:36:15+00:00,444,15,2,True,True,True,1791336966
2026-10-07T01:36:15+00:00,447,12,16,True,True,True,1791336966
2026-10-07T01:36:15+00:00,408,11,2,True,True,True,1791336966
2026-10-07T01:36:15+00:00,737,9,14,True,True,True,1791336966
2026-10-07T01:36:15+00:00,432,10,2,True,True,True,1791336966
2026-10-07T01:36:15+00:00,401,6,0,True,True,True,1791336966
2026-10-07T01:36:15+00:00,452,0,30,True,True,True,1791336966
2026-10-07T01:36:15+00:00,392,5,2,True,True,True,1791336966
2026-10-07T01:36:15+00:00,481,5,37,True,True,True,1791336966
2026-10-07T01:36:15+00:00,495,16,22,True,True,True,1791336966
2026-10-07T01:36:15+00:00,478,7,6,True,True,True,1791336966
2026-10-07T01:36:15+00:00,414,4,7,True,True,True,1791336966
2026-10-07T01:36:15+00:00,476,12,5,True,True,True,1791336966
2026-10-07T01:36:15+00:00,445,9,8,True,True,True,1791336966
2026-10-07T01:36:15+00:00,748,11,15,True,True,True,1791336966
2026-10-07T01:36:15+00:00,473,2,5,True,True,True,1791336966
2026-10-07T01:36:15+00:00,383,12,13,True,True,True,1791336966
2026-10-07T01:36:15+00:00,480,18,4,True,True,True,1791336966
2026-10-07T01:36:15+00:00,421,5,16,True,True,True,1791336966
2026-10-07T01:36:15+00:00,746,9,2,True,True,True,1791336966
2026-10-07T01:36:15+00:00,417,1,13,True,True,True,1791336966
2026-10-07T01:36:15+00:00,427,7,7,True,True,True,1791336966
2026-10-07T01:36:15+00:00,395,1,12,True,True,True,1791336966
2026-10-07T01:36:15+00:00,418,8,19,True,True,True,1791336966
2026-10-07T01:36:15+00:00,413,0,12,True,True,True,1791336966
2026-10-07T01:36:15+00:00,486,3,16,True,True,True,1791336966
2026-10-07T01:36:15+00:00,597,7,6,True,True,True,1791336966
2026-10-07T01:36:15+00:00,422,3,6,True,True,True,1791336966
2026-10-07T01:36:15+00:00,382,7,1,True,True,True,1791336966
2026-10-07T01:36:15+00:00,396,5,15,True,True,True,1791336966
2026-10-07T01:36:15+00:00,735,11,3,True,True,True,1791336966
2026-10-07T01:36:15+00:00,437,5,19,True,True,True,1791336966
2026-10-07T01:36:15+00:00,446,8,11,True,True,True,1791336966
2026-10-07T01:36:15+00:00,424,2,5,True,True,True,1791336966
2026-10-07T01:36:15+00:00,455,10,1,True,True,True,1791336966
2026-10-07T01:36:15+00:00,457,9,1,True,True,True,1791336966
2026-10-07T01:36:15+00:00,377,26,2,True,True,True,1791336966
2026-10-07T01:36:15+00:00,738,10,2,True,True,True,1791336966
2026-10-07T01:36:15+00:00,460,20,7,True,True,True,1791336966
2026-10-07T01:36:15+00:00,744,3,4,True,True,True,1791336966
2026-10-07T01:36:15+00:00,485,19,1,True,True,True,1791336966
2026-10-07T01:51:15+00:00,6026,0,34,True,True,True,1791337864
2026-10-07T01:51:15+00:00,5431,7,13,True,True,True,1791337864
2026-10-07T01:51:15+00:00,5424,1,17,True,True,True,1791337864
2026-10-07T01:51:15+00:00,5220,0,19,True,True,True,1791337864
2026-10-07T01:51:15+00:00,5217,12,18,True,True,True,1791337864
2026-10-07T01:51:15+00:00,5113,12,1,True,True,True,1791337864
2026-10-07T01:51:15+00:00,4683,0,20,True,True,True,1791337864
2026-10-07T01:51:15+00:00,4552,1,17,True,True,True,1791337864
2026-10-07T01:51:15+00:00,3725,1,15,True,True,True,1791337864
2026-10-07T01:51:15+00:00,2358,7,4,True,True,True,1791337864
2026-10-07T01:51:15+00:00,2357,23,0,True,True,True,1791337864
2026-10-07T01:51:15+00:00,2355,0,12,True,True,True,1791337864
2026-10-07T01:51:15+00:00,2351,0,17,True,True,True,1791337864
2026-10-07T01:51:15+00:00,2350,1,21,True,True,True,1791337864
2026-10-07T01:51:15+00:00,2349,6,15,True,True,True,1791337864
2026-10-07T01:51:15+00:00,2347,9,21,True,True,True,1791337864
2026-10-07T01:51:15+00:00,2340,13,9,True,True,True,1791337864
2026-10-07T01:51:15+00:00,2339,8,21,True,True,True,1791337864
2026-10-07T01:51:15+00:00,2337,2,11,True,True,True,1791337864
2026-10-07T01:51:15+00:00,2334,2,9,True,True,True,1791337864
2026-10-07T01:51:15+00:00,2333,11,4,True,True,True,1791337864
2026-10-07T01:51:15+00:00,2332,1,8,True,True,True,1791337864
2026-10-07T01:51:15+00:00,2330,9,4,True,True,True,1791337864
2026-10-07T01:51:15+00:00,2329,10,4,True,True,True,1791337864
2026-10-07T01:51:15+00:00,2328,8,11,True,True,True,1791337864
2026-10-07T01:51:15+00:00,2315,7,8,True,True,True,1791337864
2026-10-07T01:51:15+00:00,2308,3,5,True,True,True,1791337864
2026-10-07T01:51:15+00:00,2307,1,25,True,True,True,1791337864
2026-10-07T01:51:15+00:00,2306,0,18,True,True,True,1791337864
2026-10-07T01:51:15+00:00,2305,8,6,True,True,True,1791337864
2026-10-07T01:51:15+00:00,2304,15,3,True,True,True,1791337864
2026-10-07T01:51:15+00:00,2280,11,4,True,True,True,1791337864
2026-10-07T01:51:15+00:00,2270,0,18,True,True,True,1791337864
2026-10-07T01:51:15+00:00,1919,0,6,True,True,True,1791337864
2026-10-07T01:51:15+00:00,1755,9,24,True,True,True,1791337864
2026-10-07T01:51:15+00:00,1101,14,9,True,True,True,1791337864
2026-10-07T01:51:15+00:00,1023,4,9,True,True,True,1791337864
2026-10-07T01:51:15+00:00,1009,4,6,True,True,True,1791337864
2026-10-07T01:51:15+00:00,970,7,16,True,True,True,1791337864
2026-10-07T01:51:15+00:00,787,2,10,True,True,True,1791337864
2026-10-07T01:51:15+00:00,627,2,28,True,True,True,1791337864
2026-10-07T01:51:15+00:00,623,5,14,True,True,True,1791337864
2026-10-07T01:51:15+00:00,624,8,9,True,True,True,1791337864
2026-10-07T01:51:15+00:00,626,2,20,True,True,True,1791337864
2026-10-07T01:51:15+00:00,614,21,2,True,True,True,1791337864
2026-10-07T01:51:15+00:00,616,11,4,True,True,True,1791337864
2026-10-07T01:51:15+00:00,618,0,40,True,True,True,1791337864
2026-10-07T01:51:15+00:00,621,8,16,True,True,True,1791337864
2026-10-07T01:51:15+00:00,622,5,21,True,True,True,1791337864
2026-10-07T01:51:15+00:00,613,6,10,True,True,True,1791337864
2026-10-07T01:51:15+00:00,620,13,25,True,True,True,1791337864
2026-10-07T01:51:15+00:00,596,6,10,True,True,True,1791337864
2026-10-07T01:51:15+00:00,617,1,3,True,True,True,1791337864
2026-10-07T01:51:15+00:00,609,6,21,True,True,True,1791337864
2026-10-07T01:51:15+00:00,607,15,13,True,True,True,1791337864
2026-10-07T01:51:15+00:00,603,5,13,True,True,True,1791337864
2026-10-07T01:51:15+00:00,590,3,34,True,True,True,1791337864
2026-10-07T01:51:15+00:00,610,8,12,True,True,True,1791337864
2026-10-07T01:51:15+00:00,608,6,15,True,True,True,1791337864
2026-10-07T01:51:15+00:00,593,4,24,True,True,True,1791337864
2026-10-07T01:51:15+00:00,530,4,5,True,True,True,1791337864
2026-10-07T01:51:15+00:00,463,14,2,True,True,True,1791337864
2026-10-07T01:51:15+00:00,475,22,1,True,True,True,1791337864
2026-10-07T01:51:15+00:00,439,0,23,True,True,True,1791337864
2026-10-07T01:51:15+00:00,600,4,6,True,True,True,1791337864
2026-10-07T01:51:15+00:00,440,5,12,True,True,True,1791337864
2026-10-07T01:51:15+00:00,612,1,17,True,True,True,1791337864
2026-10-07T01:51:15+00:00,491,15,3,True,True,True,1791337864
2026-10-07T01:51:15+00:00,493,21,4,True,True,True,1791337864
2026-10-07T01:51:15+00:00,410,6,19,True,True,True,1791337864
2026-10-07T01:51:15+00:00,605,4,14,True,True,True,1791337864
2026-10-07T01:51:15+00:00,388,0,17,True,True,True,1791337864
2026-10-07T01:51:15+00:00,591,3,19,True,True,True,1791337864
2026-10-07T01:51:15+00:00,592,1,17,True,True,True,1791337864
2026-10-07T01:51:15+00:00,585,0,1,False,False,False,1791337864
2026-10-07T01:51:15+00:00,565,5,13,True,True,True,1791337864
2026-10-07T01:51:15+00:00,571,8,11,True,True,True,1791337864
2026-10-07T01:51:15+00:00,568,4,11,True,True,True,1791337864
2026-10-07T01:51:15+00:00,588,1,18,True,True,True,1791337864
2026-10-07T01:51:15+00:00,584,3,30,True,True,True,1791337864
2026-10-07T01:51:15+00:00,569,7,22,True,True,True,1791337864
2026-10-07T01:51:15+00:00,577,23,5,True,True,True,1791337864
2026-10-07T01:51:15+00:00,564,8,21,True,True,True,1791337864
2026-10-07T01:51:15+00:00,570,2,13,True,True,True,1791337864
2026-10-07T01:51:15+00:00,572,9,28,True,True,True,1791337864
2026-10-07T01:51:15+00:00,586,2,23,True,True,True,1791337864
2026-10-07T01:51:15+00:00,576,9,8,True,True,True,1791337864
2026-10-07T01:51:15+00:00,566,2,21,True,True,True,1791337864
2026-10-07T01:51:15+00:00,602,3,15,True,True,True,1791337864
2026-10-07T01:51:15+00:00,575,0,29,True,True,True,1791337864
2026-10-07T01:51:15+00:00,567,3,34,True,True,True,1791337864
2026-10-07T01:51:15+00:00,582,1,24,True,True,True,1791337864
2026-10-07T01:51:15+00:00,595,22,0,True,True,True,1791337864
2026-10-07T01:51:15+00:00,542,10,8,True,True,True,1791337864
2026-10-07T01:51:15+00:00,563,9,7,True,True,True,1791337864
2026-10-07T01:51:15+00:00,558,3,12,True,True,True,1791337864
2026-10-07T01:51:15+00:00,552,8,10,True,True,True,1791337864
2026-10-07T01:51:15+00:00,555,8,5,True,True,True,1791337864
2026-10-07T01:51:15+00:00,573,21,3,True,True,True,1791337864
2026-10-07T01:51:15+00:00,561,12,10,True,True,True,1791337864
2026-10-07T01:51:15+00:00,615,13,8,True,True,True,1791337864
2026-10-07T01:51:15+00:00,543,1,17,True,True,True,1791337864
2026-10-07T01:51:15+00:00,554,0,20,True,True,True,1791337864
2026-10-07T01:51:15+00:00,574,2,9,True,True,True,1791337864
2026-10-07T01:51:15+00:00,560,0,8,True,True,True,1791337864
2026-10-07T01:51:15+00:00,548,1,16,True,True,True,1791337864
2026-10-07T01:51:15+00:00,559,7,10,True,True,True,1791337864
2026-10-07T01:51:15+00:00,545,19,19,True,True,True,1791337864
2026-10-07T01:51:15+00:00,550,0,9,True,True,True,1791337864
2026-10-07T01:51:15+00:00,541,3,6,True,True,True,1791337864
2026-10-07T01:51:15+00:00,527,10,2,True,True,True,1791337864
2026-10-07T01:51:15+00:00,529,14,7,True,True,True,1791337864
2026-10-07T01:51:15+00:00,526,0,13,True,True,True,1791337864
2026-10-07T01:51:15+00:00,537,5,13,True,True,True,1791337864
2026-10-07T01:51:15+00:00,547,3,26,True,True,True,1791337864
2026-10-07T01:51:15+00:00,601,3,16,True,True,True,1791337864
2026-10-07T01:51:15+00:00,533,0,11,True,True,True,1791337864
2026-10-07T01:51:15+00:00,535,4,23,True,True,True,1791337864
2026-10-07T01:51:15+00:00,524,0,19,True,True,True,1791337864
2026-10-07T01:51:15+00:00,519,19,2,True,True,True,1791337864
2026-10-07T01:51:15+00:00,534,12,27,True,True,True,1791337864
2026-10-07T01:51:15+00:00,521,6,6,True,True,True,1791337864
2026-10-07T01:51:15+00:00,518,14,4,True,True,True,1791337864
2026-10-07T01:51:15+00:00,556,4,14,True,True,True,1791337864
2026-10-07T01:51:15+00:00,525,1,11,True,True,True,1791337864
2026-10-07T01:51:15+00:00,517,2,13,True,True,True,1791337864
2026-10-07T01:51:15+00:00,523,19,11,True,True,True,1791337864
2026-10-07T01:51:15+00:00,522,8,1,True,True,True,1791337864
2026-10-07T01:51:15+00:00,594,17,1,True,True,True,1791337864
2026-10-07T01:51:15+00:00,532,0,20,True,True,True,1791337864
2026-10-07T01:51:15+00:00,509,7,5,True,True,True,1791337864
2026-10-07T01:51:15+00:00,531,9,9,True,True,True,1791337864
2026-10-07T01:51:15+00:00,536,0,9,True,True,True,1791337864
2026-10-07T01:51:15+00:00,562,29,8,True,True,True,1791337864
2026-10-07T01:51:15+00:00,511,2,18,True,True,True,1791337864
2026-10-07T01:51:15+00:00,505,5,14,True,True,True,1791337864
2026-10-07T01:51:15+00:00,501,1,17,True,True,True,1791337864
2026-10-07T01:51:15+00:00,514,1,8,True,True,True,1791337864
2026-10-07T01:51:15+00:00,500,0,17,True,True,True,1791337864
2026-10-07T01:51:15+00:00,503,15,14,True,True,True,1791337864
2026-10-07T01:51:15+00:00,513,1,13,True,True,True,1791337864
2026-10-07T01:51:15+00:00,498,0,12,True,True,True,1791337864
2026-10-07T01:51:15+00:00,507,16,0,True,True,True,1791337864
2026-10-07T01:51:15+00:00,512,3,26,True,True,True,1791337864
2026-10-07T01:51:15+00:00,619,0,42,True,True,True,1791337864
2026-10-07T01:51:15+00:00,474,0,42,True,True,True,1791337864
2026-10-07T01:51:15+00:00,580,3,42,True,True,True,1791337864
2026-10-07T01:51:15+00:00,496,4,39,True,True,True,1791337864
2026-10-07T01:51:15+00:00,482,1,16,True,True,True,1791337864
2026-10-07T01:51:15+00:00,407,0,12,True,True,True,1791337864
2026-10-07T01:51:15+00:00,409,15,9,True,True,True,1791337864
2026-10-07T01:51:15+00:00,451,2,16,True,True,True,1791337864
2026-10-07T01:51:15+00:00,402,3,16,True,True,True,1791337864
2026-10-07T01:51:15+00:00,516,6,8,True,True,True,1791337864
2026-10-07T01:51:15+00:00,625,6,34,True,True,True,1791337864
2026-10-07T01:51:15+00:00,429,0,20,True,True,True,1791337864
2026-10-07T01:51:15+00:00,380,0,24,True,True,True,1791337864
2026-10-07T01:51:15+00:00,583,7,11,True,True,True,1791337864
2026-10-07T01:51:15+00:00,398,11,2,True,True,True,1791337864
2026-10-07T01:51:15+00:00,381,14,0,True,True,True,1791337864
2026-10-07T01:51:15+00:00,464,23,20,True,True,True,1791337864
2026-10-07T01:51:15+00:00,442,12,0,True,True,True,1791337864
2026-10-07T01:51:15+00:00,483,6,15,True,True,True,1791337864
2026-10-07T01:51:15+00:00,458,11,4,True,True,True,1791337864
2026-10-07T01:51:15+00:00,499,12,4,True,True,True,1791337864
2026-10-07T01:51:15+00:00,472,3,19,True,True,True,1791337864
2026-10-07T01:51:15+00:00,506,4,20,True,True,True,1791337864
2026-10-07T01:51:15+00:00,465,6,22,True,True,True,1791337864
2026-10-07T01:51:15+00:00,611,3,33,True,True,True,1791337864
2026-10-07T01:51:15+00:00,404,2,24,True,True,True,1791337864
2026-10-07T01:51:15+00:00,579,2,14,True,True,True,1791337864
2026-10-07T01:51:15+00:00,589,6,21,True,True,True,1791337864
2026-10-07T01:51:15+00:00,434,2,16,True,True,True,1791337864
2026-10-07T01:51:15+00:00,462,2,13,True,True,True,1791337864
2026-10-07T01:51:15+00:00,578,10,14,True,True,True,1791337864
2026-10-07T01:51:15+00:00,415,0,10,True,True,True,1791337864
2026-10-07T01:51:15+00:00,423,17,2,True,True,True,1791337864
2026-10-07T01:51:15+00:00,412,2,2,True,True,True,1791337864
2026-10-07T01:51:15+00:00,387,3,11,True,True,True,1791337864
2026-10-07T01:51:15+00:00,441,0,15,True,True,True,1791337864
2026-10-07T01:51:15+00:00,454,6,16,True,True,True,1791337864
2026-10-07T01:51:15+00:00,436,10,0,True,True,True,1791337864
2026-10-07T01:51:15+00:00,394,6,8,True,True,True,1791337864
2026-10-07T01:51:15+00:00,497,2,25,True,True,True,1791337864
2026-10-07T01:51:15+00:00,581,17,5,True,True,True,1791337864
2026-10-07T01:51:15+00:00,461,8,9,True,True,True,1791337864
2026-10-07T01:51:15+00:00,599,17,28,True,True,True,1791337864
2026-10-07T01:51:15+00:00,428,12,11,True,True,True,1791337864
2026-10-07T01:51:15+00:00,400,7,17,True,True,True,1791337864
2026-10-07T01:51:15+00:00,487,4,16,True,True,True,1791337864
2026-10-07T01:51:15+00:00,438,22,16,True,True,True,1791337864
2026-10-07T01:51:15+00:00,459,1,11,True,True,True,1791337864
2026-10-07T01:51:15+00:00,433,2,16,True,True,True,1791337864
2026-10-07T01:51:15+00:00,399,25,8,True,True,True,1791337864
2026-10-07T01:51:15+00:00,489,6,20,True,True,True,1791337864
2026-10-07T01:51:15+00:00,742,23,3,True,True,True,1791337864
2026-10-07T01:51:15+00:00,551,18,12,True,True,True,1791337864
2026-10-07T01:51:15+00:00,406,2,9,True,True,True,1791337864
2026-10-07T01:51:15+00:00,488,14,7,True,True,True,1791337864
2026-10-07T01:51:15+00:00,540,10,21,True,True,True,1791337864
2026-10-07T01:51:15+00:00,431,11,9,True,True,True,1791337864
2026-10-07T01:51:15+00:00,393,10,9,True,True,True,1791337864
2026-10-07T01:51:15+00:00,420,8,8,True,True,True,1791337864
2026-10-07T01:51:15+00:00,397,2,30,True,True,True,1791337864
2026-10-07T01:51:15+00:00,390,14,16,True,True,True,1791337864
2026-10-07T01:51:15+00:00,449,6,17,True,True,True,1791337864
2026-10-07T01:51:15+00:00,430,6,33,True,True,True,1791337864
2026-10-07T01:51:15+00:00,484,12,20,True,True,True,1791337864
2026-10-07T01:51:15+00:00,479,14,14,True,True,True,1791337864
2026-10-07T01:51:15+00:00,403,12,0,True,True,True,1791337864
2026-10-07T01:51:15+00:00,435,17,13,True,True,True,1791337864
2026-10-07T01:51:15+00:00,426,16,4,True,True,True,1791337864
2026-10-07T01:51:15+00:00,450,4,10,True,True,True,1791337864
2026-10-07T01:51:15+00:00,456,19,13,True,True,True,1791337864
2026-10-07T01:51:15+00:00,468,14,0,True,True,True,1791337864
2026-10-07T01:51:15+00:00,453,3,29,True,True,True,1791337864
2026-10-07T01:51:15+00:00,466,0,15,True,True,True,1791337864
2026-10-07T01:51:15+00:00,469,3,27,True,True,True,1791337864
2026-10-07T01:51:15+00:00,416,1,14,True,True,True,1791337864
2026-10-07T01:51:15+00:00,391,7,5,True,True,True,1791337864
2026-10-07T01:51:15+00:00,389,7,8,True,True,True,1791337864
2026-10-07T01:51:15+00:00,470,2,12,True,True,True,1791337864
2026-10-07T01:51:15+00:00,384,6,10,True,True,True,1791337864
2026-10-07T01:51:15+00:00,425,2,4,True,True,True,1791337864
2026-10-07T01:51:15+00:00,411,3,8,True,True,True,1791337864
2026-10-07T01:51:15+00:00,598,11,20,True,True,True,1791337864
2026-10-07T01:51:15+00:00,444,15,2,True,True,True,1791337864
2026-10-07T01:51:15+00:00,447,12,16,True,True,True,1791337864
2026-10-07T01:51:15+00:00,408,11,2,True,True,True,1791337864
2026-10-07T01:51:15+00:00,737,9,14,True,True,True,1791337864
2026-10-07T01:51:15+00:00,432,10,2,True,True,True,1791337864
2026-10-07T01:51:15+00:00,401,6,0,True,True,True,1791337864
2026-10-07T01:51:15+00:00,452,0,30,True,True,True,1791337864
2026-10-07T01:51:15+00:00,392,5,2,True,True,True,1791337864
2026-10-07T01:51:15+00:00,481,5,37,True,True,True,1791337864
2026-10-07T01:51:15+00:00,495,16,22,True,True,True,1791337864
2026-10-07T01:51:15+00:00,478,7,6,True,True,True,1791337864
2026-10-07T01:51:15+00:00,414,4,7,True,True,True,1791337864
2026-10-07T01:51:15+00:00,476,12,5,True,True,True,1791337864
2026-10-07T01:51:15+00:00,445,9,8,True,True,True,1791337864
2026-10-07T01:51:15+00:00,748,11,15,True,True,True,1791337864
2026-10-07T01:51:15+00:00,473,2,5,True,True,True,1791337864
2026-10-07T01:51:15+00:00,383,12,13,True,True,True,1791337864
2026-10-07T01:51:15+00:00,480,18,4,True,True,True,1791337864
2026-10-07T01:51:15+00:00,421,5,16,True,True,True,1791337864
2026-10-07T01:51:15+00:00,746,9,2,True,True,True,1791337864
2026-10-07T01:51:15+00:00,417,1,13,True,True,True,1791337864
2026-10-07T01:51:15+00:00,427,7,7,True,True,True,1791337864
2026-10-07T01:51:15+00:00,395,1,12,True,True,True,1791337864
2026-10-07T01:51:15+00:00,418,8,19,True,True,True,1791337864
2026-10-07T01:51:15+00:00,413,0,12,True,True,True,1791337864
2026-10-07T01:51:15+00:00,486,3,16,True,True,True,1791337864
2026-10-07T01:51:15+00:00,597,7,6,True,True,True,1791337864
2026-10-07T01:51:15+00:00,422,3,6,True,True,True,1791337864
2026-10-07T01:51:15+00:00,382,7,1,True,True,True,1791337864
2026-10-07T01:51:15+00:00,396,5,14,True,True,True,1791337864
2026-10-07T01:51:15+00:00,735,11,3,True,True,True,1791337864
2026-10-07T01:51:15+00:00,437,5,19,True,True,True,1791337864
2026-10-07T01:51:15+00:00,446,8,11,True,True,True,1791337864
2026-10-07T01:51:15+00:00,424,2,5,True,True,True,1791337864
2026-10-07T01:51:15+00:00,455,10,1,True,True,True,1791337864
2026-10-07T01:51:15+00:00,457,9,1,True,True,True,1791337864
2026-10-07T01:51:15+00:00,377,26,2,True,True,True,1791337864
2026-10-07T01:51:15+00:00,738,10,2,True,True,True,1791337864
2026-10-07T01:51:15+00:00,460,20,7,True,True,True,1791337864
2026-10-07T01:51:15+00:00,744,3,4,True,True,True,1791337864
2026-10-07T01:51:15+00:00,485,19,1,True,True,True,1791337864
2026-10-07T02:06:15+00:00,6026,0,34,True,True,True,1791338760
2026-10-07T02:06:15+00:00,5431,7,13,True,True,True,1791338760
2026-10-07T02:06:15+00:00,5424,1,17,True,True,True,1791338760
2026-10-07T02:06:15+00:00,5220,0,19,True,True,True,1791338760
2026-10-07T02:06:15+00:00,5217,12,18,True,True,True,1791338760
2026-10-07T02:06:15+00:00,5113,12,1,True,True,True,1791338760
2026-10-07T02:06:15+00:00,4683,0,20,True,True,True,1791338760
2026-10-07T02:06:15+00:00,4552,1,17,True,True,True,1791338760
2026-10-07T02:06:15+00:00,3725,1,15,True,True,True,1791338760
2026-10-07T02:06:15+00:00,2358,7,4,True,True,True,1791338760
2026-10-07T02:06:15+00:00,2357,23,0,True,True,True,1791338760
2026-10-07T02:06:15+00:00,2355,0,12,True,True,True,1791338760
2026-10-07T02:06:15+00:00,2351,0,17,True,True,True,1791338760
2026-10-07T02:06:15+00:00,2350,1,21,True,True,True,1791338760
2026-10-07T02:06:15+00:00,2349,6,15,True,True,True,1791338760
2026-10-07T02:06:15+00:00,2347,9,21,True,True,True,1791338760
2026-10-07T02:06:15+00:00,2340,13,9,True,True,True,1791338760
2026-10-07T02:06:15+00:00,2339,8,21,True,True,True,1791338760
2026-10-07T02:06:15+00:00,2337,2,11,True,True,True,1791338760
2026-10-07T02:06:15+00:00,2334,2,9,True,True,True,1791338760
2026-10-07T02:06:15+00:00,2333,11,4,True,True,True,1791338760
2026-10-07T02:06:15+00:00,2332,1,8,True,True,True,1791338760
2026-10-07T02:06:15+00:00,2330,9,4,True,True,True,1791338760
2026-10-07T02:06:15+00:00,2329,10,4,True,True,True,1791338760
2026-10-07T02:06:15+00:00,2328,8,11,True,True,True,1791338760
2026-10-07T02:06:15+00:00,2315,7,8,True,True,True,1791338760
2026-10-07T02:06:15+00:00,2308,3,5,True,True,True,1791338760
2026-10-07T02:06:15+00:00,2307,1,25,True,True,True,1791338760
2026-10-07T02:06:15+00:00,2306,0,18,True,True,True,1791338760
2026-10-07T02:06:15+00:00,2305,8,6,True,True,True,1791338760
2026-10-07T02:06:15+00:00,2304,15,3,True,True,True,1791338760
2026-10-07T02:06:15+00:00,2280,11,4,True,True,True,1791338760
2026-10-07T02:06:15+00:00,2270,0,18,True,True,True,1791338760
2026-10-07T02:06:15+00:00,1919,0,6,True,True,True,1791338760
2026-10-07T02:06:15+00:00,1755,9,24,True,True,True,1791338760
2026-10-07T02:06:15+00:00,1101,14,9,True,True,True,1791338760
2026-10-07T02:06:15+00:00,1023,4,9,True,True,True,1791338760
2026-10-07T02:06:15+00:00,1009,4,6,True,True,True,1791338760
2026-10-07T02:06:15+00:00,970,7,16,True,True,True,1791338760
2026-10-07T02:06:15+00:00,787,2,10,True,True,True,1791338760
2026-10-07T02:06:15+00:00,627,2,28,True,True,True,1791338760
2026-10-07T02:06:15+00:00,623,5,14,True,True,True,1791338760
2026-10-07T02:06:15+00:00,624,8,9,True,True,True,1791338760
2026-10-07T02:06:15+00:00,626,2,20,True,True,True,1791338760
2026-10-07T02:06:15+00:00,614,21,2,True,True,True,1791338760
2026-10-07T02:06:15+00:00,616,11,4,True,True,True,1791338760
2026-10-07T02:06:15+00:00,618,0,40,True,True,True,1791338760
2026-10-07T02:06:15+00:00,621,8,16,True,True,True,1791338760
2026-10-07T02:06:15+00:00,622,5,21,True,True,True,1791338760
2026-10-07T02:06:15+00:00,613,6,10,True,True,True,1791338760
2026-10-07T02:06:15+00:00,620,13,25,True,True,True,1791338760
2026-10-07T02:06:15+00:00,596,6,10,True,True,True,1791338760
2026-10-07T02:06:15+00:00,617,1,3,True,True,True,1791338760
2026-10-07T02:06:15+00:00,609,6,21,True,True,True,1791338760
2026-10-07T02:06:15+00:00,607,15,13,True,True,True,1791338760
2026-10-07T02:06:15+00:00,603,5,13,True,True,True,1791338760
2026-10-07T02:06:15+00:00,590,3,34,True,True,True,1791338760
2026-10-07T02:06:15+00:00,610,8,12,True,True,True,1791338760
2026-10-07T02:06:15+00:00,608,6,15,True,True,True,1791338760
2026-10-07T02:06:15+00:00,593,4,24,True,True,True,1791338760
2026-10-07T02:06:15+00:00,530,4,5,True,True,True,1791338760
2026-10-07T02:06:15+00:00,463,14,2,True,True,True,1791338760
2026-10-07T02:06:15+00:00,475,22,1,True,True,True,1791338760
2026-10-07T02:06:15+00:00,439,0,23,True,True,True,1791338760
2026-10-07T02:06:15+00:00,600,4,6,True,True,True,1791338760
2026-10-07T02:06:15+00:00,440,5,12,True,True,True,1791338760
2026-10-07T02:06:15+00:00,612,1,17,True,True,True,1791338760
2026-10-07T02:06:15+00:00,491,15,3,True,True,True,1791338760
2026-10-07T02:06:15+00:00,493,21,4,True,True,True,1791338760
2026-10-07T02:06:15+00:00,410,6,19,True,True,True,1791338760
2026-10-07T02:06:15+00:00,605,4,14,True,True,True,1791338760
2026-10-07T02:06:15+00:00,388,0,17,True,True,True,1791338760
2026-10-07T02:06:15+00:00,591,3,19,True,True,True,1791338760
2026-10-07T02:06:15+00:00,592,1,17,True,True,True,1791338760
2026-10-07T02:06:15+00:00,585,0,1,False,False,False,1791338760
2026-10-07T02:06:15+00:00,565,5,13,True,True,True,1791338760
2026-10-07T02:06:15+00:00,571,8,11,True,True,True,1791338760
2026-10-07T02:06:15+00:00,568,4,11,True,True,True,1791338760
2026-10-07T02:06:15+00:00,588,1,18,True,True,True,1791338760
2026-10-07T02:06:15+00:00,584,3,30,True,True,True,1791338760
2026-10-07T02:06:15+00:00,569,7,22,True,True,True,1791338760
2026-10-07T02:06:15+00:00,577,23,5,True,True,True,1791338760
2026-10-07T02:06:15+00:00,564,8,21,True,True,True,1791338760
2026-10-07T02:06:15+00:00,570,2,13,True,True,True,1791338760
2026-10-07T02:06:15+00:00,572,9,28,True,True,True,1791338760
2026-10-07T02:06:15+00:00,586,2,23,True,True,True,1791338760
2026-10-07T02:06:15+00:00,576,9,8,True,True,True,1791338760
2026-10-07T02:06:15+00:00,566,2,21,True,True,True,1791338760
2026-10-07T02:06:15+00:00,602,3,15,True,True,True,1791338760
2026-10-07T02:06:15+00:00,575,0,29,True,True,True,1791338760
2026-10-07T02:06:15+00:00,567,3,34,True,True,True,1791338760
2026-10-07T02:06:15+00:00,582,1,24,True,True,True,1791338760
2026-10-07T02:06:15+00:00,595,22,0,True,True,True,1791338760
2026-10-07T02:06:15+00:00,542,10,8,True,True,True,1791338760
2026-10-07T02:06:15+00:00,563,9,7,True,True,True,1791338760
2026-10-07T02:06:15+00:00,558,3,12,True,True,True,1791338760
2026-10-07T02:06:15+00:00,552,8,10,True,True,True,1791338760
2026-10-07T02:06:15+00:00,555,8,5,True,True,True,1791338760
2026-10-07T02:06:15+00:00,573,21,3,True,True,True,1791338760
2026-10-07T02:06:15+00:00,561,12,10,True,True,True,1791338760
2026-10-07T02:06:15+00:00,615,13,8,True,True,True,1791338760
2026-10-07T02:06:15+00:00,543,1,17,True,True,True,1791338760
2026-10-07T02:06:15+00:00,554,0,20,True,True,True,1791338760
2026-10-07T02:06:15+00:00,574,2,9,True,True,True,1791338760
2026-10-07T02:06:15+00:00,560,0,8,True,True,True,1791338760
2026-10-07T02:06:15+00:00,548,1,16,True,True,True,1791338760
2026-10-07T02:06:15+00:00,559,7,10,True,True,True,1791338760
2026-10-07T02:06:15+00:00,545,19,19,True,True,True,1791338760
2026-10-07T02:06:15+00:00,550,0,9,True,True,True,1791338760
2026-10-07T02:06:15+00:00,541,3,6,True,True,True,1791338760
2026-10-07T02:06:15+00:00,527,10,2,True,True,True,1791338760
2026-10-07T02:06:15+00:00,529,14,7,True,True,True,1791338760
2026-10-07T02:06:15+00:00,526,0,13,True,True,True,1791338760
2026-10-07T02:06:15+00:00,537,5,13,True,True,True,1791338760
2026-10-07T02:06:15+00:00,547,3,26,True,True,True,1791338760
2026-10-07T02:06:15+00:00,601,3,16,True,True,True,1791338760
2026-10-07T02:06:15+00:00,533,0,11,True,True,True,1791338760
2026-10-07T02:06:15+00:00,535,4,23,True,True,True,1791338760
2026-10-07T02:06:15+00:00,524,0,19,True,True,True,1791338760
2026-10-07T02:06:15+00:00,519,19,2,True,True,True,1791338760
2026-10-07T02:06:15+00:00,534,12,27,True,True,True,1791338760
2026-10-07T02:06:15+00:00,521,6,6,True,True,True,1791338760
2026-10-07T02:06:15+00:00,518,14,4,True,True,True,1791338760
2026-10-07T02:06:15+00:00,556,4,14,True,True,True,1791338760
2026-10-07T02:06:15+00:00,525,1,11,True,True,True,1791338760
2026-10-07T02:06:15+00:00,517,2,13,True,True,True,1791338760
2026-10-07T02:06:15+00:00,523,19,11,True,True,True,1791338760
2026-10-07T02:06:15+00:00,522,8,1,True,True,True,1791338760
2026-10-07T02:06:15+00:00,594,17,1,True,True,True,1791338760
2026-10-07T02:06:15+00:00,532,0,20,True,True,True,1791338760
2026-10-07T02:06:15+00:00,509,7,5,True,True,True,1791338760
2026-10-07T02:06:15+00:00,531,9,9,True,True,True,1791338760
2026-10-07T02:06:15+00:00,536,0,9,True,True,True,1791338760
2026-10-07T02:06:15+00:00,562,29,8,True,True,True,1791338760
2026-10-07T02:06:15+00:00,511,2,18,True,True,True,1791338760
2026-10-07T02:06:15+00:00,505,5,14,True,True,True,1791338760
2026-10-07T02:06:15+00:00,501,1,17,True,True,True,1791338760
2026-10-07T02:06:15+00:00,514,1,8,True,True,True,1791338760
2026-10-07T02:06:15+00:00,500,0,17,True,True,True,1791338760
2026-10-07T02:06:15+00:00,503,15,14,True,True,True,1791338760
2026-10-07T02:06:15+00:00,513,1,13,True,True,True,1791338760
2026-10-07T02:06:15+00:00,498,0,12,True,True,True,1791338760
2026-10-07T02:06:15+00:00,507,16,0,True,True,True,1791338760
2026-10-07T02:06:15+00:00,512,3,26,True,True,True,1791338760
2026-10-07T02:06:15+00:00,619,0,42,True,True,True,1791338760
2026-10-07T02:06:15+00:00,474,0,42,True,True,True,1791338760
2026-10-07T02:06:15+00:00,580,3,42,True,True,True,1791338760
2026-10-07T02:06:15+00:00,496,4,39,True,True,True,1791338760
2026-10-07T02:06:15+00:00,482,1,16,True,True,True,1791338760
2026-10-07T02:06:15+00:00,407,0,12,True,True,True,1791338760
2026-10-07T02:06:15+00:00,409,15,9,True,True,True,1791338760
2026-10-07T02:06:15+00:00,451,2,16,True,True,True,1791338760
2026-10-07T02:06:15+00:00,402,3,16,True,True,True,1791338760
2026-10-07T02:06:15+00:00,516,6,8,True,True,True,1791338760
2026-10-07T02:06:15+00:00,625,6,34,True,True,True,1791338760
2026-10-07T02:06:15+00:00,429,0,20,True,True,True,1791338760
2026-10-07T02:06:15+00:00,380,0,24,True,True,True,1791338760
2026-10-07T02:06:15+00:00,583,7,11,True,True,True,1791338760
2026-10-07T02:06:15+00:00,398,11,2,True,True,True,1791338760
2026-10-07T02:06:15+00:00,381,14,0,True,True,True,1791338760
2026-10-07T02:06:15+00:00,464,23,20,True,True,True,1791338760
2026-10-07T02:06:15+00:00,442,12,0,True,True,True,1791338760
2026-10-07T02:06:15+00:00,483,6,15,True,True,True,1791338760
2026-10-07T02:06:15+00:00,458,11,4,True,True,True,1791338760
2026-10-07T02:06:15+00:00,499,12,4,True,True,True,1791338760
2026-10-07T02:06:15+00:00,472,3,19,True,True,True,1791338760
2026-10-07T02:06:15+00:00,506,4,20,True,True,True,1791338760
2026-10-07T02:06:15+00:00,465,6,22,True,True,True,1791338760
2026-10-07T02:06:15+00:00,611,3,33,True,True,True,1791338760
2026-10-07T02:06:15+00:00,404,2,24,True,True,True,1791338760
2026-10-07T02:06:15+00:00,579,2,14,True,True,True,1791338760
2026-10-07T02:06:15+00:00,589,6,21,True,True,True,1791338760
2026-10-07T02:06:15+00:00,434,2,16,True,True,True,1791338760
2026-10-07T02:06:15+00:00,462,2,13,True,True,True,1791338760
2026-10-07T02:06:15+00:00,578,10,14,True,True,True,1791338760
2026-10-07T02:06:15+00:00,415,0,10,True,True,True,1791338760
2026-10-07T02:06:15+00:00,423,17,2,True,True,True,1791338760
2026-10-07T02:06:15+00:00,412,2,2,True,True,True,1791338760
2026-10-07T02:06:15+00:00,387,3,11,True,True,True,1791338760
2026-10-07T02:06:15+00:00,441,0,15,True,True,True,1791338760
2026-10-07T02:06:15+00:00,454,6,16,True,True,True,1791338760
2026-10-07T02:06:15+00:00,436,10,0,True,True,True,1791338760
2026-10-07T02:06:15+00:00,394,6,8,True,True,True,1791338760
2026-10-07T02:06:15+00:00,497,2,25,True,True,True,1791338760
2026-10-07T02:06:15+00:00,581,17,5,True,True,True,1791338760
2026-10-07T02:06:15+00:00,461,8,9,True,True,True,1791338760
2026-10-07T02:06:15+00:00,599,17,28,True,True,True,1791338760
2026-10-07T02:06:15+00:00,428,12,11,True,True,True,1791338760
2026-10-07T02:06:15+00:00,400,7,17,True,True,True,1791338760
2026-10-07T02:06:15+00:00,487,4,16,True,True,True,1791338760
2026-10-07T02:06:15+00:00,438,22,16,True,True,True,1791338760
2026-10-07T02:06:15+00:00,459,1,11,True,True,True,1791338760
2026-10-07T02:06:15+00:00,433,2,16,True,True,True,1791338760
2026-10-07T02:06:15+00:00,399,25,8,True,True,True,1791338760
2026-10-07T02:06:15+00:00,489,6,20,True,True,True,1791338760
2026-10-07T02:06:15+00:00,742,23,3,True,True,True,1791338760
2026-10-07T02:06:15+00:00,551,18,12,True,True,True,1791338760
2026-10-07T02:06:15+00:00,406,2,9,True,True,True,1791338760
2026-10-07T02:06:15+00:00,488,14,7,True,True,True,1791338760
2026-10-07T02:06:15+00:00,540,10,21,True,True,True,1791338760
2026-10-07T02:06:15+00:00,431,11,9,True,True,True,1791338760
2026-10-07T02:06:15+00:00,393,10,9,True,True,True,1791338760
2026-10-07T02:06:15+00:00,420,8,8,True,True,True,1791338760
2026-10-07T02:06:15+00:00,397,2,30,True,True,True,1791338760
2026-10-07T02:06:15+00:00,390,14,16,True,True,True,1791338760
2026-10-07T02:06:15+00:00,449,6,17,True,True,True,1791338760
2026-10-07T02:06:15+00:00,430,6,33,True,True,True,1791338760
2026-10-07T02:06:15+00:00,484,12,20,True,True,True,1791338760
2026-10-07T02:06:15+00:00,479,14,14,True,True,True,1791338760
2026-10-07T02:06:15+00:00,403,12,0,True,True,True,1791338760
2026-10-07T02:06:15+00:00,435,17,13,True,True,True,1791338760
2026-10-07T02:06:15+00:00,426,16,4,True,True,True,1791338760
2026-10-07T02:06:15+00:00,450,4,10,True,True,True,1791338760
2026-10-07T02:06:15+00:00,456,19,13,True,True,True,1791338760
2026-10-07T02:06:15+00:00,468,14,0,True,True,True,1791338760
2026-10-07T02:06:15+00:00,453,3,29,True,True,True,1791338760
2026-10-07T02:06:15+00:00,466,0,15,True,True,True,1791338760
2026-10-07T02:06:15+00:00,469,3,27,True,True,True,1791338760
2026-10-07T02:06:15+00:00,416,1,14,True,True,True,1791338760
2026-10-07T02:06:15+00:00,391,7,5,True,True,True,1791338760
2026-10-07T02:06:15+00:00,389,7,8,True,True,True,1791338760
2026-10-07T02:06:15+00:00,470,2,12,True,True,True,1791338760
2026-10-07T02:06:15+00:00,384,6,10,True,True,True,1791338760
2026-10-07T02:06:15+00:00,425,2,4,True,True,True,1791338760
2026-10-07T02:06:15+00:00,411,3,8,True,True,True,1791338760
2026-10-07T02:06:15+00:00,598,11,20,True,True,True,1791338760
2026-10-07T02:06:15+00:00,444,15,2,True,True,True,1791338760
2026-10-07T02:06:15+00:00,447,12,16,True,True,True,1791338760
2026-10-07T02:06:15+00:00,408,11,2,True,True,True,1791338760
2026-10-07T02:06:15+00:00,737,9,14,True,True,True,1791338760
2026-10-07T02:06:15+00:00,432,10,2,True,True,True,1791338760
2026-10-07T02:06:15+00:00,401,6,0,True,True,True,1791338760
2026-10-07T02:06:15+00:00,452,0,30,True,True,True,1791338760
2026-10-07T02:06:15+00:00,392,5,2,True,True,True,1791338760
2026-10-07T02:06:15+00:00,481,5,37,True,True,True,1791338760
2026-10-07T02:06:15+00:00,495,16,22,True,True,True,1791338760
2026-10-07T02:06:15+00:00,478,7,6,True,True,True,1791338760
2026-10-07T02:06:15+00:00,414,4,7,True,True,True,1791338760
2026-10-07T02:06:15+00:00,476,12,5,True,True,True,1791338760
2026-10-07T02:06:15+00:00,445,9,8,True,True,True,1791338760
2026-10-07T02:06:15+00:00,748,11,15,True,True,True,1791338760
2026-10-07T02:06:15+00:00,473,2,5,True,True,True,1791338760
2026-10-07T02:06:15+00:00,383,12,13,True,True,True,1791338760
2026-10-07T02:06:15+00:00,480,18,4,True,True,True,1791338760
2026-10-07T02:06:15+00:00,421,5,16,True,True,True,1791338760
2026-10-07T02:06:15+00:00,746,9,2,True,True,True,1791338760
2026-10-07T02:06:15+00:00,417,1,13,True,True,True,1791338760
2026-10-07T02:06:15+00:00,427,7,7,True,True,True,1791338760
2026-10-07T02:06:15+00:00,395,1,12,True,True,True,1791338760
2026-10-07T02:06:15+00:00,418,8,19,True,True,True,1791338760
2026-10-07T02:06:15+00:00,413,0,12,True,True,True,1791338760
2026-10-07T02:06:15+00:00,486,3,16,True,True,True,1791338760
2026-10-07T02:06:15+00:00,597,7,6,True,True,True,1791338760
2026-10-07T02:06:15+00:00,422,3,6,True,True,True,1791338760
2026-10-07T02:06:15+00:00,382,7,1,True,True,True,1791338760
2026-10-07T02:06:15+00:00,396,5,14,True,True,True,1791338760
2026-10-07T02:06:15+00:00,735,11,3,True,True,True,1791338760
2026-10-07T02:06:15+00:00,437,5,19,True,True,True,1791338760
2026-10-07T02:06:15+00:00,446,8,11,True,True,True,1791338760
2026-10-07T02:06:15+00:00,424,2,5,True,True,True,1791338760
2026-10-07T02:06:15+00:00,455,10,1,True,True,True,1791338760
2026-10-07T02:06:15+00:00,457,9,1,True,True,True,1791338760
2026-10-07T02:06:15+00:00,377,26,2,True,True,True,1791338760
2026-10-07T02:06:15+00:00,738,10,2,True,True,True,1791338760
2026-10-07T02:06:15+00:00,460,20,7,True,True,True,1791338760
2026-10-07T02:06:15+00:00,744,3,4,True,True,True,1791338760
2026-10-07T02:06:15+00:00,485,19,1,True,True,True,1791338760
2026-10-07T02:21:15+00:00,6026,0,34,True,True,True,1791339668
2026-10-07T02:21:15+00:00,5431,7,13,True,True,True,1791339668
2026-10-07T02:21:15+00:00,5424,1,17,True,True,True,1791339668
2026-10-07T02:21:15+00:00,5220,0,19,True,True,True,1791339668
2026-10-07T02:21:15+00:00,5217,12,18,True,True,True,1791339668
2026-10-07T02:21:15+00:00,5113,12,1,True,True,True,1791339668
2026-10-07T02:21:15+00:00,4683,0,20,True,True,True,1791339668
2026-10-07T02:21:15+00:00,4552,1,17,True,True,True,1791339668
2026-10-07T02:21:15+00:00,3725,1,15,True,True,True,1791339668
2026-10-07T02:21:15+00:00,2358,7,4,True,True,True,1791339668
2026-10-07T02:21:15+00:00,2357,23,0,True,True,True,1791339668
2026-10-07T02:21:15+00:00,2355,0,12,True,True,True,1791339668
2026-10-07T02:21:15+00:00,2351,0,17,True,True,True,1791339668
2026-10-07T02:21:15+00:00,2350,1,21,True,True,True,1791339668
2026-10-07T02:21:15+00:00,2349,6,15,True,True,True,1791339668
2026-10-07T02:21:15+00:00,2347,9,21,True,True,True,1791339668
2026-10-07T02:21:15+00:00,2340,13,9,True,True,True,1791339668
2026-10-07T02:21:15+00:00,2339,8,21,True,True,True,1791339668
2026-10-07T02:21:15+00:00,2337,2,11,True,True,True,1791339668
2026-10-07T02:21:15+00:00,2334,2,9,True,True,True,1791339668
2026-10-07T02:21:15+00:00,2333,11,4,True,True,True,1791339668
2026-10-07T02:21:15+00:00,2332,1,8,True,True,True,1791339668
2026-10-07T02:21:15+00:00,2330,9,4,True,True,True,1791339668
2026-10-07T02:21:15+00:00,2329,10,4,True,True,True,1791339668
2026-10-07T02:21:15+00:00,2328,8,11,True,True,True,1791339668
2026-10-07T02:21:15+00:00,2315,7,8,True,True,True,1791339668
2026-10-07T02:21:15+00:00,2308,3,5,True,True,True,1791339668
2026-10-07T02:21:15+00:00,2307,1,25,True,True,True,1791339668
2026-10-07T02:21:15+00:00,2306,0,18,True,True,True,1791339668
2026-10-07T02:21:15+00:00,2305,8,6,True,True,True,1791339668
2026-10-07T02:21:15+00:00,2304,15,3,True,True,True,1791339668
2026-10-07T02:21:15+00:00,2280,11,4,True,True,True,1791339668
2026-10-07T02:21:15+00:00,2270,0,18,True,True,True,1791339668
2026-10-07T02:21:15+00:00,1919,0,6,True,True,True,1791339668
2026-10-07T02:21:15+00:00,1755,9,24,True,True,True,1791339668
2026-10-07T02:21:15+00:00,1101,14,9,True,True,True,1791339668
2026-10-07T02:21:15+00:00,1023,4,9,True,True,True,1791339668
2026-10-07T02:21:15+00:00,1009,4,6,True,True,True,1791339668
2026-10-07T02:21:15+00:00,970,7,16,True,True,True,1791339668
2026-10-07T02:21:15+00:00,787,2,10,True,True,True,1791339668
2026-10-07T02:21:15+00:00,627,2,28,True,True,True,1791339668
2026-10-07T02:21:15+00:00,623,5,14,True,True,True,1791339668
2026-10-07T02:21:15+00:00,624,8,9,True,True,True,1791339668
2026-10-07T02:21:15+00:00,626,2,20,True,True,True,1791339668
2026-10-07T02:21:15+00:00,614,21,2,True,True,True,1791339668
2026-10-07T02:21:15+00:00,616,11,4,True,True,True,1791339668
2026-10-07T02:21:15+00:00,618,0,40,True,True,True,1791339668
2026-10-07T02:21:15+00:00,621,8,16,True,True,True,1791339668
2026-10-07T02:21:15+00:00,622,5,21,True,True,True,1791339668
2026-10-07T02:21:15+00:00,613,6,10,True,True,True,1791339668
2026-10-07T02:21:15+00:00,620,13,25,True,True,True,1791339668
2026-10-07T02:21:15+00:00,596,6,10,True,True,True,1791339668
2026-10-07T02:21:15+00:00,617,1,3,True,True,True,1791339668
2026-10-07T02:21:15+00:00,609,6,21,True,True,True,1791339668
2026-10-07T02:21:15+00:00,607,15,13,True,True,True,1791339668
2026-10-07T02:21:15+00:00,603,5,13,True,True,True,1791339668
2026-10-07T02:21:15+00:00,590,3,34,True,True,True,1791339668
2026-10-07T02:21:15+00:00,610,8,12,True,True,True,1791339668
2026-10-07T02:21:15+00:00,608,6,15,True,True,True,1791339668
2026-10-07T02:21:15+00:00,593,4,24,True,True,True,1791339668
2026-10-07T02:21:15+00:00,530,4,5,True,True,True,1791339668
2026-10-07T02:21:15+00:00,463,14,2,True,True,True,1791339668
2026-10-07T02:21:15+00:00,475,22,1,True,True,True,1791339668
2026-10-07T02:21:15+00:00,439,0,23,True,True,True,1791339668
2026-10-07T02:21:15+00:00,600,4,6,True,True,True,1791339668
2026-10-07T02:21:15+00:00,440,5,12,True,True,True,1791339668
2026-10-07T02:21:15+00:00,612,1,17,True,True,True,1791339668
2026-10-07T02:21:15+00:00,491,15,3,True,True,True,1791339668
2026-10-07T02:21:15+00:00,493,21,4,True,True,True,1791339668
2026-10-07T02:21:15+00:00,410,6,19,True,True,True,1791339668
2026-10-07T02:21:15+00:00,605,4,14,True,True,True,1791339668
2026-10-07T02:21:15+00:00,388,0,17,True,True,True,1791339668
2026-10-07T02:21:15+00:00,591,3,19,True,True,True,1791339668
2026-10-07T02:21:15+00:00,592,1,17,True,True,True,1791339668
2026-10-07T02:21:15+00:00,585,0,1,False,False,False,1791339668
2026-10-07T02:21:15+00:00,565,5,13,True,True,True,1791339668
2026-10-07T02:21:15+00:00,571,8,11,True,True,True,1791339668
2026-10-07T02:21:15+00:00,568,4,11,True,True,True,1791339668
2026-10-07T02:21:15+00:00,588,1,18,True,True,True,1791339668
2026-10-07T02:21:15+00:00,584,3,30,True,True,True,1791339668
2026-10-07T02:21:15+00:00,569,7,22,True,True,True,1791339668
2026-10-07T02:21:15+00:00,577,23,5,True,True,True,1791339668
2026-10-07T02:21:15+00:00,564,8,21,True,True,True,1791339668
2026-10-07T02:21:15+00:00,570,2,13,True,True,True,1791339668
2026-10-07T02:21:15+00:00,572,9,28,True,True,True,1791339668
2026-10-07T02:21:15+00:00,586,2,23,True,True,True,1791339668
2026-10-07T02:21:15+00:00,576,9,8,True,True,True,1791339668
2026-10-07T02:21:15+00:00,566,2,21,True,True,True,1791339668
2026-10-07T02:21:15+00:00,602,3,15,True,True,True,1791339668
2026-10-07T02:21:15+00:00,575,0,29,True,True,True,1791339668
2026-10-07T02:21:15+00:00,567,3,34,True,True,True,1791339668
2026-10-07T02:21:15+00:00,582,1,24,True,True,True,1791339668
2026-10-07T02:21:15+00:00,595,22,0,True,True,True,1791339668
2026-10-07T02:21:15+00:00,542,10,8,True,True,True,1791339668
2026-10-07T02:21:15+00:00,563,9,7,True,True,True,1791339668
2026-10-07T02:21:15+00:00,558,3,12,True,True,True,1791339668
2026-10-07T02:21:15+00:00,552,8,10,True,True,True,1791339668
2026-10-07T02:21:15+00:00,555,8,5,True,True,True,1791339668
2026-10-07T02:21:15+00:00,573,21,3,True,True,True,1791339668
2026-10-07T02:21:15+00:00,561,12,10,True,True,True,1791339668
2026-10-07T02:21:15+00:00,615,13,8,True,True,True,1791339668
2026-10-07T02:21:15+00:00,543,1,17,True,True,True,1791339668
2026-10-07T02:21:15+00:00,554,0,20,True,True,True,1791339668
2026-10-07T02:21:15+00:00,574,2,9,True,True,True,1791339668
2026-10-07T02:21:15+00:00,560,0,8,True,True,True,1791339668
2026-10-07T02:21:15+00:00,548,1,16,True,True,True,1791339668
2026-10-07T02:21:15+00:00,559,7,10,True,True,True,1791339668
2026-10-07T02:21:15+00:00,545,19,19,True,True,True,1791339668
2026-10-07T02:21:15+00:00,550,0,9,True,True,True,1791339668
2026-10-07T02:21:15+00:00,541,3,6,True,True,True,1791339668
2026-10-07T02:21:15+00:00,527,10,2,True,True,True,1791339668
2026-10-07T02:21:15+00:00,529,14,7,True,True,True,1791339668
2026-10-07T02:21:15+00:00,526,0,13,True,True,True,1791339668
2026-10-07T02:21:15+00:00,537,5,13,True,True,True,1791339668
2026-10-07T02:21:15+00:00,547,3,26,True,True,True,1791339668
2026-10-07T02:21:15+00:00,601,3,16,True,True,True,1791339668
2026-10-07T02:21:15+00:00,533,0,11,True,True,True,1791339668
2026-10-07T02:21:15+00:00,535,4,23,True,True,True,1791339668
2026-10-07T02:21:15+00:00,524,0,19,True,True,True,1791339668
2026-10-07T02:21:15+00:00,519,19,2,True,True,True,1791339668
2026-10-07T02:21:15+00:00,534,12,27,True,True,True,1791339668
2026-10-07T02:21:15+00:00,521,6,6,True,True,True,1791339668
2026-10-07T02:21:15+00:00,518,14,4,True,True,True,1791339668
2026-10-07T02:21:15+00:00,556,4,14,True,True,True,1791339668
2026-10-07T02:21:15+00:00,525,1,11,True,True,True,1791339668
2026-10-07T02:21:15+00:00,517,2,13,True,True,True,1791339668
2026-10-07T02:21:15+00:00,523,19,11,True,True,True,1791339668
2026-10-07T02:21:15+00:00,522,8,1,True,True,True,1791339668
2026-10-07T02:21:15+00:00,594,17,1,True,True,True,1791339668
2026-10-07T02:21:15+00:00,532,0,20,True,True,True,1791339668
2026-10-07T02:21:15+00:00,509,7,5,True,True,True,1791339668
2026-10-07T02:21:15+00:00,531,9,9,True,True,True,1791339668
2026-10-07T02:21:15+00:00,536,0,9,True,True,True,1791339668
2026-10-07T02:21:15+00:00,562,29,8,True,True,True,1791339668
2026-10-07T02:21:15+00:00,511,2,18,True,True,True,1791339668
2026-10-07T02:21:15+00:00,505,5,14,True,True,True,1791339668
2026-10-07T02:21:15+00:00,501,1,17,True,True,True,1791339668
2026-10-07T02:21:15+00:00,514,1,8,True,True,True,1791339668
2026-10-07T02:21:15+00:00,500,0,17,True,True,True,1791339668
2026-10-07T02:21:15+00:00,503,15,14,True,True,True,1791339668
2026-10-07T02:21:15+00:00,513,1,13,True,True,True,1791339668
2026-10-07T02:21:15+00:00,498,0,12,True,True,True,1791339668
2026-10-07T02:21:15+00:00,507,16,0,True,True,True,1791339668
2026-10-07T02:21:15+00:00,512,3,26,True,True,True,1791339668
2026-10-07T02:21:15+00:00,619,0,42,True,True,True,1791339668
2026-10-07T02:21:15+00:00,474,0,42,True,True,True,1791339668
2026-10-07T02:21:15+00:00,580,3,42,True,True,True,1791339668
2026-10-07T02:21:15+00:00,496,4,39,True,True,True,1791339668
2026-10-07T02:21:15+00:00,482,1,16,True,True,True,1791339668
2026-10-07T02:21:15+00:00,407,0,12,True,True,True,1791339668
2026-10-07T02:21:15+00:00,409,15,9,True,True,True,1791339668
2026-10-07T02:21:15+00:00,451,2,16,True,True,True,1791339668
2026-10-07T02:21:15+00:00,402,3,16,True,True,True,1791339668
2026-10-07T02:21:15+00:00,516,6,8,True,True,True,1791339668
2026-10-07T02:21:15+00:00,625,6,34,True,True,True,1791339668
2026-10-07T02:21:15+00:00,429,0,20,True,True,True,1791339668
2026-10-07T02:21:15+00:00,380,0,24,True,True,True,1791339668
2026-10-07T02:21:15+00:00,583,7,11,True,True,True,1791339668
2026-10-07T02:21:15+00:00,398,11,2,True,True,True,1791339668
2026-10-07T02:21:15+00:00,381,14,0,True,True,True,1791339668
2026-10-07T02:21:15+00:00,464,23,20,True,True,True,1791339668
2026-10-07T02:21:15+00:00,442,12,0,True,True,True,1791339668
2026-10-07T02:21:15+00:00,483,6,15,True,True,True,1791339668
2026-10-07T02:21:15+00:00,458,11,4,True,True,True,1791339668
2026-10-07T02:21:15+00:00,499,12,4,True,True,True,1791339668
2026-10-07T02:21:15+00:00,472,3,19,True,True,True,1791339668
2026-10-07T02:21:15+00:00,506,4,20,True,True,True,1791339668
2026-10-07T02:21:15+00:00,465,6,22,True,True,True,1791339668
2026-10-07T02:21:15+00:00,611,3,33,True,True,True,1791339668
2026-10-07T02:21:15+00:00,404,2,24,True,True,True,1791339668
2026-10-07T02:21:15+00:00,579,2,14,True,True,True,1791339668
2026-10-07T02:21:15+00:00,589,6,21,True,True,True,1791339668
2026-10-07T02:21:15+00:00,434,2,16,True,True,True,1791339668
2026-10-07T02:21:15+00:00,462,2,13,True,True,True,1791339668
2026-10-07T02:21:15+00:00,578,10,14,True,True,True,1791339668
2026-10-07T02:21:15+00:00,415,0,10,True,True,True,1791339668
2026-10-07T02:21:15+00:00,423,17,2,True,True,True,1791339668
2026-10-07T02:21:15+00:00,412,2,2,True,True,True,1791339668
2026-10-07T02:21:15+00:00,387,3,11,True,True,True,1791339668
2026-10-07T02:21:15+00:00,441,0,15,True,True,True,1791339668
2026-10-07T02:21:15+00:00,454,6,16,True,True,True,1791339668
2026-10-07T02:21:15+00:00,436,10,0,True,True,True,1791339668
2026-10-07T02:21:15+00:00,394,6,8,True,True,True,1791339668
2026-10-07T02:21:15+00:00,497,2,25,True,True,True,1791339668
2026-10-07T02:21:15+00:00,581,17,5,True,True,True,1791339668
2026-10-07T02:21:15+00:00,461,8,9,True,True,True,1791339668
2026-10-07T02:21:15+00:00,599,17,28,True,True,True,1791339668
2026-10-07T02:21:15+00:00,428,12,11,True,True,True,1791339668
2026-10-07T02:21:15+00:00,400,7,17,True,True,True,1791339668
2026-10-07T02:21:15+00:00,487,4,16,True,True,True,1791339668
2026-10-07T02:21:15+00:00,438,22,16,True,True,True,1791339668
2026-10-07T02:21:15+00:00,459,1,11,True,True,True,1791339668
2026-10-07T02:21:15+00:00,433,2,16,True,True,True,1791339668
2026-10-07T02:21:15+00:00,399,25,8,True,True,True,1791339668
2026-10-07T02:21:15+00:00,489,6,20,True,True,True,1791339668
2026-10-07T02:21:15+00:00,742,23,3,True,True,True,1791339668
2026-10-07T02:21:15+00:00,551,18,12,True,True,True,1791339668
2026-10-07T02:21:15+00:00,406,2,9,True,True,True,1791339668
2026-10-07T02:21:15+00:00,488,14,7,True,True,True,1791339668
2026-10-07T02:21:15+00:00,540,10,21,True,True,True,1791339668
2026-10-07T02:21:15+00:00,431,11,9,True,True,True,1791339668
2026-10-07T02:21:15+00:00,393,10,9,True,True,True,1791339668
2026-10-07T02:21:15+00:00,420,8,8,True,True,True,1791339668
2026-10-07T02:21:15+00:00,397,2,30,True,True,True,1791339668
2026-10-07T02:21:15+00:00,390,14,16,True,True,True,1791339668
2026-10-07T02:21:15+00:00,449,6,17,True,True,True,1791339668
2026-10-07T02:21:15+00:00,430,6,33,True,True,True,1791339668
2026-10-07T02:21:15+00:00,484,12,20,True,True,True,1791339668
2026-10-07T02:21:15+00:00,479,14,14,True,True,True,1791339668
2026-10-07T02:21:15+00:00,403,12,0,True,True,True,1791339668
2026-10-07T02:21:15+00:00,435,17,13,True,True,True,1791339668
2026-10-07T02:21:15+00:00,426,16,4,True,True,True,1791339668
2026-10-07T02:21:15+00:00,450,4,10,True,True,True,1791339668
2026-10-07T02:21:15+00:00,456,19,13,True,True,True,1791339668
2026-10-07T02:21:15+00:00,468,14,0,True,True,True,1791339668
2026-10-07T02:21:15+00:00,453,3,29,True,True,True,1791339668
2026-10-07T02:21:15+00:00,466,0,15,True,True,True,1791339668
2026-10-07T02:21:15+00:00,469,3,27,True,True,True,1791339668
2026-10-07T02:21:15+00:00,416,1,14,True,True,True,1791339668
2026-10-07T02:21:15+00:00,391,7,5,True,True,True,1791339668
2026-10-07T02:21:15+00:00,389,7,8,True,True,True,1791339668
2026-10-07T02:21:15+00:00,470,2,12,True,True,True,1791339668
2026-10-07T02:21:15+00:00,384,6,10,True,True,True,1791339668
2026-10-07T02:21:15+00:00,425,2,4,True,True,True,1791339668
2026-10-07T02:21:15+00:00,411,3,8,True,True,True,1791339668
2026-10-07T02:21:15+00:00,598,11,20,True,True,True,1791339668
2026-10-07T02:21:15+00:00,444,15,2,True,True,True,1791339668
2026-10-07T02:21:15+00:00,447,12,16,True,True,True,1791339668
2026-10-07T02:21:15+00:00,408,11,2,True,True,True,1791339668
2026-10-07T02:21:15+00:00,737,9,14,True,True,True,1791339668
2026-10-07T02:21:15+00:00,432,10,2,True,True,True,1791339668
2026-10-07T02:21:15+00:00,401,6,0,True,True,True,1791339668
2026-10-07T02:21:15+00:00,452,0,30,True,True,True,1791339668
2026-10-07T02:21:15+00:00,392,5,2,True,True,True,1791339668
2026-10-07T02:21:15+00:00,481,5,37,True,True,True,1791339668
2026-10-07T02:21:15+00:00,495,16,22,True,True,True,1791339668
2026-10-07T02:21:15+00:00,478,7,6,True,True,True,1791339668
2026-10-07T02:21:15+00:00,414,4,7,True,True,True,1791339668
2026-10-07T02:21:15+00:00,476,12,5,True,True,True,1791339668
2026-10-07T02:21:15+00:00,445,9,8,True,True,True,1791339668
2026-10-07T02:21:15+00:00,748,11,15,True,True,True,1791339668
2026-10-07T02:21:15+00:00,473,2,5,True,True,True,1791339668
2026-10-07T02:21:15+00:00,383,12,13,True,True,True,1791339668
2026-10-07T02:21:15+00:00,480,18,4,True,True,True,1791339668
2026-10-07T02:21:15+00:00,421,5,16,True,True,True,1791339668
2026-10-07T02:21:15+00:00,746,9,2,True,True,True,1791339668
2026-10-07T02:21:15+00:00,417,1,13,True,True,True,1791339668
2026-10-07T02:21:15+00:00,427,7,7,True,True,True,1791339668
2026-10-07T02:21:15+00:00,395,1,12,True,True,True,1791339668
2026-10-07T02:21:15+00:00,418,8,19,True,True,True,1791339668
2026-10-07T02:21:15+00:00,413,0,12,True,True,True,1791339668
2026-10-07T02:21:15+00:00,486,3,16,True,True,True,1791339668
2026-10-07T02:21:15+00:00,597,7,6,True,True,True,1791339668
2026-10-07T02:21:15+00:00,422,3,6,True,True,True,1791339668
2026-10-07T02:21:15+00:00,382,7,1,True,True,True,1791339668
2026-10-07T02:21:15+00:00,396,5,14,True,True,True,1791339668
2026-10-07T02:21:15+00:00,735,11,3,True,True,True,1791339668
2026-10-07T02:21:15+00:00,437,5,19,True,True,True,1791339668
2026-10-07T02:21:15+00:00,446,8,11,True,True,True,1791339668
2026-10-07T02:21:15+00:00,424,2,5,True,True,True,1791339668
2026-10-07T02:21:15+00:00,455,10,1,True,True,True,1791339668
2026-10-07T02:21:15+00:00,457,9,1,True,True,True,1791339668
2026-10-07T02:21:15+00:00,377,26,2,True,True,True,1791339668
2026-10-07T02:21:15+00:00,738,10,2,True,True,True,1791339668
2026-10-07T02:21:15+00:00,460,20,7,True,True,True,1791339668
2026-10-07T02:21:15+00:00,744,3,4,True,True,True,1791339668
2026-10-07T02:21:15+00:00,485,19,1,True,True,True,1791339668
2026-10-07T02:36:15+00:00,6026,0,34,True,True,True,1791340572
2026-10-07T02:36:15+00:00,5431,7,13,True,True,True,1791340572
2026-10-07T02:36:15+00:00,5424,1,17,True,True,True,1791340572
2026-10-07T02:36:15+00:00,5220,0,19,True,True,True,1791340572
2026-10-07T02:36:15+00:00,5217,12,18,True,True,True,1791340572
2026-10-07T02:36:15+00:00,5113,12,1,True,True,True,1791340572
2026-10-07T02:36:15+00:00,4683,0,20,True,True,True,1791340572
2026-10-07T02:36:15+00:00,4552,1,17,True,True,True,1791340572
2026-10-07T02:36:15+00:00,3725,1,15,True,True,True,1791340572
2026-10-07T02:36:15+00:00,2358,7,4,True,True,True,1791340572
2026-10-07T02:36:15+00:00,2357,23,0,True,True,True,1791340572
2026-10-07T02:36:15+00:00,2355,0,12,True,True,True,1791340572
2026-10-07T02:36:15+00:00,2351,0,17,True,True,True,1791340572
2026-10-07T02:36:15+00:00,2350,1,21,True,True,True,1791340572
2026-10-07T02:36:15+00:00,2349,6,15,True,True,True,1791340572
2026-10-07T02:36:15+00:00,2347,9,21,True,True,True,1791340572
2026-10-07T02:36:15+00:00,2340,13,9,True,True,True,1791340572
2026-10-07T02:36:15+00:00,2339,8,21,True,True,True,1791340572
2026-10-07T02:36:15+00:00,2337,2,11,True,True,True,1791340572
2026-10-07T02:36:15+00:00,2334,2,9,True,True,True,1791340572
2026-10-07T02:36:15+00:00,2333,11,4,True,True,True,1791340572
2026-10-07T02:36:15+00:00,2332,1,8,True,True,True,1791340572
2026-10-07T02:36:15+00:00,2330,9,4,True,True,True,1791340572
2026-10-07T02:36:15+00:00,2329,10,4,True,True,True,1791340572
2026-10-07T02:36:15+00:00,2328,8,11,True,True,True,1791340572
2026-10-07T02:36:15+00:00,2315,7,8,True,True,True,1791340572
2026-10-07T02:36:15+00:00,2308,3,5,True,True,True,1791340572
2026-10-07T02:36:15+00:00,2307,1,25,True,True,True,1791340572
2026-10-07T02:36:15+00:00,2306,0,18,True,True,True,1791340572
2026-10-07T02:36:15+00:00,2305,8,6,True,True,True,1791340572
2026-10-07T02:36:15+00:00,2304,15,3,True,True,True,1791340572
2026-10-07T02:36:15+00:00,2280,11,4,True,True,True,1791340572
2026-10-07T02:36:15+00:00,2270,0,18,True,True,True,1791340572
2026-10-07T02:36:15+00:00,1919,0,6,True,True,True,1791340572
2026-10-07T02:36:15+00:00,1755,9,24,True,True,True,1791340572
2026-10-07T02:36:15+00:00,1101,14,9,True,True,True,1791340572
2026-10-07T02:36:15+00:00,1023,4,9,True,True,True,1791340572
2026-10-07T02:36:15+00:00,1009,4,6,True,True,True,1791340572
2026-10-07T02:36:15+00:00,970,7,16,True,True,True,1791340572
2026-10-07T02:36:15+00:00,787,2,10,True,True,True,1791340572
2026-10-07T02:36:15+00:00,627,2,28,True,True,True,1791340572
2026-10-07T02:36:15+00:00,623,5,14,True,True,True,1791340572
2026-10-07T02:36:15+00:00,624,8,9,True,True,True,1791340572
2026-10-07T02:36:15+00:00,626,2,20,True,True,True,1791340572
2026-10-07T02:36:15+00:00,614,21,2,True,True,True,1791340572
2026-10-07T02:36:15+00:00,616,11,4,True,True,True,1791340572
2026-10-07T02:36:15+00:00,618,0,40,True,True,True,1791340572
2026-10-07T02:36:15+00:00,621,8,16,True,True,True,1791340572
2026-10-07T02:36:15+00:00,622,5,21,True,True,True,1791340572
2026-10-07T02:36:15+00:00,613,6,10,True,True,True,1791340572
2026-10-07T02:36:15+00:00,620,13,25,True,True,True,1791340572
2026-10-07T02:36:15+00:00,596,6,10,True,True,True,1791340572
2026-10-07T02:36:15+00:00,617,1,3,True,True,True,1791340572
2026-10-07T02:36:15+00:00,609,6,21,True,True,True,1791340572
2026-10-07T02:36:15+00:00,607,15,13,True,True,True,1791340572
2026-10-07T02:36:15+00:00,603,5,13,True,True,True,1791340572
2026-10-07T02:36:15+00:00,590,3,34,True,True,True,1791340572
2026-10-07T02:36:15+00:00,610,8,12,True,True,True,1791340572
2026-10-07T02:36:15+00:00,608,6,15,True,True,True,1791340572
2026-10-07T02:36:15+00:00,593,4,24,True,True,True,1791340572
2026-10-07T02:36:15+00:00,530,4,5,True,True,True,1791340572
2026-10-07T02:36:15+00:00,463,14,2,True,True,True,1791340572
2026-10-07T02:36:15+00:00,475,22,1,True,True,True,1791340572
2026-10-07T02:36:15+00:00,439,0,23,True,True,True,1791340572
2026-10-07T02:36:15+00:00,600,4,6,True,True,True,1791340572
2026-10-07T02:36:15+00:00,440,5,12,True,True,True,1791340572
2026-10-07T02:36:15+00:00,612,1,17,True,True,True,1791340572
2026-10-07T02:36:15+00:00,491,15,3,True,True,True,1791340572
2026-10-07T02:36:15+00:00,493,21,4,True,True,True,1791340572
2026-10-07T02:36:15+00:00,410,6,19,True,True,True,1791340572
2026-10-07T02:36:15+00:00,605,4,14,True,True,True,1791340572
2026-10-07T02:36:15+00:00,388,0,17,True,True,True,1791340572
2026-10-07T02:36:15+00:00,591,3,19,True,True,True,1791340572
2026-10-07T02:36:15+00:00,592,1,17,True,True,True,1791340572
2026-10-07T02:36:15+00:00,585,0,1,False,False,False,1791340572
2026-10-07T02:36:15+00:00,565,5,13,True,True,True,1791340572
2026-10-07T02:36:15+00:00,571,8,11,True,True,True,1791340572
2026-10-07T02:36:15+00:00,568,4,11,True,True,True,1791340572
2026-10-07T02:36:15+00:00,588,1,18,True,True,True,1791340572
2026-10-07T02:36:15+00:00,584,3,30,True,True,True,1791340572
2026-10-07T02:36:15+00:00,569,7,22,True,True,True,1791340572
2026-10-07T02:36:15+00:00,577,23,5,True,True,True,1791340572
2026-10-07T02:36:15+00:00,564,8,21,True,True,True,1791340572
2026-10-07T02:36:15+00:00,570,2,13,True,True,True,1791340572
2026-10-07T02:36:15+00:00,572,9,28,True,True,True,1791340572
2026-10-07T02:36:15+00:00,586,2,23,True,True,True,1791340572
2026-10-07T02:36:15+00:00,576,9,8,True,True,True,1791340572
2026-10-07T02:36:15+00:00,566,2,21,True,True,True,1791340572
2026-10-07T02:36:15+00:00,602,3,15,True,True,True,1791340572
2026-10-07T02:36:15+00:00,575,0,29,True,True,True,1791340572
2026-10-07T02:36:15+00:00,567,3,34,True,True,True,1791340572
2026-10-07T02:36:15+00:00,582,1,24,True,True,True,1791340572
2026-10-07T02:36:15+00:00,595,22,0,True,True,True,1791340572
2026-10-07T02:36:15+00:00,542,10,8,True,True,True,1791340572
2026-10-07T02:36:15+00:00,563,9,7,True,True,True,1791340572
2026-10-07T02:36:15+00:00,558,3,12,True,True,True,1791340572
2026-10-07T02:36:15+00:00,552,8,10,True,True,True,1791340572
2026-10-07T02:36:15+00:00,555,8,5,True,True,True,1791340572
2026-10-07T02:36:15+00:00,573,21,3,True,True,True,1791340572
2026-10-07T02:36:15+00:00,561,12,10,True,True,True,1791340572
2026-10-07T02:36:15+00:00,615,13,8,True,True,True,1791340572
2026-10-07T02:36:15+00:00,543,1,17,True,True,True,1791340572
2026-10-07T02:36:15+00:00,554,0,20,True,True,True,1791340572
2026-10-07T02:36:15+00:00,574,2,9,True,True,True,1791340572
2026-10-07T02:36:15+00:00,560,0,8,True,True,True,1791340572
2026-10-07T02:36:15+00:00,548,1,16,True,True,True,1791340572
2026-10-07T02:36:15+00:00,559,7,10,True,True,True,1791340572
2026-10-07T02:36:15+00:00,545,19,19,True,True,True,1791340572
2026-10-07T02:36:15+00:00,550,0,9,True,True,True,1791340572
2026-10-07T02:36:15+00:00,541,3,6,True,True,True,1791340572
2026-10-07T02:36:15+00:00,527,10,2,True,True,True,1791340572
2026-10-07T02:36:15+00:00,529,14,7,True,True,True,1791340572
2026-10-07T02:36:15+00:00,526,0,13,True,True,True,1791340572
2026-10-07T02:36:15+00:00,537,5,13,True,True,True,1791340572
2026-10-07T02:36:15+00:00,547,3,26,True,True,True,1791340572
2026-10-07T02:36:15+00:00,601,3,16,True,True,True,1791340572
2026-10-07T02:36:15+00:00,533,0,11,True,True,True,1791340572
2026-10-07T02:36:15+00:00,535,4,23,True,True,True,1791340572
2026-10-07T02:36:15+00:00,524,0,19,True,True,True,1791340572
2026-10-07T02:36:15+00:00,519,19,2,True,True,True,1791340572
2026-10-07T02:36:15+00:00,534,12,27,True,True,True,1791340572
2026-10-07T02:36:15+00:00,521,6,6,True,True,True,1791340572
2026-10-07T02:36:15+00:00,518,14,4,True,True,True,1791340572
2026-10-07T02:36:15+00:00,556,4,14,True,True,True,1791340572
2026-10-07T02:36:15+00:00,525,1,11,True,True,True,1791340572
2026-10-07T02:36:15+00:00,517,2,13,True,True,True,1791340572
2026-10-07T02:36:15+00:00,523,19,11,True,True,True,1791340572
2026-10-07T02:36:15+00:00,522,8,1,True,True,True,1791340572
2026-10-07T02:36:15+00:00,594,17,1,True,True,True,1791340572
2026-10-07T02:36:15+00:00,532,0,20,True,True,True,1791340572
2026-10-07T02:36:15+00:00,509,7,5,True,True,True,1791340572
2026-10-07T02:36:15+00:00,531,9,9,True,True,True,1791340572
2026-10-07T02:36:15+00:00,536,0,9,True,True,True,1791340572
2026-10-07T02:36:15+00:00,562,29,8,True,True,True,1791340572
2026-10-07T02:36:15+00:00,511,2,18,True,True,True,1791340572
2026-10-07T02:36:15+00:00,505,5,14,True,True,True,1791340572
2026-10-07T02:36:15+00:00,501,1,17,True,True,True,1791340572
2026-10-07T02:36:15+00:00,514,1,8,True,True,True,1791340572
2026-10-07T02:36:15+00:00,500,0,17,True,True,True,1791340572
2026-10-07T02:36:15+00:00,503,15,14,True,True,True,1791340572
2026-10-07T02:36:15+00:00,513,1,13,True,True,True,1791340572
2026-10-07T02:36:15+00:00,498,0,12,True,True,True,1791340572
2026-10-07T02:36:15+00:00,507,16,0,True,True,True,1791340572
2026-10-07T02:36:15+00:00,512,3,26,True,True,True,1791340572
2026-10-07T02:36:15+00:00,619,0,42,True,True,True,1791340572
2026-10-07T02:36:15+00:00,474,0,42,True,True,True,1791340572
2026-10-07T02:36:15+00:00,580,3,42,True,True,True,1791340572
2026-10-07T02:36:15+00:00,496,4,39,True,True,True,1791340572
2026-10-07T02:36:15+00:00,482,1,16,True,True,True,1791340572
2026-10-07T02:36:15+00:00,407,0,12,True,True,True,1791340572
2026-10-07T02:36:15+00:00,409,15,9,True,True,True,1791340572
2026-10-07T02:36:15+00:00,451,2,16,True,True,True,1791340572
2026-10-07T02:36:15+00:00,402,3,16,True,True,True,1791340572
2026-10-07T02:36:15+00:00,516,6,8,True,True,True,1791340572
2026-10-07T02:36:15+00:00,625,6,34,True,True,True,1791340572
2026-10-07T02:36:15+00:00,429,0,20,True,True,True,1791340572
2026-10-07T02:36:15+00:00,380,0,24,True,True,True,1791340572
2026-10-07T02:36:15+00:00,583,7,11,True,True,True,1791340572
2026-10-07T02:36:15+00:00,398,11,2,True,True,True,1791340572
2026-10-07T02:36:15+00:00,381,14,0,True,True,True,1791340572
2026-10-07T02:36:15+00:00,464,23,20,True,True,True,1791340572
2026-10-07T02:36:15+00:00,442,12,0,True,True,True,1791340572
2026-10-07T02:36:15+00:00,483,6,15,True,True,True,1791340572
2026-10-07T02:36:15+00:00,458,11,4,True,True,True,1791340572
2026-10-07T02:36:15+00:00,499,12,4,True,True,True,1791340572
2026-10-07T02:36:15+00:00,472,3,19,True,True,True,1791340572
2026-10-07T02:36:15+00:00,506,4,20,True,True,True,1791340572
2026-10-07T02:36:15+00:00,465,6,22,True,True,True,1791340572
2026-10-07T02:36:15+00:00,611,3,33,True,True,True,1791340572
2026-10-07T02:36:15+00:00,404,2,24,True,True,True,1791340572
2026-10-07T02:36:15+00:00,579,2,14,True,True,True,1791340572
2026-10-07T02:36:15+00:00,589,6,21,True,True,True,1791340572
2026-10-07T02:36:15+00:00,434,2,16,True,True,True,1791340572
2026-10-07T02:36:15+00:00,462,2,13,True,True,True,1791340572
2026-10-07T02:36:15+00:00,578,10,14,True,True,True,1791340572
2026-10-07T02:36:15+00:00,415,0,10,True,True,True,1791340572
2026-10-07T02:36:15+00:00,423,17,2,True,True,True,1791340572
2026-10-07T02:36:15+00:00,412,2,2,True,True,True,1791340572
2026-10-07T02:36:15+00:00,387,3,11,True,True,True,1791340572
2026-10-07T02:36:15+00:00,441,0,15,True,True,True,1791340572
2026-10-07T02:36:15+00:00,454,6,16,True,True,True,1791340572
2026-10-07T02:36:15+00:00,436,10,0,True,True,True,1791340572
2026-10-07T02:36:15+00:00,394,6,8,True,True,True,1791340572
2026-10-07T02:36:15+00:00,497,2,25,True,True,True,1791340572
2026-10-07T02:36:15+00:00,581,17,5,True,True,True,1791340572
2026-10-07T02:36:15+00:00,461,8,9,True,True,True,1791340572
2026-10-07T02:36:15+00:00,599,17,28,True,True,True,1791340572
2026-10-07T02:36:15+00:00,428,12,11,True,True,True,1791340572
2026-10-07T02:36:15+00:00,400,7,17,True,True,True,1791340572
2026-10-07T02:36:15+00:00,487,4,16,True,True,True,1791340572
2026-10-07T02:36:15+00:00,438,22,16,True,True,True,1791340572
2026-10-07T02:36:15+00:00,459,1,11,True,True,True,1791340572
2026-10-07T02:36:15+00:00,433,2,16,True,True,True,1791340572
2026-10-07T02:36:15+00:00,399,25,8,True,True,True,1791340572
2026-10-07T02:36:15+00:00,489,6,20,True,True,True,1791340572
2026-10-07T02:36:15+00:00,742,23,3,True,True,True,1791340572
2026-10-07T02:36:15+00:00,551,18,12,True,True,True,1791340572
2026-10-07T02:36:15+00:00,406,2,9,True,True,True,1791340572
2026-10-07T02:36:15+00:00,488,14,7,True,True,True,1791340572
2026-10-07T02:36:15+00:00,540,11,21,True,True,True,1791340572
2026-10-07T02:36:15+00:00,431,11,9,True,True,True,1791340572
2026-10-07T02:36:15+00:00,393,10,9,True,True,True,1791340572
2026-10-07T02:36:15+00:00,420,8,8,True,True,True,1791340572
2026-10-07T02:36:15+00:00,397,2,30,True,True,True,1791340572
2026-10-07T02:36:15+00:00,390,14,16,True,True,True,1791340572
2026-10-07T02:36:15+00:00,449,6,17,True,True,True,1791340572
2026-10-07T02:36:15+00:00,430,6,33,True,True,True,1791340572
2026-10-07T02:36:15+00:00,484,12,20,True,True,True,1791340572
2026-10-07T02:36:15+00:00,479,14,14,True,True,True,1791340572
2026-10-07T02:36:15+00:00,403,12,0,True,True,True,1791340572
2026-10-07T02:36:15+00:00,435,17,13,True,True,True,1791340572
2026-10-07T02:36:15+00:00,426,16,4,True,True,True,1791340572
2026-10-07T02:36:15+00:00,450,4,10,True,True,True,1791340572
2026-10-07T02:36:15+00:00,456,19,13,True,True,True,1791340572
2026-10-07T02:36:15+00:00,468,14,0,True,True,True,1791340572
2026-10-07T02:36:15+00:00,453,3,29,True,True,True,1791340572
2026-10-07T02:36:15+00:00,466,0,15,True,True,True,1791340572
2026-10-07T02:36:15+00:00,469,3,27,True,True,True,1791340572
2026-10-07T02:36:15+00:00,416,1,14,True,True,True,1791340572
2026-10-07T02:36:15+00:00,391,7,5,True,True,True,1791340572
2026-10-07T02:36:15+00:00,389,7,8,True,True,True,1791340572
2026-10-07T02:36:15+00:00,470,2,12,True,True,True,1791340572
2026-10-07T02:36:15+00:00,384,6,10,True,True,True,1791340572
2026-10-07T02:36:15+00:00,425,3,4,True,True,True,1791340572
2026-10-07T02:36:15+00:00,411,3,8,True,True,True,1791340572
2026-10-07T02:36:15+00:00,598,11,20,True,True,True,1791340572
2026-10-07T02:36:15+00:00,444,15,2,True,True,True,1791340572
2026-10-07T02:36:15+00:00,447,12,16,True,True,True,1791340572
2026-10-07T02:36:15+00:00,408,11,2,True,True,True,1791340572
2026-10-07T02:36:15+00:00,737,9,14,True,True,True,1791340572
2026-10-07T02:36:15+00:00,432,10,2,True,True,True,1791340572
2026-10-07T02:36:15+00:00,401,6,0,True,True,True,1791340572
2026-10-07T02:36:15+00:00,452,0,30,True,True,True,1791340572
2026-10-07T02:36:15+00:00,392,5,2,True,True,True,1791340572
2026-10-07T02:36:15+00:00,481,5,37,True,True,True,1791340572
2026-10-07T02:36:15+00:00,495,16,22,True,True,True,1791340572
2026-10-07T02:36:15+00:00,478,7,6,True,True,True,1791340572
2026-10-07T02:36:15+00:00,414,4,7,True,True,True,1791340572
2026-10-07T02:36:15+00:00,476,12,5,True,True,True,1791340572
2026-10-07T02:36:15+00:00,445,9,8,True,True,True,1791340572
2026-10-07T02:36:15+00:00,748,11,15,True,True,True,1791340572
2026-10-07T02:36:15+00:00,473,2,5,True,True,True,1791340572
2026-10-07T02:36:15+00:00,383,12,13,True,True,True,1791340572
2026-10-07T02:36:15+00:00,480,18,4,True,True,True,1791340572
2026-10-07T02:36:15+00:00,421,5,16,True,True,True,1791340572
2026-10-07T02:36:15+00:00,746,9,2,True,True,True,1791340572
2026-10-07T02:36:15+00:00,417,1,13,True,True,True,1791340572
2026-10-07T02:36:15+00:00,427,7,7,True,True,True,1791340572
2026-10-07T02:36:15+00:00,395,1,12,True,True,True,1791340572
2026-10-07T02:36:15+00:00,418,8,19,True,True,True,1791340572
2026-10-07T02:36:15+00:00,413,0,12,True,True,True,1791340572
2026-10-07T02:36:15+00:00,486,3,16,True,True,True,1791340572
2026-10-07T02:36:15+00:00,597,7,6,True,True,True,1791340572
2026-10-07T02:36:15+00:00,422,3,6,True,True,True,1791340572
2026-10-07T02:36:15+00:00,382,7,1,True,True,True,1791340572
2026-10-07T02:36:15+00:00,396,5,14,True,True,True,1791340572
2026-10-07T02:36:15+00:00,735,11,3,True,True,True,1791340572
2026-10-07T02:36:15+00:00,437,5,19,True,True,True,1791340572
2026-10-07T02:36:15+00:00,446,8,11,True,True,True,1791340572
2026-10-07T02:36:15+00:00,424,2,5,True,True,True,1791340572
2026-10-07T02:36:15+00:00,455,10,1,True,True,True,1791340572
2026-10-07T02:36:15+00:00,457,9,1,True,True,True,1791340572
2026-10-07T02:36:15+00:00,377,26,2,True,True,True,1791340572
2026-10-07T02:36:15+00:00,738,10,2,True,True,True,1791340572
2026-10-07T02:36:15+00:00,460,20,7,True,True,True,1791340572
2026-10-07T02:36:15+00:00,744,3,4,True,True,True,1791340572
2026-10-07T02:36:15+00:00,485,19,1,True,True,True,1791340572
2026-10-07T02:51:15+00:00,6026,0,34,True,True,True,1791341468
2026-10-07T02:51:15+00:00,5431,7,13,True,True,True,1791341468
2026-10-07T02:51:15+00:00,5424,1,17,True,True,True,1791341468
2026-10-07T02:51:15+00:00,5220,0,19,True,True,True,1791341468
2026-10-07T02:51:15+00:00,5217,12,18,True,True,True,1791341468
2026-10-07T02:51:15+00:00,5113,12,1,True,True,True,1791341468
2026-10-07T02:51:15+00:00,4683,0,20,True,True,True,1791341468
2026-10-07T02:51:15+00:00,4552,1,17,True,True,True,1791341468
2026-10-07T02:51:15+00:00,3725,1,15,True,True,True,1791341468
2026-10-07T02:51:15+00:00,2358,7,4,True,True,True,1791341468
2026-10-07T02:51:15+00:00,2357,23,0,True,True,True,1791341468
2026-10-07T02:51:15+00:00,2355,0,12,True,True,True,1791341468
2026-10-07T02:51:15+00:00,2351,0,17,True,True,True,1791341468
2026-10-07T02:51:15+00:00,2350,1,21,True,True,True,1791341468
2026-10-07T02:51:15+00:00,2349,6,15,True,True,True,1791341468
2026-10-07T02:51:15+00:00,2347,9,21,True,True,True,1791341468
2026-10-07T02:51:15+00:00,2340,13,9,True,True,True,1791341468
2026-10-07T02:51:15+00:00,2339,8,21,True,True,True,1791341468
2026-10-07T02:51:15+00:00,2337,2,11,True,True,True,1791341468
2026-10-07T02:51:15+00:00,2334,2,9,True,True,True,1791341468
2026-10-07T02:51:15+00:00,2333,11,4,True,True,True,1791341468
2026-10-07T02:51:15+00:00,2332,1,8,True,True,True,1791341468
2026-10-07T02:51:15+00:00,2330,9,4,True,True,True,1791341468
2026-10-07T02:51:15+00:00,2329,10,4,True,True,True,1791341468
2026-10-07T02:51:15+00:00,2328,8,11,True,True,True,1791341468
2026-10-07T02:51:15+00:00,2315,7,8,True,True,True,1791341468
2026-10-07T02:51:15+00:00,2308,3,5,True,True,True,1791341468
2026-10-07T02:51:15+00:00,2307,1,25,True,True,True,1791341468
2026-10-07T02:51:15+00:00,2306,0,18,True,True,True,1791341468
2026-10-07T02:51:15+00:00,2305,8,6,True,True,True,1791341468
2026-10-07T02:51:15+00:00,2304,15,3,True,True,True,1791341468
2026-10-07T02:51:15+00:00,2280,11,4,True,True,True,1791341468
2026-10-07T02:51:15+00:00,2270,0,18,True,True,True,1791341468
2026-10-07T02:51:15+00:00,1919,0,6,True,True,True,1791341468
2026-10-07T02:51:15+00:00,1755,9,24,True,True,True,1791341468
2026-10-07T02:51:15+00:00,1101,14,9,True,True,True,1791341468
2026-10-07T02:51:15+00:00,1023,4,9,True,True,True,1791341468
2026-10-07T02:51:15+00:00,1009,4,6,True,True,True,1791341468
2026-10-07T02:51:15+00:00,970,7,16,True,True,True,1791341468
2026-10-07T02:51:15+00:00,787,2,10,True,True,True,1791341468
2026-10-07T02:51:15+00:00,627,2,28,True,True,True,1791341468
2026-10-07T02:51:15+00:00,623,5,14,True,True,True,1791341468
2026-10-07T02:51:15+00:00,624,8,9,True,True,True,1791341468
2026-10-07T02:51:15+00:00,626,2,20,True,True,True,1791341468
2026-10-07T02:51:15+00:00,614,21,2,True,True,True,1791341468
2026-10-07T02:51:15+00:00,616,11,4,True,True,True,1791341468
2026-10-07T02:51:15+00:00,618,0,40,True,True,True,1791341468
2026-10-07T02:51:15+00:00,621,8,16,True,True,True,1791341468
2026-10-07T02:51:15+00:00,622,5,21,True,True,True,1791341468
2026-10-07T02:51:15+00:00,613,6,10,True,True,True,1791341468
2026-10-07T02:51:15+00:00,620,13,25,True,True,True,1791341468
2026-10-07T02:51:15+00:00,596,6,10,True,True,True,1791341468
2026-10-07T02:51:15+00:00,617,1,3,True,True,True,1791341468
2026-10-07T02:51:15+00:00,609,6,21,True,True,True,1791341468
2026-10-07T02:51:15+00:00,607,15,13,True,True,True,1791341468
2026-10-07T02:51:15+00:00,603,5,13,True,True,True,1791341468
2026-10-07T02:51:15+00:00,590,3,34,True,True,True,1791341468
2026-10-07T02:51:15+00:00,610,8,12,True,True,True,1791341468
2026-10-07T02:51:15+00:00,608,6,15,True,True,True,1791341468
2026-10-07T02:51:15+00:00,593,4,24,True,True,True,1791341468
2026-10-07T02:51:15+00:00,530,4,5,True,True,True,1791341468
2026-10-07T02:51:15+00:00,463,14,2,True,True,True,1791341468
2026-10-07T02:51:15+00:00,475,22,1,True,True,True,1791341468
2026-10-07T02:51:15+00:00,439,0,23,True,True,True,1791341468
2026-10-07T02:51:15+00:00,600,4,6,True,True,True,1791341468
2026-10-07T02:51:15+00:00,440,5,12,True,True,True,1791341468
2026-10-07T02:51:15+00:00,612,1,17,True,True,True,1791341468
2026-10-07T02:51:15+00:00,491,15,3,True,True,True,1791341468
2026-10-07T02:51:15+00:00,493,21,4,True,True,True,1791341468
2026-10-07T02:51:15+00:00,410,6,19,True,True,True,1791341468
2026-10-07T02:51:15+00:00,605,4,14,True,True,True,1791341468
2026-10-07T02:51:15+00:00,388,0,17,True,True,True,1791341468
2026-10-07T02:51:15+00:00,591,3,19,True,True,True,1791341468
2026-10-07T02:51:15+00:00,592,1,17,True,True,True,1791341468
2026-10-07T02:51:15+00:00,585,0,1,False,False,False,1791341468
2026-10-07T02:51:15+00:00,565,5,13,True,True,True,1791341468
2026-10-07T02:51:15+00:00,571,8,11,True,True,True,1791341468
2026-10-07T02:51:15+00:00,568,4,11,True,True,True,1791341468
2026-10-07T02:51:15+00:00,588,1,18,True,True,True,1791341468
2026-10-07T02:51:15+00:00,584,3,30,True,True,True,1791341468
2026-10-07T02:51:15+00:00,569,7,22,True,True,True,1791341468
2026-10-07T02:51:15+00:00,577,23,5,True,True,True,1791341468
2026-10-07T02:51:15+00:00,564,8,21,True,True,True,1791341468
2026-10-07T02:51:15+00:00,570,2,13,True,True,True,1791341468
2026-10-07T02:51:15+00:00,572,9,28,True,True,True,1791341468
2026-10-07T02:51:15+00:00,586,2,23,True,True,True,1791341468
2026-10-07T02:51:15+00:00,576,9,8,True,True,True,1791341468
2026-10-07T02:51:15+00:00,566,2,21,True,True,True,1791341468
2026-10-07T02:51:15+00:00,602,3,15,True,True,True,1791341468
2026-10-07T02:51:15+00:00,575,0,29,True,True,True,1791341468
2026-10-07T02:51:15+00:00,567,3,34,True,True,True,1791341468
2026-10-07T02:51:15+00:00,582,1,24,True,True,True,1791341468
2026-10-07T02:51:15+00:00,595,22,0,True,True,True,1791341468
2026-10-07T02:51:15+00:00,542,10,8,True,True,True,1791341468
2026-10-07T02:51:15+00:00,563,9,7,True,True,True,1791341468
2026-10-07T02:51:15+00:00,558,3,12,True,True,True,1791341468
2026-10-07T02:51:15+00:00,552,8,10,True,True,True,1791341468
2026-10-07T02:51:15+00:00,555,8,5,True,True,True,1791341468
2026-10-07T02:51:15+00:00,573,21,3,True,True,True,1791341468
2026-10-07T02:51:15+00:00,561,12,10,True,True,True,1791341468
2026-10-07T02:51:15+00:00,615,13,8,True,True,True,1791341468
2026-10-07T02:51:15+00:00,543,1,17,True,True,True,1791341468
2026-10-07T02:51:15+00:00,554,0,20,True,True,True,1791341468
2026-10-07T02:51:15+00:00,574,2,9,True,True,True,1791341468
2026-10-07T02:51:15+00:00,560,0,8,True,True,True,1791341468
2026-10-07T02:51:15+00:00,548,1,16,True,True,True,1791341468
2026-10-07T02:51:15+00:00,559,7,10,True,True,True,1791341468
2026-10-07T02:51:15+00:00,545,19,19,True,True,True,1791341468
2026-10-07T02:51:15+00:00,550,0,9,True,True,True,1791341468
2026-10-07T02:51:15+00:00,541,3,6,True,True,True,1791341468
2026-10-07T02:51:15+00:00,527,10,2,True,True,True,1791341468
2026-10-07T02:51:15+00:00,529,14,7,True,True,True,1791341468
2026-10-07T02:51:15+00:00,526,0,13,True,True,True,1791341468
2026-10-07T02:51:15+00:00,537,5,13,True,True,True,1791341468
2026-10-07T02:51:15+00:00,547,3,26,True,True,True,1791341468
2026-10-07T02:51:15+00:00,601,3,16,True,True,True,1791341468
2026-10-07T02:51:15+00:00,533,0,11,True,True,True,1791341468
2026-10-07T02:51:15+00:00,535,4,23,True,True,True,1791341468
2026-10-07T02:51:15+00:00,524,0,19,True,True,True,1791341468
2026-10-07T02:51:15+00:00,519,19,2,True,True,True,1791341468
2026-10-07T02:51:15+00:00,534,12,27,True,True,True,1791341468
2026-10-07T02:51:15+00:00,521,6,6,True,True,True,1791341468
2026-10-07T02:51:15+00:00,518,14,4,True,True,True,1791341468
2026-10-07T02:51:15+00:00,556,4,14,True,True,True,1791341468
2026-10-07T02:51:15+00:00,525,1,11,True,True,True,1791341468
2026-10-07T02:51:15+00:00,517,2,13,True,True,True,1791341468
2026-10-07T02:51:15+00:00,523,19,11,True,True,True,1791341468
2026-10-07T02:51:15+00:00,522,8,1,True,True,True,1791341468
2026-10-07T02:51:15+00:00,594,17,1,True,True,True,1791341468
2026-10-07T02:51:15+00:00,532,0,20,True,True,True,1791341468
2026-10-07T02:51:15+00:00,509,7,5,True,True,True,1791341468
2026-10-07T02:51:15+00:00,531,9,9,True,True,True,1791341468
2026-10-07T02:51:15+00:00,536,0,9,True,True,True,1791341468
2026-10-07T02:51:15+00:00,562,29,8,True,True,True,1791341468
2026-10-07T02:51:15+00:00,511,2,18,True,True,True,1791341468
2026-10-07T02:51:15+00:00,505,5,14,True,True,True,1791341468
2026-10-07T02:51:15+00:00,501,1,17,True,True,True,1791341468
2026-10-07T02:51:15+00:00,514,1,8,True,True,True,1791341468
2026-10-07T02:51:15+00:00,500,0,17,True,True,True,1791341468
2026-10-07T02:51:15+00:00,503,15,14,True,True,True,1791341468
2026-10-07T02:51:15+00:00,513,1,13,True,True,True,1791341468
2026-10-07T02:51:15+00:00,498,0,12,True,True,True,1791341468
2026-10-07T02:51:15+00:00,507,16,0,True,True,True,1791341468
2026-10-07T02:51:15+00:00,512,3,26,True,True,True,1791341468
2026-10-07T02:51:15+00:00,619,0,42,True,True,True,1791341468
2026-10-07T02:51:15+00:00,474,0,42,True,True,True,1791341468
2026-10-07T02:51:15+00:00,580,3,42,True,True,True,1791341468
2026-10-07T02:51:15+00:00,496,4,39,True,True,True,1791341468
2026-10-07T02:51:15+00:00,482,1,16,True,True,True,1791341468
2026-10-07T02:51:15+00:00,407,0,12,True,True,True,1791341468
2026-10-07T02:51:15+00:00,409,15,9,True,True,True,1791341468
2026-10-07T02:51:15+00:00,451,2,16,True,True,True,1791341468
2026-10-07T02:51:15+00:00,402,3,16,True,True,True,1791341468
2026-10-07T02:51:15+00:00,516,6,8,True,True,True,1791341468
2026-10-07T02:51:15+00:00,625,6,34,True,True,True,1791341468
2026-10-07T02:51:15+00:00,429,0,20,True,True,True,1791341468
2026-10-07T02:51:15+00:00,380,0,24,True,True,True,1791341468
2026-10-07T02:51:15+00:00,583,7,11,True,True,True,1791341468
2026-10-07T02:51:15+00:00,398,11,2,True,True,True,1791341468
2026-10-07T02:51:15+00:00,381,14,0,True,True,True,1791341468
2026-10-07T02:51:15+00:00,464,23,20,True,True,True,1791341468
2026-10-07T02:51:15+00:00,442,12,0,True,True,True,1791341468
2026-10-07T02:51:15+00:00,483,6,15,True,True,True,1791341468
2026-10-07T02:51:15+00:00,458,11,4,True,True,True,1791341468
2026-10-07T02:51:15+00:00,499,12,4,True,True,True,1791341468
2026-10-07T02:51:15+00:00,472,3,19,True,True,True,1791341468
2026-10-07T02:51:15+00:00,506,4,20,True,True,True,1791341468
2026-10-07T02:51:15+00:00,465,6,22,True,True,True,1791341468
2026-10-07T02:51:15+00:00,611,3,33,True,True,True,1791341468
2026-10-07T02:51:15+00:00,404,2,24,True,True,True,1791341468
2026-10-07T02:51:15+00:00,579,2,14,True,True,True,1791341468
2026-10-07T02:51:15+00:00,589,6,21,True,True,True,1791341468
2026-10-07T02:51:15+00:00,434,2,16,True,True,True,1791341468
2026-10-07T02:51:15+00:00,462,2,13,True,True,True,1791341468
2026-10-07T02:51:15+00:00,578,10,14,True,True,True,1791341468
2026-10-07T02:51:15+00:00,415,0,10,True,True,True,1791341468
2026-10-07T02:51:15+00:00,423,17,2,True,True,True,1791341468
2026-10-07T02:51:15+00:00,412,2,2,True,True,True,1791341468
2026-10-07T02:51:15+00:00,387,3,11,True,True,True,1791341468
2026-10-07T02:51:15+00:00,441,0,15,True,True,True,1791341468
2026-10-07T02:51:15+00:00,454,6,16,True,True,True,1791341468
2026-10-07T02:51:15+00:00,436,10,0,True,True,True,1791341468
2026-10-07T02:51:15+00:00,394,6,8,True,True,True,1791341468
2026-10-07T02:51:15+00:00,497,2,25,True,True,True,1791341468
2026-10-07T02:51:15+00:00,581,17,5,True,True,True,1791341468
2026-10-07T02:51:15+00:00,461,8,9,True,True,True,1791341468
2026-10-07T02:51:15+00:00,599,17,28,True,True,True,1791341468
2026-10-07T02:51:15+00:00,428,12,11,True,True,True,1791341468
2026-10-07T02:51:15+00:00,400,7,17,True,True,True,1791341468
2026-10-07T02:51:15+00:00,487,4,16,True,True,True,1791341468
2026-10-07T02:51:15+00:00,438,22,16,True,True,True,1791341468
2026-10-07T02:51:15+00:00,459,1,11,True,True,True,1791341468
2026-10-07T02:51:15+00:00,433,2,16,True,True,True,1791341468
2026-10-07T02:51:15+00:00,399,25,8,True,True,True,1791341468
2026-10-07T02:51:15+00:00,489,6,20,True,True,True,1791341468
2026-10-07T02:51:15+00:00,742,23,3,True,True,True,1791341468
2026-10-07T02:51:15+00:00,551,18,12,True,True,True,1791341468
2026-10-07T02:51:15+00:00,406,2,9,True,True,True,1791341468
2026-10-07T02:51:15+00:00,488,14,7,True,True,True,1791341468
2026-10-07T02:51:15+00:00,540,11,21,True,True,True,1791341468
2026-10-07T02:51:15+00:00,431,11,9,True,True,True,1791341468
2026-10-07T02:51:15+00:00,393,10,9,True,True,True,1791341468
2026-10-07T02:51:15+00:00,420,8,8,True,True,True,1791341468
2026-10-07T02:51:15+00:00,397,2,30,True,True,True,1791341468
2026-10-07T02:51:15+00:00,390,14,16,True,True,True,1791341468
2026-10-07T02:51:15+00:00,449,6,17,True,True,True,1791341468
2026-10-07T02:51:15+00:00,430,6,33,True,True,True,1791341468
2026-10-07T02:51:15+00:00,484,12,20,True,True,True,1791341468
2026-10-07T02:51:15+00:00,479,14,14,True,True,True,1791341468
2026-10-07T02:51:15+00:00,403,12,0,True,True,True,1791341468
2026-10-07T02:51:15+00:00,435,17,13,True,True,True,1791341468
2026-10-07T02:51:15+00:00,426,16,4,True,True,True,1791341468
2026-10-07T02:51:15+00:00,450,4,10,True,True,True,1791341468
2026-10-07T02:51:15+00:00,456,19,13,True,True,True,1791341468
2026-10-07T02:51:15+00:00,468,14,0,True,True,True,1791341468
2026-10-07T02:51:15+00:00,453,3,29,True,True,True,1791341468
2026-10-07T02:51:15+00:00,466,0,15,True,True,True,1791341468
2026-10-07T02:51:15+00:00,469,3,27,True,True,True,1791341468
2026-10-07T02:51:15+00:00,416,1,14,True,True,True,1791341468
2026-10-07T02:51:15+00:00,391,7,5,True,True,True,1791341468
2026-10-07T02:51:15+00:00,389,7,8,True,True,True,1791341468
2026-10-07T02:51:15+00:00,470,2,12,True,True,True,1791341468
2026-10-07T02:51:15+00:00,384,6,10,True,True,True,1791341468
2026-10-07T02:51:15+00:00,425,3,4,True,True,True,1791341468
2026-10-07T02:51:15+00:00,411,3,8,True,True,True,1791341468
2026-10-07T02:51:15+00:00,598,11,20,True,True,True,1791341468
2026-10-07T02:51:15+00:00,444,15,2,True,True,True,1791341468
2026-10-07T02:51:15+00:00,447,12,16,True,True,True,1791341468
2026-10-07T02:51:15+00:00,408,11,2,True,True,True,1791341468
2026-10-07T02:51:15+00:00,737,9,14,True,True,True,1791341468
2026-10-07T02:51:15+00:00,432,10,2,True,True,True,1791341468
2026-10-07T02:51:15+00:00,401,6,0,True,True,True,1791341468
2026-10-07T02:51:15+00:00,452,0,30,True,True,True,1791341468
2026-10-07T02:51:15+00:00,392,5,2,True,True,True,1791341468
2026-10-07T02:51:15+00:00,481,5,37,True,True,True,1791341468
2026-10-07T02:51:15+00:00,495,16,22,True,True,True,1791341468
2026-10-07T02:51:15+00:00,478,7,6,True,True,True,1791341468
2026-10-07T02:51:15+00:00,414,4,7,True,True,True,1791341468
2026-10-07T02:51:15+00:00,476,12,5,True,True,True,1791341468
2026-10-07T02:51:15+00:00,445,9,8,True,True,True,1791341468
2026-10-07T02:51:15+00:00,748,11,15,True,True,True,1791341468
2026-10-07T02:51:15+00:00,473,2,5,True,True,True,1791341468
2026-10-07T02:51:15+00:00,383,12,13,True,True,True,1791341468
2026-10-07T02:51:15+00:00,480,18,4,True,True,True,1791341468
2026-10-07T02:51:15+00:00,421,5,16,True,True,True,1791341468
2026-10-07T02:51:15+00:00,746,9,2,True,True,True,1791341468
2026-10-07T02:51:15+00:00,417,1,13,True,True,True,1791341468
2026-10-07T02:51:15+00:00,427,7,7,True,True,True,1791341468
2026-10-07T02:51:15+00:00,395,1,12,True,True,True,1791341468
2026-10-07T02:51:15+00:00,418,8,19,True,True,True,1791341468
2026-10-07T02:51:15+00:00,413,0,12,True,True,True,1791341468
2026-10-07T02:51:15+00:00,486,3,16,True,True,True,1791341468
2026-10-07T02:51:15+00:00,597,7,6,True,True,True,1791341468
2026-10-07T02:51:15+00:00,422,3,6,True,True,True,1791341468
2026-10-07T02:51:15+00:00,382,7,1,True,True,True,1791341468
2026-10-07T02:51:15+00:00,396,5,14,True,True,True,1791341468
2026-10-07T02:51:15+00:00,735,11,3,True,True,True,1791341468
2026-10-07T02:51:15+00:00,437,5,19,True,True,True,1791341468
2026-10-07T02:51:15+00:00,446,8,11,True,True,True,1791341468
2026-10-07T02:51:15+00:00,424,2,5,True,True,True,1791341468
2026-10-07T02:51:15+00:00,455,10,1,True,True,True,1791341468
2026-10-07T02:51:15+00:00,457,9,1,True,True,True,1791341468
2026-10-07T02:51:15+00:00,377,26,2,True,True,True,1791341468
2026-10-07T02:51:15+00:00,738,10,2,True,True,True,1791341468
2026-10-07T02:51:15+00:00,460,20,7,True,True,True,1791341468
2026-10-07T02:51:15+00:00,744,3,4,True,True,True,1791341468
2026-10-07T02:51:15+00:00,485,19,1,True,True,True,1791341468
2026-10-07T03:06:15+00:00,6026,0,34,True,True,True,1791342363
2026-10-07T03:06:15+00:00,5431,7,13,True,True,True,1791342363
2026-10-07T03:06:15+00:00,5424,1,17,True,True,True,1791342363
2026-10-07T03:06:15+00:00,5220,0,19,True,True,True,1791342363
2026-10-07T03:06:15+00:00,5217,12,18,True,True,True,1791342363
2026-10-07T03:06:15+00:00,5113,12,1,True,True,True,1791342363
2026-10-07T03:06:15+00:00,4683,0,20,True,True,True,1791342363
2026-10-07T03:06:15+00:00,4552,1,17,True,True,True,1791342363
2026-10-07T03:06:15+00:00,3725,1,15,True,True,True,1791342363
2026-10-07T03:06:15+00:00,2358,7,4,True,True,True,1791342363
2026-10-07T03:06:15+00:00,2357,23,0,True,True,True,1791342363
2026-10-07T03:06:15+00:00,2355,0,12,True,True,True,1791342363
2026-10-07T03:06:15+00:00,2351,0,17,True,True,True,1791342363
2026-10-07T03:06:15+00:00,2350,1,21,True,True,True,1791342363
2026-10-07T03:06:15+00:00,2349,6,15,True,True,True,1791342363
2026-10-07T03:06:15+00:00,2347,9,21,True,True,True,1791342363
2026-10-07T03:06:15+00:00,2340,13,9,True,True,True,1791342363
2026-10-07T03:06:15+00:00,2339,8,21,True,True,True,1791342363
2026-10-07T03:06:15+00:00,2337,2,11,True,True,True,1791342363
2026-10-07T03:06:15+00:00,2334,2,9,True,True,True,1791342363
2026-10-07T03:06:15+00:00,2333,11,4,True,True,True,1791342363
2026-10-07T03:06:15+00:00,2332,1,8,True,True,True,1791342363
2026-10-07T03:06:15+00:00,2330,9,4,True,True,True,1791342363
2026-10-07T03:06:15+00:00,2329,10,4,True,True,True,1791342363
2026-10-07T03:06:15+00:00,2328,8,11,True,True,True,1791342363
2026-10-07T03:06:15+00:00,2315,7,8,True,True,True,1791342363
2026-10-07T03:06:15+00:00,2308,3,5,True,True,True,1791342363
2026-10-07T03:06:15+00:00,2307,1,25,True,True,True,1791342363
2026-10-07T03:06:15+00:00,2306,0,18,True,True,True,1791342363
2026-10-07T03:06:15+00:00,2305,8,6,True,True,True,1791342363
2026-10-07T03:06:15+00:00,2304,15,3,True,True,True,1791342363
2026-10-07T03:06:15+00:00,2280,11,4,True,True,True,1791342363
2026-10-07T03:06:15+00:00,2270,0,18,True,True,True,1791342363
2026-10-07T03:06:15+00:00,1919,0,6,True,True,True,1791342363
2026-10-07T03:06:15+00:00,1755,9,24,True,True,True,1791342363
2026-10-07T03:06:15+00:00,1101,14,9,True,True,True,1791342363
2026-10-07T03:06:15+00:00,1023,4,9,True,True,True,1791342363
2026-10-07T03:06:15+00:00,1009,4,6,True,True,True,1791342363
2026-10-07T03:06:15+00:00,970,7,16,True,True,True,1791342363
2026-10-07T03:06:15+00:00,787,2,10,True,True,True,1791342363
2026-10-07T03:06:15+00:00,627,2,28,True,True,True,1791342363
2026-10-07T03:06:15+00:00,623,5,14,True,True,True,1791342363
2026-10-07T03:06:15+00:00,624,7,10,True,True,True,1791342363
2026-10-07T03:06:15+00:00,626,2,20,True,True,True,1791342363
2026-10-07T03:06:15+00:00,614,21,2,True,True,True,1791342363
2026-10-07T03:06:15+00:00,616,11,4,True,True,True,1791342363
2026-10-07T03:06:15+00:00,618,0,40,True,True,True,1791342363
2026-10-07T03:06:15+00:00,621,8,16,True,True,True,1791342363
2026-10-07T03:06:15+00:00,622,5,21,True,True,True,1791342363
2026-10-07T03:06:15+00:00,613,6,10,True,True,True,1791342363
2026-10-07T03:06:15+00:00,620,13,25,True,True,True,1791342363
2026-10-07T03:06:15+00:00,596,6,10,True,True,True,1791342363
2026-10-07T03:06:15+00:00,617,1,3,True,True,True,1791342363
2026-10-07T03:06:15+00:00,609,6,21,True,True,True,1791342363
2026-10-07T03:06:15+00:00,607,15,13,True,True,True,1791342363
2026-10-07T03:06:15+00:00,603,5,13,True,True,True,1791342363
2026-10-07T03:06:15+00:00,590,3,34,True,True,True,1791342363
2026-10-07T03:06:15+00:00,610,8,12,True,True,True,1791342363
2026-10-07T03:06:15+00:00,608,6,15,True,True,True,1791342363
2026-10-07T03:06:15+00:00,593,4,24,True,True,True,1791342363
2026-10-07T03:06:15+00:00,530,4,5,True,True,True,1791342363
2026-10-07T03:06:15+00:00,463,14,2,True,True,True,1791342363
2026-10-07T03:06:15+00:00,475,22,1,True,True,True,1791342363
2026-10-07T03:06:15+00:00,439,0,23,True,True,True,1791342363
2026-10-07T03:06:15+00:00,600,4,6,True,True,True,1791342363
2026-10-07T03:06:15+00:00,440,5,12,True,True,True,1791342363
2026-10-07T03:06:15+00:00,612,1,17,True,True,True,1791342363
2026-10-07T03:06:15+00:00,491,15,3,True,True,True,1791342363
2026-10-07T03:06:15+00:00,493,21,4,True,True,True,1791342363
2026-10-07T03:06:15+00:00,410,6,19,True,True,True,1791342363
2026-10-07T03:06:15+00:00,605,4,14,True,True,True,1791342363
2026-10-07T03:06:15+00:00,388,0,17,True,True,True,1791342363
2026-10-07T03:06:15+00:00,591,3,19,True,True,True,1791342363
2026-10-07T03:06:15+00:00,592,1,17,True,True,True,1791342363
2026-10-07T03:06:15+00:00,585,0,1,False,False,False,1791342363
2026-10-07T03:06:15+00:00,565,5,13,True,True,True,1791342363
2026-10-07T03:06:15+00:00,571,8,11,True,True,True,1791342363
2026-10-07T03:06:15+00:00,568,4,11,True,True,True,1791342363
2026-10-07T03:06:15+00:00,588,2,17,True,True,True,1791342363
2026-10-07T03:06:15+00:00,584,3,30,True,True,True,1791342363
2026-10-07T03:06:15+00:00,569,7,22,True,True,True,1791342363
2026-10-07T03:06:15+00:00,577,23,5,True,True,True,1791342363
2026-10-07T03:06:15+00:00,564,8,21,True,True,True,1791342363
2026-10-07T03:06:15+00:00,570,2,13,True,True,True,1791342363
2026-10-07T03:06:15+00:00,572,9,28,True,True,True,1791342363
2026-10-07T03:06:15+00:00,586,2,23,True,True,True,1791342363
2026-10-07T03:06:15+00:00,576,9,8,True,True,True,1791342363
2026-10-07T03:06:15+00:00,566,2,21,True,True,True,1791342363
2026-10-07T03:06:15+00:00,602,3,15,True,True,True,1791342363
2026-10-07T03:06:15+00:00,575,0,29,True,True,True,1791342363
2026-10-07T03:06:15+00:00,567,3,34,True,True,True,1791342363
2026-10-07T03:06:15+00:00,582,1,24,True,True,True,1791342363
2026-10-07T03:06:15+00:00,595,22,0,True,True,True,1791342363
2026-10-07T03:06:15+00:00,542,10,8,True,True,True,1791342363
2026-10-07T03:06:15+00:00,563,9,7,True,True,True,1791342363
2026-10-07T03:06:15+00:00,558,3,12,True,True,True,1791342363
2026-10-07T03:06:15+00:00,552,8,10,True,True,True,1791342363
2026-10-07T03:06:15+00:00,555,8,5,True,True,True,1791342363
2026-10-07T03:06:15+00:00,573,21,3,True,True,True,1791342363
2026-10-07T03:06:15+00:00,561,12,10,True,True,True,1791342363
2026-10-07T03:06:15+00:00,615,13,8,True,True,True,1791342363
2026-10-07T03:06:15+00:00,543,1,17,True,True,True,1791342363
2026-10-07T03:06:15+00:00,554,0,20,True,True,True,1791342363
2026-10-07T03:06:15+00:00,574,2,9,True,True,True,1791342363
2026-10-07T03:06:15+00:00,560,0,8,True,True,True,1791342363
2026-10-07T03:06:15+00:00,548,1,16,True,True,True,1791342363
2026-10-07T03:06:15+00:00,559,7,10,True,True,True,1791342363
2026-10-07T03:06:15+00:00,545,19,19,True,True,True,1791342363
2026-10-07T03:06:15+00:00,550,0,9,True,True,True,1791342363
2026-10-07T03:06:15+00:00,541,3,6,True,True,True,1791342363
2026-10-07T03:06:15+00:00,527,10,2,True,True,True,1791342363
2026-10-07T03:06:15+00:00,529,14,7,True,True,True,1791342363
2026-10-07T03:06:15+00:00,526,0,13,True,True,True,1791342363
2026-10-07T03:06:15+00:00,537,5,13,True,True,True,1791342363
2026-10-07T03:06:15+00:00,547,3,26,True,True,True,1791342363
2026-10-07T03:06:15+00:00,601,3,16,True,True,True,1791342363
2026-10-07T03:06:15+00:00,533,0,11,True,True,True,1791342363
2026-10-07T03:06:15+00:00,535,4,23,True,True,True,1791342363
2026-10-07T03:06:15+00:00,524,0,19,True,True,True,1791342363
2026-10-07T03:06:15+00:00,519,19,2,True,True,True,1791342363
2026-10-07T03:06:15+00:00,534,12,27,True,True,True,1791342363
2026-10-07T03:06:15+00:00,521,6,6,True,True,True,1791342363
2026-10-07T03:06:15+00:00,518,14,4,True,True,True,1791342363
2026-10-07T03:06:15+00:00,556,4,14,True,True,True,1791342363
2026-10-07T03:06:15+00:00,525,1,11,True,True,True,1791342363
2026-10-07T03:06:15+00:00,517,2,13,True,True,True,1791342363
2026-10-07T03:06:15+00:00,523,19,11,True,True,True,1791342363
2026-10-07T03:06:15+00:00,522,8,1,True,True,True,1791342363
2026-10-07T03:06:15+00:00,594,17,1,True,True,True,1791342363
2026-10-07T03:06:15+00:00,532,0,20,True,True,True,1791342363
2026-10-07T03:06:15+00:00,509,7,5,True,True,True,1791342363
2026-10-07T03:06:15+00:00,531,9,9,True,True,True,1791342363
2026-10-07T03:06:15+00:00,536,0,9,True,True,True,1791342363
2026-10-07T03:06:15+00:00,562,29,8,True,True,True,1791342363
2026-10-07T03:06:15+00:00,511,2,18,True,True,True,1791342363
2026-10-07T03:06:15+00:00,505,5,14,True,True,True,1791342363
2026-10-07T03:06:15+00:00,501,1,17,True,True,True,1791342363
2026-10-07T03:06:15+00:00,514,1,8,True,True,True,1791342363
2026-10-07T03:06:15+00:00,500,0,17,True,True,True,1791342363
2026-10-07T03:06:15+00:00,503,15,14,True,True,True,1791342363
2026-10-07T03:06:15+00:00,513,1,13,True,True,True,1791342363
2026-10-07T03:06:15+00:00,498,0,12,True,True,True,1791342363
2026-10-07T03:06:15+00:00,507,16,0,True,True,True,1791342363
2026-10-07T03:06:15+00:00,512,3,26,True,True,True,1791342363
2026-10-07T03:06:15+00:00,619,0,42,True,True,True,1791342363
2026-10-07T03:06:15+00:00,474,0,42,True,True,True,1791342363
2026-10-07T03:06:15+00:00,580,3,42,True,True,True,1791342363
2026-10-07T03:06:15+00:00,496,4,39,True,True,True,1791342363
2026-10-07T03:06:15+00:00,482,1,16,True,True,True,1791342363
2026-10-07T03:06:15+00:00,407,0,12,True,True,True,1791342363
2026-10-07T03:06:15+00:00,409,15,9,True,True,True,1791342363
2026-10-07T03:06:15+00:00,451,2,16,True,True,True,1791342363
2026-10-07T03:06:15+00:00,402,3,16,True,True,True,1791342363
2026-10-07T03:06:15+00:00,516,6,8,True,True,True,1791342363
2026-10-07T03:06:15+00:00,625,6,34,True,True,True,1791342363
2026-10-07T03:06:15+00:00,429,0,20,True,True,True,1791342363
2026-10-07T03:06:15+00:00,380,0,24,True,True,True,1791342363
2026-10-07T03:06:15+00:00,583,7,11,True,True,True,1791342363
2026-10-07T03:06:15+00:00,398,11,2,True,True,True,1791342363
2026-10-07T03:06:15+00:00,381,14,0,True,True,True,1791342363
2026-10-07T03:06:15+00:00,464,23,20,True,True,True,1791342363
2026-10-07T03:06:15+00:00,442,12,0,True,True,True,1791342363
2026-10-07T03:06:15+00:00,483,6,15,True,True,True,1791342363
2026-10-07T03:06:15+00:00,458,11,4,True,True,True,1791342363
2026-10-07T03:06:15+00:00,499,12,4,True,True,True,1791342363
2026-10-07T03:06:15+00:00,472,3,19,True,True,True,1791342363
2026-10-07T03:06:15+00:00,506,4,20,True,True,True,1791342363
2026-10-07T03:06:15+00:00,465,6,22,True,True,True,1791342363
2026-10-07T03:06:15+00:00,611,3,33,True,True,True,1791342363
2026-10-07T03:06:15+00:00,404,2,24,True,True,True,1791342363
2026-10-07T03:06:15+00:00,579,2,14,True,True,True,1791342363
2026-10-07T03:06:15+00:00,589,6,21,True,True,True,1791342363
2026-10-07T03:06:15+00:00,434,2,16,True,True,True,1791342363
2026-10-07T03:06:15+00:00,462,2,13,True,True,True,1791342363
2026-10-07T03:06:15+00:00,578,10,14,True,True,True,1791342363
2026-10-07T03:06:15+00:00,415,0,10,True,True,True,1791342363
2026-10-07T03:06:15+00:00,423,17,2,True,True,True,1791342363
2026-10-07T03:06:15+00:00,412,2,2,True,True,True,1791342363
2026-10-07T03:06:15+00:00,387,3,11,True,True,True,1791342363
2026-10-07T03:06:15+00:00,441,0,15,True,True,True,1791342363
2026-10-07T03:06:15+00:00,454,6,16,True,True,True,1791342363
2026-10-07T03:06:15+00:00,436,10,0,True,True,True,1791342363
2026-10-07T03:06:15+00:00,394,6,8,True,True,True,1791342363
2026-10-07T03:06:15+00:00,497,2,25,True,True,True,1791342363
2026-10-07T03:06:15+00:00,581,17,5,True,True,True,1791342363
2026-10-07T03:06:15+00:00,461,8,9,True,True,True,1791342363
2026-10-07T03:06:15+00:00,599,17,28,True,True,True,1791342363
2026-10-07T03:06:15+00:00,428,12,11,True,True,True,1791342363
2026-10-07T03:06:15+00:00,400,7,17,True,True,True,1791342363
2026-10-07T03:06:15+00:00,487,4,16,True,True,True,1791342363
2026-10-07T03:06:15+00:00,438,22,16,True,True,True,1791342363
2026-10-07T03:06:15+00:00,459,1,11,True,True,True,1791342363
2026-10-07T03:06:15+00:00,433,2,16,True,True,True,1791342363
2026-10-07T03:06:15+00:00,399,25,8,True,True,True,1791342363
2026-10-07T03:06:15+00:00,489,6,20,True,True,True,1791342363
2026-10-07T03:06:15+00:00,742,23,3,True,True,True,1791342363
2026-10-07T03:06:15+00:00,551,18,12,True,True,True,1791342363
2026-10-07T03:06:15+00:00,406,2,9,True,True,True,1791342363
2026-10-07T03:06:15+00:00,488,14,7,True,True,True,1791342363
2026-10-07T03:06:15+00:00,540,11,21,True,True,True,1791342363
2026-10-07T03:06:15+00:00,431,11,9,True,True,True,1791342363
2026-10-07T03:06:15+00:00,393,10,9,True,True,True,1791342363
2026-10-07T03:06:15+00:00,420,8,8,True,True,True,1791342363
2026-10-07T03:06:15+00:00,397,2,30,True,True,True,1791342363
2026-10-07T03:06:15+00:00,390,14,16,True,True,True,1791342363
2026-10-07T03:06:15+00:00,449,6,17,True,True,True,1791342363
2026-10-07T03:06:15+00:00,430,6,33,True,True,True,1791342363
2026-10-07T03:06:15+00:00,484,12,20,True,True,True,1791342363
2026-10-07T03:06:15+00:00,479,14,14,True,True,True,1791342363
2026-10-07T03:06:15+00:00,403,12,0,True,True,True,1791342363
2026-10-07T03:06:15+00:00,435,17,13,True,True,True,1791342363
2026-10-07T03:06:15+00:00,426,16,4,True,True,True,1791342363
2026-10-07T03:06:15+00:00,450,4,10,True,True,True,1791342363
2026-10-07T03:06:15+00:00,456,19,13,True,True,True,1791342363
2026-10-07T03:06:15+00:00,468,14,0,True,True,True,1791342363
2026-10-07T03:06:15+00:00,453,3,29,True,True,True,1791342363
2026-10-07T03:06:15+00:00,466,0,15,True,True,True,1791342363
2026-10-07T03:06:15+00:00,469,3,27,True,True,True,1791342363
2026-10-07T03:06:15+00:00,416,1,14,True,True,True,1791342363
2026-10-07T03:06:15+00:00,391,7,5,True,True,True,1791342363
2026-10-07T03:06:15+00:00,389,7,8,True,True,True,1791342363
2026-10-07T03:06:15+00:00,470,2,12,True,True,True,1791342363
2026-10-07T03:06:15+00:00,384,6,10,True,True,True,1791342363
2026-10-07T03:06:15+00:00,425,3,4,True,True,True,1791342363
2026-10-07T03:06:15+00:00,411,3,8,True,True,True,1791342363
2026-10-07T03:06:15+00:00,598,11,20,True,True,True,1791342363
2026-10-07T03:06:15+00:00,444,15,2,True,True,True,1791342363
2026-10-07T03:06:15+00:00,447,12,16,True,True,True,1791342363
2026-10-07T03:06:15+00:00,408,11,2,True,True,True,1791342363
2026-10-07T03:06:15+00:00,737,9,14,True,True,True,1791342363
2026-10-07T03:06:15+00:00,432,10,2,True,True,True,1791342363
2026-10-07T03:06:15+00:00,401,6,0,True,True,True,1791342363
2026-10-07T03:06:15+00:00,452,0,30,True,True,True,1791342363
2026-10-07T03:06:15+00:00,392,5,2,True,True,True,1791342363
2026-10-07T03:06:15+00:00,481,5,37,True,True,True,1791342363
2026-10-07T03:06:15+00:00,495,16,22,True,True,True,1791342363
2026-10-07T03:06:15+00:00,478,7,6,True,True,True,1791342363
2026-10-07T03:06:15+00:00,414,4,7,True,True,True,1791342363
2026-10-07T03:06:15+00:00,476,12,5,True,True,True,1791342363
2026-10-07T03:06:15+00:00,445,9,8,True,True,True,1791342363
2026-10-07T03:06:15+00:00,748,10,16,True,True,True,1791342363
2026-10-07T03:06:15+00:00,473,2,5,True,True,True,1791342363
2026-10-07T03:06:15+00:00,383,12,13,True,True,True,1791342363
2026-10-07T03:06:15+00:00,480,18,4,True,True,True,1791342363
2026-10-07T03:06:15+00:00,421,5,16,True,True,True,1791342363
2026-10-07T03:06:15+00:00,746,9,2,True,True,True,1791342363
2026-10-07T03:06:15+00:00,417,1,13,True,True,True,1791342363
2026-10-07T03:06:15+00:00,427,7,7,True,True,True,1791342363
2026-10-07T03:06:15+00:00,395,1,12,True,True,True,1791342363
2026-10-07T03:06:15+00:00,418,8,19,True,True,True,1791342363
2026-10-07T03:06:15+00:00,413,0,12,True,True,True,1791342363
2026-10-07T03:06:15+00:00,486,3,16,True,True,True,1791342363
2026-10-07T03:06:15+00:00,597,6,7,True,True,True,1791342363
2026-10-07T03:06:15+00:00,422,3,6,True,True,True,1791342363
2026-10-07T03:06:15+00:00,382,7,1,True,True,True,1791342363
2026-10-07T03:06:15+00:00,396,5,14,True,True,True,1791342363
2026-10-07T03:06:15+00:00,735,11,3,True,True,True,1791342363
2026-10-07T03:06:15+00:00,437,5,19,True,True,True,1791342363
2026-10-07T03:06:15+00:00,446,8,11,True,True,True,1791342363
2026-10-07T03:06:15+00:00,424,2,5,True,True,True,1791342363
2026-10-07T03:06:15+00:00,455,10,1,True,True,True,1791342363
2026-10-07T03:06:15+00:00,457,9,1,True,True,True,1791342363
2026-10-07T03:06:15+00:00,377,26,2,True,True,True,1791342363
2026-10-07T03:06:15+00:00,738,10,2,True,True,True,1791342363
2026-10-07T03:06:15+00:00,460,20,7,True,True,True,1791342363
2026-10-07T03:06:15+00:00,744,3,4,True,True,True,1791342363
2026-10-07T03:06:15+00:00,485,19,1,True,True,True,1791342363
2026-10-07T03:21:15+00:00,6026,0,34,True,True,True,1791343261
2026-10-07T03:21:15+00:00,5431,7,13,True,True,True,1791343261
2026-10-07T03:21:15+00:00,5424,1,17,True,True,True,1791343261
2026-10-07T03:21:15+00:00,5220,0,19,True,True,True,1791343261
2026-10-07T03:21:15+00:00,5217,12,18,True,True,True,1791343261
2026-10-07T03:21:15+00:00,5113,12,1,True,True,True,1791343261
2026-10-07T03:21:15+00:00,4683,0,20,True,True,True,1791343261
2026-10-07T03:21:15+00:00,4552,1,17,True,True,True,1791343261
2026-10-07T03:21:15+00:00,3725,1,15,True,True,True,1791343261
2026-10-07T03:21:15+00:00,2358,7,4,True,True,True,1791343261
2026-10-07T03:21:15+00:00,2357,23,0,True,True,True,1791343261
2026-10-07T03:21:15+00:00,2355,0,12,True,True,True,1791343261
2026-10-07T03:21:15+00:00,2351,0,17,True,True,True,1791343261
2026-10-07T03:21:15+00:00,2350,1,21,True,True,True,1791343261
2026-10-07T03:21:15+00:00,2349,6,15,True,True,True,1791343261
2026-10-07T03:21:15+00:00,2347,9,21,True,True,True,1791343261
2026-10-07T03:21:15+00:00,2340,13,9,True,True,True,1791343261
2026-10-07T03:21:15+00:00,2339,8,21,True,True,True,1791343261
2026-10-07T03:21:15+00:00,2337,2,11,True,True,True,1791343261
2026-10-07T03:21:15+00:00,2334,2,9,True,True,True,1791343261
2026-10-07T03:21:15+00:00,2333,11,4,True,True,True,1791343261
2026-10-07T03:21:15+00:00,2332,1,8,True,True,True,1791343261
2026-10-07T03:21:15+00:00,2330,9,4,True,True,True,1791343261
2026-10-07T03:21:15+00:00,2329,10,4,True,True,True,1791343261
2026-10-07T03:21:15+00:00,2328,8,11,True,True,True,1791343261
2026-10-07T03:21:15+00:00,2315,7,8,True,True,True,1791343261
2026-10-07T03:21:15+00:00,2308,3,5,True,True,True,1791343261
2026-10-07T03:21:15+00:00,2307,1,25,True,True,True,1791343261
2026-10-07T03:21:15+00:00,2306,0,18,True,True,True,1791343261
2026-10-07T03:21:15+00:00,2305,8,6,True,True,True,1791343261
2026-10-07T03:21:15+00:00,2304,15,3,True,True,True,1791343261
2026-10-07T03:21:15+00:00,2280,11,4,True,True,True,1791343261
2026-10-07T03:21:15+00:00,2270,0,18,True,True,True,1791343261
2026-10-07T03:21:15+00:00,1919,0,6,True,True,True,1791343261
2026-10-07T03:21:15+00:00,1755,9,24,True,True,True,1791343261
2026-10-07T03:21:15+00:00,1101,14,9,True,True,True,1791343261
2026-10-07T03:21:15+00:00,1023,4,9,True,True,True,1791343261
2026-10-07T03:21:15+00:00,1009,4,6,True,True,True,1791343261
2026-10-07T03:21:15+00:00,970,7,16,True,True,True,1791343261
2026-10-07T03:21:15+00:00,787,2,10,True,True,True,1791343261
2026-10-07T03:21:15+00:00,627,2,28,True,True,True,1791343261
2026-10-07T03:21:15+00:00,623,5,14,True,True,True,1791343261
2026-10-07T03:21:15+00:00,624,7,10,True,True,True,1791343261
2026-10-07T03:21:15+00:00,626,2,20,True,True,True,1791343261
2026-10-07T03:21:15+00:00,614,21,2,True,True,True,1791343261
2026-10-07T03:21:15+00:00,616,11,4,True,True,True,1791343261
2026-10-07T03:21:15+00:00,618,0,40,True,True,True,1791343261
2026-10-07T03:21:15+00:00,621,8,16,True,True,True,1791343261
2026-10-07T03:21:15+00:00,622,5,21,True,True,True,1791343261
2026-10-07T03:21:15+00:00,613,6,10,True,True,True,1791343261
2026-10-07T03:21:15+00:00,620,13,25,True,True,True,1791343261
2026-10-07T03:21:15+00:00,596,6,10,True,True,True,1791343261
2026-10-07T03:21:15+00:00,617,1,3,True,True,True,1791343261
2026-10-07T03:21:15+00:00,609,6,21,True,True,True,1791343261
2026-10-07T03:21:15+00:00,607,15,13,True,True,True,1791343261
2026-10-07T03:21:15+00:00,603,5,13,True,True,True,1791343261
2026-10-07T03:21:15+00:00,590,3,34,True,True,True,1791343261
2026-10-07T03:21:15+00:00,610,8,12,True,True,True,1791343261
2026-10-07T03:21:15+00:00,608,6,15,True,True,True,1791343261
2026-10-07T03:21:15+00:00,593,4,24,True,True,True,1791343261
2026-10-07T03:21:15+00:00,530,4,5,True,True,True,1791343261
2026-10-07T03:21:15+00:00,463,14,2,True,True,True,1791343261
2026-10-07T03:21:15+00:00,475,22,1,True,True,True,1791343261
2026-10-07T03:21:15+00:00,439,0,23,True,True,True,1791343261
2026-10-07T03:21:15+00:00,600,4,6,True,True,True,1791343261
2026-10-07T03:21:15+00:00,440,5,12,True,True,True,1791343261
2026-10-07T03:21:15+00:00,612,1,17,True,True,True,1791343261
2026-10-07T03:21:15+00:00,491,15,3,True,True,True,1791343261
2026-10-07T03:21:15+00:00,493,21,4,True,True,True,1791343261
2026-10-07T03:21:15+00:00,410,6,19,True,True,True,1791343261
2026-10-07T03:21:15+00:00,605,4,14,True,True,True,1791343261
2026-10-07T03:21:15+00:00,388,0,17,True,True,True,1791343261
2026-10-07T03:21:15+00:00,591,3,19,True,True,True,1791343261
2026-10-07T03:21:15+00:00,592,1,17,True,True,True,1791343261
2026-10-07T03:21:15+00:00,585,0,1,False,False,False,1791343261
2026-10-07T03:21:15+00:00,565,5,13,True,True,True,1791343261
2026-10-07T03:21:15+00:00,571,8,11,True,True,True,1791343261
2026-10-07T03:21:15+00:00,568,4,11,True,True,True,1791343261
2026-10-07T03:21:15+00:00,588,2,17,True,True,True,1791343261
2026-10-07T03:21:15+00:00,584,3,30,True,True,True,1791343261
2026-10-07T03:21:15+00:00,569,7,22,True,True,True,1791343261
2026-10-07T03:21:15+00:00,577,23,5,True,True,True,1791343261
2026-10-07T03:21:15+00:00,564,8,21,True,True,True,1791343261
2026-10-07T03:21:15+00:00,570,2,13,True,True,True,1791343261
2026-10-07T03:21:15+00:00,572,9,28,True,True,True,1791343261
2026-10-07T03:21:15+00:00,586,2,23,True,True,True,1791343261
2026-10-07T03:21:15+00:00,576,9,8,True,True,True,1791343261
2026-10-07T03:21:15+00:00,566,2,21,True,True,True,1791343261
2026-10-07T03:21:15+00:00,602,3,15,True,True,True,1791343261
2026-10-07T03:21:15+00:00,575,0,29,True,True,True,1791343261
2026-10-07T03:21:15+00:00,567,3,34,True,True,True,1791343261
2026-10-07T03:21:15+00:00,582,1,24,True,True,True,1791343261
2026-10-07T03:21:15+00:00,595,22,0,True,True,True,1791343261
2026-10-07T03:21:15+00:00,542,10,8,True,True,True,1791343261
2026-10-07T03:21:15+00:00,563,9,7,True,True,True,1791343261
2026-10-07T03:21:15+00:00,558,3,12,True,True,True,1791343261
2026-10-07T03:21:15+00:00,552,8,10,True,True,True,1791343261
2026-10-07T03:21:15+00:00,555,8,5,True,True,True,1791343261
2026-10-07T03:21:15+00:00,573,21,3,True,True,True,1791343261
2026-10-07T03:21:15+00:00,561,12,10,True,True,True,1791343261
2026-10-07T03:21:15+00:00,615,13,8,True,True,True,1791343261
2026-10-07T03:21:15+00:00,543,1,17,True,True,True,1791343261
2026-10-07T03:21:15+00:00,554,0,20,True,True,True,1791343261
2026-10-07T03:21:15+00:00,574,2,9,True,True,True,1791343261
2026-10-07T03:21:15+00:00,560,0,8,True,True,True,1791343261
2026-10-07T03:21:15+00:00,548,1,16,True,True,True,1791343261
2026-10-07T03:21:15+00:00,559,7,10,True,True,True,1791343261
2026-10-07T03:21:15+00:00,545,18,20,True,True,True,1791343261
2026-10-07T03:21:15+00:00,550,0,9,True,True,True,1791343261
2026-10-07T03:21:15+00:00,541,3,6,True,True,True,1791343261
2026-10-07T03:21:15+00:00,527,10,2,True,True,True,1791343261
2026-10-07T03:21:15+00:00,529,14,7,True,True,True,1791343261
2026-10-07T03:21:15+00:00,526,0,13,True,True,True,1791343261
2026-10-07T03:21:15+00:00,537,5,13,True,True,True,1791343261
2026-10-07T03:21:15+00:00,547,3,26,True,True,True,1791343261
2026-10-07T03:21:15+00:00,601,3,16,True,True,True,1791343261
2026-10-07T03:21:15+00:00,533,0,11,True,True,True,1791343261
2026-10-07T03:21:15+00:00,535,4,23,True,True,True,1791343261
2026-10-07T03:21:15+00:00,524,0,19,True,True,True,1791343261
2026-10-07T03:21:15+00:00,519,19,2,True,True,True,1791343261
2026-10-07T03:21:15+00:00,534,12,27,True,True,True,1791343261
2026-10-07T03:21:15+00:00,521,6,6,True,True,True,1791343261
2026-10-07T03:21:15+00:00,518,14,4,True,True,True,1791343261
2026-10-07T03:21:15+00:00,556,4,14,True,True,True,1791343261
2026-10-07T03:21:15+00:00,525,1,11,True,True,True,1791343261
2026-10-07T03:21:15+00:00,517,2,13,True,True,True,1791343261
2026-10-07T03:21:15+00:00,523,19,11,True,True,True,1791343261
2026-10-07T03:21:15+00:00,522,8,1,True,True,True,1791343261
2026-10-07T03:21:15+00:00,594,17,1,True,True,True,1791343261
2026-10-07T03:21:15+00:00,532,0,20,True,True,True,1791343261
2026-10-07T03:21:15+00:00,509,7,5,True,True,True,1791343261
2026-10-07T03:21:15+00:00,531,9,9,True,True,True,1791343261
2026-10-07T03:21:15+00:00,536,0,9,True,True,True,1791343261
2026-10-07T03:21:15+00:00,562,29,8,True,True,True,1791343261
2026-10-07T03:21:15+00:00,511,2,18,True,True,True,1791343261
2026-10-07T03:21:15+00:00,505,5,14,True,True,True,1791343261
2026-10-07T03:21:15+00:00,501,1,17,True,True,True,1791343261
2026-10-07T03:21:15+00:00,514,2,7,True,True,True,1791343261
2026-10-07T03:21:15+00:00,500,0,17,True,True,True,1791343261
2026-10-07T03:21:15+00:00,503,15,14,True,True,True,1791343261
2026-10-07T03:21:15+00:00,513,1,13,True,True,True,1791343261
2026-10-07T03:21:15+00:00,498,0,12,True,True,True,1791343261
2026-10-07T03:21:15+00:00,507,15,1,True,True,True,1791343261
2026-10-07T03:21:15+00:00,512,3,26,True,True,True,1791343261
2026-10-07T03:21:15+00:00,619,0,42,True,True,True,1791343261
2026-10-07T03:21:15+00:00,474,0,42,True,True,True,1791343261
2026-10-07T03:21:15+00:00,580,3,42,True,True,True,1791343261
2026-10-07T03:21:15+00:00,496,4,39,True,True,True,1791343261
2026-10-07T03:21:15+00:00,482,1,16,True,True,True,1791343261
2026-10-07T03:21:15+00:00,407,0,12,True,True,True,1791343261
2026-10-07T03:21:15+00:00,409,15,9,True,True,True,1791343261
2026-10-07T03:21:15+00:00,451,2,16,True,True,True,1791343261
2026-10-07T03:21:15+00:00,402,3,16,True,True,True,1791343261
2026-10-07T03:21:15+00:00,516,6,8,True,True,True,1791343261
2026-10-07T03:21:15+00:00,625,6,34,True,True,True,1791343261
2026-10-07T03:21:15+00:00,429,0,20,True,True,True,1791343261
2026-10-07T03:21:15+00:00,380,0,24,True,True,True,1791343261
2026-10-07T03:21:15+00:00,583,7,11,True,True,True,1791343261
2026-10-07T03:21:15+00:00,398,11,2,True,True,True,1791343261
2026-10-07T03:21:15+00:00,381,14,0,True,True,True,1791343261
2026-10-07T03:21:15+00:00,464,23,20,True,True,True,1791343261
2026-10-07T03:21:15+00:00,442,12,0,True,True,True,1791343261
2026-10-07T03:21:15+00:00,483,6,15,True,True,True,1791343261
2026-10-07T03:21:15+00:00,458,11,4,True,True,True,1791343261
2026-10-07T03:21:15+00:00,499,12,4,True,True,True,1791343261
2026-10-07T03:21:15+00:00,472,3,19,True,True,True,1791343261
2026-10-07T03:21:15+00:00,506,4,20,True,True,True,1791343261
2026-10-07T03:21:15+00:00,465,6,22,True,True,True,1791343261
2026-10-07T03:21:15+00:00,611,3,33,True,True,True,1791343261
2026-10-07T03:21:15+00:00,404,2,24,True,True,True,1791343261
2026-10-07T03:21:15+00:00,579,2,14,True,True,True,1791343261
2026-10-07T03:21:15+00:00,589,6,21,True,True,True,1791343261
2026-10-07T03:21:15+00:00,434,2,16,True,True,True,1791343261
2026-10-07T03:21:15+00:00,462,2,13,True,True,True,1791343261
2026-10-07T03:21:15+00:00,578,10,14,True,True,True,1791343261
2026-10-07T03:21:15+00:00,415,0,10,True,True,True,1791343261
2026-10-07T03:21:15+00:00,423,17,2,True,True,True,1791343261
2026-10-07T03:21:15+00:00,412,2,2,True,True,True,1791343261
2026-10-07T03:21:15+00:00,387,3,11,True,True,True,1791343261
2026-10-07T03:21:15+00:00,441,0,15,True,True,True,1791343261
2026-10-07T03:21:15+00:00,454,6,16,True,True,True,1791343261
2026-10-07T03:21:15+00:00,436,10,0,True,True,True,1791343261
2026-10-07T03:21:15+00:00,394,5,9,True,True,True,1791343261
2026-10-07T03:21:15+00:00,497,2,25,True,True,True,1791343261
2026-10-07T03:21:15+00:00,581,17,5,True,True,True,1791343261
2026-10-07T03:21:15+00:00,461,8,9,True,True,True,1791343261
2026-10-07T03:21:15+00:00,599,17,28,True,True,True,1791343261
2026-10-07T03:21:15+00:00,428,12,11,True,True,True,1791343261
2026-10-07T03:21:15+00:00,400,6,18,True,True,True,1791343261
2026-10-07T03:21:15+00:00,487,4,16,True,True,True,1791343261
2026-10-07T03:21:15+00:00,438,22,16,True,True,True,1791343261
2026-10-07T03:21:15+00:00,459,1,11,True,True,True,1791343261
2026-10-07T03:21:15+00:00,433,1,17,True,True,True,1791343261
2026-10-07T03:21:15+00:00,399,25,8,True,True,True,1791343261
2026-10-07T03:21:15+00:00,489,6,20,True,True,True,1791343261
2026-10-07T03:21:15+00:00,742,23,3,True,True,True,1791343261
2026-10-07T03:21:15+00:00,551,18,12,True,True,True,1791343261
2026-10-07T03:21:15+00:00,406,2,9,True,True,True,1791343261
2026-10-07T03:21:15+00:00,488,14,7,True,True,True,1791343261
2026-10-07T03:21:15+00:00,540,11,21,True,True,True,1791343261
2026-10-07T03:21:15+00:00,431,11,9,True,True,True,1791343261
2026-10-07T03:21:15+00:00,393,10,9,True,True,True,1791343261
2026-10-07T03:21:15+00:00,420,8,8,True,True,True,1791343261
2026-10-07T03:21:15+00:00,397,2,30,True,True,True,1791343261
2026-10-07T03:21:15+00:00,390,14,16,True,True,True,1791343261
2026-10-07T03:21:15+00:00,449,6,17,True,True,True,1791343261
2026-10-07T03:21:15+00:00,430,6,33,True,True,True,1791343261
2026-10-07T03:21:15+00:00,484,12,20,True,True,True,1791343261
2026-10-07T03:21:15+00:00,479,14,14,True,True,True,1791343261
2026-10-07T03:21:15+00:00,403,12,0,True,True,True,1791343261
2026-10-07T03:21:15+00:00,435,18,12,True,True,True,1791343261
2026-10-07T03:21:15+00:00,426,16,4,True,True,True,1791343261
2026-10-07T03:21:15+00:00,450,4,10,True,True,True,1791343261
2026-10-07T03:21:15+00:00,456,19,13,True,True,True,1791343261
2026-10-07T03:21:15+00:00,468,14,0,True,True,True,1791343261
2026-10-07T03:21:15+00:00,453,3,29,True,True,True,1791343261
2026-10-07T03:21:15+00:00,466,0,15,True,True,True,1791343261
2026-10-07T03:21:15+00:00,469,3,27,True,True,True,1791343261
2026-10-07T03:21:15+00:00,416,1,14,True,True,True,1791343261
2026-10-07T03:21:15+00:00,391,7,5,True,True,True,1791343261
2026-10-07T03:21:15+00:00,389,7,8,True,True,True,1791343261
2026-10-07T03:21:15+00:00,470,2,12,True,True,True,1791343261
2026-10-07T03:21:15+00:00,384,6,10,True,True,True,1791343261
2026-10-07T03:21:15+00:00,425,3,4,True,True,True,1791343261
2026-10-07T03:21:15+00:00,411,3,8,True,True,True,1791343261
2026-10-07T03:21:15+00:00,598,11,20,True,True,True,1791343261
2026-10-07T03:21:15+00:00,444,15,2,True,True,True,1791343261
2026-10-07T03:21:15+00:00,447,12,16,True,True,True,1791343261
2026-10-07T03:21:15+00:00,408,11,2,True,True,True,1791343261
2026-10-07T03:21:15+00:00,737,9,14,True,True,True,1791343261
2026-10-07T03:21:15+00:00,432,10,2,True,True,True,1791343261
2026-10-07T03:21:15+00:00,401,6,0,True,True,True,1791343261
2026-10-07T03:21:15+00:00,452,0,30,True,True,True,1791343261
2026-10-07T03:21:15+00:00,392,5,2,True,True,True,1791343261
2026-10-07T03:21:15+00:00,481,5,37,True,True,True,1791343261
2026-10-07T03:21:15+00:00,495,16,22,True,True,True,1791343261
2026-10-07T03:21:15+00:00,478,8,5,True,True,True,1791343261
2026-10-07T03:21:15+00:00,414,4,7,True,True,True,1791343261
2026-10-07T03:21:15+00:00,476,12,5,True,True,True,1791343261
2026-10-07T03:21:15+00:00,445,9,8,True,True,True,1791343261
2026-10-07T03:21:15+00:00,748,10,16,True,True,True,1791343261
2026-10-07T03:21:15+00:00,473,2,5,True,True,True,1791343261
2026-10-07T03:21:15+00:00,383,12,13,True,True,True,1791343261
2026-10-07T03:21:15+00:00,480,18,4,True,True,True,1791343261
2026-10-07T03:21:15+00:00,421,5,16,True,True,True,1791343261
2026-10-07T03:21:15+00:00,746,9,2,True,True,True,1791343261
2026-10-07T03:21:15+00:00,417,1,13,True,True,True,1791343261
2026-10-07T03:21:15+00:00,427,7,7,True,True,True,1791343261
2026-10-07T03:21:15+00:00,395,1,12,True,True,True,1791343261
2026-10-07T03:21:15+00:00,418,8,19,True,True,True,1791343261
2026-10-07T03:21:15+00:00,413,0,12,True,True,True,1791343261
2026-10-07T03:21:15+00:00,486,3,16,True,True,True,1791343261
2026-10-07T03:21:15+00:00,597,6,7,True,True,True,1791343261
2026-10-07T03:21:15+00:00,422,3,6,True,True,True,1791343261
2026-10-07T03:21:15+00:00,382,7,1,True,True,True,1791343261
2026-10-07T03:21:15+00:00,396,5,14,True,True,True,1791343261
2026-10-07T03:21:15+00:00,735,11,3,True,True,True,1791343261
2026-10-07T03:21:15+00:00,437,5,19,True,True,True,1791343261
2026-10-07T03:21:15+00:00,446,8,11,True,True,True,1791343261
2026-10-07T03:21:15+00:00,424,2,5,True,True,True,1791343261
2026-10-07T03:21:15+00:00,455,10,1,True,True,True,1791343261
2026-10-07T03:21:15+00:00,457,9,1,True,True,True,1791343261
2026-10-07T03:21:15+00:00,377,26,2,True,True,True,1791343261
2026-10-07T03:21:15+00:00,738,10,2,True,True,True,1791343261
2026-10-07T03:21:15+00:00,460,20,7,True,True,True,1791343261
2026-10-07T03:21:15+00:00,744,2,5,True,True,True,1791343261
2026-10-07T03:21:15+00:00,485,19,1,True,True,True,1791343261
2026-10-07T03:36:15+00:00,6026,0,34,True,True,True,1791344160
2026-10-07T03:36:15+00:00,5431,7,13,True,True,True,1791344160
2026-10-07T03:36:15+00:00,5424,1,17,True,True,True,1791344160
2026-10-07T03:36:15+00:00,5220,0,19,True,True,True,1791344160
2026-10-07T03:36:15+00:00,5217,12,18,True,True,True,1791344160
2026-10-07T03:36:15+00:00,5113,12,1,True,True,True,1791344160
2026-10-07T03:36:15+00:00,4683,0,20,True,True,True,1791344160
2026-10-07T03:36:15+00:00,4552,1,17,True,True,True,1791344160
2026-10-07T03:36:15+00:00,3725,1,15,True,True,True,1791344160
2026-10-07T03:36:15+00:00,2358,7,4,True,True,True,1791344160
2026-10-07T03:36:15+00:00,2357,23,0,True,True,True,1791344160
2026-10-07T03:36:15+00:00,2355,0,12,True,True,True,1791344160
2026-10-07T03:36:15+00:00,2351,0,17,True,True,True,1791344160
2026-10-07T03:36:15+00:00,2350,1,21,True,True,True,1791344160
2026-10-07T03:36:15+00:00,2349,6,15,True,True,True,1791344160
2026-10-07T03:36:15+00:00,2347,9,21,True,True,True,1791344160
2026-10-07T03:36:15+00:00,2340,13,9,True,True,True,1791344160
2026-10-07T03:36:15+00:00,2339,8,21,True,True,True,1791344160
2026-10-07T03:36:15+00:00,2337,2,11,True,True,True,1791344160
2026-10-07T03:36:15+00:00,2334,2,9,True,True,True,1791344160
2026-10-07T03:36:15+00:00,2333,11,4,True,True,True,1791344160
2026-10-07T03:36:15+00:00,2332,1,8,True,True,True,1791344160
2026-10-07T03:36:15+00:00,2330,10,3,True,True,True,1791344160
2026-10-07T03:36:15+00:00,2329,10,4,True,True,True,1791344160
2026-10-07T03:36:15+00:00,2328,8,11,True,True,True,1791344160
2026-10-07T03:36:15+00:00,2315,7,8,True,True,True,1791344160
2026-10-07T03:36:15+00:00,2308,3,5,True,True,True,1791344160
2026-10-07T03:36:15+00:00,2307,1,25,True,True,True,1791344160
2026-10-07T03:36:15+00:00,2306,0,18,True,True,True,1791344160
2026-10-07T03:36:15+00:00,2305,8,6,True,True,True,1791344160
2026-10-07T03:36:15+00:00,2304,15,3,True,True,True,1791344160
2026-10-07T03:36:15+00:00,2280,11,4,True,True,True,1791344160
2026-10-07T03:36:15+00:00,2270,0,18,True,True,True,1791344160
2026-10-07T03:36:15+00:00,1919,0,6,True,True,True,1791344160
2026-10-07T03:36:15+00:00,1755,9,24,True,True,True,1791344160
2026-10-07T03:36:15+00:00,1101,14,9,True,True,True,1791344160
2026-10-07T03:36:15+00:00,1023,4,9,True,True,True,1791344160
2026-10-07T03:36:15+00:00,1009,4,6,True,True,True,1791344160
2026-10-07T03:36:15+00:00,970,7,16,True,True,True,1791344160
2026-10-07T03:36:15+00:00,787,2,10,True,True,True,1791344160
2026-10-07T03:36:15+00:00,627,2,28,True,True,True,1791344160
2026-10-07T03:36:15+00:00,623,5,14,True,True,True,1791344160
2026-10-07T03:36:15+00:00,624,7,10,True,True,True,1791344160
2026-10-07T03:36:15+00:00,626,2,20,True,True,True,1791344160
2026-10-07T03:36:15+00:00,614,21,2,True,True,True,1791344160
2026-10-07T03:36:15+00:00,616,11,4,True,True,True,1791344160
2026-10-07T03:36:15+00:00,618,0,40,True,True,True,1791344160
2026-10-07T03:36:15+00:00,621,8,16,True,True,True,1791344160
2026-10-07T03:36:15+00:00,622,5,21,True,True,True,1791344160
2026-10-07T03:36:15+00:00,613,6,10,True,True,True,1791344160
2026-10-07T03:36:15+00:00,620,13,25,True,True,True,1791344160
2026-10-07T03:36:15+00:00,596,6,10,True,True,True,1791344160
2026-10-07T03:36:15+00:00,617,1,3,True,True,True,1791344160
2026-10-07T03:36:15+00:00,609,7,20,True,True,True,1791344160
2026-10-07T03:36:15+00:00,607,15,13,True,True,True,1791344160
2026-10-07T03:36:15+00:00,603,5,13,True,True,True,1791344160
2026-10-07T03:36:15+00:00,590,3,34,True,True,True,1791344160
2026-10-07T03:36:15+00:00,610,8,12,True,True,True,1791344160
2026-10-07T03:36:15+00:00,608,6,15,True,True,True,1791344160
2026-10-07T03:36:15+00:00,593,4,24,True,True,True,1791344160
2026-10-07T03:36:15+00:00,530,4,5,True,True,True,1791344160
2026-10-07T03:36:15+00:00,463,14,2,True,True,True,1791344160
2026-10-07T03:36:15+00:00,475,22,1,True,True,True,1791344160
2026-10-07T03:36:15+00:00,439,0,23,True,True,True,1791344160
2026-10-07T03:36:15+00:00,600,4,6,True,True,True,1791344160
2026-10-07T03:36:15+00:00,440,5,12,True,True,True,1791344160
2026-10-07T03:36:15+00:00,612,1,17,True,True,True,1791344160
2026-10-07T03:36:15+00:00,491,14,4,True,True,True,1791344160
2026-10-07T03:36:15+00:00,493,21,4,True,True,True,1791344160
2026-10-07T03:36:15+00:00,410,6,19,True,True,True,1791344160
2026-10-07T03:36:15+00:00,605,4,14,True,True,True,1791344160
2026-10-07T03:36:15+00:00,388,0,17,True,True,True,1791344160
2026-10-07T03:36:15+00:00,591,3,19,True,True,True,1791344160
2026-10-07T03:36:15+00:00,592,1,17,True,True,True,1791344160
2026-10-07T03:36:15+00:00,585,0,1,False,False,False,1791344160
2026-10-07T03:36:15+00:00,565,5,13,True,True,True,1791344160
2026-10-07T03:36:15+00:00,571,8,11,True,True,True,1791344160
2026-10-07T03:36:15+00:00,568,4,11,True,True,True,1791344160
2026-10-07T03:36:15+00:00,588,2,17,True,True,True,1791344160
2026-10-07T03:36:15+00:00,584,3,30,True,True,True,1791344160
2026-10-07T03:36:15+00:00,569,7,22,True,True,True,1791344160
2026-10-07T03:36:15+00:00,577,23,5,True,True,True,1791344160
2026-10-07T03:36:15+00:00,564,8,21,True,True,True,1791344160
2026-10-07T03:36:15+00:00,570,2,13,True,True,True,1791344160
2026-10-07T03:36:15+00:00,572,9,28,True,True,True,1791344160
2026-10-07T03:36:15+00:00,586,2,23,True,True,True,1791344160
2026-10-07T03:36:15+00:00,576,9,8,True,True,True,1791344160
2026-10-07T03:36:15+00:00,566,2,21,True,True,True,1791344160
2026-10-07T03:36:15+00:00,602,3,15,True,True,True,1791344160
2026-10-07T03:36:15+00:00,575,0,29,True,True,True,1791344160
2026-10-07T03:36:15+00:00,567,3,34,True,True,True,1791344160
2026-10-07T03:36:15+00:00,582,1,24,True,True,True,1791344160
2026-10-07T03:36:15+00:00,595,22,0,True,True,True,1791344160
2026-10-07T03:36:15+00:00,542,10,8,True,True,True,1791344160
2026-10-07T03:36:15+00:00,563,9,7,True,True,True,1791344160
2026-10-07T03:36:15+00:00,558,3,12,True,True,True,1791344160
2026-10-07T03:36:15+00:00,552,8,10,True,True,True,1791344160
2026-10-07T03:36:15+00:00,555,8,5,True,True,True,1791344160
2026-10-07T03:36:15+00:00,573,21,3,True,True,True,1791344160
2026-10-07T03:36:15+00:00,561,12,10,True,True,True,1791344160
2026-10-07T03:36:15+00:00,615,13,8,True,True,True,1791344160
2026-10-07T03:36:15+00:00,543,1,17,True,True,True,1791344160
2026-10-07T03:36:15+00:00,554,0,20,True,True,True,1791344160
2026-10-07T03:36:15+00:00,574,2,9,True,True,True,1791344160
2026-10-07T03:36:15+00:00,560,0,8,True,True,True,1791344160
2026-10-07T03:36:15+00:00,548,1,16,True,True,True,1791344160
2026-10-07T03:36:15+00:00,559,7,10,True,True,True,1791344160
2026-10-07T03:36:15+00:00,545,18,20,True,True,True,1791344160
2026-10-07T03:36:15+00:00,550,0,9,True,True,True,1791344160
2026-10-07T03:36:15+00:00,541,3,6,True,True,True,1791344160
2026-10-07T03:36:15+00:00,527,11,1,True,True,True,1791344160
2026-10-07T03:36:15+00:00,529,14,7,True,True,True,1791344160
2026-10-07T03:36:15+00:00,526,0,13,True,True,True,1791344160
2026-10-07T03:36:15+00:00,537,5,13,True,True,True,1791344160
2026-10-07T03:36:15+00:00,547,3,26,True,True,True,1791344160
2026-10-07T03:36:15+00:00,601,3,16,True,True,True,1791344160
2026-10-07T03:36:15+00:00,533,0,11,True,True,True,1791344160
2026-10-07T03:36:15+00:00,535,4,23,True,True,True,1791344160
2026-10-07T03:36:15+00:00,524,0,19,True,True,True,1791344160
2026-10-07T03:36:15+00:00,519,19,2,True,True,True,1791344160
2026-10-07T03:36:15+00:00,534,12,27,True,True,True,1791344160
2026-10-07T03:36:15+00:00,521,6,6,True,True,True,1791344160
2026-10-07T03:36:15+00:00,518,14,4,True,True,True,1791344160
2026-10-07T03:36:15+00:00,556,4,14,True,True,True,1791344160
2026-10-07T03:36:15+00:00,525,1,11,True,True,True,1791344160
2026-10-07T03:36:15+00:00,517,2,13,True,True,True,1791344160
2026-10-07T03:36:15+00:00,523,19,11,True,True,True,1791344160
2026-10-07T03:36:15+00:00,522,8,1,True,True,True,1791344160
2026-10-07T03:36:15+00:00,594,16,1,True,True,True,1791344160
2026-10-07T03:36:15+00:00,532,0,20,True,True,True,1791344160
2026-10-07T03:36:15+00:00,509,7,5,True,True,True,1791344160
2026-10-07T03:36:15+00:00,531,9,9,True,True,True,1791344160
2026-10-07T03:36:15+00:00,536,0,9,True,True,True,1791344160
2026-10-07T03:36:15+00:00,562,29,8,True,True,True,1791344160
2026-10-07T03:36:15+00:00,511,2,18,True,True,True,1791344160
2026-10-07T03:36:15+00:00,505,5,14,True,True,True,1791344160
2026-10-07T03:36:15+00:00,501,1,17,True,True,True,1791344160
2026-10-07T03:36:15+00:00,514,2,7,True,True,True,1791344160
2026-10-07T03:36:15+00:00,500,0,17,True,True,True,1791344160
2026-10-07T03:36:15+00:00,503,15,14,True,True,True,1791344160
2026-10-07T03:36:15+00:00,513,1,13,True,True,True,1791344160
2026-10-07T03:36:15+00:00,498,0,12,True,True,True,1791344160
2026-10-07T03:36:15+00:00,507,15,1,True,True,True,1791344160
2026-10-07T03:36:15+00:00,512,4,25,True,True,True,1791344160
2026-10-07T03:36:15+00:00,619,0,42,True,True,True,1791344160
2026-10-07T03:36:15+00:00,474,0,42,True,True,True,1791344160
2026-10-07T03:36:15+00:00,580,3,42,True,True,True,1791344160
2026-10-07T03:36:15+00:00,496,4,39,True,True,True,1791344160
2026-10-07T03:36:15+00:00,482,1,16,True,True,True,1791344160
2026-10-07T03:36:15+00:00,407,0,12,True,True,True,1791344160
2026-10-07T03:36:15+00:00,409,15,9,True,True,True,1791344160
2026-10-07T03:36:15+00:00,451,2,16,True,True,True,1791344160
2026-10-07T03:36:15+00:00,402,2,17,True,True,True,1791344160
2026-10-07T03:36:15+00:00,516,6,8,True,True,True,1791344160
2026-10-07T03:36:15+00:00,625,6,34,True,True,True,1791344160
2026-10-07T03:36:15+00:00,429,0,20,True,True,True,1791344160
2026-10-07T03:36:15+00:00,380,0,24,True,True,True,1791344160
2026-10-07T03:36:15+00:00,583,7,11,True,True,True,1791344160
2026-10-07T03:36:15+00:00,398,11,2,True,True,True,1791344160
2026-10-07T03:36:15+00:00,381,14,0,True,True,True,1791344160
2026-10-07T03:36:15+00:00,464,23,20,True,True,True,1791344160
2026-10-07T03:36:15+00:00,442,12,0,True,True,True,1791344160
2026-10-07T03:36:15+00:00,483,6,15,True,True,True,1791344160
2026-10-07T03:36:15+00:00,458,11,4,True,True,True,1791344160
2026-10-07T03:36:15+00:00,499,11,4,True,True,True,1791344160
2026-10-07T03:36:15+00:00,472,3,19,True,True,True,1791344160
2026-10-07T03:36:15+00:00,506,4,20,True,True,True,1791344160
2026-10-07T03:36:15+00:00,465,6,22,True,True,True,1791344160
2026-10-07T03:36:15+00:00,611,3,33,True,True,True,1791344160
2026-10-07T03:36:15+00:00,404,2,24,True,True,True,1791344160
2026-10-07T03:36:15+00:00,579,2,14,True,True,True,1791344160
2026-10-07T03:36:15+00:00,589,6,21,True,True,True,1791344160
2026-10-07T03:36:15+00:00,434,2,16,True,True,True,1791344160
2026-10-07T03:36:15+00:00,462,2,13,True,True,True,1791344160
2026-10-07T03:36:15+00:00,578,10,14,True,True,True,1791344160
2026-10-07T03:36:15+00:00,415,0,10,True,True,True,1791344160
2026-10-07T03:36:15+00:00,423,17,2,True,True,True,1791344160
2026-10-07T03:36:15+00:00,412,2,2,True,True,True,1791344160
2026-10-07T03:36:15+00:00,387,3,11,True,True,True,1791344160
2026-10-07T03:36:15+00:00,441,0,15,True,True,True,1791344160
2026-10-07T03:36:15+00:00,454,6,16,True,True,True,1791344160
2026-10-07T03:36:15+00:00,436,10,0,True,True,True,1791344160
2026-10-07T03:36:15+00:00,394,5,9,True,True,True,1791344160
2026-10-07T03:36:15+00:00,497,2,25,True,True,True,1791344160
2026-10-07T03:36:15+00:00,581,17,5,True,True,True,1791344160
2026-10-07T03:36:15+00:00,461,8,9,True,True,True,1791344160
2026-10-07T03:36:15+00:00,599,17,28,True,True,True,1791344160
2026-10-07T03:36:15+00:00,428,12,11,True,True,True,1791344160
2026-10-07T03:36:15+00:00,400,6,18,True,True,True,1791344160
2026-10-07T03:36:15+00:00,487,4,16,True,True,True,1791344160
2026-10-07T03:36:15+00:00,438,22,16,True,True,True,1791344160
2026-10-07T03:36:15+00:00,459,1,11,True,True,True,1791344160
2026-10-07T03:36:15+00:00,433,1,17,True,True,True,1791344160
2026-10-07T03:36:15+00:00,399,25,8,True,True,True,1791344160
2026-10-07T03:36:15+00:00,489,7,19,True,True,True,1791344160
2026-10-07T03:36:15+00:00,742,23,3,True,True,True,1791344160
2026-10-07T03:36:15+00:00,551,18,12,True,True,True,1791344160
2026-10-07T03:36:15+00:00,406,2,9,True,True,True,1791344160
2026-10-07T03:36:15+00:00,488,14,7,True,True,True,1791344160
2026-10-07T03:36:15+00:00,540,11,21,True,True,True,1791344160
2026-10-07T03:36:15+00:00,431,11,9,True,True,True,1791344160
2026-10-07T03:36:15+00:00,393,10,9,True,True,True,1791344160
2026-10-07T03:36:15+00:00,420,8,8,True,True,True,1791344160
2026-10-07T03:36:15+00:00,397,2,30,True,True,True,1791344160
2026-10-07T03:36:15+00:00,390,14,16,True,True,True,1791344160
2026-10-07T03:36:15+00:00,449,6,17,True,True,True,1791344160
2026-10-07T03:36:15+00:00,430,7,32,True,True,True,1791344160
2026-10-07T03:36:15+00:00,484,12,20,True,True,True,1791344160
2026-10-07T03:36:15+00:00,479,14,14,True,True,True,1791344160
2026-10-07T03:36:15+00:00,403,11,0,True,True,True,1791344160
2026-10-07T03:36:15+00:00,435,18,12,True,True,True,1791344160
2026-10-07T03:36:15+00:00,426,15,5,True,True,True,1791344160
2026-10-07T03:36:15+00:00,450,4,10,True,True,True,1791344160
2026-10-07T03:36:15+00:00,456,19,13,True,True,True,1791344160
2026-10-07T03:36:15+00:00,468,14,0,True,True,True,1791344160
2026-10-07T03:36:15+00:00,453,3,29,True,True,True,1791344160
2026-10-07T03:36:15+00:00,466,0,15,True,True,True,1791344160
2026-10-07T03:36:15+00:00,469,3,27,True,True,True,1791344160
2026-10-07T03:36:15+00:00,416,1,14,True,True,True,1791344160
2026-10-07T03:36:15+00:00,391,7,5,True,True,True,1791344160
2026-10-07T03:36:15+00:00,389,7,8,True,True,True,1791344160
2026-10-07T03:36:15+00:00,470,2,12,True,True,True,1791344160
2026-10-07T03:36:15+00:00,384,6,10,True,True,True,1791344160
2026-10-07T03:36:15+00:00,425,3,4,True,True,True,1791344160
2026-10-07T03:36:15+00:00,411,3,8,True,True,True,1791344160
2026-10-07T03:36:15+00:00,598,11,20,True,True,True,1791344160
2026-10-07T03:36:15+00:00,444,15,2,True,True,True,1791344160
2026-10-07T03:36:15+00:00,447,12,16,True,True,True,1791344160
2026-10-07T03:36:15+00:00,408,11,2,True,True,True,1791344160
2026-10-07T03:36:15+00:00,737,9,14,True,True,True,1791344160
2026-10-07T03:36:15+00:00,432,10,2,True,True,True,1791344160
2026-10-07T03:36:15+00:00,401,6,0,True,True,True,1791344160
2026-10-07T03:36:15+00:00,452,0,30,True,True,True,1791344160
2026-10-07T03:36:15+00:00,392,5,2,True,True,True,1791344160
2026-10-07T03:36:15+00:00,481,5,37,True,True,True,1791344160
2026-10-07T03:36:15+00:00,495,16,22,True,True,True,1791344160
2026-10-07T03:36:15+00:00,478,8,5,True,True,True,1791344160
2026-10-07T03:36:15+00:00,414,4,7,True,True,True,1791344160
2026-10-07T03:36:15+00:00,476,12,5,True,True,True,1791344160
2026-10-07T03:36:15+00:00,445,9,8,True,True,True,1791344160
2026-10-07T03:36:15+00:00,748,10,16,True,True,True,1791344160
2026-10-07T03:36:15+00:00,473,2,5,True,True,True,1791344160
2026-10-07T03:36:15+00:00,383,12,13,True,True,True,1791344160
2026-10-07T03:36:15+00:00,480,18,4,True,True,True,1791344160
2026-10-07T03:36:15+00:00,421,4,17,True,True,True,1791344160
2026-10-07T03:36:15+00:00,746,9,2,True,True,True,1791344160
2026-10-07T03:36:15+00:00,417,1,13,True,True,True,1791344160
2026-10-07T03:36:15+00:00,427,7,7,True,True,True,1791344160
2026-10-07T03:36:15+00:00,395,1,12,True,True,True,1791344160
2026-10-07T03:36:15+00:00,418,8,19,True,True,True,1791344160
2026-10-07T03:36:15+00:00,413,0,12,True,True,True,1791344160
2026-10-07T03:36:15+00:00,486,3,16,True,True,True,1791344160
2026-10-07T03:36:15+00:00,597,6,7,True,True,True,1791344160
2026-10-07T03:36:15+00:00,422,3,6,True,True,True,1791344160
2026-10-07T03:36:15+00:00,382,7,1,True,True,True,1791344160
2026-10-07T03:36:15+00:00,396,5,14,True,True,True,1791344160
2026-10-07T03:36:15+00:00,735,11,3,True,True,True,1791344160
2026-10-07T03:36:15+00:00,437,5,19,True,True,True,1791344160
2026-10-07T03:36:15+00:00,446,8,11,True,True,True,1791344160
2026-10-07T03:36:15+00:00,424,2,5,True,True,True,1791344160
2026-10-07T03:36:15+00:00,455,10,1,True,True,True,1791344160
2026-10-07T03:36:15+00:00,457,9,1,True,True,True,1791344160
2026-10-07T03:36:15+00:00,377,26,2,True,True,True,1791344160
2026-10-07T03:36:15+00:00,738,10,2,True,True,True,1791344160
2026-10-07T03:36:15+00:00,460,20,7,True,True,True,1791344160
2026-10-07T03:36:15+00:00,744,2,5,True,True,True,1791344160
2026-10-07T03:36:15+00:00,485,19,1,True,True,True,1791344160
2026-10-07T03:51:15+00:00,6026,0,34,True,True,True,1791345075
2026-10-07T03:51:15+00:00,5431,7,13,True,True,True,1791345075
2026-10-07T03:51:15+00:00,5424,1,17,True,True,True,1791345075
2026-10-07T03:51:15+00:00,5220,0,19,True,True,True,1791345075
2026-10-07T03:51:15+00:00,5217,12,18,True,True,True,1791345075
2026-10-07T03:51:15+00:00,5113,12,1,True,True,True,1791345075
2026-10-07T03:51:15+00:00,4683,0,20,True,True,True,1791345075
2026-10-07T03:51:15+00:00,4552,1,17,True,True,True,1791345075
2026-10-07T03:51:15+00:00,3725,1,15,True,True,True,1791345075
2026-10-07T03:51:15+00:00,2358,7,4,True,True,True,1791345075
2026-10-07T03:51:15+00:00,2357,23,0,True,True,True,1791345075
2026-10-07T03:51:15+00:00,2355,0,12,True,True,True,1791345075
2026-10-07T03:51:15+00:00,2351,0,17,True,True,True,1791345075
2026-10-07T03:51:15+00:00,2350,1,21,True,True,True,1791345075
2026-10-07T03:51:15+00:00,2349,6,15,True,True,True,1791345075
2026-10-07T03:51:15+00:00,2347,9,21,True,True,True,1791345075
2026-10-07T03:51:15+00:00,2340,13,9,True,True,True,1791345075
2026-10-07T03:51:15+00:00,2339,8,21,True,True,True,1791345075
2026-10-07T03:51:15+00:00,2337,2,11,True,True,True,1791345075
2026-10-07T03:51:15+00:00,2334,2,9,True,True,True,1791345075
2026-10-07T03:51:15+00:00,2333,11,4,True,True,True,1791345075
2026-10-07T03:51:15+00:00,2332,1,8,True,True,True,1791345075
2026-10-07T03:51:15+00:00,2330,10,3,True,True,True,1791345075
2026-10-07T03:51:15+00:00,2329,10,4,True,True,True,1791345075
2026-10-07T03:51:15+00:00,2328,8,11,True,True,True,1791345075
2026-10-07T03:51:15+00:00,2315,7,8,True,True,True,1791345075
2026-10-07T03:51:15+00:00,2308,3,5,True,True,True,1791345075
2026-10-07T03:51:15+00:00,2307,1,25,True,True,True,1791345075
2026-10-07T03:51:15+00:00,2306,0,18,True,True,True,1791345075
2026-10-07T03:51:15+00:00,2305,8,6,True,True,True,1791345075
2026-10-07T03:51:15+00:00,2304,15,3,True,True,True,1791345075
2026-10-07T03:51:15+00:00,2280,11,4,True,True,True,1791345075
2026-10-07T03:51:15+00:00,2270,0,18,True,True,True,1791345075
2026-10-07T03:51:15+00:00,1919,0,6,True,True,True,1791345075
2026-10-07T03:51:15+00:00,1755,9,24,True,True,True,1791345075
2026-10-07T03:51:15+00:00,1101,14,9,True,True,True,1791345075
2026-10-07T03:51:15+00:00,1023,4,9,True,True,True,1791345075
2026-10-07T03:51:15+00:00,1009,4,6,True,True,True,1791345075
2026-10-07T03:51:15+00:00,970,7,16,True,True,True,1791345075
2026-10-07T03:51:15+00:00,787,2,10,True,True,True,1791345075
2026-10-07T03:51:15+00:00,627,2,28,True,True,True,1791345075
2026-10-07T03:51:15+00:00,623,5,14,True,True,True,1791345075
2026-10-07T03:51:15+00:00,624,7,10,True,True,True,1791345075
2026-10-07T03:51:15+00:00,626,2,20,True,True,True,1791345075
2026-10-07T03:51:15+00:00,614,21,2,True,True,True,1791345075
2026-10-07T03:51:15+00:00,616,11,4,True,True,True,1791345075
2026-10-07T03:51:15+00:00,618,0,40,True,True,True,1791345075
2026-10-07T03:51:15+00:00,621,8,16,True,True,True,1791345075
2026-10-07T03:51:15+00:00,622,5,21,True,True,True,1791345075
2026-10-07T03:51:15+00:00,613,6,10,True,True,True,1791345075
2026-10-07T03:51:15+00:00,620,13,25,True,True,True,1791345075
2026-10-07T03:51:15+00:00,596,6,10,True,True,True,1791345075
2026-10-07T03:51:15+00:00,617,1,3,True,True,True,1791345075
2026-10-07T03:51:15+00:00,609,7,20,True,True,True,1791345075
2026-10-07T03:51:15+00:00,607,15,13,True,True,True,1791345075
2026-10-07T03:51:15+00:00,603,5,13,True,True,True,1791345075
2026-10-07T03:51:15+00:00,590,3,34,True,True,True,1791345075
2026-10-07T03:51:15+00:00,610,8,12,True,True,True,1791345075
2026-10-07T03:51:15+00:00,608,6,15,True,True,True,1791345075
2026-10-07T03:51:15+00:00,593,4,24,True,True,True,1791345075
2026-10-07T03:51:15+00:00,530,4,5,True,True,True,1791345075
2026-10-07T03:51:15+00:00,463,14,2,True,True,True,1791345075
2026-10-07T03:51:15+00:00,475,22,1,True,True,True,1791345075
2026-10-07T03:51:15+00:00,439,0,23,True,True,True,1791345075
2026-10-07T03:51:15+00:00,600,4,6,True,True,True,1791345075
2026-10-07T03:51:15+00:00,440,5,12,True,True,True,1791345075
2026-10-07T03:51:15+00:00,612,1,17,True,True,True,1791345075
2026-10-07T03:51:15+00:00,491,14,4,True,True,True,1791345075
2026-10-07T03:51:15+00:00,493,21,4,True,True,True,1791345075
2026-10-07T03:51:15+00:00,410,6,19,True,True,True,1791345075
2026-10-07T03:51:15+00:00,605,4,14,True,True,True,1791345075
2026-10-07T03:51:15+00:00,388,0,17,True,True,True,1791345075
2026-10-07T03:51:15+00:00,591,3,19,True,True,True,1791345075
2026-10-07T03:51:15+00:00,592,1,17,True,True,True,1791345075
2026-10-07T03:51:15+00:00,585,0,1,False,False,False,1791345075
2026-10-07T03:51:15+00:00,565,5,13,True,True,True,1791345075
2026-10-07T03:51:15+00:00,571,8,11,True,True,True,1791345075
2026-10-07T03:51:15+00:00,568,4,11,True,True,True,1791345075
2026-10-07T03:51:15+00:00,588,2,17,True,True,True,1791345075
2026-10-07T03:51:15+00:00,584,3,30,True,True,True,1791345075
2026-10-07T03:51:15+00:00,569,7,22,True,True,True,1791345075
2026-10-07T03:51:15+00:00,577,23,5,True,True,True,1791345075
2026-10-07T03:51:15+00:00,564,9,20,True,True,True,1791345075
2026-10-07T03:51:15+00:00,570,2,13,True,True,True,1791345075
2026-10-07T03:51:15+00:00,572,8,29,True,True,True,1791345075
2026-10-07T03:51:15+00:00,586,2,23,True,True,True,1791345075
2026-10-07T03:51:15+00:00,576,9,8,True,True,True,1791345075
2026-10-07T03:51:15+00:00,566,2,21,True,True,True,1791345075
2026-10-07T03:51:15+00:00,602,3,15,True,True,True,1791345075
2026-10-07T03:51:15+00:00,575,0,29,True,True,True,1791345075
2026-10-07T03:51:15+00:00,567,3,34,True,True,True,1791345075
2026-10-07T03:51:15+00:00,582,1,24,True,True,True,1791345075
2026-10-07T03:51:15+00:00,595,22,0,True,True,True,1791345075
2026-10-07T03:51:15+00:00,542,10,8,True,True,True,1791345075
2026-10-07T03:51:15+00:00,563,9,7,True,True,True,1791345075
2026-10-07T03:51:15+00:00,558,3,12,True,True,True,1791345075
2026-10-07T03:51:15+00:00,552,8,10,True,True,True,1791345075
2026-10-07T03:51:15+00:00,555,8,5,True,True,True,1791345075
2026-10-07T03:51:15+00:00,573,21,3,True,True,True,1791345075
2026-10-07T03:51:15+00:00,561,12,10,True,True,True,1791345075
2026-10-07T03:51:15+00:00,615,13,8,True,True,True,1791345075
2026-10-07T03:51:15+00:00,543,1,17,True,True,True,1791345075
2026-10-07T03:51:15+00:00,554,0,20,True,True,True,1791345075
2026-10-07T03:51:15+00:00,574,2,9,True,True,True,1791345075
2026-10-07T03:51:15+00:00,560,0,8,True,True,True,1791345075
2026-10-07T03:51:15+00:00,548,1,16,True,True,True,1791345075
2026-10-07T03:51:15+00:00,559,7,10,True,True,True,1791345075
2026-10-07T03:51:15+00:00,545,18,20,True,True,True,1791345075
2026-10-07T03:51:15+00:00,550,0,9,True,True,True,1791345075
2026-10-07T03:51:15+00:00,541,3,6,True,True,True,1791345075
2026-10-07T03:51:15+00:00,527,11,1,True,True,True,1791345075
2026-10-07T03:51:15+00:00,529,14,7,True,True,True,1791345075
2026-10-07T03:51:15+00:00,526,0,13,True,True,True,1791345075
2026-10-07T03:51:15+00:00,537,5,13,True,True,True,1791345075
2026-10-07T03:51:15+00:00,547,3,26,True,True,True,1791345075
2026-10-07T03:51:15+00:00,601,3,16,True,True,True,1791345075
2026-10-07T03:51:15+00:00,533,0,11,True,True,True,1791345075
2026-10-07T03:51:15+00:00,535,4,23,True,True,True,1791345075
2026-10-07T03:51:15+00:00,524,0,19,True,True,True,1791345075
2026-10-07T03:51:15+00:00,519,19,2,True,True,True,1791345075
2026-10-07T03:51:15+00:00,534,12,27,True,True,True,1791345075
2026-10-07T03:51:15+00:00,521,6,6,True,True,True,1791345075
2026-10-07T03:51:15+00:00,518,14,4,True,True,True,1791345075
2026-10-07T03:51:15+00:00,556,4,14,True,True,True,1791345075
2026-10-07T03:51:15+00:00,525,1,11,True,True,True,1791345075
2026-10-07T03:51:15+00:00,517,2,13,True,True,True,1791345075
2026-10-07T03:51:15+00:00,523,19,11,True,True,True,1791345075
2026-10-07T03:51:15+00:00,522,8,1,True,True,True,1791345075
2026-10-07T03:51:15+00:00,594,16,2,True,True,True,1791345075
2026-10-07T03:51:15+00:00,532,0,20,True,True,True,1791345075
2026-10-07T03:51:15+00:00,509,7,5,True,True,True,1791345075
2026-10-07T03:51:15+00:00,531,9,9,True,True,True,1791345075
2026-10-07T03:51:15+00:00,536,0,9,True,True,True,1791345075
2026-10-07T03:51:15+00:00,562,29,8,True,True,True,1791345075
2026-10-07T03:51:15+00:00,511,2,18,True,True,True,1791345075
2026-10-07T03:51:15+00:00,505,5,14,True,True,True,1791345075
2026-10-07T03:51:15+00:00,501,1,17,True,True,True,1791345075
2026-10-07T03:51:15+00:00,514,2,7,True,True,True,1791345075
2026-10-07T03:51:15+00:00,500,0,17,True,True,True,1791345075
2026-10-07T03:51:15+00:00,503,15,14,True,True,True,1791345075
2026-10-07T03:51:15+00:00,513,1,13,True,True,True,1791345075
2026-10-07T03:51:15+00:00,498,0,12,True,True,True,1791345075
2026-10-07T03:51:15+00:00,507,15,1,True,True,True,1791345075
2026-10-07T03:51:15+00:00,512,4,25,True,True,True,1791345075
2026-10-07T03:51:15+00:00,619,0,42,True,True,True,1791345075
2026-10-07T03:51:15+00:00,474,0,42,True,True,True,1791345075
2026-10-07T03:51:15+00:00,580,3,42,True,True,True,1791345075
2026-10-07T03:51:15+00:00,496,4,39,True,True,True,1791345075
2026-10-07T03:51:15+00:00,482,1,16,True,True,True,1791345075
2026-10-07T03:51:15+00:00,407,0,12,True,True,True,1791345075
2026-10-07T03:51:15+00:00,409,15,9,True,True,True,1791345075
2026-10-07T03:51:15+00:00,451,2,16,True,True,True,1791345075
2026-10-07T03:51:15+00:00,402,2,17,True,True,True,1791345075
2026-10-07T03:51:15+00:00,516,6,8,True,True,True,1791345075
2026-10-07T03:51:15+00:00,625,6,34,True,True,True,1791345075
2026-10-07T03:51:15+00:00,429,0,20,True,True,True,1791345075
2026-10-07T03:51:15+00:00,380,0,24,True,True,True,1791345075
2026-10-07T03:51:15+00:00,583,7,11,True,True,True,1791345075
2026-10-07T03:51:15+00:00,398,11,2,True,True,True,1791345075
2026-10-07T03:51:15+00:00,381,14,0,True,True,True,1791345075
2026-10-07T03:51:15+00:00,464,23,20,True,True,True,1791345075
2026-10-07T03:51:15+00:00,442,12,0,True,True,True,1791345075
2026-10-07T03:51:15+00:00,483,6,15,True,True,True,1791345075
2026-10-07T03:51:15+00:00,458,11,4,True,True,True,1791345075
2026-10-07T03:51:15+00:00,499,11,5,True,True,True,1791345075
2026-10-07T03:51:15+00:00,472,3,19,True,True,True,1791345075
2026-10-07T03:51:15+00:00,506,4,20,True,True,True,1791345075
2026-10-07T03:51:15+00:00,465,6,22,True,True,True,1791345075
2026-10-07T03:51:15+00:00,611,3,33,True,True,True,1791345075
2026-10-07T03:51:15+00:00,404,2,24,True,True,True,1791345075
2026-10-07T03:51:15+00:00,579,2,14,True,True,True,1791345075
2026-10-07T03:51:15+00:00,589,6,21,True,True,True,1791345075
2026-10-07T03:51:15+00:00,434,2,16,True,True,True,1791345075
2026-10-07T03:51:15+00:00,462,2,13,True,True,True,1791345075
2026-10-07T03:51:15+00:00,578,10,14,True,True,True,1791345075
2026-10-07T03:51:15+00:00,415,0,10,True,True,True,1791345075
2026-10-07T03:51:15+00:00,423,17,2,True,True,True,1791345075
2026-10-07T03:51:15+00:00,412,2,2,True,True,True,1791345075
2026-10-07T03:51:15+00:00,387,3,11,True,True,True,1791345075
2026-10-07T03:51:15+00:00,441,0,15,True,True,True,1791345075
2026-10-07T03:51:15+00:00,454,6,16,True,True,True,1791345075
2026-10-07T03:51:15+00:00,436,10,0,True,True,True,1791345075
2026-10-07T03:51:15+00:00,394,5,9,True,True,True,1791345075
2026-10-07T03:51:15+00:00,497,2,25,True,True,True,1791345075
2026-10-07T03:51:15+00:00,581,17,5,True,True,True,1791345075
2026-10-07T03:51:15+00:00,461,8,9,True,True,True,1791345075
2026-10-07T03:51:15+00:00,599,17,28,True,True,True,1791345075
2026-10-07T03:51:15+00:00,428,12,11,True,True,True,1791345075
2026-10-07T03:51:15+00:00,400,6,18,True,True,True,1791345075
2026-10-07T03:51:15+00:00,487,4,16,True,True,True,1791345075
2026-10-07T03:51:15+00:00,438,22,16,True,True,True,1791345075
2026-10-07T03:51:15+00:00,459,1,11,True,True,True,1791345075
2026-10-07T03:51:15+00:00,433,1,17,True,True,True,1791345075
2026-10-07T03:51:15+00:00,399,25,8,True,True,True,1791345075
2026-10-07T03:51:15+00:00,489,7,19,True,True,True,1791345075
2026-10-07T03:51:15+00:00,742,23,3,True,True,True,1791345075
2026-10-07T03:51:15+00:00,551,17,12,True,True,True,1791345075
2026-10-07T03:51:15+00:00,406,2,9,True,True,True,1791345075
2026-10-07T03:51:15+00:00,488,14,7,True,True,True,1791345075
2026-10-07T03:51:15+00:00,540,11,21,True,True,True,1791345075
2026-10-07T03:51:15+00:00,431,11,9,True,True,True,1791345075
2026-10-07T03:51:15+00:00,393,10,9,True,True,True,1791345075
2026-10-07T03:51:15+00:00,420,8,8,True,True,True,1791345075
2026-10-07T03:51:15+00:00,397,2,30,True,True,True,1791345075
2026-10-07T03:51:15+00:00,390,14,16,True,True,True,1791345075
2026-10-07T03:51:15+00:00,449,6,17,True,True,True,1791345075
2026-10-07T03:51:15+00:00,430,7,32,True,True,True,1791345075
2026-10-07T03:51:15+00:00,484,12,20,True,True,True,1791345075
2026-10-07T03:51:15+00:00,479,14,14,True,True,True,1791345075
2026-10-07T03:51:15+00:00,403,11,1,True,True,True,1791345075
2026-10-07T03:51:15+00:00,435,18,12,True,True,True,1791345075
2026-10-07T03:51:15+00:00,426,15,5,True,True,True,1791345075
2026-10-07T03:51:15+00:00,450,4,10,True,True,True,1791345075
2026-10-07T03:51:15+00:00,456,19,13,True,True,True,1791345075
2026-10-07T03:51:15+00:00,468,14,0,True,True,True,1791345075
2026-10-07T03:51:15+00:00,453,3,29,True,True,True,1791345075
2026-10-07T03:51:15+00:00,466,0,15,True,True,True,1791345075
2026-10-07T03:51:15+00:00,469,3,27,True,True,True,1791345075
2026-10-07T03:51:15+00:00,416,1,14,True,True,True,1791345075
2026-10-07T03:51:15+00:00,391,7,5,True,True,True,1791345075
2026-10-07T03:51:15+00:00,389,7,8,True,True,True,1791345075
2026-10-07T03:51:15+00:00,470,2,12,True,True,True,1791345075
2026-10-07T03:51:15+00:00,384,6,10,True,True,True,1791345075
2026-10-07T03:51:15+00:00,425,3,4,True,True,True,1791345075
2026-10-07T03:51:15+00:00,411,3,8,True,True,True,1791345075
2026-10-07T03:51:15+00:00,598,11,20,True,True,True,1791345075
2026-10-07T03:51:15+00:00,444,15,2,True,True,True,1791345075
2026-10-07T03:51:15+00:00,447,12,16,True,True,True,1791345075
2026-10-07T03:51:15+00:00,408,11,2,True,True,True,1791345075
2026-10-07T03:51:15+00:00,737,10,13,True,True,True,1791345075
2026-10-07T03:51:15+00:00,432,10,2,True,True,True,1791345075
2026-10-07T03:51:15+00:00,401,6,0,True,True,True,1791345075
2026-10-07T03:51:15+00:00,452,0,30,True,True,True,1791345075
2026-10-07T03:51:15+00:00,392,5,2,True,True,True,1791345075
2026-10-07T03:51:15+00:00,481,5,37,True,True,True,1791345075
2026-10-07T03:51:15+00:00,495,16,22,True,True,True,1791345075
2026-10-07T03:51:15+00:00,478,9,4,True,True,True,1791345075
2026-10-07T03:51:15+00:00,414,4,7,True,True,True,1791345075
2026-10-07T03:51:15+00:00,476,12,5,True,True,True,1791345075
2026-10-07T03:51:15+00:00,445,10,7,True,True,True,1791345075
2026-10-07T03:51:15+00:00,748,10,16,True,True,True,1791345075
2026-10-07T03:51:15+00:00,473,3,4,True,True,True,1791345075
2026-10-07T03:51:15+00:00,383,12,13,True,True,True,1791345075
2026-10-07T03:51:15+00:00,480,18,4,True,True,True,1791345075
2026-10-07T03:51:15+00:00,421,4,17,True,True,True,1791345075
2026-10-07T03:51:15+00:00,746,9,2,True,True,True,1791345075
2026-10-07T03:51:15+00:00,417,1,13,True,True,True,1791345075
2026-10-07T03:51:15+00:00,427,7,7,True,True,True,1791345075
2026-10-07T03:51:15+00:00,395,1,12,True,True,True,1791345075
2026-10-07T03:51:15+00:00,418,8,19,True,True,True,1791345075
2026-10-07T03:51:15+00:00,413,0,12,True,True,True,1791345075
2026-10-07T03:51:15+00:00,486,3,16,True,True,True,1791345075
2026-10-07T03:51:15+00:00,597,6,7,True,True,True,1791345075
2026-10-07T03:51:15+00:00,422,3,6,True,True,True,1791345075
2026-10-07T03:51:15+00:00,382,7,1,True,True,True,1791345075
2026-10-07T03:51:15+00:00,396,5,14,True,True,True,1791345075
2026-10-07T03:51:15+00:00,735,12,2,True,True,True,1791345075
2026-10-07T03:51:15+00:00,437,5,19,True,True,True,1791345075
2026-10-07T03:51:15+00:00,446,8,11,True,True,True,1791345075
2026-10-07T03:51:15+00:00,424,2,5,True,True,True,1791345075
2026-10-07T03:51:15+00:00,455,10,1,True,True,True,1791345075
2026-10-07T03:51:15+00:00,457,9,1,True,True,True,1791345075
2026-10-07T03:51:15+00:00,377,26,2,True,True,True,1791345075
2026-10-07T03:51:15+00:00,738,10,2,True,True,True,1791345075
2026-10-07T03:51:15+00:00,460,20,7,True,True,True,1791345075
2026-10-07T03:51:15+00:00,744,2,5,True,True,True,1791345075
2026-10-07T03:51:15+00:00,485,18,2,True,True,True,1791345075
2026-10-07T04:24:53+00:00,6026,2,32,True,True,True,1791347091
2026-10-07T04:24:53+00:00,5431,7,13,True,True,True,1791347091
2026-10-07T04:24:53+00:00,5424,1,17,True,True,True,1791347091
2026-10-07T04:24:53+00:00,5220,0,19,True,True,True,1791347091
2026-10-07T04:24:53+00:00,5217,12,18,True,True,True,1791347091
2026-10-07T04:24:53+00:00,5113,11,2,True,True,True,1791347091
2026-10-07T04:24:53+00:00,4683,0,20,True,True,True,1791347091
2026-10-07T04:24:53+00:00,4552,1,17,True,True,True,1791347091
2026-10-07T04:24:53+00:00,3725,1,15,True,True,True,1791347091
2026-10-07T04:24:53+00:00,2358,7,4,True,True,True,1791347091
2026-10-07T04:24:53+00:00,2357,23,0,True,True,True,1791347091
2026-10-07T04:24:53+00:00,2355,0,12,True,True,True,1791347091
2026-10-07T04:24:53+00:00,2351,0,17,True,True,True,1791347091
2026-10-07T04:24:53+00:00,2350,1,21,True,True,True,1791347091
2026-10-07T04:24:53+00:00,2349,6,15,True,True,True,1791347091
2026-10-07T04:24:53+00:00,2347,9,21,True,True,True,1791347091
2026-10-07T04:24:53+00:00,2340,13,9,True,True,True,1791347091
2026-10-07T04:24:53+00:00,2339,8,21,True,True,True,1791347091
2026-10-07T04:24:53+00:00,2337,2,11,True,True,True,1791347091
2026-10-07T04:24:53+00:00,2334,1,10,True,True,True,1791347091
2026-10-07T04:24:53+00:00,2333,11,4,True,True,True,1791347091
2026-10-07T04:24:53+00:00,2332,1,8,True,True,True,1791347091
2026-10-07T04:24:53+00:00,2330,10,3,True,True,True,1791347091
2026-10-07T04:24:53+00:00,2329,10,4,True,True,True,1791347091
2026-10-07T04:24:53+00:00,2328,7,12,True,True,True,1791347091
2026-10-07T04:24:53+00:00,2315,7,8,True,True,True,1791347091
2026-10-07T04:24:53+00:00,2308,3,5,True,True,True,1791347091
2026-10-07T04:24:53+00:00,2307,1,25,True,True,True,1791347091
2026-10-07T04:24:53+00:00,2306,0,18,True,True,True,1791347091
2026-10-07T04:24:53+00:00,2305,8,6,True,True,True,1791347091
2026-10-07T04:24:53+00:00,2304,15,3,True,True,True,1791347091
2026-10-07T04:24:53+00:00,2280,11,4,True,True,True,1791347091
2026-10-07T04:24:53+00:00,2270,0,18,True,True,True,1791347091
2026-10-07T04:24:53+00:00,1919,1,5,True,True,True,1791347091
2026-10-07T04:24:53+00:00,1755,9,24,True,True,True,1791347091
2026-10-07T04:24:53+00:00,1101,14,9,True,True,True,1791347091
2026-10-07T04:24:53+00:00,1023,4,9,True,True,True,1791347091
2026-10-07T04:24:53+00:00,1009,4,6,True,True,True,1791347091
2026-10-07T04:24:53+00:00,970,7,16,True,True,True,1791347091
2026-10-07T04:24:53+00:00,787,2,10,True,True,True,1791347091
2026-10-07T04:24:53+00:00,627,2,28,True,True,True,1791347091
2026-10-07T04:24:53+00:00,623,5,14,True,True,True,1791347091
2026-10-07T04:24:53+00:00,624,7,10,True,True,True,1791347091
2026-10-07T04:24:53+00:00,626,2,20,True,True,True,1791347091
2026-10-07T04:24:53+00:00,614,21,2,True,True,True,1791347091
2026-10-07T04:24:53+00:00,616,11,4,True,True,True,1791347091
2026-10-07T04:24:53+00:00,618,0,40,True,True,True,1791347091
2026-10-07T04:24:53+00:00,621,8,16,True,True,True,1791347091
2026-10-07T04:24:53+00:00,622,5,21,True,True,True,1791347091
2026-10-07T04:24:53+00:00,613,6,10,True,True,True,1791347091
2026-10-07T04:24:53+00:00,620,13,25,True,True,True,1791347091
2026-10-07T04:24:53+00:00,596,6,10,True,True,True,1791347091
2026-10-07T04:24:53+00:00,617,1,3,True,True,True,1791347091
2026-10-07T04:24:53+00:00,609,7,20,True,True,True,1791347091
2026-10-07T04:24:53+00:00,607,14,14,True,True,True,1791347091
2026-10-07T04:24:53+00:00,603,4,14,True,True,True,1791347091
2026-10-07T04:24:53+00:00,590,3,34,True,True,True,1791347091
2026-10-07T04:24:53+00:00,610,8,12,True,True,True,1791347091
2026-10-07T04:24:53+00:00,608,6,15,True,True,True,1791347091
2026-10-07T04:24:53+00:00,593,4,24,True,True,True,1791347091
2026-10-07T04:24:53+00:00,530,3,6,True,True,True,1791347091
2026-10-07T04:24:53+00:00,463,15,1,True,True,True,1791347091
2026-10-07T04:24:53+00:00,475,22,1,True,True,True,1791347091
2026-10-07T04:24:53+00:00,439,0,23,True,True,True,1791347091
2026-10-07T04:24:53+00:00,600,4,6,True,True,True,1791347091
2026-10-07T04:24:53+00:00,440,4,13,True,True,True,1791347091
2026-10-07T04:24:53+00:00,612,1,17,True,True,True,1791347091
2026-10-07T04:24:53+00:00,491,14,4,True,True,True,1791347091
2026-10-07T04:24:53+00:00,493,21,4,True,True,True,1791347091
2026-10-07T04:24:53+00:00,410,6,19,True,True,True,1791347091
2026-10-07T04:24:53+00:00,605,4,14,True,True,True,1791347091
2026-10-07T04:24:53+00:00,388,0,17,True,True,True,1791347091
2026-10-07T04:24:53+00:00,591,3,19,True,True,True,1791347091
2026-10-07T04:24:53+00:00,592,1,17,True,True,True,1791347091
2026-10-07T04:24:53+00:00,585,0,1,False,False,False,1791347091
2026-10-07T04:24:53+00:00,565,5,13,True,True,True,1791347091
2026-10-07T04:24:53+00:00,571,8,11,True,True,True,1791347091
2026-10-07T04:24:53+00:00,568,4,11,True,True,True,1791347091
2026-10-07T04:24:53+00:00,588,2,17,True,True,True,1791347091
2026-10-07T04:24:53+00:00,584,3,30,True,True,True,1791347091
2026-10-07T04:24:53+00:00,569,7,22,True,True,True,1791347091
2026-10-07T04:24:53+00:00,577,24,4,True,True,True,1791347091
2026-10-07T04:24:53+00:00,564,9,20,True,True,True,1791347091
2026-10-07T04:24:53+00:00,570,2,13,True,True,True,1791347091
2026-10-07T04:24:53+00:00,572,8,29,True,True,True,1791347091
2026-10-07T04:24:53+00:00,586,2,23,True,True,True,1791347091
2026-10-07T04:24:53+00:00,576,9,8,True,True,True,1791347091
2026-10-07T04:24:53+00:00,566,2,21,True,True,True,1791347091
2026-10-07T04:24:53+00:00,602,3,15,True,True,True,1791347091
2026-10-07T04:24:53+00:00,575,0,29,True,True,True,1791347091
2026-10-07T04:24:53+00:00,567,4,33,True,True,True,1791347091
2026-10-07T04:24:53+00:00,582,1,24,True,True,True,1791347091
2026-10-07T04:24:53+00:00,595,22,0,True,True,True,1791347091
2026-10-07T04:24:53+00:00,542,10,8,True,True,True,1791347091
2026-10-07T04:24:53+00:00,563,9,7,True,True,True,1791347091
2026-10-07T04:24:53+00:00,558,3,12,True,True,True,1791347091
2026-10-07T04:24:53+00:00,552,8,10,True,True,True,1791347091
2026-10-07T04:24:53+00:00,555,8,5,True,True,True,1791347091
2026-10-07T04:24:53+00:00,573,21,3,True,True,True,1791347091
2026-10-07T04:24:53+00:00,561,12,10,True,True,True,1791347091
2026-10-07T04:24:53+00:00,615,13,8,True,True,True,1791347091
2026-10-07T04:24:53+00:00,543,1,17,True,True,True,1791347091
2026-10-07T04:24:53+00:00,554,0,20,True,True,True,1791347091
2026-10-07T04:24:53+00:00,574,4,7,True,True,True,1791347091
2026-10-07T04:24:53+00:00,560,0,8,True,True,True,1791347091
2026-10-07T04:24:53+00:00,548,1,16,True,True,True,1791347091
2026-10-07T04:24:53+00:00,559,7,10,True,True,True,1791347091
2026-10-07T04:24:53+00:00,545,18,20,True,True,True,1791347091
2026-10-07T04:24:53+00:00,550,0,9,True,True,True,1791347091
2026-10-07T04:24:53+00:00,541,3,6,True,True,True,1791347091
2026-10-07T04:24:53+00:00,527,11,1,True,True,True,1791347091
2026-10-07T04:24:53+00:00,529,14,7,True,True,True,1791347091
2026-10-07T04:24:53+00:00,526,0,13,True,True,True,1791347091
2026-10-07T04:24:53+00:00,537,5,13,True,True,True,1791347091
2026-10-07T04:24:53+00:00,547,3,26,True,True,True,1791347091
2026-10-07T04:24:53+00:00,601,3,16,True,True,True,1791347091
2026-10-07T04:24:53+00:00,533,0,11,True,True,True,1791347091
2026-10-07T04:24:53+00:00,535,4,23,True,True,True,1791347091
2026-10-07T04:24:53+00:00,524,0,19,True,True,True,1791347091
2026-10-07T04:24:53+00:00,519,19,2,True,True,True,1791347091
2026-10-07T04:24:53+00:00,534,12,27,True,True,True,1791347091
2026-10-07T04:24:53+00:00,521,6,6,True,True,True,1791347091
2026-10-07T04:24:53+00:00,518,14,4,True,True,True,1791347091
2026-10-07T04:24:53+00:00,556,4,14,True,True,True,1791347091
2026-10-07T04:24:53+00:00,525,1,11,True,True,True,1791347091
2026-10-07T04:24:53+00:00,517,2,13,True,True,True,1791347091
2026-10-07T04:24:53+00:00,523,20,10,True,True,True,1791347091
2026-10-07T04:24:53+00:00,522,8,1,True,True,True,1791347091
2026-10-07T04:24:53+00:00,594,15,3,True,True,True,1791347091
2026-10-07T04:24:53+00:00,532,0,20,True,True,True,1791347091
2026-10-07T04:24:53+00:00,509,7,5,True,True,True,1791347091
2026-10-07T04:24:53+00:00,531,9,9,True,True,True,1791347091
2026-10-07T04:24:53+00:00,536,0,9,True,True,True,1791347091
2026-10-07T04:24:53+00:00,562,29,8,True,True,True,1791347091
2026-10-07T04:24:53+00:00,511,2,18,True,True,True,1791347091
2026-10-07T04:24:53+00:00,505,5,14,True,True,True,1791347091
2026-10-07T04:24:53+00:00,501,1,17,True,True,True,1791347091
2026-10-07T04:24:53+00:00,514,2,7,True,True,True,1791347091
2026-10-07T04:24:53+00:00,500,0,17,True,True,True,1791347091
2026-10-07T04:24:53+00:00,503,14,15,True,True,True,1791347091
2026-10-07T04:24:53+00:00,513,2,12,True,True,True,1791347091
2026-10-07T04:24:53+00:00,498,0,12,True,True,True,1791347091
2026-10-07T04:24:53+00:00,507,15,1,True,True,True,1791347091
2026-10-07T04:24:53+00:00,512,4,25,True,True,True,1791347091
2026-10-07T04:24:53+00:00,619,0,42,True,True,True,1791347091
2026-10-07T04:24:53+00:00,474,0,42,True,True,True,1791347091
2026-10-07T04:24:53+00:00,580,3,42,True,True,True,1791347091
2026-10-07T04:24:53+00:00,496,4,39,True,True,True,1791347091
2026-10-07T04:24:53+00:00,482,1,16,True,True,True,1791347091
2026-10-07T04:24:53+00:00,407,0,12,True,True,True,1791347091
2026-10-07T04:24:53+00:00,409,15,9,True,True,True,1791347091
2026-10-07T04:24:53+00:00,451,2,16,True,True,True,1791347091
2026-10-07T04:24:53+00:00,402,2,17,True,True,True,1791347091
2026-10-07T04:24:53+00:00,516,5,9,True,True,True,1791347091
2026-10-07T04:24:53+00:00,625,6,34,True,True,True,1791347091
2026-10-07T04:24:53+00:00,429,0,20,True,True,True,1791347091
2026-10-07T04:24:53+00:00,380,0,24,True,True,True,1791347091
2026-10-07T04:24:53+00:00,583,7,11,True,True,True,1791347091
2026-10-07T04:24:53+00:00,398,10,3,True,True,True,1791347091
2026-10-07T04:24:53+00:00,381,14,0,True,True,True,1791347091
2026-10-07T04:24:53+00:00,464,23,20,True,True,True,1791347091
2026-10-07T04:24:53+00:00,442,12,0,True,True,True,1791347091
2026-10-07T04:24:53+00:00,483,6,15,True,True,True,1791347091
2026-10-07T04:24:53+00:00,458,11,4,True,True,True,1791347091
2026-10-07T04:24:53+00:00,499,11,5,True,True,True,1791347091
2026-10-07T04:24:53+00:00,472,3,19,True,True,True,1791347091
2026-10-07T04:24:53+00:00,506,4,20,True,True,True,1791347091
2026-10-07T04:24:53+00:00,465,6,22,True,True,True,1791347091
2026-10-07T04:24:53+00:00,611,3,33,True,True,True,1791347091
2026-10-07T04:24:53+00:00,404,2,24,True,True,True,1791347091
2026-10-07T04:24:53+00:00,579,1,15,True,True,True,1791347091
2026-10-07T04:24:53+00:00,589,6,21,True,True,True,1791347091
2026-10-07T04:24:53+00:00,434,2,16,True,True,True,1791347091
2026-10-07T04:24:53+00:00,462,2,13,True,True,True,1791347091
2026-10-07T04:24:53+00:00,578,10,14,True,True,True,1791347091
2026-10-07T04:24:53+00:00,415,0,10,True,True,True,1791347091
2026-10-07T04:24:53+00:00,423,17,2,True,True,True,1791347091
2026-10-07T04:24:53+00:00,412,2,2,True,True,True,1791347091
2026-10-07T04:24:53+00:00,387,3,11,True,True,True,1791347091
2026-10-07T04:24:53+00:00,441,0,15,True,True,True,1791347091
2026-10-07T04:24:53+00:00,454,6,16,True,True,True,1791347091
2026-10-07T04:24:53+00:00,436,9,1,True,True,True,1791347091
2026-10-07T04:24:53+00:00,394,5,9,True,True,True,1791347091
2026-10-07T04:24:53+00:00,497,2,25,True,True,True,1791347091
2026-10-07T04:24:53+00:00,581,17,5,True,True,True,1791347091
2026-10-07T04:24:53+00:00,461,6,11,True,True,True,1791347091
2026-10-07T04:24:53+00:00,599,17,28,True,True,True,1791347091
2026-10-07T04:24:53+00:00,428,12,11,True,True,True,1791347091
2026-10-07T04:24:53+00:00,400,6,18,True,True,True,1791347091
2026-10-07T04:24:53+00:00,487,4,16,True,True,True,1791347091
2026-10-07T04:24:53+00:00,438,22,16,True,True,True,1791347091
2026-10-07T04:24:53+00:00,459,1,11,True,True,True,1791347091
2026-10-07T04:24:53+00:00,433,1,17,True,True,True,1791347091
2026-10-07T04:24:53+00:00,399,25,8,True,True,True,1791347091
2026-10-07T04:24:53+00:00,489,7,19,True,True,True,1791347091
2026-10-07T04:24:53+00:00,742,23,3,True,True,True,1791347091
2026-10-07T04:24:53+00:00,551,17,12,True,True,True,1791347091
2026-10-07T04:24:53+00:00,406,3,8,True,True,True,1791347091
2026-10-07T04:24:53+00:00,488,13,8,True,True,True,1791347091
2026-10-07T04:24:53+00:00,540,11,21,True,True,True,1791347091
2026-10-07T04:24:53+00:00,431,11,9,True,True,True,1791347091
2026-10-07T04:24:53+00:00,393,9,10,True,True,True,1791347091
2026-10-07T04:24:53+00:00,420,8,8,True,True,True,1791347091
2026-10-07T04:24:53+00:00,397,2,30,True,True,True,1791347091
2026-10-07T04:24:53+00:00,390,14,16,True,True,True,1791347091
2026-10-07T04:24:53+00:00,449,6,17,True,True,True,1791347091
2026-10-07T04:24:53+00:00,430,7,32,True,True,True,1791347091
2026-10-07T04:24:53+00:00,484,12,20,True,True,True,1791347091
2026-10-07T04:24:53+00:00,479,0,28,True,True,True,1791347091
2026-10-07T04:24:53+00:00,403,11,1,True,True,True,1791347091
2026-10-07T04:24:53+00:00,435,18,12,True,True,True,1791347091
2026-10-07T04:24:53+00:00,426,15,5,True,True,True,1791347091
2026-10-07T04:24:53+00:00,450,4,10,True,True,True,1791347091
2026-10-07T04:24:53+00:00,456,19,13,True,True,True,1791347091
2026-10-07T04:24:53+00:00,468,14,0,True,True,True,1791347091
2026-10-07T04:24:53+00:00,453,4,28,True,True,True,1791347091
2026-10-07T04:24:53+00:00,466,0,15,True,True,True,1791347091
2026-10-07T04:24:53+00:00,469,4,26,True,True,True,1791347091
2026-10-07T04:24:53+00:00,416,1,14,True,True,True,1791347091
2026-10-07T04:24:53+00:00,391,7,5,True,True,True,1791347091
2026-10-07T04:24:53+00:00,389,7,8,True,True,True,1791347091
2026-10-07T04:24:53+00:00,470,2,12,True,True,True,1791347091
2026-10-07T04:24:53+00:00,384,6,10,True,True,True,1791347091
2026-10-07T04:24:53+00:00,425,2,5,True,True,True,1791347091
2026-10-07T04:24:53+00:00,411,3,8,True,True,True,1791347091
2026-10-07T04:24:53+00:00,598,11,20,True,True,True,1791347091
2026-10-07T04:24:53+00:00,444,15,2,True,True,True,1791347091
2026-10-07T04:24:53+00:00,447,12,16,True,True,True,1791347091
2026-10-07T04:24:53+00:00,408,11,2,True,True,True,1791347091
2026-10-07T04:24:53+00:00,737,10,13,True,True,True,1791347091
2026-10-07T04:24:53+00:00,432,10,2,True,True,True,1791347091
2026-10-07T04:24:53+00:00,401,6,0,True,True,True,1791347091
2026-10-07T04:24:53+00:00,452,0,30,True,True,True,1791347091
2026-10-07T04:24:53+00:00,392,4,3,True,True,True,1791347091
2026-10-07T04:24:53+00:00,481,5,37,True,True,True,1791347091
2026-10-07T04:24:53+00:00,495,17,21,True,True,True,1791347091
2026-10-07T04:24:53+00:00,478,9,4,True,True,True,1791347091
2026-10-07T04:24:53+00:00,414,4,7,True,True,True,1791347091
2026-10-07T04:24:53+00:00,476,12,5,True,True,True,1791347091
2026-10-07T04:24:53+00:00,445,10,7,True,True,True,1791347091
2026-10-07T04:24:53+00:00,748,10,16,True,True,True,1791347091
2026-10-07T04:24:53+00:00,473,3,4,True,True,True,1791347091
2026-10-07T04:24:53+00:00,383,12,13,True,True,True,1791347091
2026-10-07T04:24:53+00:00,480,17,5,True,True,True,1791347091
2026-10-07T04:24:53+00:00,421,4,17,True,True,True,1791347091
2026-10-07T04:24:53+00:00,746,9,2,True,True,True,1791347091
2026-10-07T04:24:53+00:00,417,1,13,True,True,True,1791347091
2026-10-07T04:24:53+00:00,427,7,7,True,True,True,1791347091
2026-10-07T04:24:53+00:00,395,1,12,True,True,True,1791347091
2026-10-07T04:24:53+00:00,418,8,19,True,True,True,1791347091
2026-10-07T04:24:53+00:00,413,0,12,True,True,True,1791347091
2026-10-07T04:24:53+00:00,486,3,16,True,True,True,1791347091
2026-10-07T04:24:53+00:00,597,7,6,True,True,True,1791347091
2026-10-07T04:24:53+00:00,422,4,5,True,True,True,1791347091
2026-10-07T04:24:53+00:00,382,7,1,True,True,True,1791347091
2026-10-07T04:24:53+00:00,396,5,14,True,True,True,1791347091
2026-10-07T04:24:53+00:00,735,12,2,True,True,True,1791347091
2026-10-07T04:24:53+00:00,437,5,19,True,True,True,1791347091
2026-10-07T04:24:53+00:00,446,8,11,True,True,True,1791347091
2026-10-07T04:24:53+00:00,424,2,5,True,True,True,1791347091
2026-10-07T04:24:53+00:00,455,10,1,True,True,True,1791347091
2026-10-07T04:24:53+00:00,457,9,1,True,True,True,1791347091
2026-10-07T04:24:53+00:00,377,26,2,True,True,True,1791347091
2026-10-07T04:24:53+00:00,738,10,2,True,True,True,1791347091
2026-10-07T04:24:53+00:00,460,20,7,True,True,True,1791347091
2026-10-07T04:24:53+00:00,744,2,5,True,True,True,1791347091
2026-10-07T04:24:53+00:00,485,18,2,True,True,True,1791347091
2026-10-07T04:39:53+00:00,6026,1,33,True,True,True,1791347991
2026-10-07T04:39:53+00:00,5431,7,13,True,True,True,1791347991
2026-10-07T04:39:53+00:00,5424,1,17,True,True,True,1791347991
2026-10-07T04:39:53+00:00,5220,0,19,True,True,True,1791347991
2026-10-07T04:39:53+00:00,5217,5,25,True,True,True,1791347991
2026-10-07T04:39:53+00:00,5113,11,2,True,True,True,1791347991
2026-10-07T04:39:53+00:00,4683,0,20,True,True,True,1791347991
2026-10-07T04:39:53+00:00,4552,1,17,True,True,True,1791347991
2026-10-07T04:39:53+00:00,3725,1,15,True,True,True,1791347991
2026-10-07T04:39:53+00:00,2358,5,6,True,True,True,1791347991
2026-10-07T04:39:53+00:00,2357,22,1,True,True,True,1791347991
2026-10-07T04:39:53+00:00,2355,0,12,True,True,True,1791347991
2026-10-07T04:39:53+00:00,2351,0,17,True,True,True,1791347991
2026-10-07T04:39:53+00:00,2350,1,21,True,True,True,1791347991
2026-10-07T04:39:53+00:00,2349,6,15,True,True,True,1791347991
2026-10-07T04:39:53+00:00,2347,9,21,True,True,True,1791347991
2026-10-07T04:39:53+00:00,2340,13,9,True,True,True,1791347991
2026-10-07T04:39:53+00:00,2339,8,21,True,True,True,1791347991
2026-10-07T04:39:53+00:00,2337,2,11,True,True,True,1791347991
2026-10-07T04:39:53+00:00,2334,1,10,True,True,True,1791347991
2026-10-07T04:39:53+00:00,2333,12,3,True,True,True,1791347991
2026-10-07T04:39:53+00:00,2332,1,8,True,True,True,1791347991
2026-10-07T04:39:53+00:00,2330,11,2,True,True,True,1791347991
2026-10-07T04:39:53+00:00,2329,10,4,True,True,True,1791347991
2026-10-07T04:39:53+00:00,2328,9,10,True,True,True,1791347991
2026-10-07T04:39:53+00:00,2315,8,7,True,True,True,1791347991
2026-10-07T04:39:53+00:00,2308,3,5,True,True,True,1791347991
2026-10-07T04:39:53+00:00,2307,1,25,True,True,True,1791347991
2026-10-07T04:39:53+00:00,2306,0,18,True,True,True,1791347991
2026-10-07T04:39:53+00:00,2305,6,8,True,True,True,1791347991
2026-10-07T04:39:53+00:00,2304,15,3,True,True,True,1791347991
2026-10-07T04:39:53+00:00,2280,11,4,True,True,True,1791347991
2026-10-07T04:39:53+00:00,2270,0,18,True,True,True,1791347991
2026-10-07T04:39:53+00:00,1919,1,5,True,True,True,1791347991
2026-10-07T04:39:53+00:00,1755,9,24,True,True,True,1791347991
2026-10-07T04:39:53+00:00,1101,14,9,True,True,True,1791347991
2026-10-07T04:39:53+00:00,1023,4,9,True,True,True,1791347991
2026-10-07T04:39:53+00:00,1009,4,6,True,True,True,1791347991
2026-10-07T04:39:53+00:00,970,7,16,True,True,True,1791347991
2026-10-07T04:39:53+00:00,787,2,10,True,True,True,1791347991
2026-10-07T04:39:53+00:00,627,2,28,True,True,True,1791347991
2026-10-07T04:39:53+00:00,623,8,11,True,True,True,1791347991
2026-10-07T04:39:53+00:00,624,6,11,True,True,True,1791347991
2026-10-07T04:39:53+00:00,626,2,20,True,True,True,1791347991
2026-10-07T04:39:53+00:00,614,21,2,True,True,True,1791347991
2026-10-07T04:39:53+00:00,616,11,4,True,True,True,1791347991
2026-10-07T04:39:53+00:00,618,0,40,True,True,True,1791347991
2026-10-07T04:39:53+00:00,621,8,16,True,True,True,1791347991
2026-10-07T04:39:53+00:00,622,5,21,True,True,True,1791347991
2026-10-07T04:39:53+00:00,613,6,10,True,True,True,1791347991
2026-10-07T04:39:53+00:00,620,12,26,True,True,True,1791347991
2026-10-07T04:39:53+00:00,596,6,10,True,True,True,1791347991
2026-10-07T04:39:53+00:00,617,1,3,True,True,True,1791347991
2026-10-07T04:39:53+00:00,609,7,20,True,True,True,1791347991
2026-10-07T04:39:53+00:00,607,14,14,True,True,True,1791347991
2026-10-07T04:39:53+00:00,603,4,14,True,True,True,1791347991
2026-10-07T04:39:53+00:00,590,3,34,True,True,True,1791347991
2026-10-07T04:39:53+00:00,610,8,12,True,True,True,1791347991
2026-10-07T04:39:53+00:00,608,6,15,True,True,True,1791347991
2026-10-07T04:39:53+00:00,593,4,24,True,True,True,1791347991
2026-10-07T04:39:53+00:00,530,3,6,True,True,True,1791347991
2026-10-07T04:39:53+00:00,463,15,1,True,True,True,1791347991
2026-10-07T04:39:53+00:00,475,22,1,True,True,True,1791347991
2026-10-07T04:39:53+00:00,439,3,20,True,True,True,1791347991
2026-10-07T04:39:53+00:00,600,4,6,True,True,True,1791347991
2026-10-07T04:39:53+00:00,440,4,13,True,True,True,1791347991
2026-10-07T04:39:53+00:00,612,1,17,True,True,True,1791347991
2026-10-07T04:39:53+00:00,491,14,4,True,True,True,1791347991
2026-10-07T04:39:53+00:00,493,21,4,True,True,True,1791347991
2026-10-07T04:39:53+00:00,410,6,19,True,True,True,1791347991
2026-10-07T04:39:53+00:00,605,4,14,True,True,True,1791347991
2026-10-07T04:39:53+00:00,388,0,17,True,True,True,1791347991
2026-10-07T04:39:53+00:00,591,3,19,True,True,True,1791347991
2026-10-07T04:39:53+00:00,592,1,17,True,True,True,1791347991
2026-10-07T04:39:53+00:00,585,0,1,False,False,False,1791347991
2026-10-07T04:39:53+00:00,565,5,13,True,True,True,1791347991
2026-10-07T04:39:53+00:00,571,9,10,True,True,True,1791347991
2026-10-07T04:39:53+00:00,568,4,11,True,True,True,1791347991
2026-10-07T04:39:53+00:00,588,2,17,True,True,True,1791347991
2026-10-07T04:39:53+00:00,584,17,16,True,True,True,1791347991
2026-10-07T04:39:53+00:00,569,8,21,True,True,True,1791347991
2026-10-07T04:39:53+00:00,577,24,4,True,True,True,1791347991
2026-10-07T04:39:53+00:00,564,7,22,True,True,True,1791347991
2026-10-07T04:39:53+00:00,570,2,13,True,True,True,1791347991
2026-10-07T04:39:53+00:00,572,8,29,True,True,True,1791347991
2026-10-07T04:39:53+00:00,586,2,23,True,True,True,1791347991
2026-10-07T04:39:53+00:00,576,9,8,True,True,True,1791347991
2026-10-07T04:39:53+00:00,566,2,21,True,True,True,1791347991
2026-10-07T04:39:53+00:00,602,3,15,True,True,True,1791347991
2026-10-07T04:39:53+00:00,575,0,29,True,True,True,1791347991
2026-10-07T04:39:53+00:00,567,4,33,True,True,True,1791347991
2026-10-07T04:39:53+00:00,582,1,24,True,True,True,1791347991
2026-10-07T04:39:53+00:00,595,22,0,True,True,True,1791347991
2026-10-07T04:39:53+00:00,542,10,8,True,True,True,1791347991
2026-10-07T04:39:53+00:00,563,8,8,True,True,True,1791347991
2026-10-07T04:39:53+00:00,558,3,12,True,True,True,1791347991
2026-10-07T04:39:53+00:00,552,8,10,True,True,True,1791347991
2026-10-07T04:39:53+00:00,555,8,5,True,True,True,1791347991
2026-10-07T04:39:53+00:00,573,21,3,True,True,True,1791347991
2026-10-07T04:39:53+00:00,561,12,10,True,True,True,1791347991
2026-10-07T04:39:53+00:00,615,14,7,True,True,True,1791347991
2026-10-07T04:39:53+00:00,543,1,17,True,True,True,1791347991
2026-10-07T04:39:53+00:00,554,0,20,True,True,True,1791347991
2026-10-07T04:39:53+00:00,574,4,7,True,True,True,1791347991
2026-10-07T04:39:53+00:00,560,0,8,True,True,True,1791347991
2026-10-07T04:39:53+00:00,548,1,16,True,True,True,1791347991
2026-10-07T04:39:53+00:00,559,7,10,True,True,True,1791347991
2026-10-07T04:39:53+00:00,545,18,20,True,True,True,1791347991
2026-10-07T04:39:53+00:00,550,0,9,True,True,True,1791347991
2026-10-07T04:39:53+00:00,541,3,6,True,True,True,1791347991
2026-10-07T04:39:53+00:00,527,11,1,True,True,True,1791347991
2026-10-07T04:39:53+00:00,529,15,6,True,True,True,1791347991
2026-10-07T04:39:53+00:00,526,0,13,True,True,True,1791347991
2026-10-07T04:39:53+00:00,537,5,13,True,True,True,1791347991
2026-10-07T04:39:53+00:00,547,4,25,True,True,True,1791347991
2026-10-07T04:39:53+00:00,601,3,16,True,True,True,1791347991
2026-10-07T04:39:53+00:00,533,0,11,True,True,True,1791347991
2026-10-07T04:39:53+00:00,535,4,23,True,True,True,1791347991
2026-10-07T04:39:53+00:00,524,0,19,True,True,True,1791347991
2026-10-07T04:39:53+00:00,519,19,2,True,True,True,1791347991
2026-10-07T04:39:53+00:00,534,13,26,True,True,True,1791347991
2026-10-07T04:39:53+00:00,521,6,6,True,True,True,1791347991
2026-10-07T04:39:53+00:00,518,13,5,True,True,True,1791347991
2026-10-07T04:39:53+00:00,556,3,15,True,True,True,1791347991
2026-10-07T04:39:53+00:00,525,1,11,True,True,True,1791347991
2026-10-07T04:39:53+00:00,517,2,13,True,True,True,1791347991
2026-10-07T04:39:53+00:00,523,4,26,True,True,True,1791347991
2026-10-07T04:39:53+00:00,522,8,1,True,True,True,1791347991
2026-10-07T04:39:53+00:00,594,14,4,True,True,True,1791347991
2026-10-07T04:39:53+00:00,532,0,20,True,True,True,1791347991
2026-10-07T04:39:53+00:00,509,7,5,True,True,True,1791347991
2026-10-07T04:39:53+00:00,531,9,9,True,True,True,1791347991
2026-10-07T04:39:53+00:00,536,0,9,True,True,True,1791347991
2026-10-07T04:39:53+00:00,562,29,8,True,True,True,1791347991
2026-10-07T04:39:53+00:00,511,3,17,True,True,True,1791347991
2026-10-07T04:39:53+00:00,505,5,14,True,True,True,1791347991
2026-10-07T04:39:53+00:00,501,1,17,True,True,True,1791347991
2026-10-07T04:39:53+00:00,514,2,7,True,True,True,1791347991
2026-10-07T04:39:53+00:00,500,0,17,True,True,True,1791347991
2026-10-07T04:39:53+00:00,503,13,16,True,True,True,1791347991
2026-10-07T04:39:53+00:00,513,2,12,True,True,True,1791347991
2026-10-07T04:39:53+00:00,498,0,12,True,True,True,1791347991
2026-10-07T04:39:53+00:00,507,15,1,True,True,True,1791347991
2026-10-07T04:39:53+00:00,512,4,25,True,True,True,1791347991
2026-10-07T04:39:53+00:00,619,0,42,True,True,True,1791347991
2026-10-07T04:39:53+00:00,474,0,42,True,True,True,1791347991
2026-10-07T04:39:53+00:00,580,3,42,True,True,True,1791347991
2026-10-07T04:39:53+00:00,496,4,39,True,True,True,1791347991
2026-10-07T04:39:53+00:00,482,1,16,True,True,True,1791347991
2026-10-07T04:39:53+00:00,407,0,12,True,True,True,1791347991
2026-10-07T04:39:53+00:00,409,15,9,True,True,True,1791347991
2026-10-07T04:39:53+00:00,451,2,16,True,True,True,1791347991
2026-10-07T04:39:53+00:00,402,2,17,True,True,True,1791347991
2026-10-07T04:39:53+00:00,516,5,9,True,True,True,1791347991
2026-10-07T04:39:53+00:00,625,6,34,True,True,True,1791347991
2026-10-07T04:39:53+00:00,429,0,20,True,True,True,1791347991
2026-10-07T04:39:53+00:00,380,0,24,True,True,True,1791347991
2026-10-07T04:39:53+00:00,583,7,11,True,True,True,1791347991
2026-10-07T04:39:53+00:00,398,11,2,True,True,True,1791347991
2026-10-07T04:39:53+00:00,381,14,0,True,True,True,1791347991
2026-10-07T04:39:53+00:00,464,23,20,True,True,True,1791347991
2026-10-07T04:39:53+00:00,442,12,0,True,True,True,1791347991
2026-10-07T04:39:53+00:00,483,6,15,True,True,True,1791347991
2026-10-07T04:39:53+00:00,458,11,4,True,True,True,1791347991
2026-10-07T04:39:53+00:00,499,11,5,True,True,True,1791347991
2026-10-07T04:39:53+00:00,472,3,19,True,True,True,1791347991
2026-10-07T04:39:53+00:00,506,4,20,True,True,True,1791347991
2026-10-07T04:39:53+00:00,465,8,20,True,True,True,1791347991
2026-10-07T04:39:53+00:00,611,3,33,True,True,True,1791347991
2026-10-07T04:39:53+00:00,404,2,24,True,True,True,1791347991
2026-10-07T04:39:53+00:00,579,1,15,True,True,True,1791347991
2026-10-07T04:39:53+00:00,589,6,21,True,True,True,1791347991
2026-10-07T04:39:53+00:00,434,2,16,True,True,True,1791347991
2026-10-07T04:39:53+00:00,462,2,13,True,True,True,1791347991
2026-10-07T04:39:53+00:00,578,10,14,True,True,True,1791347991
2026-10-07T04:39:53+00:00,415,0,10,True,True,True,1791347991
2026-10-07T04:39:53+00:00,423,17,2,True,True,True,1791347991
2026-10-07T04:39:53+00:00,412,2,2,True,True,True,1791347991
2026-10-07T04:39:53+00:00,387,4,10,True,True,True,1791347991
2026-10-07T04:39:53+00:00,441,0,15,True,True,True,1791347991
2026-10-07T04:39:53+00:00,454,6,16,True,True,True,1791347991
2026-10-07T04:39:53+00:00,436,9,1,True,True,True,1791347991
2026-10-07T04:39:53+00:00,394,5,9,True,True,True,1791347991
2026-10-07T04:39:53+00:00,497,2,25,True,True,True,1791347991
2026-10-07T04:39:53+00:00,581,17,5,True,True,True,1791347991
2026-10-07T04:39:53+00:00,461,6,11,True,True,True,1791347991
2026-10-07T04:39:53+00:00,599,17,28,True,True,True,1791347991
2026-10-07T04:39:53+00:00,428,12,11,True,True,True,1791347991
2026-10-07T04:39:53+00:00,400,6,18,True,True,True,1791347991
2026-10-07T04:39:53+00:00,487,4,16,True,True,True,1791347991
2026-10-07T04:39:53+00:00,438,22,16,True,True,True,1791347991
2026-10-07T04:39:53+00:00,459,1,11,True,True,True,1791347991
2026-10-07T04:39:53+00:00,433,1,17,True,True,True,1791347991
2026-10-07T04:39:53+00:00,399,25,8,True,True,True,1791347991
2026-10-07T04:39:53+00:00,489,6,20,True,True,True,1791347991
2026-10-07T04:39:53+00:00,742,23,3,True,True,True,1791347991
2026-10-07T04:39:53+00:00,551,16,13,True,True,True,1791347991
2026-10-07T04:39:53+00:00,406,3,8,True,True,True,1791347991
2026-10-07T04:39:53+00:00,488,12,9,True,True,True,1791347991
2026-10-07T04:39:53+00:00,540,11,21,True,True,True,1791347991
2026-10-07T04:39:53+00:00,431,10,10,True,True,True,1791347991
2026-10-07T04:39:53+00:00,393,9,10,True,True,True,1791347991
2026-10-07T04:39:53+00:00,420,8,8,True,True,True,1791347991
2026-10-07T04:39:53+00:00,397,2,30,True,True,True,1791347991
2026-10-07T04:39:53+00:00,390,14,16,True,True,True,1791347991
2026-10-07T04:39:53+00:00,449,6,17,True,True,True,1791347991
2026-10-07T04:39:53+00:00,430,7,32,True,True,True,1791347991
2026-10-07T04:39:53+00:00,484,12,20,True,True,True,1791347991
2026-10-07T04:39:53+00:00,479,0,28,True,True,True,1791347991
2026-10-07T04:39:53+00:00,403,11,1,True,True,True,1791347991
2026-10-07T04:39:53+00:00,435,18,12,True,True,True,1791347991
2026-10-07T04:39:53+00:00,426,15,5,True,True,True,1791347991
2026-10-07T04:39:53+00:00,450,3,11,True,True,True,1791347991
2026-10-07T04:39:53+00:00,456,19,13,True,True,True,1791347991
2026-10-07T04:39:53+00:00,468,14,0,True,True,True,1791347991
2026-10-07T04:39:53+00:00,453,4,28,True,True,True,1791347991
2026-10-07T04:39:53+00:00,466,0,15,True,True,True,1791347991
2026-10-07T04:39:53+00:00,469,3,27,True,True,True,1791347991
2026-10-07T04:39:53+00:00,416,1,14,True,True,True,1791347991
2026-10-07T04:39:53+00:00,391,6,6,True,True,True,1791347991
2026-10-07T04:39:53+00:00,389,7,8,True,True,True,1791347991
2026-10-07T04:39:53+00:00,470,2,12,True,True,True,1791347991
2026-10-07T04:39:53+00:00,384,6,10,True,True,True,1791347991
2026-10-07T04:39:53+00:00,425,2,5,True,True,True,1791347991
2026-10-07T04:39:53+00:00,411,3,8,True,True,True,1791347991
2026-10-07T04:39:53+00:00,598,10,21,True,True,True,1791347991
2026-10-07T04:39:53+00:00,444,15,2,True,True,True,1791347991
2026-10-07T04:39:53+00:00,447,12,16,True,True,True,1791347991
2026-10-07T04:39:53+00:00,408,11,2,True,True,True,1791347991
2026-10-07T04:39:53+00:00,737,8,15,True,True,True,1791347991
2026-10-07T04:39:53+00:00,432,10,2,True,True,True,1791347991
2026-10-07T04:39:53+00:00,401,6,0,True,True,True,1791347991
2026-10-07T04:39:53+00:00,452,0,30,True,True,True,1791347991
2026-10-07T04:39:53+00:00,392,5,2,True,True,True,1791347991
2026-10-07T04:39:53+00:00,481,5,37,True,True,True,1791347991
2026-10-07T04:39:53+00:00,495,18,20,True,True,True,1791347991
2026-10-07T04:39:53+00:00,478,9,4,True,True,True,1791347991
2026-10-07T04:39:53+00:00,414,4,7,True,True,True,1791347991
2026-10-07T04:39:53+00:00,476,12,5,True,True,True,1791347991
2026-10-07T04:39:53+00:00,445,10,7,True,True,True,1791347991
2026-10-07T04:39:53+00:00,748,10,16,True,True,True,1791347991
2026-10-07T04:39:53+00:00,473,3,4,True,True,True,1791347991
2026-10-07T04:39:53+00:00,383,10,15,True,True,True,1791347991
2026-10-07T04:39:53+00:00,480,17,5,True,True,True,1791347991
2026-10-07T04:39:53+00:00,421,3,18,True,True,True,1791347991
2026-10-07T04:39:53+00:00,746,9,2,True,True,True,1791347991
2026-10-07T04:39:53+00:00,417,1,13,True,True,True,1791347991
2026-10-07T04:39:53+00:00,427,7,7,True,True,True,1791347991
2026-10-07T04:39:53+00:00,395,1,12,True,True,True,1791347991
2026-10-07T04:39:53+00:00,418,8,19,True,True,True,1791347991
2026-10-07T04:39:53+00:00,413,0,12,True,True,True,1791347991
2026-10-07T04:39:53+00:00,486,3,16,True,True,True,1791347991
2026-10-07T04:39:53+00:00,597,7,6,True,True,True,1791347991
2026-10-07T04:39:53+00:00,422,4,5,True,True,True,1791347991
2026-10-07T04:39:53+00:00,382,7,1,True,True,True,1791347991
2026-10-07T04:39:53+00:00,396,6,13,True,True,True,1791347991
2026-10-07T04:39:53+00:00,735,12,2,True,True,True,1791347991
2026-10-07T04:39:53+00:00,437,5,19,True,True,True,1791347991
2026-10-07T04:39:53+00:00,446,8,11,True,True,True,1791347991
2026-10-07T04:39:53+00:00,424,2,5,True,True,True,1791347991
2026-10-07T04:39:53+00:00,455,8,3,True,True,True,1791347991
2026-10-07T04:39:53+00:00,457,9,1,True,True,True,1791347991
2026-10-07T04:39:53+00:00,377,26,2,True,True,True,1791347991
2026-10-07T04:39:53+00:00,738,10,2,True,True,True,1791347991
2026-10-07T04:39:53+00:00,460,20,7,True,True,True,1791347991
2026-10-07T04:39:53+00:00,744,1,6,True,True,True,1791347991
2026-10-07T04:39:53+00:00,485,18,2,True,True,True,1791347991
2026-10-07T04:54:53+00:00,6026,1,33,True,True,True,1791348882
2026-10-07T04:54:53+00:00,5431,7,13,True,True,True,1791348882
2026-10-07T04:54:53+00:00,5424,1,17,True,True,True,1791348882
2026-10-07T04:54:53+00:00,5220,0,19,True,True,True,1791348882
2026-10-07T04:54:53+00:00,5217,6,24,True,True,True,1791348882
2026-10-07T04:54:53+00:00,5113,10,3,True,True,True,1791348882
2026-10-07T04:54:53+00:00,4683,0,20,True,True,True,1791348882
2026-10-07T04:54:53+00:00,4552,1,17,True,True,True,1791348882
2026-10-07T04:54:53+00:00,3725,1,15,True,True,True,1791348882
2026-10-07T04:54:53+00:00,2358,5,6,True,True,True,1791348882
2026-10-07T04:54:53+00:00,2357,22,1,True,True,True,1791348882
2026-10-07T04:54:53+00:00,2355,0,12,True,True,True,1791348882
2026-10-07T04:54:53+00:00,2351,0,17,True,True,True,1791348882
2026-10-07T04:54:53+00:00,2350,0,22,True,True,True,1791348882
2026-10-07T04:54:53+00:00,2349,6,15,True,True,True,1791348882
2026-10-07T04:54:53+00:00,2347,9,21,True,True,True,1791348882
2026-10-07T04:54:53+00:00,2340,12,10,True,True,True,1791348882
2026-10-07T04:54:53+00:00,2339,8,21,True,True,True,1791348882
2026-10-07T04:54:53+00:00,2337,2,11,True,True,True,1791348882
2026-10-07T04:54:53+00:00,2334,1,10,True,True,True,1791348882
2026-10-07T04:54:53+00:00,2333,12,3,True,True,True,1791348882
2026-10-07T04:54:53+00:00,2332,1,8,True,True,True,1791348882
2026-10-07T04:54:53+00:00,2330,12,1,True,True,True,1791348882
2026-10-07T04:54:53+00:00,2329,10,4,True,True,True,1791348882
2026-10-07T04:54:53+00:00,2328,10,9,True,True,True,1791348882
2026-10-07T04:54:53+00:00,2315,8,7,True,True,True,1791348882
2026-10-07T04:54:53+00:00,2308,3,5,True,True,True,1791348882
2026-10-07T04:54:53+00:00,2307,1,25,True,True,True,1791348882
2026-10-07T04:54:53+00:00,2306,0,18,True,True,True,1791348882
2026-10-07T04:54:53+00:00,2305,6,8,True,True,True,1791348882
2026-10-07T04:54:53+00:00,2304,15,3,True,True,True,1791348882
2026-10-07T04:54:53+00:00,2280,11,4,True,True,True,1791348882
2026-10-07T04:54:53+00:00,2270,0,18,True,True,True,1791348882
2026-10-07T04:54:53+00:00,1919,1,5,True,True,True,1791348882
2026-10-07T04:54:53+00:00,1755,10,23,True,True,True,1791348882
2026-10-07T04:54:53+00:00,1101,14,9,True,True,True,1791348882
2026-10-07T04:54:53+00:00,1023,4,9,True,True,True,1791348882
2026-10-07T04:54:53+00:00,1009,4,6,True,True,True,1791348882
2026-10-07T04:54:53+00:00,970,7,16,True,True,True,1791348882
2026-10-07T04:54:53+00:00,787,2,10,True,True,True,1791348882
2026-10-07T04:54:53+00:00,627,2,28,True,True,True,1791348882
2026-10-07T04:54:53+00:00,623,8,11,True,True,True,1791348882
2026-10-07T04:54:53+00:00,624,5,11,True,True,True,1791348882
2026-10-07T04:54:53+00:00,626,3,19,True,True,True,1791348882
2026-10-07T04:54:53+00:00,614,20,3,True,True,True,1791348882
2026-10-07T04:54:53+00:00,616,11,4,True,True,True,1791348882
2026-10-07T04:54:53+00:00,618,0,40,True,True,True,1791348882
2026-10-07T04:54:53+00:00,621,8,17,True,True,True,1791348882
2026-10-07T04:54:53+00:00,622,5,21,True,True,True,1791348882
2026-10-07T04:54:53+00:00,613,5,11,True,True,True,1791348882
2026-10-07T04:54:53+00:00,620,12,26,True,True,True,1791348882
2026-10-07T04:54:53+00:00,596,5,11,True,True,True,1791348882
2026-10-07T04:54:53+00:00,617,1,3,True,True,True,1791348882
2026-10-07T04:54:53+00:00,609,7,20,True,True,True,1791348882
2026-10-07T04:54:53+00:00,607,12,16,True,True,True,1791348882
2026-10-07T04:54:53+00:00,603,4,14,True,True,True,1791348882
2026-10-07T04:54:53+00:00,590,3,34,True,True,True,1791348882
2026-10-07T04:54:53+00:00,610,8,12,True,True,True,1791348882
2026-10-07T04:54:53+00:00,608,6,15,True,True,True,1791348882
2026-10-07T04:54:53+00:00,593,4,24,True,True,True,1791348882
2026-10-07T04:54:53+00:00,530,3,6,True,True,True,1791348882
2026-10-07T04:54:53+00:00,463,15,1,True,True,True,1791348882
2026-10-07T04:54:53+00:00,475,22,1,True,True,True,1791348882
2026-10-07T04:54:53+00:00,439,3,20,True,True,True,1791348882
2026-10-07T04:54:53+00:00,600,4,6,True,True,True,1791348882
2026-10-07T04:54:53+00:00,440,5,12,True,True,True,1791348882
2026-10-07T04:54:53+00:00,612,1,17,True,True,True,1791348882
2026-10-07T04:54:53+00:00,491,13,4,True,True,True,1791348882
2026-10-07T04:54:53+00:00,493,21,4,True,True,True,1791348882
2026-10-07T04:54:53+00:00,410,5,20,True,True,True,1791348882
2026-10-07T04:54:53+00:00,605,4,14,True,True,True,1791348882
2026-10-07T04:54:53+00:00,388,0,17,True,True,True,1791348882
2026-10-07T04:54:53+00:00,591,2,20,True,True,True,1791348882
2026-10-07T04:54:53+00:00,592,1,17,True,True,True,1791348882
2026-10-07T04:54:53+00:00,585,0,1,False,False,False,1791348882
2026-10-07T04:54:53+00:00,565,5,13,True,True,True,1791348882
2026-10-07T04:54:53+00:00,571,9,10,True,True,True,1791348882
2026-10-07T04:54:53+00:00,568,4,11,True,True,True,1791348882
2026-10-07T04:54:53+00:00,588,2,17,True,True,True,1791348882
2026-10-07T04:54:53+00:00,584,16,17,True,True,True,1791348882
2026-10-07T04:54:53+00:00,569,8,21,True,True,True,1791348882
2026-10-07T04:54:53+00:00,577,24,4,True,True,True,1791348882
2026-10-07T04:54:53+00:00,564,6,23,True,True,True,1791348882
2026-10-07T04:54:53+00:00,570,3,12,True,True,True,1791348882
2026-10-07T04:54:53+00:00,572,8,29,True,True,True,1791348882
2026-10-07T04:54:53+00:00,586,2,23,True,True,True,1791348882
2026-10-07T04:54:53+00:00,576,9,8,True,True,True,1791348882
2026-10-07T04:54:53+00:00,566,2,21,True,True,True,1791348882
2026-10-07T04:54:53+00:00,602,3,15,True,True,True,1791348882
2026-10-07T04:54:53+00:00,575,0,29,True,True,True,1791348882
2026-10-07T04:54:53+00:00,567,4,33,True,True,True,1791348882
2026-10-07T04:54:53+00:00,582,1,24,True,True,True,1791348882
2026-10-07T04:54:53+00:00,595,22,0,True,True,True,1791348882
2026-10-07T04:54:53+00:00,542,10,8,True,True,True,1791348882
2026-10-07T04:54:53+00:00,563,8,8,True,True,True,1791348882
2026-10-07T04:54:53+00:00,558,4,11,True,True,True,1791348882
2026-10-07T04:54:53+00:00,552,8,10,True,True,True,1791348882
2026-10-07T04:54:53+00:00,555,8,5,True,True,True,1791348882
2026-10-07T04:54:53+00:00,573,5,19,True,True,True,1791348882
2026-10-07T04:54:53+00:00,561,12,10,True,True,True,1791348882
2026-10-07T04:54:53+00:00,615,13,8,True,True,True,1791348882
2026-10-07T04:54:53+00:00,543,1,17,True,True,True,1791348882
2026-10-07T04:54:53+00:00,554,0,20,True,True,True,1791348882
2026-10-07T04:54:53+00:00,574,5,6,True,True,True,1791348882
2026-10-07T04:54:53+00:00,560,0,8,True,True,True,1791348882
2026-10-07T04:54:53+00:00,548,1,15,True,True,True,1791348882
2026-10-07T04:54:53+00:00,559,7,10,True,True,True,1791348882
2026-10-07T04:54:53+00:00,545,18,20,True,True,True,1791348882
2026-10-07T04:54:53+00:00,550,0,9,True,True,True,1791348882
2026-10-07T04:54:53+00:00,541,3,6,True,True,True,1791348882
2026-10-07T04:54:53+00:00,527,12,0,True,True,True,1791348882
2026-10-07T04:54:53+00:00,529,14,7,True,True,True,1791348882
2026-10-07T04:54:53+00:00,526,2,11,True,True,True,1791348882
2026-10-07T04:54:53+00:00,537,5,13,True,True,True,1791348882
2026-10-07T04:54:53+00:00,547,5,24,True,True,True,1791348882
2026-10-07T04:54:53+00:00,601,3,16,True,True,True,1791348882
2026-10-07T04:54:53+00:00,533,0,11,True,True,True,1791348882
2026-10-07T04:54:53+00:00,535,2,25,True,True,True,1791348882
2026-10-07T04:54:53+00:00,524,0,19,True,True,True,1791348882
2026-10-07T04:54:53+00:00,519,17,4,True,True,True,1791348882
2026-10-07T04:54:53+00:00,534,13,26,True,True,True,1791348882
2026-10-07T04:54:53+00:00,521,5,7,True,True,True,1791348882
2026-10-07T04:54:53+00:00,518,12,6,True,True,True,1791348882
2026-10-07T04:54:53+00:00,556,3,15,True,True,True,1791348882
2026-10-07T04:54:53+00:00,525,1,11,True,True,True,1791348882
2026-10-07T04:54:53+00:00,517,1,14,True,True,True,1791348882
2026-10-07T04:54:53+00:00,523,4,26,True,True,True,1791348882
2026-10-07T04:54:53+00:00,522,8,1,True,True,True,1791348882
2026-10-07T04:54:53+00:00,594,14,4,True,True,True,1791348882
2026-10-07T04:54:53+00:00,532,0,20,True,True,True,1791348882
2026-10-07T04:54:53+00:00,509,7,5,True,True,True,1791348882
2026-10-07T04:54:53+00:00,531,9,9,True,True,True,1791348882
2026-10-07T04:54:53+00:00,536,1,8,True,True,True,1791348882
2026-10-07T04:54:53+00:00,562,29,8,True,True,True,1791348882
2026-10-07T04:54:53+00:00,511,2,18,True,True,True,1791348882
2026-10-07T04:54:53+00:00,505,6,13,True,True,True,1791348882
2026-10-07T04:54:53+00:00,501,1,17,True,True,True,1791348882
2026-10-07T04:54:53+00:00,514,2,7,True,True,True,1791348882
2026-10-07T04:54:53+00:00,500,0,17,True,True,True,1791348882
2026-10-07T04:54:53+00:00,503,13,16,True,True,True,1791348882
2026-10-07T04:54:53+00:00,513,2,12,True,True,True,1791348882
2026-10-07T04:54:53+00:00,498,0,12,True,True,True,1791348882
2026-10-07T04:54:53+00:00,507,12,4,True,True,True,1791348882
2026-10-07T04:54:53+00:00,512,5,24,True,True,True,1791348882
2026-10-07T04:54:53+00:00,619,0,42,True,True,True,1791348882
2026-10-07T04:54:53+00:00,474,0,42,True,True,True,1791348882
2026-10-07T04:54:53+00:00,580,3,42,True,True,True,1791348882
2026-10-07T04:54:53+00:00,496,4,39,True,True,True,1791348882
2026-10-07T04:54:53+00:00,482,1,16,True,True,True,1791348882
2026-10-07T04:54:53+00:00,407,0,12,True,True,True,1791348882
2026-10-07T04:54:53+00:00,409,14,10,True,True,True,1791348882
2026-10-07T04:54:53+00:00,451,1,17,True,True,True,1791348882
2026-10-07T04:54:53+00:00,402,2,17,True,True,True,1791348882
2026-10-07T04:54:53+00:00,516,6,8,True,True,True,1791348882
2026-10-07T04:54:53+00:00,625,6,34,True,True,True,1791348882
2026-10-07T04:54:53+00:00,429,0,20,True,True,True,1791348882
2026-10-07T04:54:53+00:00,380,0,24,True,True,True,1791348882
2026-10-07T04:54:53+00:00,583,7,11,True,True,True,1791348882
2026-10-07T04:54:53+00:00,398,11,2,True,True,True,1791348882
2026-10-07T04:54:53+00:00,381,14,0,True,True,True,1791348882
2026-10-07T04:54:53+00:00,464,24,19,True,True,True,1791348882
2026-10-07T04:54:53+00:00,442,11,1,True,True,True,1791348882
2026-10-07T04:54:53+00:00,483,6,15,True,True,True,1791348882
2026-10-07T04:54:53+00:00,458,11,4,True,True,True,1791348882
2026-10-07T04:54:53+00:00,499,11,5,True,True,True,1791348882
2026-10-07T04:54:53+00:00,472,2,20,True,True,True,1791348882
2026-10-07T04:54:53+00:00,506,3,21,True,True,True,1791348882
2026-10-07T04:54:53+00:00,465,8,20,True,True,True,1791348882
2026-10-07T04:54:53+00:00,611,3,33,True,True,True,1791348882
2026-10-07T04:54:53+00:00,404,3,23,True,True,True,1791348882
2026-10-07T04:54:53+00:00,579,0,16,True,True,True,1791348882
2026-10-07T04:54:53+00:00,589,6,21,True,True,True,1791348882
2026-10-07T04:54:53+00:00,434,3,15,True,True,True,1791348882
2026-10-07T04:54:53+00:00,462,2,13,True,True,True,1791348882
2026-10-07T04:54:53+00:00,578,10,14,True,True,True,1791348882
2026-10-07T04:54:53+00:00,415,2,10,True,True,True,1791348882
2026-10-07T04:54:53+00:00,423,17,2,True,True,True,1791348882
2026-10-07T04:54:53+00:00,412,2,2,True,True,True,1791348882
2026-10-07T04:54:53+00:00,387,4,10,True,True,True,1791348882
2026-10-07T04:54:53+00:00,441,0,15,True,True,True,1791348882
2026-10-07T04:54:53+00:00,454,6,16,True,True,True,1791348882
2026-10-07T04:54:53+00:00,436,8,2,True,True,True,1791348882
2026-10-07T04:54:53+00:00,394,6,9,True,True,True,1791348882
2026-10-07T04:54:53+00:00,497,1,26,True,True,True,1791348882
2026-10-07T04:54:53+00:00,581,16,6,True,True,True,1791348882
2026-10-07T04:54:53+00:00,461,6,11,True,True,True,1791348882
2026-10-07T04:54:53+00:00,599,17,28,True,True,True,1791348882
2026-10-07T04:54:53+00:00,428,12,11,True,True,True,1791348882
2026-10-07T04:54:53+00:00,400,6,18,True,True,True,1791348882
2026-10-07T04:54:53+00:00,487,5,16,True,True,True,1791348882
2026-10-07T04:54:53+00:00,438,22,16,True,True,True,1791348882
2026-10-07T04:54:53+00:00,459,1,11,True,True,True,1791348882
2026-10-07T04:54:53+00:00,433,1,17,True,True,True,1791348882
2026-10-07T04:54:53+00:00,399,25,8,True,True,True,1791348882
2026-10-07T04:54:53+00:00,489,5,21,True,True,True,1791348882
2026-10-07T04:54:53+00:00,742,23,3,True,True,True,1791348882
2026-10-07T04:54:53+00:00,551,15,14,True,True,True,1791348882
2026-10-07T04:54:53+00:00,406,3,8,True,True,True,1791348882
2026-10-07T04:54:53+00:00,488,12,9,True,True,True,1791348882
2026-10-07T04:54:53+00:00,540,10,21,True,True,True,1791348882
2026-10-07T04:54:53+00:00,431,10,10,True,True,True,1791348882
2026-10-07T04:54:53+00:00,393,8,11,True,True,True,1791348882
2026-10-07T04:54:53+00:00,420,7,9,True,True,True,1791348882
2026-10-07T04:54:53+00:00,397,2,30,True,True,True,1791348882
2026-10-07T04:54:53+00:00,390,14,16,True,True,True,1791348882
2026-10-07T04:54:53+00:00,449,6,17,True,True,True,1791348882
2026-10-07T04:54:53+00:00,430,7,32,True,True,True,1791348882
2026-10-07T04:54:53+00:00,484,13,19,True,True,True,1791348882
2026-10-07T04:54:53+00:00,479,1,27,True,True,True,1791348882
2026-10-07T04:54:53+00:00,403,11,1,True,True,True,1791348882
2026-10-07T04:54:53+00:00,435,17,13,True,True,True,1791348882
2026-10-07T04:54:53+00:00,426,15,5,True,True,True,1791348882
2026-10-07T04:54:53+00:00,450,3,11,True,True,True,1791348882
2026-10-07T04:54:53+00:00,456,19,13,True,True,True,1791348882
2026-10-07T04:54:53+00:00,468,14,0,True,True,True,1791348882
2026-10-07T04:54:53+00:00,453,4,28,True,True,True,1791348882
2026-10-07T04:54:53+00:00,466,0,15,True,True,True,1791348882
2026-10-07T04:54:53+00:00,469,3,27,True,True,True,1791348882
2026-10-07T04:54:53+00:00,416,1,14,True,True,True,1791348882
2026-10-07T04:54:53+00:00,391,6,6,True,True,True,1791348882
2026-10-07T04:54:53+00:00,389,7,8,True,True,True,1791348882
2026-10-07T04:54:53+00:00,470,1,12,True,True,True,1791348882
2026-10-07T04:54:53+00:00,384,7,9,True,True,True,1791348882
2026-10-07T04:54:53+00:00,425,2,5,True,True,True,1791348882
2026-10-07T04:54:53+00:00,411,3,8,True,True,True,1791348882
2026-10-07T04:54:53+00:00,598,10,21,True,True,True,1791348882
2026-10-07T04:54:53+00:00,444,14,3,True,True,True,1791348882
2026-10-07T04:54:53+00:00,447,12,16,True,True,True,1791348882
2026-10-07T04:54:53+00:00,408,9,4,True,True,True,1791348882
2026-10-07T04:54:53+00:00,737,7,16,True,True,True,1791348882
2026-10-07T04:54:53+00:00,432,9,3,True,True,True,1791348882
2026-10-07T04:54:53+00:00,401,6,0,True,True,True,1791348882
2026-10-07T04:54:53+00:00,452,1,29,True,True,True,1791348882
2026-10-07T04:54:53+00:00,392,4,3,True,True,True,1791348882
2026-10-07T04:54:53+00:00,481,5,37,True,True,True,1791348882
2026-10-07T04:54:53+00:00,495,18,20,True,True,True,1791348882
2026-10-07T04:54:53+00:00,478,10,3,True,True,True,1791348882
2026-10-07T04:54:53+00:00,414,4,7,True,True,True,1791348882
2026-10-07T04:54:53+00:00,476,12,5,True,True,True,1791348882
2026-10-07T04:54:53+00:00,445,10,7,True,True,True,1791348882
2026-10-07T04:54:53+00:00,748,10,16,True,True,True,1791348882
2026-10-07T04:54:53+00:00,473,3,4,True,True,True,1791348882
2026-10-07T04:54:53+00:00,383,8,16,True,True,True,1791348882
2026-10-07T04:54:53+00:00,480,18,4,True,True,True,1791348882
2026-10-07T04:54:53+00:00,421,3,18,True,True,True,1791348882
2026-10-07T04:54:53+00:00,746,9,2,True,True,True,1791348882
2026-10-07T04:54:53+00:00,417,1,13,True,True,True,1791348882
2026-10-07T04:54:53+00:00,427,7,7,True,True,True,1791348882
2026-10-07T04:54:53+00:00,395,1,12,True,True,True,1791348882
2026-10-07T04:54:53+00:00,418,8,19,True,True,True,1791348882
2026-10-07T04:54:53+00:00,413,0,12,True,True,True,1791348882
2026-10-07T04:54:53+00:00,486,3,16,True,True,True,1791348882
2026-10-07T04:54:53+00:00,597,6,7,True,True,True,1791348882
2026-10-07T04:54:53+00:00,422,4,5,True,True,True,1791348882
2026-10-07T04:54:53+00:00,382,6,2,True,True,True,1791348882
2026-10-07T04:54:53+00:00,396,6,13,True,True,True,1791348882
2026-10-07T04:54:53+00:00,735,12,2,True,True,True,1791348882
2026-10-07T04:54:53+00:00,437,5,19,True,True,True,1791348882
2026-10-07T04:54:53+00:00,446,9,10,True,True,True,1791348882
2026-10-07T04:54:53+00:00,424,2,5,True,True,True,1791348882
2026-10-07T04:54:53+00:00,455,7,4,True,True,True,1791348882
2026-10-07T04:54:53+00:00,457,9,1,True,True,True,1791348882
2026-10-07T04:54:53+00:00,377,26,2,True,True,True,1791348882
2026-10-07T04:54:53+00:00,738,10,2,True,True,True,1791348882
2026-10-07T04:54:53+00:00,460,20,7,True,True,True,1791348882
2026-10-07T04:54:53+00:00,744,1,6,True,True,True,1791348882
2026-10-07T04:54:53+00:00,485,18,2,True,True,True,1791348882
2026-10-07T05:09:53+00:00,6026,1,33,True,True,True,1791349782
2026-10-07T05:09:53+00:00,5431,7,13,True,True,True,1791349782
2026-10-07T05:09:53+00:00,5424,1,17,True,True,True,1791349782
2026-10-07T05:09:53+00:00,5220,0,19,True,True,True,1791349782
2026-10-07T05:09:53+00:00,5217,7,23,True,True,True,1791349782
2026-10-07T05:09:53+00:00,5113,10,3,True,True,True,1791349782
2026-10-07T05:09:53+00:00,4683,0,20,True,True,True,1791349782
2026-10-07T05:09:53+00:00,4552,0,18,True,True,True,1791349782
2026-10-07T05:09:53+00:00,3725,1,15,True,True,True,1791349782
2026-10-07T05:09:53+00:00,2358,5,6,True,True,True,1791349782
2026-10-07T05:09:53+00:00,2357,22,1,True,True,True,1791349782
2026-10-07T05:09:53+00:00,2355,1,11,True,True,True,1791349782
2026-10-07T05:09:53+00:00,2351,0,17,True,True,True,1791349782
2026-10-07T05:09:53+00:00,2350,1,21,True,True,True,1791349782
2026-10-07T05:09:53+00:00,2349,6,15,True,True,True,1791349782
2026-10-07T05:09:53+00:00,2347,9,21,True,True,True,1791349782
2026-10-07T05:09:53+00:00,2340,12,10,True,True,True,1791349782
2026-10-07T05:09:53+00:00,2339,9,20,True,True,True,1791349782
2026-10-07T05:09:53+00:00,2337,2,11,True,True,True,1791349782
2026-10-07T05:09:53+00:00,2334,1,10,True,True,True,1791349782
2026-10-07T05:09:53+00:00,2333,12,3,True,True,True,1791349782
2026-10-07T05:09:53+00:00,2332,1,8,True,True,True,1791349782
2026-10-07T05:09:53+00:00,2330,13,0,True,True,True,1791349782
2026-10-07T05:09:53+00:00,2329,11,3,True,True,True,1791349782
2026-10-07T05:09:53+00:00,2328,16,3,True,True,True,1791349782
2026-10-07T05:09:53+00:00,2315,7,8,True,True,True,1791349782
2026-10-07T05:09:53+00:00,2308,3,5,True,True,True,1791349782
2026-10-07T05:09:53+00:00,2307,1,25,True,True,True,1791349782
2026-10-07T05:09:53+00:00,2306,0,18,True,True,True,1791349782
2026-10-07T05:09:53+00:00,2305,6,8,True,True,True,1791349782
2026-10-07T05:09:53+00:00,2304,15,3,True,True,True,1791349782
2026-10-07T05:09:53+00:00,2280,11,4,True,True,True,1791349782
2026-10-07T05:09:53+00:00,2270,0,18,True,True,True,1791349782
2026-10-07T05:09:53+00:00,1919,3,3,True,True,True,1791349782
2026-10-07T05:09:53+00:00,1755,11,21,True,True,True,1791349782
2026-10-07T05:09:53+00:00,1101,14,9,True,True,True,1791349782
2026-10-07T05:09:53+00:00,1023,4,9,True,True,True,1791349782
2026-10-07T05:09:53+00:00,1009,4,6,True,True,True,1791349782
2026-10-07T05:09:53+00:00,970,8,16,True,True,True,1791349782
2026-10-07T05:09:53+00:00,787,2,10,True,True,True,1791349782
2026-10-07T05:09:53+00:00,627,2,28,True,True,True,1791349782
2026-10-07T05:09:53+00:00,623,9,10,True,True,True,1791349782
2026-10-07T05:09:53+00:00,624,5,12,True,True,True,1791349782
2026-10-07T05:09:53+00:00,626,3,19,True,True,True,1791349782
2026-10-07T05:09:53+00:00,614,20,3,True,True,True,1791349782
2026-10-07T05:09:53+00:00,616,11,4,True,True,True,1791349782
2026-10-07T05:09:53+00:00,618,0,40,True,True,True,1791349782
2026-10-07T05:09:53+00:00,621,8,17,True,True,True,1791349782
2026-10-07T05:09:53+00:00,622,5,21,True,True,True,1791349782
2026-10-07T05:09:53+00:00,613,5,11,True,True,True,1791349782
2026-10-07T05:09:53+00:00,620,9,29,True,True,True,1791349782
2026-10-07T05:09:53+00:00,596,5,11,True,True,True,1791349782
2026-10-07T05:09:53+00:00,617,1,3,True,True,True,1791349782
2026-10-07T05:09:53+00:00,609,7,20,True,True,True,1791349782
2026-10-07T05:09:53+00:00,607,13,15,True,True,True,1791349782
2026-10-07T05:09:53+00:00,603,4,14,True,True,True,1791349782
2026-10-07T05:09:53+00:00,590,4,33,True,True,True,1791349782
2026-10-07T05:09:53+00:00,610,8,12,True,True,True,1791349782
2026-10-07T05:09:53+00:00,608,5,16,True,True,True,1791349782
2026-10-07T05:09:53+00:00,593,12,16,True,True,True,1791349782
2026-10-07T05:09:53+00:00,530,4,5,True,True,True,1791349782
2026-10-07T05:09:53+00:00,463,13,3,True,True,True,1791349782
2026-10-07T05:09:53+00:00,475,22,1,True,True,True,1791349782
2026-10-07T05:09:53+00:00,439,3,20,True,True,True,1791349782
2026-10-07T05:09:53+00:00,600,4,6,True,True,True,1791349782
2026-10-07T05:09:53+00:00,440,5,12,True,True,True,1791349782
2026-10-07T05:09:53+00:00,612,1,17,True,True,True,1791349782
2026-10-07T05:09:53+00:00,491,14,4,True,True,True,1791349782
2026-10-07T05:09:53+00:00,493,19,6,True,True,True,1791349782
2026-10-07T05:09:53+00:00,410,4,21,True,True,True,1791349782
2026-10-07T05:09:53+00:00,605,4,14,True,True,True,1791349782
2026-10-07T05:09:53+00:00,388,0,17,True,True,True,1791349782
2026-10-07T05:09:53+00:00,591,2,20,True,True,True,1791349782
2026-10-07T05:09:53+00:00,592,1,17,True,True,True,1791349782
2026-10-07T05:09:53+00:00,585,0,1,False,False,False,1791349782
2026-10-07T05:09:53+00:00,565,5,13,True,True,True,1791349782
2026-10-07T05:09:53+00:00,571,9,10,True,True,True,1791349782
2026-10-07T05:09:53+00:00,568,3,12,True,True,True,1791349782
2026-10-07T05:09:53+00:00,588,2,17,True,True,True,1791349782
2026-10-07T05:09:53+00:00,584,16,17,True,True,True,1791349782
2026-10-07T05:09:53+00:00,569,8,21,True,True,True,1791349782
2026-10-07T05:09:53+00:00,577,24,4,True,True,True,1791349782
2026-10-07T05:09:53+00:00,564,6,23,True,True,True,1791349782
2026-10-07T05:09:53+00:00,570,3,12,True,True,True,1791349782
2026-10-07T05:09:53+00:00,572,9,28,True,True,True,1791349782
2026-10-07T05:09:53+00:00,586,1,24,True,True,True,1791349782
2026-10-07T05:09:53+00:00,576,9,8,True,True,True,1791349782
2026-10-07T05:09:53+00:00,566,2,21,True,True,True,1791349782
2026-10-07T05:09:53+00:00,602,3,15,True,True,True,1791349782
2026-10-07T05:09:53+00:00,575,0,29,True,True,True,1791349782
2026-10-07T05:09:53+00:00,567,4,33,True,True,True,1791349782
2026-10-07T05:09:53+00:00,582,1,24,True,True,True,1791349782
2026-10-07T05:09:53+00:00,595,22,0,True,True,True,1791349782
2026-10-07T05:09:53+00:00,542,10,8,True,True,True,1791349782
2026-10-07T05:09:53+00:00,563,8,8,True,True,True,1791349782
2026-10-07T05:09:53+00:00,558,6,9,True,True,True,1791349782
2026-10-07T05:09:53+00:00,552,10,8,True,True,True,1791349782
2026-10-07T05:09:53+00:00,555,7,6,True,True,True,1791349782
2026-10-07T05:09:53+00:00,573,5,19,True,True,True,1791349782
2026-10-07T05:09:53+00:00,561,12,10,True,True,True,1791349782
2026-10-07T05:09:53+00:00,615,13,8,True,True,True,1791349782
2026-10-07T05:09:53+00:00,543,1,17,True,True,True,1791349782
2026-10-07T05:09:53+00:00,554,0,20,True,True,True,1791349782
2026-10-07T05:09:53+00:00,574,7,4,True,True,True,1791349782
2026-10-07T05:09:53+00:00,560,0,8,True,True,True,1791349782
2026-10-07T05:09:53+00:00,548,1,16,True,True,True,1791349782
2026-10-07T05:09:53+00:00,559,7,10,True,True,True,1791349782
2026-10-07T05:09:53+00:00,545,18,20,True,True,True,1791349782
2026-10-07T05:09:53+00:00,550,0,9,True,True,True,1791349782
2026-10-07T05:09:53+00:00,541,3,6,True,True,True,1791349782
2026-10-07T05:09:53+00:00,527,12,0,True,True,True,1791349782
2026-10-07T05:09:53+00:00,529,14,7,True,True,True,1791349782
2026-10-07T05:09:53+00:00,526,2,11,True,True,True,1791349782
2026-10-07T05:09:53+00:00,537,6,12,True,True,True,1791349782
2026-10-07T05:09:53+00:00,547,5,24,True,True,True,1791349782
2026-10-07T05:09:53+00:00,601,3,16,True,True,True,1791349782
2026-10-07T05:09:53+00:00,533,0,11,True,True,True,1791349782
2026-10-07T05:09:53+00:00,535,2,25,True,True,True,1791349782
2026-10-07T05:09:53+00:00,524,0,19,True,True,True,1791349782
2026-10-07T05:09:53+00:00,519,17,4,True,True,True,1791349782
2026-10-07T05:09:53+00:00,534,14,25,True,True,True,1791349782
2026-10-07T05:09:53+00:00,521,5,7,True,True,True,1791349782
2026-10-07T05:09:53+00:00,518,12,6,True,True,True,1791349782
2026-10-07T05:09:53+00:00,556,3,15,True,True,True,1791349782
2026-10-07T05:09:53+00:00,525,2,11,True,True,True,1791349782
2026-10-07T05:09:53+00:00,517,1,14,True,True,True,1791349782
2026-10-07T05:09:53+00:00,523,7,23,True,True,True,1791349782
2026-10-07T05:09:53+00:00,522,8,1,True,True,True,1791349782
2026-10-07T05:09:53+00:00,594,14,4,True,True,True,1791349782
2026-10-07T05:09:53+00:00,532,0,20,True,True,True,1791349782
2026-10-07T05:09:53+00:00,509,7,5,True,True,True,1791349782
2026-10-07T05:09:53+00:00,531,8,10,True,True,True,1791349782
2026-10-07T05:09:53+00:00,536,1,8,True,True,True,1791349782
2026-10-07T05:09:53+00:00,562,31,6,True,True,True,1791349782
2026-10-07T05:09:53+00:00,511,2,18,True,True,True,1791349782
2026-10-07T05:09:53+00:00,505,6,13,True,True,True,1791349782
2026-10-07T05:09:53+00:00,501,1,17,True,True,True,1791349782
2026-10-07T05:09:53+00:00,514,2,8,True,True,True,1791349782
2026-10-07T05:09:53+00:00,500,1,16,True,True,True,1791349782
2026-10-07T05:09:53+00:00,503,13,16,True,True,True,1791349782
2026-10-07T05:09:53+00:00,513,2,12,True,True,True,1791349782
2026-10-07T05:09:53+00:00,498,0,12,True,True,True,1791349782
2026-10-07T05:09:53+00:00,507,10,6,True,True,True,1791349782
2026-10-07T05:09:53+00:00,512,4,25,True,True,True,1791349782
2026-10-07T05:09:53+00:00,619,0,42,True,True,True,1791349782
2026-10-07T05:09:53+00:00,474,0,42,True,True,True,1791349782
2026-10-07T05:09:53+00:00,580,3,42,True,True,True,1791349782
2026-10-07T05:09:53+00:00,496,4,39,True,True,True,1791349782
2026-10-07T05:09:53+00:00,482,0,17,True,True,True,1791349782
2026-10-07T05:09:53+00:00,407,0,12,True,True,True,1791349782
2026-10-07T05:09:53+00:00,409,14,10,True,True,True,1791349782
2026-10-07T05:09:53+00:00,451,1,17,True,True,True,1791349782
2026-10-07T05:09:53+00:00,402,2,17,True,True,True,1791349782
2026-10-07T05:09:53+00:00,516,5,9,True,True,True,1791349782
2026-10-07T05:09:53+00:00,625,6,34,True,True,True,1791349782
2026-10-07T05:09:53+00:00,429,0,20,True,True,True,1791349782
2026-10-07T05:09:53+00:00,380,16,8,True,True,True,1791349782
2026-10-07T05:09:53+00:00,583,6,12,True,True,True,1791349782
2026-10-07T05:09:53+00:00,398,10,3,True,True,True,1791349782
2026-10-07T05:09:53+00:00,381,14,0,True,True,True,1791349782
2026-10-07T05:09:53+00:00,464,24,19,True,True,True,1791349782
2026-10-07T05:09:53+00:00,442,10,2,True,True,True,1791349782
2026-10-07T05:09:53+00:00,483,6,15,True,True,True,1791349782
2026-10-07T05:09:53+00:00,458,10,5,True,True,True,1791349782
2026-10-07T05:09:53+00:00,499,11,5,True,True,True,1791349782
2026-10-07T05:09:53+00:00,472,2,20,True,True,True,1791349782
2026-10-07T05:09:53+00:00,506,3,21,True,True,True,1791349782
2026-10-07T05:09:53+00:00,465,12,16,True,True,True,1791349782
2026-10-07T05:09:53+00:00,611,3,33,True,True,True,1791349782
2026-10-07T05:09:53+00:00,404,4,22,True,True,True,1791349782
2026-10-07T05:09:53+00:00,579,0,16,True,True,True,1791349782
2026-10-07T05:09:53+00:00,589,6,21,True,True,True,1791349782
2026-10-07T05:09:53+00:00,434,3,15,True,True,True,1791349782
2026-10-07T05:09:53+00:00,462,2,13,True,True,True,1791349782
2026-10-07T05:09:53+00:00,578,10,14,True,True,True,1791349782
2026-10-07T05:09:53+00:00,415,2,10,True,True,True,1791349782
2026-10-07T05:09:53+00:00,423,16,3,True,True,True,1791349782
2026-10-07T05:09:53+00:00,412,2,2,True,True,True,1791349782
2026-10-07T05:09:53+00:00,387,4,10,True,True,True,1791349782
2026-10-07T05:09:53+00:00,441,0,15,True,True,True,1791349782
2026-10-07T05:09:53+00:00,454,6,16,True,True,True,1791349782
2026-10-07T05:09:53+00:00,436,9,1,True,True,True,1791349782
2026-10-07T05:09:53+00:00,394,8,9,True,True,True,1791349782
2026-10-07T05:09:53+00:00,497,1,26,True,True,True,1791349782
2026-10-07T05:09:53+00:00,581,15,7,True,True,True,1791349782
2026-10-07T05:09:53+00:00,461,6,11,True,True,True,1791349782
2026-10-07T05:09:53+00:00,599,17,28,True,True,True,1791349782
2026-10-07T05:09:53+00:00,428,12,11,True,True,True,1791349782
2026-10-07T05:09:53+00:00,400,6,18,True,True,True,1791349782
2026-10-07T05:09:53+00:00,487,5,16,True,True,True,1791349782
2026-10-07T05:09:53+00:00,438,23,15,True,True,True,1791349782
2026-10-07T05:09:53+00:00,459,11,1,True,True,True,1791349782
2026-10-07T05:09:53+00:00,433,0,18,True,True,True,1791349782
2026-10-07T05:09:53+00:00,399,25,8,True,True,True,1791349782
2026-10-07T05:09:53+00:00,489,3,23,True,True,True,1791349782
2026-10-07T05:09:53+00:00,742,23,3,True,True,True,1791349782
2026-10-07T05:09:53+00:00,551,14,15,True,True,True,1791349782
2026-10-07T05:09:53+00:00,406,3,8,True,True,True,1791349782
2026-10-07T05:09:53+00:00,488,12,9,True,True,True,1791349782
2026-10-07T05:09:53+00:00,540,11,21,True,True,True,1791349782
2026-10-07T05:09:53+00:00,431,10,10,True,True,True,1791349782
2026-10-07T05:09:53+00:00,393,8,11,True,True,True,1791349782
2026-10-07T05:09:53+00:00,420,6,10,True,True,True,1791349782
2026-10-07T05:09:53+00:00,397,2,30,True,True,True,1791349782
2026-10-07T05:09:53+00:00,390,15,15,True,True,True,1791349782
2026-10-07T05:09:53+00:00,449,7,16,True,True,True,1791349782
2026-10-07T05:09:53+00:00,430,8,31,True,True,True,1791349782
2026-10-07T05:09:53+00:00,484,13,19,True,True,True,1791349782
2026-10-07T05:09:53+00:00,479,0,28,True,True,True,1791349782
2026-10-07T05:09:53+00:00,403,11,1,True,True,True,1791349782
2026-10-07T05:09:53+00:00,435,18,12,True,True,True,1791349782
2026-10-07T05:09:53+00:00,426,15,5,True,True,True,1791349782
2026-10-07T05:09:53+00:00,450,3,11,True,True,True,1791349782
2026-10-07T05:09:53+00:00,456,20,13,True,True,True,1791349782
2026-10-07T05:09:53+00:00,468,13,1,True,True,True,1791349782
2026-10-07T05:09:53+00:00,453,3,29,True,True,True,1791349782
2026-10-07T05:09:53+00:00,466,0,15,True,True,True,1791349782
2026-10-07T05:09:53+00:00,469,3,27,True,True,True,1791349782
2026-10-07T05:09:53+00:00,416,1,14,True,True,True,1791349782
2026-10-07T05:09:53+00:00,391,6,6,True,True,True,1791349782
2026-10-07T05:09:53+00:00,389,7,8,True,True,True,1791349782
2026-10-07T05:09:53+00:00,470,1,13,True,True,True,1791349782
2026-10-07T05:09:53+00:00,384,5,11,True,True,True,1791349782
2026-10-07T05:09:53+00:00,425,2,5,True,True,True,1791349782
2026-10-07T05:09:53+00:00,411,3,8,True,True,True,1791349782
2026-10-07T05:09:53+00:00,598,10,21,True,True,True,1791349782
2026-10-07T05:09:53+00:00,444,14,3,True,True,True,1791349782
2026-10-07T05:09:53+00:00,447,11,17,True,True,True,1791349782
2026-10-07T05:09:53+00:00,408,9,4,True,True,True,1791349782
2026-10-07T05:09:53+00:00,737,7,16,True,True,True,1791349782
2026-10-07T05:09:53+00:00,432,8,4,True,True,True,1791349782
2026-10-07T05:09:53+00:00,401,6,0,True,True,True,1791349782
2026-10-07T05:09:53+00:00,452,3,27,True,True,True,1791349782
2026-10-07T05:09:53+00:00,392,6,1,True,True,True,1791349782
2026-10-07T05:09:53+00:00,481,5,37,True,True,True,1791349782
2026-10-07T05:09:53+00:00,495,18,20,True,True,True,1791349782
2026-10-07T05:09:53+00:00,478,11,2,True,True,True,1791349782
2026-10-07T05:09:53+00:00,414,4,7,True,True,True,1791349782
2026-10-07T05:09:53+00:00,476,12,5,True,True,True,1791349782
2026-10-07T05:09:53+00:00,445,10,7,True,True,True,1791349782
2026-10-07T05:09:53+00:00,748,10,16,True,True,True,1791349782
2026-10-07T05:09:53+00:00,473,2,5,True,True,True,1791349782
2026-10-07T05:09:53+00:00,383,8,16,True,True,True,1791349782
2026-10-07T05:09:53+00:00,480,16,6,True,True,True,1791349782
2026-10-07T05:09:53+00:00,421,3,18,True,True,True,1791349782
2026-10-07T05:09:53+00:00,746,10,1,True,True,True,1791349782
2026-10-07T05:09:53+00:00,417,1,13,True,True,True,1791349782
2026-10-07T05:09:53+00:00,427,7,7,True,True,True,1791349782
2026-10-07T05:09:53+00:00,395,2,11,True,True,True,1791349782
2026-10-07T05:09:53+00:00,418,8,19,True,True,True,1791349782
2026-10-07T05:09:53+00:00,413,0,12,True,True,True,1791349782
2026-10-07T05:09:53+00:00,486,3,16,True,True,True,1791349782
2026-10-07T05:09:53+00:00,597,8,5,True,True,True,1791349782
2026-10-07T05:09:53+00:00,422,4,5,True,True,True,1791349782
2026-10-07T05:09:53+00:00,382,6,2,True,True,True,1791349782
2026-10-07T05:09:53+00:00,396,9,10,True,True,True,1791349782
2026-10-07T05:09:53+00:00,735,12,2,True,True,True,1791349782
2026-10-07T05:09:53+00:00,437,5,19,True,True,True,1791349782
2026-10-07T05:09:53+00:00,446,8,11,True,True,True,1791349782
2026-10-07T05:09:53+00:00,424,1,6,True,True,True,1791349782
2026-10-07T05:09:53+00:00,455,7,4,True,True,True,1791349782
2026-10-07T05:09:53+00:00,457,8,2,True,True,True,1791349782
2026-10-07T05:09:53+00:00,377,26,2,True,True,True,1791349782
2026-10-07T05:09:53+00:00,738,10,2,True,True,True,1791349782
2026-10-07T05:09:53+00:00,460,18,9,True,True,True,1791349782
2026-10-07T05:09:53+00:00,744,1,6,True,True,True,1791349782
2026-10-07T05:09:53+00:00,485,16,4,True,True,True,1791349782
2026-10-07T05:24:53+00:00,6026,2,32,True,True,True,1791350687
2026-10-07T05:24:53+00:00,5431,6,14,True,True,True,1791350687
2026-10-07T05:24:53+00:00,5424,1,17,True,True,True,1791350687
2026-10-07T05:24:53+00:00,5220,0,19,True,True,True,1791350687
2026-10-07T05:24:53+00:00,5217,7,23,True,True,True,1791350687
2026-10-07T05:24:53+00:00,5113,8,4,True,True,True,1791350687
2026-10-07T05:24:53+00:00,4683,0,20,True,True,True,1791350687
2026-10-07T05:24:53+00:00,4552,0,18,True,True,True,1791350687
2026-10-07T05:24:53+00:00,3725,3,15,True,True,True,1791350687
2026-10-07T05:24:53+00:00,2358,4,7,True,True,True,1791350687
2026-10-07T05:24:53+00:00,2357,22,1,True,True,True,1791350687
2026-10-07T05:24:53+00:00,2355,1,11,True,True,True,1791350687
2026-10-07T05:24:53+00:00,2351,0,17,True,True,True,1791350687
2026-10-07T05:24:53+00:00,2350,1,21,True,True,True,1791350687
2026-10-07T05:24:53+00:00,2349,6,15,True,True,True,1791350687
2026-10-07T05:24:53+00:00,2347,9,21,True,True,True,1791350687
2026-10-07T05:24:53+00:00,2340,11,11,True,True,True,1791350687
2026-10-07T05:24:53+00:00,2339,10,19,True,True,True,1791350687
2026-10-07T05:24:53+00:00,2337,2,11,True,True,True,1791350687
2026-10-07T05:24:53+00:00,2334,1,10,True,True,True,1791350687
2026-10-07T05:24:53+00:00,2333,12,3,True,True,True,1791350687
2026-10-07T05:24:53+00:00,2332,1,8,True,True,True,1791350687
2026-10-07T05:24:53+00:00,2330,12,1,True,True,True,1791350687
2026-10-07T05:24:53+00:00,2329,12,2,True,True,True,1791350687
2026-10-07T05:24:53+00:00,2328,5,14,True,True,True,1791350687
2026-10-07T05:24:53+00:00,2315,7,8,True,True,True,1791350687
2026-10-07T05:24:53+00:00,2308,3,5,True,True,True,1791350687
2026-10-07T05:24:53+00:00,2307,1,25,True,True,True,1791350687
2026-10-07T05:24:53+00:00,2306,0,18,True,True,True,1791350687
2026-10-07T05:24:53+00:00,2305,6,8,True,True,True,1791350687
2026-10-07T05:24:53+00:00,2304,15,3,True,True,True,1791350687
2026-10-07T05:24:53+00:00,2280,11,4,True,True,True,1791350687
2026-10-07T05:24:53+00:00,2270,0,18,True,True,True,1791350687
2026-10-07T05:24:53+00:00,1919,3,3,True,True,True,1791350687
2026-10-07T05:24:53+00:00,1755,13,19,True,True,True,1791350687
2026-10-07T05:24:53+00:00,1101,14,9,True,True,True,1791350687
2026-10-07T05:24:53+00:00,1023,4,9,True,True,True,1791350687
2026-10-07T05:24:53+00:00,1009,4,6,True,True,True,1791350687
2026-10-07T05:24:53+00:00,970,6,17,True,True,True,1791350687
2026-10-07T05:24:53+00:00,787,2,10,True,True,True,1791350687
2026-10-07T05:24:53+00:00,627,2,28,True,True,True,1791350687
2026-10-07T05:24:53+00:00,623,9,10,True,True,True,1791350687
2026-10-07T05:24:53+00:00,624,5,12,True,True,True,1791350687
2026-10-07T05:24:53+00:00,626,3,19,True,True,True,1791350687
2026-10-07T05:24:53+00:00,614,20,3,True,True,True,1791350687
2026-10-07T05:24:53+00:00,616,11,4,True,True,True,1791350687
2026-10-07T05:24:53+00:00,618,0,40,True,True,True,1791350687
2026-10-07T05:24:53+00:00,621,8,17,True,True,True,1791350687
2026-10-07T05:24:53+00:00,622,5,21,True,True,True,1791350687
2026-10-07T05:24:53+00:00,613,4,12,True,True,True,1791350687
2026-10-07T05:24:53+00:00,620,9,29,True,True,True,1791350687
2026-10-07T05:24:53+00:00,596,5,11,True,True,True,1791350687
2026-10-07T05:24:53+00:00,617,4,5,True,True,True,1791350687
2026-10-07T05:24:53+00:00,609,8,19,True,True,True,1791350687
2026-10-07T05:24:53+00:00,607,13,15,True,True,True,1791350687
2026-10-07T05:24:53+00:00,603,4,14,True,True,True,1791350687
2026-10-07T05:24:53+00:00,590,4,33,True,True,True,1791350687
2026-10-07T05:24:53+00:00,610,8,12,True,True,True,1791350687
2026-10-07T05:24:53+00:00,608,4,17,True,True,True,1791350687
2026-10-07T05:24:53+00:00,593,12,16,True,True,True,1791350687
2026-10-07T05:24:53+00:00,530,3,6,True,True,True,1791350687
2026-10-07T05:24:53+00:00,463,13,3,True,True,True,1791350687
2026-10-07T05:24:53+00:00,475,22,1,True,True,True,1791350687
2026-10-07T05:24:53+00:00,439,3,20,True,True,True,1791350687
2026-10-07T05:24:53+00:00,600,4,6,True,True,True,1791350687
2026-10-07T05:24:53+00:00,440,5,12,True,True,True,1791350687
2026-10-07T05:24:53+00:00,612,1,17,True,True,True,1791350687
2026-10-07T05:24:53+00:00,491,14,4,True,True,True,1791350687
2026-10-07T05:24:53+00:00,493,17,8,True,True,True,1791350687
2026-10-07T05:24:53+00:00,410,3,22,True,True,True,1791350687
2026-10-07T05:24:53+00:00,605,4,14,True,True,True,1791350687
2026-10-07T05:24:53+00:00,388,0,17,True,True,True,1791350687
2026-10-07T05:24:53+00:00,591,2,20,True,True,True,1791350687
2026-10-07T05:24:53+00:00,592,1,17,True,True,True,1791350687
2026-10-07T05:24:53+00:00,585,0,1,False,False,False,1791350687
2026-10-07T05:24:53+00:00,565,5,13,True,True,True,1791350687
2026-10-07T05:24:53+00:00,571,9,10,True,True,True,1791350687
2026-10-07T05:24:53+00:00,568,2,13,True,True,True,1791350687
2026-10-07T05:24:53+00:00,588,0,19,True,True,True,1791350687
2026-10-07T05:24:53+00:00,584,16,17,True,True,True,1791350687
2026-10-07T05:24:53+00:00,569,7,22,True,True,True,1791350687
2026-10-07T05:24:53+00:00,577,24,4,True,True,True,1791350687
2026-10-07T05:24:53+00:00,564,7,22,True,True,True,1791350687
2026-10-07T05:24:53+00:00,570,3,12,True,True,True,1791350687
2026-10-07T05:24:53+00:00,572,10,27,True,True,True,1791350687
2026-10-07T05:24:53+00:00,586,1,24,True,True,True,1791350687
2026-10-07T05:24:53+00:00,576,9,8,True,True,True,1791350687
2026-10-07T05:24:53+00:00,566,2,21,True,True,True,1791350687
2026-10-07T05:24:53+00:00,602,3,15,True,True,True,1791350687
2026-10-07T05:24:53+00:00,575,0,29,True,True,True,1791350687
2026-10-07T05:24:53+00:00,567,4,33,True,True,True,1791350687
2026-10-07T05:24:53+00:00,582,2,23,True,True,True,1791350687
2026-10-07T05:24:53+00:00,595,22,0,True,True,True,1791350687
2026-10-07T05:24:53+00:00,542,10,8,True,True,True,1791350687
2026-10-07T05:24:53+00:00,563,8,8,True,True,True,1791350687
2026-10-07T05:24:53+00:00,558,5,10,True,True,True,1791350687
2026-10-07T05:24:53+00:00,552,11,7,True,True,True,1791350687
2026-10-07T05:24:53+00:00,555,6,7,True,True,True,1791350687
2026-10-07T05:24:53+00:00,573,5,19,True,True,True,1791350687
2026-10-07T05:24:53+00:00,561,11,11,True,True,True,1791350687
2026-10-07T05:24:53+00:00,615,13,8,True,True,True,1791350687
2026-10-07T05:24:53+00:00,543,1,17,True,True,True,1791350687
2026-10-07T05:24:53+00:00,554,0,20,True,True,True,1791350687
2026-10-07T05:24:53+00:00,574,8,3,True,True,True,1791350687
2026-10-07T05:24:53+00:00,560,0,8,True,True,True,1791350687
2026-10-07T05:24:53+00:00,548,0,17,True,True,True,1791350687
2026-10-07T05:24:53+00:00,559,6,11,True,True,True,1791350687
2026-10-07T05:24:53+00:00,545,18,20,True,True,True,1791350687
2026-10-07T05:24:53+00:00,550,0,9,True,True,True,1791350687
2026-10-07T05:24:53+00:00,541,3,6,True,True,True,1791350687
2026-10-07T05:24:53+00:00,527,12,0,True,True,True,1791350687
2026-10-07T05:24:53+00:00,529,14,7,True,True,True,1791350687
2026-10-07T05:24:53+00:00,526,4,9,True,True,True,1791350687
2026-10-07T05:24:53+00:00,537,7,11,True,True,True,1791350687
2026-10-07T05:24:53+00:00,547,5,24,True,True,True,1791350687
2026-10-07T05:24:53+00:00,601,3,16,True,True,True,1791350687
2026-10-07T05:24:53+00:00,533,0,11,True,True,True,1791350687
2026-10-07T05:24:53+00:00,535,2,25,True,True,True,1791350687
2026-10-07T05:24:53+00:00,524,0,19,True,True,True,1791350687
2026-10-07T05:24:53+00:00,519,17,4,True,True,True,1791350687
2026-10-07T05:24:53+00:00,534,14,25,True,True,True,1791350687
2026-10-07T05:24:53+00:00,521,5,7,True,True,True,1791350687
2026-10-07T05:24:53+00:00,518,11,7,True,True,True,1791350687
2026-10-07T05:24:53+00:00,556,3,15,True,True,True,1791350687
2026-10-07T05:24:53+00:00,525,1,12,True,True,True,1791350687
2026-10-07T05:24:53+00:00,517,1,14,True,True,True,1791350687
2026-10-07T05:24:53+00:00,523,8,22,True,True,True,1791350687
2026-10-07T05:24:53+00:00,522,8,1,True,True,True,1791350687
2026-10-07T05:24:53+00:00,594,13,5,True,True,True,1791350687
2026-10-07T05:24:53+00:00,532,0,20,True,True,True,1791350687
2026-10-07T05:24:53+00:00,509,7,5,True,True,True,1791350687
2026-10-07T05:24:53+00:00,531,8,10,True,True,True,1791350687
2026-10-07T05:24:53+00:00,536,1,8,True,True,True,1791350687
2026-10-07T05:24:53+00:00,562,31,6,True,True,True,1791350687
2026-10-07T05:24:53+00:00,511,6,14,True,True,True,1791350687
2026-10-07T05:24:53+00:00,505,5,14,True,True,True,1791350687
2026-10-07T05:24:53+00:00,501,1,17,True,True,True,1791350687
2026-10-07T05:24:53+00:00,514,0,9,True,True,True,1791350687
2026-10-07T05:24:53+00:00,500,1,16,True,True,True,1791350687
2026-10-07T05:24:53+00:00,503,11,17,True,True,True,1791350687
2026-10-07T05:24:53+00:00,513,2,12,True,True,True,1791350687
2026-10-07T05:24:53+00:00,498,0,12,True,True,True,1791350687
2026-10-07T05:24:53+00:00,507,8,8,True,True,True,1791350687
2026-10-07T05:24:53+00:00,512,4,25,True,True,True,1791350687
2026-10-07T05:24:53+00:00,619,0,42,True,True,True,1791350687
2026-10-07T05:24:53+00:00,474,0,42,True,True,True,1791350687
2026-10-07T05:24:53+00:00,580,3,42,True,True,True,1791350687
2026-10-07T05:24:53+00:00,496,4,39,True,True,True,1791350687
2026-10-07T05:24:53+00:00,482,0,17,True,True,True,1791350687
2026-10-07T05:24:53+00:00,407,0,12,True,True,True,1791350687
2026-10-07T05:24:53+00:00,409,15,9,True,True,True,1791350687
2026-10-07T05:24:53+00:00,451,1,17,True,True,True,1791350687
2026-10-07T05:24:53+00:00,402,2,17,True,True,True,1791350687
2026-10-07T05:24:53+00:00,516,4,10,True,True,True,1791350687
2026-10-07T05:24:53+00:00,625,7,33,True,True,True,1791350687
2026-10-07T05:24:53+00:00,429,1,19,True,True,True,1791350687
2026-10-07T05:24:53+00:00,380,14,10,True,True,True,1791350687
2026-10-07T05:24:53+00:00,583,5,13,True,True,True,1791350687
2026-10-07T05:24:53+00:00,398,10,3,True,True,True,1791350687
2026-10-07T05:24:53+00:00,381,14,0,True,True,True,1791350687
2026-10-07T05:24:53+00:00,464,23,20,True,True,True,1791350687
2026-10-07T05:24:53+00:00,442,10,2,True,True,True,1791350687
2026-10-07T05:24:53+00:00,483,6,15,True,True,True,1791350687
2026-10-07T05:24:53+00:00,458,10,5,True,True,True,1791350687
2026-10-07T05:24:53+00:00,499,11,5,True,True,True,1791350687
2026-10-07T05:24:53+00:00,472,2,20,True,True,True,1791350687
2026-10-07T05:24:53+00:00,506,3,21,True,True,True,1791350687
2026-10-07T05:24:53+00:00,465,13,15,True,True,True,1791350687
2026-10-07T05:24:53+00:00,611,4,32,True,True,True,1791350687
2026-10-07T05:24:53+00:00,404,4,22,True,True,True,1791350687
2026-10-07T05:24:53+00:00,579,0,16,True,True,True,1791350687
2026-10-07T05:24:53+00:00,589,6,21,True,True,True,1791350687
2026-10-07T05:24:53+00:00,434,4,14,True,True,True,1791350687
2026-10-07T05:24:53+00:00,462,2,13,True,True,True,1791350687
2026-10-07T05:24:53+00:00,578,10,14,True,True,True,1791350687
2026-10-07T05:24:53+00:00,415,1,11,True,True,True,1791350687
2026-10-07T05:24:53+00:00,423,14,5,True,True,True,1791350687
2026-10-07T05:24:53+00:00,412,2,2,True,True,True,1791350687
2026-10-07T05:24:53+00:00,387,4,10,True,True,True,1791350687
2026-10-07T05:24:53+00:00,441,0,15,True,True,True,1791350687
2026-10-07T05:24:53+00:00,454,6,16,True,True,True,1791350687
2026-10-07T05:24:53+00:00,436,6,4,True,True,True,1791350687
2026-10-07T05:24:53+00:00,394,7,10,True,True,True,1791350687
2026-10-07T05:24:53+00:00,497,1,26,True,True,True,1791350687
2026-10-07T05:24:53+00:00,581,15,7,True,True,True,1791350687
2026-10-07T05:24:53+00:00,461,6,11,True,True,True,1791350687
2026-10-07T05:24:53+00:00,599,18,27,True,True,True,1791350687
2026-10-07T05:24:53+00:00,428,12,11,True,True,True,1791350687
2026-10-07T05:24:53+00:00,400,6,18,True,True,True,1791350687
2026-10-07T05:24:53+00:00,487,5,16,True,True,True,1791350687
2026-10-07T05:24:53+00:00,438,23,15,True,True,True,1791350687
2026-10-07T05:24:53+00:00,459,10,2,True,True,True,1791350687
2026-10-07T05:24:53+00:00,433,0,18,True,True,True,1791350687
2026-10-07T05:24:53+00:00,399,25,8,True,True,True,1791350687
2026-10-07T05:24:53+00:00,489,3,23,True,True,True,1791350687
2026-10-07T05:24:53+00:00,742,22,4,True,True,True,1791350687
2026-10-07T05:24:53+00:00,551,12,17,True,True,True,1791350687
2026-10-07T05:24:53+00:00,406,3,8,True,True,True,1791350687
2026-10-07T05:24:53+00:00,488,11,10,True,True,True,1791350687
2026-10-07T05:24:53+00:00,540,12,21,True,True,True,1791350687
2026-10-07T05:24:53+00:00,431,11,9,True,True,True,1791350687
2026-10-07T05:24:53+00:00,393,7,11,True,True,True,1791350687
2026-10-07T05:24:53+00:00,420,5,11,True,True,True,1791350687
2026-10-07T05:24:53+00:00,397,1,31,True,True,True,1791350687
2026-10-07T05:24:53+00:00,390,16,14,True,True,True,1791350687
2026-10-07T05:24:53+00:00,449,7,16,True,True,True,1791350687
2026-10-07T05:24:53+00:00,430,9,30,True,True,True,1791350687
2026-10-07T05:24:53+00:00,484,14,18,True,True,True,1791350687
2026-10-07T05:24:53+00:00,479,2,26,True,True,True,1791350687
2026-10-07T05:24:53+00:00,403,11,1,True,True,True,1791350687
2026-10-07T05:24:53+00:00,435,18,12,True,True,True,1791350687
2026-10-07T05:24:53+00:00,426,15,5,True,True,True,1791350687
2026-10-07T05:24:53+00:00,450,3,11,True,True,True,1791350687
2026-10-07T05:24:53+00:00,456,18,14,True,True,True,1791350687
2026-10-07T05:24:53+00:00,468,13,1,True,True,True,1791350687
2026-10-07T05:24:53+00:00,453,3,29,True,True,True,1791350687
2026-10-07T05:24:53+00:00,466,0,14,True,True,True,1791350687
2026-10-07T05:24:53+00:00,469,3,27,True,True,True,1791350687
2026-10-07T05:24:53+00:00,416,0,15,True,True,True,1791350687
2026-10-07T05:24:53+00:00,391,6,6,True,True,True,1791350687
2026-10-07T05:24:53+00:00,389,7,8,True,True,True,1791350687
2026-10-07T05:24:53+00:00,470,1,13,True,True,True,1791350687
2026-10-07T05:24:53+00:00,384,3,13,True,True,True,1791350687
2026-10-07T05:24:53+00:00,425,2,5,True,True,True,1791350687
2026-10-07T05:24:53+00:00,411,3,8,True,True,True,1791350687
2026-10-07T05:24:53+00:00,598,6,25,True,True,True,1791350687
2026-10-07T05:24:53+00:00,444,11,5,True,True,True,1791350687
2026-10-07T05:24:53+00:00,447,11,17,True,True,True,1791350687
2026-10-07T05:24:53+00:00,408,10,3,True,True,True,1791350687
2026-10-07T05:24:53+00:00,737,7,16,True,True,True,1791350687
2026-10-07T05:24:53+00:00,432,8,4,True,True,True,1791350687
2026-10-07T05:24:53+00:00,401,6,0,True,True,True,1791350687
2026-10-07T05:24:53+00:00,452,7,23,True,True,True,1791350687
2026-10-07T05:24:53+00:00,392,6,1,True,True,True,1791350687
2026-10-07T05:24:53+00:00,481,6,36,True,True,True,1791350687
2026-10-07T05:24:53+00:00,495,20,18,True,True,True,1791350687
2026-10-07T05:24:53+00:00,478,12,1,True,True,True,1791350687
2026-10-07T05:24:53+00:00,414,4,7,True,True,True,1791350687
2026-10-07T05:24:53+00:00,476,12,5,True,True,True,1791350687
2026-10-07T05:24:53+00:00,445,10,7,True,True,True,1791350687
2026-10-07T05:24:53+00:00,748,9,17,True,True,True,1791350687
2026-10-07T05:24:53+00:00,473,2,5,True,True,True,1791350687
2026-10-07T05:24:53+00:00,383,9,15,True,True,True,1791350687
2026-10-07T05:24:53+00:00,480,15,7,True,True,True,1791350687
2026-10-07T05:24:53+00:00,421,2,19,True,True,True,1791350687
2026-10-07T05:24:53+00:00,746,10,1,True,True,True,1791350687
2026-10-07T05:24:53+00:00,417,1,13,True,True,True,1791350687
2026-10-07T05:24:53+00:00,427,7,7,True,True,True,1791350687
2026-10-07T05:24:53+00:00,395,2,11,True,True,True,1791350687
2026-10-07T05:24:53+00:00,418,8,19,True,True,True,1791350687
2026-10-07T05:24:53+00:00,413,6,6,True,True,True,1791350687
2026-10-07T05:24:53+00:00,486,3,16,True,True,True,1791350687
2026-10-07T05:24:53+00:00,597,9,4,True,True,True,1791350687
2026-10-07T05:24:53+00:00,422,4,5,True,True,True,1791350687
2026-10-07T05:24:53+00:00,382,6,2,True,True,True,1791350687
2026-10-07T05:24:53+00:00,396,9,10,True,True,True,1791350687
2026-10-07T05:24:53+00:00,735,12,2,True,True,True,1791350687
2026-10-07T05:24:53+00:00,437,7,17,True,True,True,1791350687
2026-10-07T05:24:53+00:00,446,5,14,True,True,True,1791350687
2026-10-07T05:24:53+00:00,424,1,6,True,True,True,1791350687
2026-10-07T05:24:53+00:00,455,7,4,True,True,True,1791350687
2026-10-07T05:24:53+00:00,457,7,3,True,True,True,1791350687
2026-10-07T05:24:53+00:00,377,26,2,True,True,True,1791350687
2026-10-07T05:24:53+00:00,738,10,2,True,True,True,1791350687
2026-10-07T05:24:53+00:00,460,18,9,True,True,True,1791350687
2026-10-07T05:24:53+00:00,744,0,7,True,True,True,1791350687
2026-10-07T05:24:53+00:00,485,14,6,True,True,True,1791350687
2026-10-07T05:39:53+00:00,6026,3,31,True,True,True,1791351580
2026-10-07T05:39:53+00:00,5431,6,14,True,True,True,1791351580
2026-10-07T05:39:53+00:00,5424,1,17,True,True,True,1791351580
2026-10-07T05:39:53+00:00,5220,0,19,True,True,True,1791351580
2026-10-07T05:39:53+00:00,5217,8,22,True,True,True,1791351580
2026-10-07T05:39:53+00:00,5113,10,3,True,True,True,1791351580
2026-10-07T05:39:53+00:00,4683,1,19,True,True,True,1791351580
2026-10-07T05:39:53+00:00,4552,0,18,True,True,True,1791351580
2026-10-07T05:39:53+00:00,3725,2,15,True,True,True,1791351580
2026-10-07T05:39:53+00:00,2358,3,8,True,True,True,1791351580
2026-10-07T05:39:53+00:00,2357,6,17,True,True,True,1791351580
2026-10-07T05:39:53+00:00,2355,2,10,True,True,True,1791351580
2026-10-07T05:39:53+00:00,2351,0,17,True,True,True,1791351580
2026-10-07T05:39:53+00:00,2350,1,21,True,True,True,1791351580
2026-10-07T05:39:53+00:00,2349,6,15,True,True,True,1791351580
2026-10-07T05:39:53+00:00,2347,9,21,True,True,True,1791351580
2026-10-07T05:39:53+00:00,2340,10,12,True,True,True,1791351580
2026-10-07T05:39:53+00:00,2339,11,18,True,True,True,1791351580
2026-10-07T05:39:53+00:00,2337,2,11,True,True,True,1791351580
2026-10-07T05:39:53+00:00,2334,0,11,True,True,True,1791351580
2026-10-07T05:39:53+00:00,2333,12,3,True,True,True,1791351580
2026-10-07T05:39:53+00:00,2332,1,8,True,True,True,1791351580
2026-10-07T05:39:53+00:00,2330,12,1,True,True,True,1791351580
2026-10-07T05:39:53+00:00,2329,13,1,True,True,True,1791351580
2026-10-07T05:39:53+00:00,2328,6,13,True,True,True,1791351580
2026-10-07T05:39:53+00:00,2315,6,9,True,True,True,1791351580
2026-10-07T05:39:53+00:00,2308,4,4,True,True,True,1791351580
2026-10-07T05:39:53+00:00,2307,1,25,True,True,True,1791351580
2026-10-07T05:39:53+00:00,2306,0,18,True,True,True,1791351580
2026-10-07T05:39:53+00:00,2305,5,9,True,True,True,1791351580
2026-10-07T05:39:53+00:00,2304,15,3,True,True,True,1791351580
2026-10-07T05:39:53+00:00,2280,11,4,True,True,True,1791351580
2026-10-07T05:39:53+00:00,2270,0,18,True,True,True,1791351580
2026-10-07T05:39:53+00:00,1919,3,3,True,True,True,1791351580
2026-10-07T05:39:53+00:00,1755,13,19,True,True,True,1791351580
2026-10-07T05:39:53+00:00,1101,14,9,True,True,True,1791351580
2026-10-07T05:39:53+00:00,1023,6,7,True,True,True,1791351580
2026-10-07T05:39:53+00:00,1009,4,6,True,True,True,1791351580
2026-10-07T05:39:53+00:00,970,5,18,True,True,True,1791351580
2026-10-07T05:39:53+00:00,787,3,9,True,True,True,1791351580
2026-10-07T05:39:53+00:00,627,2,28,True,True,True,1791351580
2026-10-07T05:39:53+00:00,623,11,8,True,True,True,1791351580
2026-10-07T05:39:53+00:00,624,3,14,True,True,True,1791351580
2026-10-07T05:39:53+00:00,626,3,19,True,True,True,1791351580
2026-10-07T05:39:53+00:00,614,20,3,True,True,True,1791351580
2026-10-07T05:39:53+00:00,616,12,3,True,True,True,1791351580
2026-10-07T05:39:53+00:00,618,0,40,True,True,True,1791351580
2026-10-07T05:39:53+00:00,621,6,19,True,True,True,1791351580
2026-10-07T05:39:53+00:00,622,6,20,True,True,True,1791351580
2026-10-07T05:39:53+00:00,613,3,13,True,True,True,1791351580
2026-10-07T05:39:53+00:00,620,7,31,True,True,True,1791351580
2026-10-07T05:39:53+00:00,596,5,11,True,True,True,1791351580
2026-10-07T05:39:53+00:00,617,4,5,True,True,True,1791351580
2026-10-07T05:39:53+00:00,609,9,18,True,True,True,1791351580
2026-10-07T05:39:53+00:00,607,12,16,True,True,True,1791351580
2026-10-07T05:39:53+00:00,603,4,14,True,True,True,1791351580
2026-10-07T05:39:53+00:00,590,5,32,True,True,True,1791351580
2026-10-07T05:39:53+00:00,610,8,12,True,True,True,1791351580
2026-10-07T05:39:53+00:00,608,4,17,True,True,True,1791351580
2026-10-07T05:39:53+00:00,593,12,16,True,True,True,1791351580
2026-10-07T05:39:53+00:00,530,2,7,True,True,True,1791351580
2026-10-07T05:39:53+00:00,463,12,4,True,True,True,1791351580
2026-10-07T05:39:53+00:00,475,22,1,True,True,True,1791351580
2026-10-07T05:39:53+00:00,439,3,20,True,True,True,1791351580
2026-10-07T05:39:53+00:00,600,4,6,True,True,True,1791351580
2026-10-07T05:39:53+00:00,440,5,12,True,True,True,1791351580
2026-10-07T05:39:53+00:00,612,0,18,True,True,True,1791351580
2026-10-07T05:39:53+00:00,491,15,2,True,True,True,1791351580
2026-10-07T05:39:53+00:00,493,15,10,True,True,True,1791351580
2026-10-07T05:39:53+00:00,410,2,23,True,True,True,1791351580
2026-10-07T05:39:53+00:00,605,4,14,True,True,True,1791351580
2026-10-07T05:39:53+00:00,388,0,17,True,True,True,1791351580
2026-10-07T05:39:53+00:00,591,2,20,True,True,True,1791351580
2026-10-07T05:39:53+00:00,592,1,17,True,True,True,1791351580
2026-10-07T05:39:53+00:00,585,0,1,False,False,False,1791351580
2026-10-07T05:39:53+00:00,565,4,14,True,True,True,1791351580
2026-10-07T05:39:53+00:00,571,12,7,True,True,True,1791351580
2026-10-07T05:39:53+00:00,568,2,13,True,True,True,1791351580
2026-10-07T05:39:53+00:00,588,0,19,True,True,True,1791351580
2026-10-07T05:39:53+00:00,584,14,19,True,True,True,1791351580
2026-10-07T05:39:53+00:00,569,8,21,True,True,True,1791351580
2026-10-07T05:39:53+00:00,577,24,4,True,True,True,1791351580
2026-10-07T05:39:53+00:00,564,6,23,True,True,True,1791351580
2026-10-07T05:39:53+00:00,570,3,12,True,True,True,1791351580
2026-10-07T05:39:53+00:00,572,12,25,True,True,True,1791351580
2026-10-07T05:39:53+00:00,586,1,24,True,True,True,1791351580
2026-10-07T05:39:53+00:00,576,9,8,True,True,True,1791351580
2026-10-07T05:39:53+00:00,566,2,21,True,True,True,1791351580
2026-10-07T05:39:53+00:00,602,3,15,True,True,True,1791351580
2026-10-07T05:39:53+00:00,575,0,29,True,True,True,1791351580
2026-10-07T05:39:53+00:00,567,6,31,True,True,True,1791351580
2026-10-07T05:39:53+00:00,582,2,23,True,True,True,1791351580
2026-10-07T05:39:53+00:00,595,22,0,True,True,True,1791351580
2026-10-07T05:39:53+00:00,542,10,8,True,True,True,1791351580
2026-10-07T05:39:53+00:00,563,7,9,True,True,True,1791351580
2026-10-07T05:39:53+00:00,558,6,9,True,True,True,1791351580
2026-10-07T05:39:53+00:00,552,3,15,True,True,True,1791351580
2026-10-07T05:39:53+00:00,555,7,7,True,True,True,1791351580
2026-10-07T05:39:53+00:00,573,5,19,True,True,True,1791351580
2026-10-07T05:39:53+00:00,561,11,11,True,True,True,1791351580
2026-10-07T05:39:53+00:00,615,13,8,True,True,True,1791351580
2026-10-07T05:39:53+00:00,543,1,17,True,True,True,1791351580
2026-10-07T05:39:53+00:00,554,0,20,True,True,True,1791351580
2026-10-07T05:39:53+00:00,574,8,3,True,True,True,1791351580
2026-10-07T05:39:53+00:00,560,0,8,True,True,True,1791351580
2026-10-07T05:39:53+00:00,548,0,17,True,True,True,1791351580
2026-10-07T05:39:53+00:00,559,6,11,True,True,True,1791351580
2026-10-07T05:39:53+00:00,545,18,20,True,True,True,1791351580
2026-10-07T05:39:53+00:00,550,0,9,True,True,True,1791351580
2026-10-07T05:39:53+00:00,541,3,6,True,True,True,1791351580
2026-10-07T05:39:53+00:00,527,10,2,True,True,True,1791351580
2026-10-07T05:39:53+00:00,529,13,8,True,True,True,1791351580
2026-10-07T05:39:53+00:00,526,7,6,True,True,True,1791351580
2026-10-07T05:39:53+00:00,537,9,9,True,True,True,1791351580
2026-10-07T05:39:53+00:00,547,5,24,True,True,True,1791351580
2026-10-07T05:39:53+00:00,601,3,16,True,True,True,1791351580
2026-10-07T05:39:53+00:00,533,0,11,True,True,True,1791351580
2026-10-07T05:39:53+00:00,535,1,26,True,True,True,1791351580
2026-10-07T05:39:53+00:00,524,0,19,True,True,True,1791351580
2026-10-07T05:39:53+00:00,519,16,5,True,True,True,1791351580
2026-10-07T05:39:53+00:00,534,14,25,True,True,True,1791351580
2026-10-07T05:39:53+00:00,521,4,8,True,True,True,1791351580
2026-10-07T05:39:53+00:00,518,11,7,True,True,True,1791351580
2026-10-07T05:39:53+00:00,556,3,15,True,True,True,1791351580
2026-10-07T05:39:53+00:00,525,1,12,True,True,True,1791351580
2026-10-07T05:39:53+00:00,517,1,13,True,True,True,1791351580
2026-10-07T05:39:53+00:00,523,10,20,True,True,True,1791351580
2026-10-07T05:39:53+00:00,522,8,1,True,True,True,1791351580
2026-10-07T05:39:53+00:00,594,12,6,True,True,True,1791351580
2026-10-07T05:39:53+00:00,532,0,20,True,True,True,1791351580
2026-10-07T05:39:53+00:00,509,7,5,True,True,True,1791351580
2026-10-07T05:39:53+00:00,531,8,10,True,True,True,1791351580
2026-10-07T05:39:53+00:00,536,1,8,True,True,True,1791351580
2026-10-07T05:39:53+00:00,562,33,4,True,True,True,1791351580
2026-10-07T05:39:53+00:00,511,8,13,True,True,True,1791351580
2026-10-07T05:39:53+00:00,505,5,14,True,True,True,1791351580
2026-10-07T05:39:53+00:00,501,1,17,True,True,True,1791351580
2026-10-07T05:39:53+00:00,514,0,9,True,True,True,1791351580
2026-10-07T05:39:53+00:00,500,1,16,True,True,True,1791351580
2026-10-07T05:39:53+00:00,503,10,19,True,True,True,1791351580
2026-10-07T05:39:53+00:00,513,2,12,True,True,True,1791351580
2026-10-07T05:39:53+00:00,498,0,12,True,True,True,1791351580
2026-10-07T05:39:53+00:00,507,8,8,True,True,True,1791351580
2026-10-07T05:39:53+00:00,512,4,25,True,True,True,1791351580
2026-10-07T05:39:53+00:00,619,0,42,True,True,True,1791351580
2026-10-07T05:39:53+00:00,474,0,42,True,True,True,1791351580
2026-10-07T05:39:53+00:00,580,3,42,True,True,True,1791351580
2026-10-07T05:39:53+00:00,496,4,39,True,True,True,1791351580
2026-10-07T05:39:53+00:00,482,0,17,True,True,True,1791351580
2026-10-07T05:39:53+00:00,407,0,12,True,True,True,1791351580
2026-10-07T05:39:53+00:00,409,15,9,True,True,True,1791351580
2026-10-07T05:39:53+00:00,451,0,18,True,True,True,1791351580
2026-10-07T05:39:53+00:00,402,1,18,True,True,True,1791351580
2026-10-07T05:39:53+00:00,516,4,10,True,True,True,1791351580
2026-10-07T05:39:53+00:00,625,9,31,True,True,True,1791351580
2026-10-07T05:39:53+00:00,429,2,18,True,True,True,1791351580
2026-10-07T05:39:53+00:00,380,14,10,True,True,True,1791351580
2026-10-07T05:39:53+00:00,583,5,13,True,True,True,1791351580
2026-10-07T05:39:53+00:00,398,6,7,True,True,True,1791351580
2026-10-07T05:39:53+00:00,381,14,0,True,True,True,1791351580
2026-10-07T05:39:53+00:00,464,21,22,True,True,True,1791351580
2026-10-07T05:39:53+00:00,442,10,2,True,True,True,1791351580
2026-10-07T05:39:53+00:00,483,7,14,True,True,True,1791351580
2026-10-07T05:39:53+00:00,458,9,6,True,True,True,1791351580
2026-10-07T05:39:53+00:00,499,8,8,True,True,True,1791351580
2026-10-07T05:39:53+00:00,472,2,20,True,True,True,1791351580
2026-10-07T05:39:53+00:00,506,1,23,True,True,True,1791351580
2026-10-07T05:39:53+00:00,465,13,15,True,True,True,1791351580
2026-10-07T05:39:53+00:00,611,8,28,True,True,True,1791351580
2026-10-07T05:39:53+00:00,404,3,23,True,True,True,1791351580
2026-10-07T05:39:53+00:00,579,0,16,True,True,True,1791351580
2026-10-07T05:39:53+00:00,589,6,21,True,True,True,1791351580
2026-10-07T05:39:53+00:00,434,6,13,True,True,True,1791351580
2026-10-07T05:39:53+00:00,462,2,13,True,True,True,1791351580
2026-10-07T05:39:53+00:00,578,9,15,True,True,True,1791351580
2026-10-07T05:39:53+00:00,415,1,11,True,True,True,1791351580
2026-10-07T05:39:53+00:00,423,12,7,True,True,True,1791351580
2026-10-07T05:39:53+00:00,412,2,2,True,True,True,1791351580
2026-10-07T05:39:53+00:00,387,5,9,True,True,True,1791351580
2026-10-07T05:39:53+00:00,441,0,15,True,True,True,1791351580
2026-10-07T05:39:53+00:00,454,6,16,True,True,True,1791351580
2026-10-07T05:39:53+00:00,436,5,5,True,True,True,1791351580
2026-10-07T05:39:53+00:00,394,5,12,True,True,True,1791351580
2026-10-07T05:39:53+00:00,497,1,26,True,True,True,1791351580
2026-10-07T05:39:53+00:00,581,15,7,True,True,True,1791351580
2026-10-07T05:39:53+00:00,461,6,11,True,True,True,1791351580
2026-10-07T05:39:53+00:00,599,18,27,True,True,True,1791351580
2026-10-07T05:39:53+00:00,428,11,12,True,True,True,1791351580
2026-10-07T05:39:53+00:00,400,6,18,True,True,True,1791351580
2026-10-07T05:39:53+00:00,487,4,17,True,True,True,1791351580
2026-10-07T05:39:53+00:00,438,23,15,True,True,True,1791351580
2026-10-07T05:39:53+00:00,459,10,2,True,True,True,1791351580
2026-10-07T05:39:53+00:00,433,0,18,True,True,True,1791351580
2026-10-07T05:39:53+00:00,399,25,8,True,True,True,1791351580
2026-10-07T05:39:53+00:00,489,2,24,True,True,True,1791351580
2026-10-07T05:39:53+00:00,742,22,4,True,True,True,1791351580
2026-10-07T05:39:53+00:00,551,12,17,True,True,True,1791351580
2026-10-07T05:39:53+00:00,406,3,8,True,True,True,1791351580
2026-10-07T05:39:53+00:00,488,10,11,True,True,True,1791351580
2026-10-07T05:39:53+00:00,540,11,22,True,True,True,1791351580
2026-10-07T05:39:53+00:00,431,9,11,True,True,True,1791351580
2026-10-07T05:39:53+00:00,393,4,15,True,True,True,1791351580
2026-10-07T05:39:53+00:00,420,5,11,True,True,True,1791351580
2026-10-07T05:39:53+00:00,397,1,31,True,True,True,1791351580
2026-10-07T05:39:53+00:00,390,17,13,True,True,True,1791351580
2026-10-07T05:39:53+00:00,449,9,14,True,True,True,1791351580
2026-10-07T05:39:53+00:00,430,10,29,True,True,True,1791351580
2026-10-07T05:39:53+00:00,484,14,18,True,True,True,1791351580
2026-10-07T05:39:53+00:00,479,4,24,True,True,True,1791351580
2026-10-07T05:39:53+00:00,403,11,1,True,True,True,1791351580
2026-10-07T05:39:53+00:00,435,16,14,True,True,True,1791351580
2026-10-07T05:39:53+00:00,426,15,5,True,True,True,1791351580
2026-10-07T05:39:53+00:00,450,2,12,True,True,True,1791351580
2026-10-07T05:39:53+00:00,456,18,14,True,True,True,1791351580
2026-10-07T05:39:53+00:00,468,12,2,True,True,True,1791351580
2026-10-07T05:39:53+00:00,453,5,27,True,True,True,1791351580
2026-10-07T05:39:53+00:00,466,0,14,True,True,True,1791351580
2026-10-07T05:39:53+00:00,469,5,25,True,True,True,1791351580
2026-10-07T05:39:53+00:00,416,0,15,True,True,True,1791351580
2026-10-07T05:39:53+00:00,391,6,6,True,True,True,1791351580
2026-10-07T05:39:53+00:00,389,7,8,True,True,True,1791351580
2026-10-07T05:39:53+00:00,470,1,13,True,True,True,1791351580
2026-10-07T05:39:53+00:00,384,2,13,True,True,True,1791351580
2026-10-07T05:39:53+00:00,425,2,5,True,True,True,1791351580
2026-10-07T05:39:53+00:00,411,3,8,True,True,True,1791351580
2026-10-07T05:39:53+00:00,598,6,25,True,True,True,1791351580
2026-10-07T05:39:53+00:00,444,9,7,True,True,True,1791351580
2026-10-07T05:39:53+00:00,447,10,18,True,True,True,1791351580
2026-10-07T05:39:53+00:00,408,11,2,True,True,True,1791351580
2026-10-07T05:39:53+00:00,737,7,16,True,True,True,1791351580
2026-10-07T05:39:53+00:00,432,8,4,True,True,True,1791351580
2026-10-07T05:39:53+00:00,401,6,0,True,True,True,1791351580
2026-10-07T05:39:53+00:00,452,13,17,True,True,True,1791351580
2026-10-07T05:39:53+00:00,392,5,2,True,True,True,1791351580
2026-10-07T05:39:53+00:00,481,7,35,True,True,True,1791351580
2026-10-07T05:39:53+00:00,495,22,16,True,True,True,1791351580
2026-10-07T05:39:53+00:00,478,12,1,True,True,True,1791351580
2026-10-07T05:39:53+00:00,414,4,7,True,True,True,1791351580
2026-10-07T05:39:53+00:00,476,13,4,True,True,True,1791351580
2026-10-07T05:39:53+00:00,445,10,7,True,True,True,1791351580
2026-10-07T05:39:53+00:00,748,9,17,True,True,True,1791351580
2026-10-07T05:39:53+00:00,473,2,5,True,True,True,1791351580
2026-10-07T05:39:53+00:00,383,8,16,True,True,True,1791351580
2026-10-07T05:39:53+00:00,480,17,5,True,True,True,1791351580
2026-10-07T05:39:53+00:00,421,2,19,True,True,True,1791351580
2026-10-07T05:39:53+00:00,746,10,1,True,True,True,1791351580
2026-10-07T05:39:53+00:00,417,0,14,True,True,True,1791351580
2026-10-07T05:39:53+00:00,427,7,7,True,True,True,1791351580
2026-10-07T05:39:53+00:00,395,2,11,True,True,True,1791351580
2026-10-07T05:39:53+00:00,418,8,19,True,True,True,1791351580
2026-10-07T05:39:53+00:00,413,6,6,True,True,True,1791351580
2026-10-07T05:39:53+00:00,486,3,16,True,True,True,1791351580
2026-10-07T05:39:53+00:00,597,5,8,True,True,True,1791351580
2026-10-07T05:39:53+00:00,422,3,6,True,True,True,1791351580
2026-10-07T05:39:53+00:00,382,6,2,True,True,True,1791351580
2026-10-07T05:39:53+00:00,396,9,10,True,True,True,1791351580
2026-10-07T05:39:53+00:00,735,12,2,True,True,True,1791351580
2026-10-07T05:39:53+00:00,437,8,16,True,True,True,1791351580
2026-10-07T05:39:53+00:00,446,5,14,True,True,True,1791351580
2026-10-07T05:39:53+00:00,424,0,7,True,True,True,1791351580
2026-10-07T05:39:53+00:00,455,7,4,True,True,True,1791351580
2026-10-07T05:39:53+00:00,457,3,7,True,True,True,1791351580
2026-10-07T05:39:53+00:00,377,26,2,True,True,True,1791351580
2026-10-07T05:39:53+00:00,738,10,2,True,True,True,1791351580
2026-10-07T05:39:53+00:00,460,18,9,True,True,True,1791351580
2026-10-07T05:39:53+00:00,744,1,6,True,True,True,1791351580
2026-10-07T05:39:53+00:00,485,12,8,True,True,True,1791351580
2026-10-07T05:54:53+00:00,6026,4,30,True,True,True,1791352480
2026-10-07T05:54:53+00:00,5431,6,14,True,True,True,1791352480
2026-10-07T05:54:53+00:00,5424,1,17,True,True,True,1791352480
2026-10-07T05:54:53+00:00,5220,0,19,True,True,True,1791352480
2026-10-07T05:54:53+00:00,5217,9,21,True,True,True,1791352480
2026-10-07T05:54:53+00:00,5113,10,3,True,True,True,1791352480
2026-10-07T05:54:53+00:00,4683,2,18,True,True,True,1791352480
2026-10-07T05:54:53+00:00,4552,0,18,True,True,True,1791352480
2026-10-07T05:54:53+00:00,3725,2,15,True,True,True,1791352480
2026-10-07T05:54:53+00:00,2358,4,7,True,True,True,1791352480
2026-10-07T05:54:53+00:00,2357,3,20,True,True,True,1791352480
2026-10-07T05:54:53+00:00,2355,2,10,True,True,True,1791352480
2026-10-07T05:54:53+00:00,2351,0,17,True,True,True,1791352480
2026-10-07T05:54:53+00:00,2350,1,21,True,True,True,1791352480
2026-10-07T05:54:53+00:00,2349,6,15,True,True,True,1791352480
2026-10-07T05:54:53+00:00,2347,9,21,True,True,True,1791352480
2026-10-07T05:54:53+00:00,2340,10,12,True,True,True,1791352480
2026-10-07T05:54:53+00:00,2339,12,17,True,True,True,1791352480
2026-10-07T05:54:53+00:00,2337,3,10,True,True,True,1791352480
2026-10-07T05:54:53+00:00,2334,0,11,True,True,True,1791352480
2026-10-07T05:54:53+00:00,2333,13,2,True,True,True,1791352480
2026-10-07T05:54:53+00:00,2332,3,6,True,True,True,1791352480
2026-10-07T05:54:53+00:00,2330,12,1,True,True,True,1791352480
2026-10-07T05:54:53+00:00,2329,13,1,True,True,True,1791352480
2026-10-07T05:54:53+00:00,2328,10,9,True,True,True,1791352480
2026-10-07T05:54:53+00:00,2315,9,6,True,True,True,1791352480
2026-10-07T05:54:53+00:00,2308,4,4,True,True,True,1791352480
2026-10-07T05:54:53+00:00,2307,1,25,True,True,True,1791352480
2026-10-07T05:54:53+00:00,2306,0,18,True,True,True,1791352480
2026-10-07T05:54:53+00:00,2305,4,10,True,True,True,1791352480
2026-10-07T05:54:53+00:00,2304,14,4,True,True,True,1791352480
2026-10-07T05:54:53+00:00,2280,11,4,True,True,True,1791352480
2026-10-07T05:54:53+00:00,2270,0,18,True,True,True,1791352480
2026-10-07T05:54:53+00:00,1919,3,3,True,True,True,1791352480
2026-10-07T05:54:53+00:00,1755,15,17,True,True,True,1791352480
2026-10-07T05:54:53+00:00,1101,15,8,True,True,True,1791352480
2026-10-07T05:54:53+00:00,1023,8,5,True,True,True,1791352480
2026-10-07T05:54:53+00:00,1009,4,6,True,True,True,1791352480
2026-10-07T05:54:53+00:00,970,7,16,True,True,True,1791352480
2026-10-07T05:54:53+00:00,787,6,6,True,True,True,1791352480
2026-10-07T05:54:53+00:00,627,3,27,True,True,True,1791352480
2026-10-07T05:54:53+00:00,623,13,6,True,True,True,1791352480
2026-10-07T05:54:53+00:00,624,3,14,True,True,True,1791352480
2026-10-07T05:54:53+00:00,626,5,17,True,True,True,1791352480
2026-10-07T05:54:53+00:00,614,18,5,True,True,True,1791352480
2026-10-07T05:54:53+00:00,616,12,3,True,True,True,1791352480
2026-10-07T05:54:53+00:00,618,0,40,True,True,True,1791352480
2026-10-07T05:54:53+00:00,621,6,19,True,True,True,1791352480
2026-10-07T05:54:53+00:00,622,5,21,True,True,True,1791352480
2026-10-07T05:54:53+00:00,613,1,15,True,True,True,1791352480
2026-10-07T05:54:53+00:00,620,4,34,True,True,True,1791352480
2026-10-07T05:54:53+00:00,596,4,12,True,True,True,1791352480
2026-10-07T05:54:53+00:00,617,4,5,True,True,True,1791352480
2026-10-07T05:54:53+00:00,609,9,18,True,True,True,1791352480
2026-10-07T05:54:53+00:00,607,8,20,True,True,True,1791352480
2026-10-07T05:54:53+00:00,603,5,13,True,True,True,1791352480
2026-10-07T05:54:53+00:00,590,6,31,True,True,True,1791352480
2026-10-07T05:54:53+00:00,610,8,12,True,True,True,1791352480
2026-10-07T05:54:53+00:00,608,4,17,True,True,True,1791352480
2026-10-07T05:54:53+00:00,593,11,17,True,True,True,1791352480
2026-10-07T05:54:53+00:00,530,2,7,True,True,True,1791352480
2026-10-07T05:54:53+00:00,463,12,4,True,True,True,1791352480
2026-10-07T05:54:53+00:00,475,22,1,True,True,True,1791352480
2026-10-07T05:54:53+00:00,439,3,20,True,True,True,1791352480
2026-10-07T05:54:53+00:00,600,3,7,True,True,True,1791352480
2026-10-07T05:54:53+00:00,440,2,15,True,True,True,1791352480
2026-10-07T05:54:53+00:00,612,0,18,True,True,True,1791352480
2026-10-07T05:54:53+00:00,491,15,2,True,True,True,1791352480
2026-10-07T05:54:53+00:00,493,11,13,True,True,True,1791352480
2026-10-07T05:54:53+00:00,410,0,25,True,True,True,1791352480
2026-10-07T05:54:53+00:00,605,3,15,True,True,True,1791352480
2026-10-07T05:54:53+00:00,388,0,17,True,True,True,1791352480
2026-10-07T05:54:53+00:00,591,2,20,True,True,True,1791352480
2026-10-07T05:54:53+00:00,592,0,18,True,True,True,1791352480
2026-10-07T05:54:53+00:00,585,0,1,False,False,False,1791352480
2026-10-07T05:54:53+00:00,565,4,14,True,True,True,1791352480
2026-10-07T05:54:53+00:00,571,12,7,True,True,True,1791352480
2026-10-07T05:54:53+00:00,568,2,13,True,True,True,1791352480
2026-10-07T05:54:53+00:00,588,0,19,True,True,True,1791352480
2026-10-07T05:54:53+00:00,584,10,23,True,True,True,1791352480
2026-10-07T05:54:53+00:00,569,6,23,True,True,True,1791352480
2026-10-07T05:54:53+00:00,577,26,2,True,True,True,1791352480
2026-10-07T05:54:53+00:00,564,5,24,True,True,True,1791352480
2026-10-07T05:54:53+00:00,570,3,12,True,True,True,1791352480
2026-10-07T05:54:53+00:00,572,13,24,True,True,True,1791352480
2026-10-07T05:54:53+00:00,586,1,24,True,True,True,1791352480
2026-10-07T05:54:53+00:00,576,9,8,True,True,True,1791352480
2026-10-07T05:54:53+00:00,566,1,22,True,True,True,1791352480
2026-10-07T05:54:53+00:00,602,2,16,True,True,True,1791352480
2026-10-07T05:54:53+00:00,575,1,28,True,True,True,1791352480
2026-10-07T05:54:53+00:00,567,6,31,True,True,True,1791352480
2026-10-07T05:54:53+00:00,582,1,24,True,True,True,1791352480
2026-10-07T05:54:53+00:00,595,22,0,True,True,True,1791352480
2026-10-07T05:54:53+00:00,542,9,9,True,True,True,1791352480
2026-10-07T05:54:53+00:00,563,6,10,True,True,True,1791352480
2026-10-07T05:54:53+00:00,558,11,4,True,True,True,1791352480
2026-10-07T05:54:53+00:00,552,3,15,True,True,True,1791352480
2026-10-07T05:54:53+00:00,555,6,7,True,True,True,1791352480
2026-10-07T05:54:53+00:00,573,5,19,True,True,True,1791352480
2026-10-07T05:54:53+00:00,561,11,11,True,True,True,1791352480
2026-10-07T05:54:53+00:00,615,13,8,True,True,True,1791352480
2026-10-07T05:54:53+00:00,543,2,16,True,True,True,1791352480
2026-10-07T05:54:53+00:00,554,0,20,True,True,True,1791352480
2026-10-07T05:54:53+00:00,574,11,0,True,True,True,1791352480
2026-10-07T05:54:53+00:00,560,0,8,True,True,True,1791352480
2026-10-07T05:54:53+00:00,548,0,17,True,True,True,1791352480
2026-10-07T05:54:53+00:00,559,6,11,True,True,True,1791352480
2026-10-07T05:54:53+00:00,545,18,20,True,True,True,1791352480
2026-10-07T05:54:53+00:00,550,0,9,True,True,True,1791352480
2026-10-07T05:54:53+00:00,541,3,6,True,True,True,1791352480
2026-10-07T05:54:53+00:00,527,10,2,True,True,True,1791352480
2026-10-07T05:54:53+00:00,529,13,8,True,True,True,1791352480
2026-10-07T05:54:53+00:00,526,10,3,True,True,True,1791352480
2026-10-07T05:54:53+00:00,537,9,9,True,True,True,1791352480
2026-10-07T05:54:53+00:00,547,3,26,True,True,True,1791352480
2026-10-07T05:54:53+00:00,601,2,17,True,True,True,1791352480
2026-10-07T05:54:53+00:00,533,0,11,True,True,True,1791352480
2026-10-07T05:54:53+00:00,535,0,27,True,True,True,1791352480
2026-10-07T05:54:53+00:00,524,0,19,True,True,True,1791352480
2026-10-07T05:54:53+00:00,519,15,6,True,True,True,1791352480
2026-10-07T05:54:53+00:00,534,17,22,True,True,True,1791352480
2026-10-07T05:54:53+00:00,521,2,10,True,True,True,1791352480
2026-10-07T05:54:53+00:00,518,10,8,True,True,True,1791352480
2026-10-07T05:54:53+00:00,556,2,16,True,True,True,1791352480
2026-10-07T05:54:53+00:00,525,1,12,True,True,True,1791352480
2026-10-07T05:54:53+00:00,517,1,13,True,True,True,1791352480
2026-10-07T05:54:53+00:00,523,15,15,True,True,True,1791352480
2026-10-07T05:54:53+00:00,522,7,2,True,True,True,1791352480
2026-10-07T05:54:53+00:00,594,11,7,True,True,True,1791352480
2026-10-07T05:54:53+00:00,532,0,20,True,True,True,1791352480
2026-10-07T05:54:53+00:00,509,7,5,True,True,True,1791352480
2026-10-07T05:54:53+00:00,531,7,11,True,True,True,1791352480
2026-10-07T05:54:53+00:00,536,1,8,True,True,True,1791352480
2026-10-07T05:54:53+00:00,562,30,6,True,True,True,1791352480
2026-10-07T05:54:53+00:00,511,9,12,True,True,True,1791352480
2026-10-07T05:54:53+00:00,505,4,15,True,True,True,1791352480
2026-10-07T05:54:53+00:00,501,0,18,True,True,True,1791352480
2026-10-07T05:54:53+00:00,514,0,9,True,True,True,1791352480
2026-10-07T05:54:53+00:00,500,1,16,True,True,True,1791352480
2026-10-07T05:54:53+00:00,503,9,19,True,True,True,1791352480
2026-10-07T05:54:53+00:00,513,2,12,True,True,True,1791352480
2026-10-07T05:54:53+00:00,498,1,11,True,True,True,1791352480
2026-10-07T05:54:53+00:00,507,8,8,True,True,True,1791352480
2026-10-07T05:54:53+00:00,512,4,25,True,True,True,1791352480
2026-10-07T05:54:53+00:00,619,0,42,True,True,True,1791352480
2026-10-07T05:54:53+00:00,474,0,42,True,True,True,1791352480
2026-10-07T05:54:53+00:00,580,19,26,True,True,True,1791352480
2026-10-07T05:54:53+00:00,496,4,39,True,True,True,1791352480
2026-10-07T05:54:53+00:00,482,0,17,True,True,True,1791352480
2026-10-07T05:54:53+00:00,407,0,12,True,True,True,1791352480
2026-10-07T05:54:53+00:00,409,15,9,True,True,True,1791352480
2026-10-07T05:54:53+00:00,451,1,17,True,True,True,1791352480
2026-10-07T05:54:53+00:00,402,0,19,True,True,True,1791352480
2026-10-07T05:54:53+00:00,516,2,11,True,True,True,1791352480
2026-10-07T05:54:53+00:00,625,9,31,True,True,True,1791352480
2026-10-07T05:54:53+00:00,429,4,16,True,True,True,1791352480
2026-10-07T05:54:53+00:00,380,11,13,True,True,True,1791352480
2026-10-07T05:54:53+00:00,583,3,15,True,True,True,1791352480
2026-10-07T05:54:53+00:00,398,2,11,True,True,True,1791352480
2026-10-07T05:54:53+00:00,381,14,0,True,True,True,1791352480
2026-10-07T05:54:53+00:00,464,20,23,True,True,True,1791352480
2026-10-07T05:54:53+00:00,442,10,2,True,True,True,1791352480
2026-10-07T05:54:53+00:00,483,7,14,True,True,True,1791352480
2026-10-07T05:54:53+00:00,458,6,9,True,True,True,1791352480
2026-10-07T05:54:53+00:00,499,4,12,True,True,True,1791352480
2026-10-07T05:54:53+00:00,472,1,21,True,True,True,1791352480
2026-10-07T05:54:53+00:00,506,1,23,True,True,True,1791352480
2026-10-07T05:54:53+00:00,465,13,15,True,True,True,1791352480
2026-10-07T05:54:53+00:00,611,12,24,True,True,True,1791352480
2026-10-07T05:54:53+00:00,404,2,24,True,True,True,1791352480
2026-10-07T05:54:53+00:00,579,1,15,True,True,True,1791352480
2026-10-07T05:54:53+00:00,589,6,21,True,True,True,1791352480
2026-10-07T05:54:53+00:00,434,5,14,True,True,True,1791352480
2026-10-07T05:54:53+00:00,462,1,14,True,True,True,1791352480
2026-10-07T05:54:53+00:00,578,10,14,True,True,True,1791352480
2026-10-07T05:54:53+00:00,415,1,11,True,True,True,1791352480
2026-10-07T05:54:53+00:00,423,12,7,True,True,True,1791352480
2026-10-07T05:54:53+00:00,412,4,0,True,True,True,1791352480
2026-10-07T05:54:53+00:00,387,4,10,True,True,True,1791352480
2026-10-07T05:54:53+00:00,441,1,14,True,True,True,1791352480
2026-10-07T05:54:53+00:00,454,6,16,True,True,True,1791352480
2026-10-07T05:54:53+00:00,436,1,9,True,True,True,1791352480
2026-10-07T05:54:53+00:00,394,4,13,True,True,True,1791352480
2026-10-07T05:54:53+00:00,497,2,25,True,True,True,1791352480
2026-10-07T05:54:53+00:00,581,14,8,True,True,True,1791352480
2026-10-07T05:54:53+00:00,461,6,11,True,True,True,1791352480
2026-10-07T05:54:53+00:00,599,18,27,True,True,True,1791352480
2026-10-07T05:54:53+00:00,428,11,12,True,True,True,1791352480
2026-10-07T05:54:53+00:00,400,5,18,True,True,True,1791352480
2026-10-07T05:54:53+00:00,487,2,19,True,True,True,1791352480
2026-10-07T05:54:53+00:00,438,23,15,True,True,True,1791352480
2026-10-07T05:54:53+00:00,459,7,5,True,True,True,1791352480
2026-10-07T05:54:53+00:00,433,0,18,True,True,True,1791352480
2026-10-07T05:54:53+00:00,399,22,11,True,True,True,1791352480
2026-10-07T05:54:53+00:00,489,2,24,True,True,True,1791352480
2026-10-07T05:54:53+00:00,742,22,4,True,True,True,1791352480
2026-10-07T05:54:53+00:00,551,12,17,True,True,True,1791352480
2026-10-07T05:54:53+00:00,406,3,8,True,True,True,1791352480
2026-10-07T05:54:53+00:00,488,7,13,True,True,True,1791352480
2026-10-07T05:54:53+00:00,540,9,24,True,True,True,1791352480
2026-10-07T05:54:53+00:00,431,9,11,True,True,True,1791352480
2026-10-07T05:54:53+00:00,393,17,2,True,True,True,1791352480
2026-10-07T05:54:53+00:00,420,5,11,True,True,True,1791352480
2026-10-07T05:54:53+00:00,397,1,31,True,True,True,1791352480
2026-10-07T05:54:53+00:00,390,16,14,True,True,True,1791352480
2026-10-07T05:54:53+00:00,449,7,16,True,True,True,1791352480
2026-10-07T05:54:53+00:00,430,10,29,True,True,True,1791352480
2026-10-07T05:54:53+00:00,484,17,15,True,True,True,1791352480
2026-10-07T05:54:53+00:00,479,9,19,True,True,True,1791352480
2026-10-07T05:54:53+00:00,403,11,1,True,True,True,1791352480
2026-10-07T05:54:53+00:00,435,16,14,True,True,True,1791352480
2026-10-07T05:54:53+00:00,426,17,3,True,True,True,1791352480
2026-10-07T05:54:53+00:00,450,2,12,True,True,True,1791352480
2026-10-07T05:54:53+00:00,456,18,14,True,True,True,1791352480
2026-10-07T05:54:53+00:00,468,11,3,True,True,True,1791352480
2026-10-07T05:54:53+00:00,453,5,27,True,True,True,1791352480
2026-10-07T05:54:53+00:00,466,1,13,True,True,True,1791352480
2026-10-07T05:54:53+00:00,469,4,26,True,True,True,1791352480
2026-10-07T05:54:53+00:00,416,0,15,True,True,True,1791352480
2026-10-07T05:54:53+00:00,391,4,8,True,True,True,1791352480
2026-10-07T05:54:53+00:00,389,7,8,True,True,True,1791352480
2026-10-07T05:54:53+00:00,470,1,13,True,True,True,1791352480
2026-10-07T05:54:53+00:00,384,0,15,True,True,True,1791352480
2026-10-07T05:54:53+00:00,425,0,7,True,True,True,1791352480
2026-10-07T05:54:53+00:00,411,2,9,True,True,True,1791352480
2026-10-07T05:54:53+00:00,598,3,28,True,True,True,1791352480
2026-10-07T05:54:53+00:00,444,10,6,True,True,True,1791352480
2026-10-07T05:54:53+00:00,447,10,18,True,True,True,1791352480
2026-10-07T05:54:53+00:00,408,11,2,True,True,True,1791352480
2026-10-07T05:54:53+00:00,737,7,16,True,True,True,1791352480
2026-10-07T05:54:53+00:00,432,8,4,True,True,True,1791352480
2026-10-07T05:54:53+00:00,401,6,0,True,True,True,1791352480
2026-10-07T05:54:53+00:00,452,17,13,True,True,True,1791352480
2026-10-07T05:54:53+00:00,392,6,1,True,True,True,1791352480
2026-10-07T05:54:53+00:00,481,7,35,True,True,True,1791352480
2026-10-07T05:54:53+00:00,495,23,15,True,True,True,1791352480
2026-10-07T05:54:53+00:00,478,11,2,True,True,True,1791352480
2026-10-07T05:54:53+00:00,414,5,6,True,True,True,1791352480
2026-10-07T05:54:53+00:00,476,14,3,True,True,True,1791352480
2026-10-07T05:54:53+00:00,445,9,8,True,True,True,1791352480
2026-10-07T05:54:53+00:00,748,8,18,True,True,True,1791352480
2026-10-07T05:54:53+00:00,473,2,5,True,True,True,1791352480
2026-10-07T05:54:53+00:00,383,5,19,True,True,True,1791352480
2026-10-07T05:54:53+00:00,480,17,5,True,True,True,1791352480
2026-10-07T05:54:53+00:00,421,1,20,True,True,True,1791352480
2026-10-07T05:54:53+00:00,746,10,1,True,True,True,1791352480
2026-10-07T05:54:53+00:00,417,0,14,True,True,True,1791352480
2026-10-07T05:54:53+00:00,427,5,9,True,True,True,1791352480
2026-10-07T05:54:53+00:00,395,2,11,True,True,True,1791352480
2026-10-07T05:54:53+00:00,418,9,18,True,True,True,1791352480
2026-10-07T05:54:53+00:00,413,4,8,True,True,True,1791352480
2026-10-07T05:54:53+00:00,486,2,17,True,True,True,1791352480
2026-10-07T05:54:53+00:00,597,5,8,True,True,True,1791352480
2026-10-07T05:54:53+00:00,422,2,7,True,True,True,1791352480
2026-10-07T05:54:53+00:00,382,5,3,True,True,True,1791352480
2026-10-07T05:54:53+00:00,396,12,7,True,True,True,1791352480
2026-10-07T05:54:53+00:00,735,11,3,True,True,True,1791352480
2026-10-07T05:54:53+00:00,437,9,15,True,True,True,1791352480
2026-10-07T05:54:53+00:00,446,2,17,True,True,True,1791352480
2026-10-07T05:54:53+00:00,424,0,7,True,True,True,1791352480
2026-10-07T05:54:53+00:00,455,4,7,True,True,True,1791352480
2026-10-07T05:54:53+00:00,457,2,8,True,True,True,1791352480
2026-10-07T05:54:53+00:00,377,26,2,True,True,True,1791352480
2026-10-07T05:54:53+00:00,738,10,2,True,True,True,1791352480
2026-10-07T05:54:53+00:00,460,18,8,True,True,True,1791352480
2026-10-07T05:54:53+00:00,744,0,7,True,True,True,1791352480
2026-10-07T05:54:53+00:00,485,9,11,True,True,True,1791352480
2026-10-07T06:09:53+00:00,6026,4,30,True,True,True,1791353388
2026-10-07T06:09:53+00:00,5431,6,13,True,True,True,1791353388
2026-10-07T06:09:53+00:00,5424,1,17,True,True,True,1791353388
2026-10-07T06:09:53+00:00,5220,0,19,True,True,True,1791353388
2026-10-07T06:09:53+00:00,5217,16,14,True,True,True,1791353388
2026-10-07T06:09:53+00:00,5113,9,4,True,True,True,1791353388
2026-10-07T06:09:53+00:00,4683,3,17,True,True,True,1791353388
2026-10-07T06:09:53+00:00,4552,0,18,True,True,True,1791353388
2026-10-07T06:09:53+00:00,3725,2,15,True,True,True,1791353388
2026-10-07T06:09:53+00:00,2358,5,6,True,True,True,1791353388
2026-10-07T06:09:53+00:00,2357,2,21,True,True,True,1791353388
2026-10-07T06:09:53+00:00,2355,2,10,True,True,True,1791353388
2026-10-07T06:09:53+00:00,2351,0,17,True,True,True,1791353388
2026-10-07T06:09:53+00:00,2350,1,21,True,True,True,1791353388
2026-10-07T06:09:53+00:00,2349,6,15,True,True,True,1791353388
2026-10-07T06:09:53+00:00,2347,9,21,True,True,True,1791353388
2026-10-07T06:09:53+00:00,2340,10,12,True,True,True,1791353388
2026-10-07T06:09:53+00:00,2339,13,16,True,True,True,1791353388
2026-10-07T06:09:53+00:00,2337,3,10,True,True,True,1791353388
2026-10-07T06:09:53+00:00,2334,0,11,True,True,True,1791353388
2026-10-07T06:09:53+00:00,2333,15,0,True,True,True,1791353388
2026-10-07T06:09:53+00:00,2332,3,6,True,True,True,1791353388
2026-10-07T06:09:53+00:00,2330,13,0,True,True,True,1791353388
2026-10-07T06:09:53+00:00,2329,14,0,True,True,True,1791353388
2026-10-07T06:09:53+00:00,2328,15,4,True,True,True,1791353388
2026-10-07T06:09:53+00:00,2315,11,4,True,True,True,1791353388
2026-10-07T06:09:53+00:00,2308,5,3,True,True,True,1791353388
2026-10-07T06:09:53+00:00,2307,1,25,True,True,True,1791353388
2026-10-07T06:09:53+00:00,2306,1,17,True,True,True,1791353388
2026-10-07T06:09:53+00:00,2305,4,11,True,True,True,1791353388
2026-10-07T06:09:53+00:00,2304,13,5,True,True,True,1791353388
2026-10-07T06:09:53+00:00,2280,12,3,True,True,True,1791353388
2026-10-07T06:09:53+00:00,2270,0,18,True,True,True,1791353388
2026-10-07T06:09:53+00:00,1919,3,3,True,True,True,1791353388
2026-10-07T06:09:53+00:00,1755,17,15,True,True,True,1791353388
2026-10-07T06:09:53+00:00,1101,15,8,True,True,True,1791353388
2026-10-07T06:09:53+00:00,1023,9,4,True,True,True,1791353388
2026-10-07T06:09:53+00:00,1009,5,5,True,True,True,1791353388
2026-10-07T06:09:53+00:00,970,7,16,True,True,True,1791353388
2026-10-07T06:09:53+00:00,787,6,6,True,True,True,1791353388
2026-10-07T06:09:53+00:00,627,4,26,True,True,True,1791353388
2026-10-07T06:09:53+00:00,623,18,1,True,True,True,1791353388
2026-10-07T06:09:53+00:00,624,4,15,True,True,True,1791353388
2026-10-07T06:09:53+00:00,626,5,17,True,True,True,1791353388
2026-10-07T06:09:53+00:00,614,18,5,True,True,True,1791353388
2026-10-07T06:09:53+00:00,616,12,3,True,True,True,1791353388
2026-10-07T06:09:53+00:00,618,1,39,True,True,True,1791353388
2026-10-07T06:09:53+00:00,621,5,20,True,True,True,1791353388
2026-10-07T06:09:53+00:00,622,5,21,True,True,True,1791353388
2026-10-07T06:09:53+00:00,613,0,16,True,True,True,1791353388
2026-10-07T06:09:53+00:00,620,1,37,True,True,True,1791353388
2026-10-07T06:09:53+00:00,596,5,11,True,True,True,1791353388
2026-10-07T06:09:53+00:00,617,7,10,True,True,True,1791353388
2026-10-07T06:09:53+00:00,609,9,18,True,True,True,1791353388
2026-10-07T06:09:53+00:00,607,2,26,True,True,True,1791353388
2026-10-07T06:09:53+00:00,603,4,14,True,True,True,1791353388
2026-10-07T06:09:53+00:00,590,8,29,True,True,True,1791353388
2026-10-07T06:09:53+00:00,610,7,13,True,True,True,1791353388
2026-10-07T06:09:53+00:00,608,4,17,True,True,True,1791353388
2026-10-07T06:09:53+00:00,593,8,20,True,True,True,1791353388
2026-10-07T06:09:53+00:00,530,2,7,True,True,True,1791353388
2026-10-07T06:09:53+00:00,463,10,6,True,True,True,1791353388
2026-10-07T06:09:53+00:00,475,21,2,True,True,True,1791353388
2026-10-07T06:09:53+00:00,439,1,22,True,True,True,1791353388
2026-10-07T06:09:53+00:00,600,3,7,True,True,True,1791353388
2026-10-07T06:09:53+00:00,440,0,16,True,True,True,1791353388
2026-10-07T06:09:53+00:00,612,0,18,True,True,True,1791353388
2026-10-07T06:09:53+00:00,491,16,1,True,True,True,1791353388
2026-10-07T06:09:53+00:00,493,10,16,True,True,True,1791353388
2026-10-07T06:09:53+00:00,410,0,25,True,True,True,1791353388
2026-10-07T06:09:53+00:00,605,2,16,True,True,True,1791353388
2026-10-07T06:09:53+00:00,388,0,17,True,True,True,1791353388
2026-10-07T06:09:53+00:00,591,1,21,True,True,True,1791353388
2026-10-07T06:09:53+00:00,592,0,18,True,True,True,1791353388
2026-10-07T06:09:53+00:00,585,0,1,False,False,False,1791353388
2026-10-07T06:09:53+00:00,565,4,14,True,True,True,1791353388
2026-10-07T06:09:53+00:00,571,14,5,True,True,True,1791353388
2026-10-07T06:09:53+00:00,568,2,13,True,True,True,1791353388
2026-10-07T06:09:53+00:00,588,0,19,True,True,True,1791353388
2026-10-07T06:09:53+00:00,584,8,25,True,True,True,1791353388
2026-10-07T06:09:53+00:00,569,6,23,True,True,True,1791353388
2026-10-07T06:09:53+00:00,577,26,2,True,True,True,1791353388
2026-10-07T06:09:53+00:00,564,5,24,True,True,True,1791353388
2026-10-07T06:09:53+00:00,570,3,12,True,True,True,1791353388
2026-10-07T06:09:53+00:00,572,13,24,True,True,True,1791353388
2026-10-07T06:09:53+00:00,586,0,25,True,True,True,1791353388
2026-10-07T06:09:53+00:00,576,10,7,True,True,True,1791353388
2026-10-07T06:09:53+00:00,566,3,20,True,True,True,1791353388
2026-10-07T06:09:53+00:00,602,2,16,True,True,True,1791353388
2026-10-07T06:09:53+00:00,575,1,27,True,True,True,1791353388
2026-10-07T06:09:53+00:00,567,6,31,True,True,True,1791353388
2026-10-07T06:09:53+00:00,582,1,24,True,True,True,1791353388
2026-10-07T06:09:53+00:00,595,22,0,True,True,True,1791353388
2026-10-07T06:09:53+00:00,542,6,12,True,True,True,1791353388
2026-10-07T06:09:53+00:00,563,6,10,True,True,True,1791353388
2026-10-07T06:09:53+00:00,558,13,2,True,True,True,1791353388
2026-10-07T06:09:53+00:00,552,3,15,True,True,True,1791353388
2026-10-07T06:09:53+00:00,555,6,8,True,True,True,1791353388
2026-10-07T06:09:53+00:00,573,6,18,True,True,True,1791353388
2026-10-07T06:09:53+00:00,561,9,13,True,True,True,1791353388
2026-10-07T06:09:53+00:00,615,14,7,True,True,True,1791353388
2026-10-07T06:09:53+00:00,543,3,15,True,True,True,1791353388
2026-10-07T06:09:53+00:00,554,0,20,True,True,True,1791353388
2026-10-07T06:09:53+00:00,574,11,0,True,True,True,1791353388
2026-10-07T06:09:53+00:00,560,0,8,True,True,True,1791353388
2026-10-07T06:09:53+00:00,548,0,17,True,True,True,1791353388
2026-10-07T06:09:53+00:00,559,7,9,True,True,True,1791353388
2026-10-07T06:09:53+00:00,545,18,20,True,True,True,1791353388
2026-10-07T06:09:53+00:00,550,0,9,True,True,True,1791353388
2026-10-07T06:09:53+00:00,541,4,5,True,True,True,1791353388
2026-10-07T06:09:53+00:00,527,11,1,True,True,True,1791353388
2026-10-07T06:09:53+00:00,529,13,8,True,True,True,1791353388
2026-10-07T06:09:53+00:00,526,10,3,True,True,True,1791353388
2026-10-07T06:09:53+00:00,537,9,9,True,True,True,1791353388
2026-10-07T06:09:53+00:00,547,3,26,True,True,True,1791353388
2026-10-07T06:09:53+00:00,601,2,17,True,True,True,1791353388
2026-10-07T06:09:53+00:00,533,0,11,True,True,True,1791353388
2026-10-07T06:09:53+00:00,535,0,27,True,True,True,1791353388
2026-10-07T06:09:53+00:00,524,1,18,True,True,True,1791353388
2026-10-07T06:09:53+00:00,519,13,8,True,True,True,1791353388
2026-10-07T06:09:53+00:00,534,15,24,True,True,True,1791353388
2026-10-07T06:09:53+00:00,521,1,11,True,True,True,1791353388
2026-10-07T06:09:53+00:00,518,8,10,True,True,True,1791353388
2026-10-07T06:09:53+00:00,556,2,16,True,True,True,1791353388
2026-10-07T06:09:53+00:00,525,1,12,True,True,True,1791353388
2026-10-07T06:09:53+00:00,517,1,13,True,True,True,1791353388
2026-10-07T06:09:53+00:00,523,24,6,True,True,True,1791353388
2026-10-07T06:09:53+00:00,522,7,2,True,True,True,1791353388
2026-10-07T06:09:53+00:00,594,11,7,True,True,True,1791353388
2026-10-07T06:09:53+00:00,532,0,20,True,True,True,1791353388
2026-10-07T06:09:53+00:00,509,8,4,True,True,True,1791353388
2026-10-07T06:09:53+00:00,531,7,11,True,True,True,1791353388
2026-10-07T06:09:53+00:00,536,3,6,True,True,True,1791353388
2026-10-07T06:09:53+00:00,562,30,7,True,True,True,1791353388
2026-10-07T06:09:53+00:00,511,10,11,True,True,True,1791353388
2026-10-07T06:09:53+00:00,505,4,15,True,True,True,1791353388
2026-10-07T06:09:53+00:00,501,0,18,True,True,True,1791353388
2026-10-07T06:09:53+00:00,514,0,9,True,True,True,1791353388
2026-10-07T06:09:53+00:00,500,1,16,True,True,True,1791353388
2026-10-07T06:09:53+00:00,503,8,21,True,True,True,1791353388
2026-10-07T06:09:53+00:00,513,2,12,True,True,True,1791353388
2026-10-07T06:09:53+00:00,498,1,11,True,True,True,1791353388
2026-10-07T06:09:53+00:00,507,5,11,True,True,True,1791353388
2026-10-07T06:09:53+00:00,512,4,25,True,True,True,1791353388
2026-10-07T06:09:53+00:00,619,0,42,True,True,True,1791353388
2026-10-07T06:09:53+00:00,474,1,41,True,True,True,1791353388
2026-10-07T06:09:53+00:00,580,19,26,True,True,True,1791353388
2026-10-07T06:09:53+00:00,496,5,38,True,True,True,1791353388
2026-10-07T06:09:53+00:00,482,1,16,True,True,True,1791353388
2026-10-07T06:09:53+00:00,407,0,12,True,True,True,1791353388
2026-10-07T06:09:53+00:00,409,15,9,True,True,True,1791353388
2026-10-07T06:09:53+00:00,451,0,18,True,True,True,1791353388
2026-10-07T06:09:53+00:00,402,1,18,True,True,True,1791353388
2026-10-07T06:09:53+00:00,516,1,13,True,True,True,1791353388
2026-10-07T06:09:53+00:00,625,9,31,True,True,True,1791353388
2026-10-07T06:09:53+00:00,429,6,14,True,True,True,1791353388
2026-10-07T06:09:53+00:00,380,10,14,True,True,True,1791353388
2026-10-07T06:09:53+00:00,583,4,14,True,True,True,1791353388
2026-10-07T06:09:53+00:00,398,0,13,True,True,True,1791353388
2026-10-07T06:09:53+00:00,381,14,0,True,True,True,1791353388
2026-10-07T06:09:53+00:00,464,18,25,True,True,True,1791353388
2026-10-07T06:09:53+00:00,442,10,2,True,True,True,1791353388
2026-10-07T06:09:53+00:00,483,9,12,True,True,True,1791353388
2026-10-07T06:09:53+00:00,458,5,10,True,True,True,1791353388
2026-10-07T06:09:53+00:00,499,2,14,True,True,True,1791353388
2026-10-07T06:09:53+00:00,472,0,22,True,True,True,1791353388
2026-10-07T06:09:53+00:00,506,2,22,True,True,True,1791353388
2026-10-07T06:09:53+00:00,465,9,19,True,True,True,1791353388
2026-10-07T06:09:53+00:00,611,15,21,True,True,True,1791353388
2026-10-07T06:09:53+00:00,404,2,24,True,True,True,1791353388
2026-10-07T06:09:53+00:00,579,1,15,True,True,True,1791353388
2026-10-07T06:09:53+00:00,589,6,21,True,True,True,1791353388
2026-10-07T06:09:53+00:00,434,4,15,True,True,True,1791353388
2026-10-07T06:09:53+00:00,462,1,14,True,True,True,1791353388
2026-10-07T06:09:53+00:00,578,8,16,True,True,True,1791353388
2026-10-07T06:09:53+00:00,415,1,11,True,True,True,1791353388
2026-10-07T06:09:53+00:00,423,13,6,True,True,True,1791353388
2026-10-07T06:09:53+00:00,412,4,0,True,True,True,1791353388
2026-10-07T06:09:53+00:00,387,5,9,True,True,True,1791353388
2026-10-07T06:09:53+00:00,441,1,14,True,True,True,1791353388
2026-10-07T06:09:53+00:00,454,6,16,True,True,True,1791353388
2026-10-07T06:09:53+00:00,436,0,10,True,True,True,1791353388
2026-10-07T06:09:53+00:00,394,4,13,True,True,True,1791353388
2026-10-07T06:09:53+00:00,497,1,26,True,True,True,1791353388
2026-10-07T06:09:53+00:00,581,11,11,True,True,True,1791353388
2026-10-07T06:09:53+00:00,461,7,11,True,True,True,1791353388
2026-10-07T06:09:53+00:00,599,18,27,True,True,True,1791353388
2026-10-07T06:09:53+00:00,428,11,12,True,True,True,1791353388
2026-10-07T06:09:53+00:00,400,4,20,True,True,True,1791353388
2026-10-07T06:09:53+00:00,487,2,19,True,True,True,1791353388
2026-10-07T06:09:53+00:00,438,24,14,True,True,True,1791353388
2026-10-07T06:09:53+00:00,459,7,5,True,True,True,1791353388
2026-10-07T06:09:53+00:00,433,0,18,True,True,True,1791353388
2026-10-07T06:09:53+00:00,399,16,17,True,True,True,1791353388
2026-10-07T06:09:53+00:00,489,4,22,True,True,True,1791353388
2026-10-07T06:09:53+00:00,742,23,3,True,True,True,1791353388
2026-10-07T06:09:53+00:00,551,10,19,True,True,True,1791353388
2026-10-07T06:09:53+00:00,406,3,8,True,True,True,1791353388
2026-10-07T06:09:53+00:00,488,5,15,True,True,True,1791353388
2026-10-07T06:09:53+00:00,540,7,26,True,True,True,1791353388
2026-10-07T06:09:53+00:00,431,9,11,True,True,True,1791353388
2026-10-07T06:09:53+00:00,393,15,3,True,True,True,1791353388
2026-10-07T06:09:53+00:00,420,4,12,True,True,True,1791353388
2026-10-07T06:09:53+00:00,397,1,31,True,True,True,1791353388
2026-10-07T06:09:53+00:00,390,15,15,True,True,True,1791353388
2026-10-07T06:09:53+00:00,449,12,11,True,True,True,1791353388
2026-10-07T06:09:53+00:00,430,12,27,True,True,True,1791353388
2026-10-07T06:09:53+00:00,484,17,15,True,True,True,1791353388
2026-10-07T06:09:53+00:00,479,12,16,True,True,True,1791353388
2026-10-07T06:09:53+00:00,403,10,2,True,True,True,1791353388
2026-10-07T06:09:53+00:00,435,16,14,True,True,True,1791353388
2026-10-07T06:09:53+00:00,426,16,4,True,True,True,1791353388
2026-10-07T06:09:53+00:00,450,2,12,True,True,True,1791353388
2026-10-07T06:09:53+00:00,456,17,15,True,True,True,1791353388
2026-10-07T06:09:53+00:00,468,12,2,True,True,True,1791353388
2026-10-07T06:09:53+00:00,453,6,26,True,True,True,1791353388
2026-10-07T06:09:53+00:00,466,1,14,True,True,True,1791353388
2026-10-07T06:09:53+00:00,469,4,26,True,True,True,1791353388
2026-10-07T06:09:53+00:00,416,0,15,True,True,True,1791353388
2026-10-07T06:09:53+00:00,391,4,8,True,True,True,1791353388
2026-10-07T06:09:53+00:00,389,7,8,True,True,True,1791353388
2026-10-07T06:09:53+00:00,470,0,14,True,True,True,1791353388
2026-10-07T06:09:53+00:00,384,2,13,True,True,True,1791353388
2026-10-07T06:09:53+00:00,425,0,7,True,True,True,1791353388
2026-10-07T06:09:53+00:00,411,2,9,True,True,True,1791353388
2026-10-07T06:09:53+00:00,598,0,31,True,True,True,1791353388
2026-10-07T06:09:53+00:00,444,8,8,True,True,True,1791353388
2026-10-07T06:09:53+00:00,447,7,21,True,True,True,1791353388
2026-10-07T06:09:53+00:00,408,10,3,True,True,True,1791353388
2026-10-07T06:09:53+00:00,737,7,16,True,True,True,1791353388
2026-10-07T06:09:53+00:00,432,8,4,True,True,True,1791353388
2026-10-07T06:09:53+00:00,401,4,2,True,True,True,1791353388
2026-10-07T06:09:53+00:00,452,19,11,True,True,True,1791353388
2026-10-07T06:09:53+00:00,392,7,0,True,True,True,1791353388
2026-10-07T06:09:53+00:00,481,7,35,True,True,True,1791353388
2026-10-07T06:09:53+00:00,495,27,11,True,True,True,1791353388
2026-10-07T06:09:53+00:00,478,12,1,True,True,True,1791353388
2026-10-07T06:09:53+00:00,414,6,5,True,True,True,1791353388
2026-10-07T06:09:53+00:00,476,11,6,True,True,True,1791353388
2026-10-07T06:09:53+00:00,445,9,7,True,True,True,1791353388
2026-10-07T06:09:53+00:00,748,8,18,True,True,True,1791353388
2026-10-07T06:09:53+00:00,473,2,5,True,True,True,1791353388
2026-10-07T06:09:53+00:00,383,4,20,True,True,True,1791353388
2026-10-07T06:09:53+00:00,480,20,2,True,True,True,1791353388
2026-10-07T06:09:53+00:00,421,0,21,True,True,True,1791353388
2026-10-07T06:09:53+00:00,746,10,1,True,True,True,1791353388
2026-10-07T06:09:53+00:00,417,0,14,True,True,True,1791353388
2026-10-07T06:09:53+00:00,427,4,10,True,True,True,1791353388
2026-10-07T06:09:53+00:00,395,2,11,True,True,True,1791353388
2026-10-07T06:09:53+00:00,418,9,18,True,True,True,1791353388
2026-10-07T06:09:53+00:00,413,5,7,True,True,True,1791353388
2026-10-07T06:09:53+00:00,486,2,17,True,True,True,1791353388
2026-10-07T06:09:53+00:00,597,5,8,True,True,True,1791353388
2026-10-07T06:09:53+00:00,422,2,7,True,True,True,1791353388
2026-10-07T06:09:53+00:00,382,5,3,True,True,True,1791353388
2026-10-07T06:09:53+00:00,396,18,0,True,True,True,1791353388
2026-10-07T06:09:53+00:00,735,11,3,True,True,True,1791353388
2026-10-07T06:09:53+00:00,437,14,10,True,True,True,1791353388
2026-10-07T06:09:53+00:00,446,3,16,True,True,True,1791353388
2026-10-07T06:09:53+00:00,424,2,6,True,True,True,1791353388
2026-10-07T06:09:53+00:00,455,1,10,True,True,True,1791353388
2026-10-07T06:09:53+00:00,457,1,9,True,True,True,1791353388
2026-10-07T06:09:53+00:00,377,27,1,True,True,True,1791353388
2026-10-07T06:09:53+00:00,738,10,2,True,True,True,1791353388
2026-10-07T06:09:53+00:00,460,15,12,True,True,True,1791353388
2026-10-07T06:09:53+00:00,744,0,7,True,True,True,1791353388
2026-10-07T06:09:53+00:00,485,6,14,True,True,True,1791353388
2026-10-07T06:24:53+00:00,6026,6,28,True,True,True,1791354288
2026-10-07T06:24:53+00:00,5431,6,13,True,True,True,1791354288
2026-10-07T06:24:53+00:00,5424,0,18,True,True,True,1791354288
2026-10-07T06:24:53+00:00,5220,0,19,True,True,True,1791354288
2026-10-07T06:24:53+00:00,5217,21,9,True,True,True,1791354288
2026-10-07T06:24:53+00:00,5113,7,6,True,True,True,1791354288
2026-10-07T06:24:53+00:00,4683,4,16,True,True,True,1791354288
2026-10-07T06:24:53+00:00,4552,0,18,True,True,True,1791354288
2026-10-07T06:24:53+00:00,3725,2,15,True,True,True,1791354288
2026-10-07T06:24:53+00:00,2358,6,5,True,True,True,1791354288
2026-10-07T06:24:53+00:00,2357,2,21,True,True,True,1791354288
2026-10-07T06:24:53+00:00,2355,2,10,True,True,True,1791354288
2026-10-07T06:24:53+00:00,2351,0,17,True,True,True,1791354288
2026-10-07T06:24:53+00:00,2350,1,21,True,True,True,1791354288
2026-10-07T06:24:53+00:00,2349,6,15,True,True,True,1791354288
2026-10-07T06:24:53+00:00,2347,9,21,True,True,True,1791354288
2026-10-07T06:24:53+00:00,2340,10,12,True,True,True,1791354288
2026-10-07T06:24:53+00:00,2339,14,14,True,True,True,1791354288
2026-10-07T06:24:53+00:00,2337,5,8,True,True,True,1791354288
2026-10-07T06:24:53+00:00,2334,0,11,True,True,True,1791354288
2026-10-07T06:24:53+00:00,2333,15,0,True,True,True,1791354288
2026-10-07T06:24:53+00:00,2332,2,7,True,True,True,1791354288
2026-10-07T06:24:53+00:00,2330,13,0,True,True,True,1791354288
2026-10-07T06:24:53+00:00,2329,14,0,True,True,True,1791354288
2026-10-07T06:24:53+00:00,2328,19,0,True,True,True,1791354288
2026-10-07T06:24:53+00:00,2315,14,1,True,True,True,1791354288
2026-10-07T06:24:53+00:00,2308,5,3,True,True,True,1791354288
2026-10-07T06:24:53+00:00,2307,1,25,True,True,True,1791354288
2026-10-07T06:24:53+00:00,2306,1,17,True,True,True,1791354288
2026-10-07T06:24:53+00:00,2305,3,12,True,True,True,1791354288
2026-10-07T06:24:53+00:00,2304,13,5,True,True,True,1791354288
2026-10-07T06:24:53+00:00,2280,13,2,True,True,True,1791354288
2026-10-07T06:24:53+00:00,2270,0,18,True,True,True,1791354288
2026-10-07T06:24:53+00:00,1919,3,3,True,True,True,1791354288
2026-10-07T06:24:53+00:00,1755,18,14,True,True,True,1791354288
2026-10-07T06:24:53+00:00,1101,15,8,True,True,True,1791354288
2026-10-07T06:24:53+00:00,1023,10,3,True,True,True,1791354288
2026-10-07T06:24:53+00:00,1009,4,6,True,True,True,1791354288
2026-10-07T06:24:53+00:00,970,7,16,True,True,True,1791354288
2026-10-07T06:24:53+00:00,787,8,4,True,True,True,1791354288
2026-10-07T06:24:53+00:00,627,4,26,True,True,True,1791354288
2026-10-07T06:24:53+00:00,623,19,0,True,True,True,1791354288
2026-10-07T06:24:53+00:00,624,2,17,True,True,True,1791354288
2026-10-07T06:24:53+00:00,626,6,16,True,True,True,1791354288
2026-10-07T06:24:53+00:00,614,18,5,True,True,True,1791354288
2026-10-07T06:24:53+00:00,616,12,3,True,True,True,1791354288
2026-10-07T06:24:53+00:00,618,2,38,True,True,True,1791354288
2026-10-07T06:24:53+00:00,621,2,22,True,True,True,1791354288
2026-10-07T06:24:53+00:00,622,3,23,True,True,True,1791354288
2026-10-07T06:24:53+00:00,613,1,15,True,True,True,1791354288
2026-10-07T06:24:53+00:00,620,0,38,True,True,True,1791354288
2026-10-07T06:24:53+00:00,596,3,13,True,True,True,1791354288
2026-10-07T06:24:53+00:00,617,1,16,True,True,True,1791354288
2026-10-07T06:24:53+00:00,609,11,16,True,True,True,1791354288
2026-10-07T06:24:53+00:00,607,1,27,True,True,True,1791354288
2026-10-07T06:24:53+00:00,603,3,15,True,True,True,1791354288
2026-10-07T06:24:53+00:00,590,11,26,True,True,True,1791354288
2026-10-07T06:24:53+00:00,610,6,14,True,True,True,1791354288
2026-10-07T06:24:53+00:00,608,13,8,True,True,True,1791354288
2026-10-07T06:24:53+00:00,593,8,20,True,True,True,1791354288
2026-10-07T06:24:53+00:00,530,2,7,True,True,True,1791354288
2026-10-07T06:24:53+00:00,463,7,9,True,True,True,1791354288
2026-10-07T06:24:53+00:00,475,21,2,True,True,True,1791354288
2026-10-07T06:24:53+00:00,439,1,22,True,True,True,1791354288
2026-10-07T06:24:53+00:00,600,3,6,True,True,True,1791354288
2026-10-07T06:24:53+00:00,440,0,17,True,True,True,1791354288
2026-10-07T06:24:53+00:00,612,0,18,True,True,True,1791354288
2026-10-07T06:24:53+00:00,491,16,1,True,True,True,1791354288
2026-10-07T06:24:53+00:00,493,4,21,True,True,True,1791354288
2026-10-07T06:24:53+00:00,410,0,25,True,True,True,1791354288
2026-10-07T06:24:53+00:00,605,2,16,True,True,True,1791354288
2026-10-07T06:24:53+00:00,388,0,17,True,True,True,1791354288
2026-10-07T06:24:53+00:00,591,0,22,True,True,True,1791354288
2026-10-07T06:24:53+00:00,592,1,17,True,True,True,1791354288
2026-10-07T06:24:53+00:00,585,0,1,False,False,False,1791354288
2026-10-07T06:24:53+00:00,565,4,14,True,True,True,1791354288
2026-10-07T06:24:53+00:00,571,14,5,True,True,True,1791354288
2026-10-07T06:24:53+00:00,568,2,13,True,True,True,1791354288
2026-10-07T06:24:53+00:00,588,1,18,True,True,True,1791354288
2026-10-07T06:24:53+00:00,584,7,26,True,True,True,1791354288
2026-10-07T06:24:53+00:00,569,5,24,True,True,True,1791354288
2026-10-07T06:24:53+00:00,577,27,1,True,True,True,1791354288
2026-10-07T06:24:53+00:00,564,3,26,True,True,True,1791354288
2026-10-07T06:24:53+00:00,570,3,12,True,True,True,1791354288
2026-10-07T06:24:53+00:00,572,17,20,True,True,True,1791354288
2026-10-07T06:24:53+00:00,586,1,24,True,True,True,1791354288
2026-10-07T06:24:53+00:00,576,10,7,True,True,True,1791354288
2026-10-07T06:24:53+00:00,566,3,20,True,True,True,1791354288
2026-10-07T06:24:53+00:00,602,2,16,True,True,True,1791354288
2026-10-07T06:24:53+00:00,575,1,27,True,True,True,1791354288
2026-10-07T06:24:53+00:00,567,6,31,True,True,True,1791354288
2026-10-07T06:24:53+00:00,582,0,25,True,True,True,1791354288
2026-10-07T06:24:53+00:00,595,22,0,True,True,True,1791354288
2026-10-07T06:24:53+00:00,542,4,15,True,True,True,1791354288
2026-10-07T06:24:53+00:00,563,6,10,True,True,True,1791354288
2026-10-07T06:24:53+00:00,558,14,1,True,True,True,1791354288
2026-10-07T06:24:53+00:00,552,4,14,True,True,True,1791354288
2026-10-07T06:24:53+00:00,555,4,10,True,True,True,1791354288
2026-10-07T06:24:53+00:00,573,7,17,True,True,True,1791354288
2026-10-07T06:24:53+00:00,561,7,15,True,True,True,1791354288
2026-10-07T06:24:53+00:00,615,13,8,True,True,True,1791354288
2026-10-07T06:24:53+00:00,543,3,15,True,True,True,1791354288
2026-10-07T06:24:53+00:00,554,0,20,True,True,True,1791354288
2026-10-07T06:24:53+00:00,574,10,1,True,True,True,1791354288
2026-10-07T06:24:53+00:00,560,0,8,True,True,True,1791354288
2026-10-07T06:24:53+00:00,548,0,17,True,True,True,1791354288
2026-10-07T06:24:53+00:00,559,8,9,True,True,True,1791354288
2026-10-07T06:24:53+00:00,545,23,15,True,True,True,1791354288
2026-10-07T06:24:53+00:00,550,0,9,True,True,True,1791354288
2026-10-07T06:24:53+00:00,541,7,2,True,True,True,1791354288
2026-10-07T06:24:53+00:00,527,11,1,True,True,True,1791354288
2026-10-07T06:24:53+00:00,529,13,8,True,True,True,1791354288
2026-10-07T06:24:53+00:00,526,12,1,True,True,True,1791354288
2026-10-07T06:24:53+00:00,537,11,7,True,True,True,1791354288
2026-10-07T06:24:53+00:00,547,3,26,True,True,True,1791354288
2026-10-07T06:24:53+00:00,601,2,17,True,True,True,1791354288
2026-10-07T06:24:53+00:00,533,2,9,True,True,True,1791354288
2026-10-07T06:24:53+00:00,535,2,25,True,True,True,1791354288
2026-10-07T06:24:53+00:00,524,1,18,True,True,True,1791354288
2026-10-07T06:24:53+00:00,519,11,10,True,True,True,1791354288
2026-10-07T06:24:53+00:00,534,17,22,True,True,True,1791354288
2026-10-07T06:24:53+00:00,521,2,10,True,True,True,1791354288
2026-10-07T06:24:53+00:00,518,5,13,True,True,True,1791354288
2026-10-07T06:24:53+00:00,556,2,16,True,True,True,1791354288
2026-10-07T06:24:53+00:00,525,0,13,True,True,True,1791354288
2026-10-07T06:24:53+00:00,517,1,13,True,True,True,1791354288
2026-10-07T06:24:53+00:00,523,28,2,True,True,True,1791354288
2026-10-07T06:24:53+00:00,522,7,2,True,True,True,1791354288
2026-10-07T06:24:53+00:00,594,11,7,True,True,True,1791354288
2026-10-07T06:24:53+00:00,532,0,20,True,True,True,1791354288
2026-10-07T06:24:53+00:00,509,11,1,True,True,True,1791354288
2026-10-07T06:24:53+00:00,531,7,11,True,True,True,1791354288
2026-10-07T06:24:53+00:00,536,3,6,True,True,True,1791354288
2026-10-07T06:24:53+00:00,562,30,7,True,True,True,1791354288
2026-10-07T06:24:53+00:00,511,12,8,True,True,True,1791354288
2026-10-07T06:24:53+00:00,505,3,16,True,True,True,1791354288
2026-10-07T06:24:53+00:00,501,0,18,True,True,True,1791354288
2026-10-07T06:24:53+00:00,514,0,9,True,True,True,1791354288
2026-10-07T06:24:53+00:00,500,4,13,True,True,True,1791354288
2026-10-07T06:24:53+00:00,503,7,22,True,True,True,1791354288
2026-10-07T06:24:53+00:00,513,2,12,True,True,True,1791354288
2026-10-07T06:24:53+00:00,498,1,11,True,True,True,1791354288
2026-10-07T06:24:53+00:00,507,0,16,True,True,True,1791354288
2026-10-07T06:24:53+00:00,512,3,26,True,True,True,1791354288
2026-10-07T06:24:53+00:00,619,0,42,True,True,True,1791354288
2026-10-07T06:24:53+00:00,474,2,40,True,True,True,1791354288
2026-10-07T06:24:53+00:00,580,19,26,True,True,True,1791354288
2026-10-07T06:24:53+00:00,496,6,37,True,True,True,1791354288
2026-10-07T06:24:53+00:00,482,1,16,True,True,True,1791354288
2026-10-07T06:24:53+00:00,407,0,12,True,True,True,1791354288
2026-10-07T06:24:53+00:00,409,15,9,True,True,True,1791354288
2026-10-07T06:24:53+00:00,451,0,18,True,True,True,1791354288
2026-10-07T06:24:53+00:00,402,0,19,True,True,True,1791354288
2026-10-07T06:24:53+00:00,516,0,14,True,True,True,1791354288
2026-10-07T06:24:53+00:00,625,10,30,True,True,True,1791354288
2026-10-07T06:24:53+00:00,429,11,9,True,True,True,1791354288
2026-10-07T06:24:53+00:00,380,9,15,True,True,True,1791354288
2026-10-07T06:24:53+00:00,583,3,15,True,True,True,1791354288
2026-10-07T06:24:53+00:00,398,0,13,True,True,True,1791354288
2026-10-07T06:24:53+00:00,381,14,0,True,True,True,1791354288
2026-10-07T06:24:53+00:00,464,13,30,True,True,True,1791354288
2026-10-07T06:24:53+00:00,442,12,1,True,True,True,1791354288
2026-10-07T06:24:53+00:00,483,9,12,True,True,True,1791354288
2026-10-07T06:24:53+00:00,458,4,11,True,True,True,1791354288
2026-10-07T06:24:53+00:00,499,0,16,True,True,True,1791354288
2026-10-07T06:24:53+00:00,472,0,22,True,True,True,1791354288
2026-10-07T06:24:53+00:00,506,0,24,True,True,True,1791354288
2026-10-07T06:24:53+00:00,465,12,16,True,True,True,1791354288
2026-10-07T06:24:53+00:00,611,5,30,True,True,True,1791354288
2026-10-07T06:24:53+00:00,404,2,24,True,True,True,1791354288
2026-10-07T06:24:53+00:00,579,0,16,True,True,True,1791354288
2026-10-07T06:24:53+00:00,589,6,21,True,True,True,1791354288
2026-10-07T06:24:53+00:00,434,4,15,True,True,True,1791354288
2026-10-07T06:24:53+00:00,462,1,14,True,True,True,1791354288
2026-10-07T06:24:53+00:00,578,7,17,True,True,True,1791354288
2026-10-07T06:24:53+00:00,415,0,12,True,True,True,1791354288
2026-10-07T06:24:53+00:00,423,7,11,True,True,True,1791354288
2026-10-07T06:24:53+00:00,412,4,0,True,True,True,1791354288
2026-10-07T06:24:53+00:00,387,4,10,True,True,True,1791354288
2026-10-07T06:24:53+00:00,441,1,14,True,True,True,1791354288
2026-10-07T06:24:53+00:00,454,5,17,True,True,True,1791354288
2026-10-07T06:24:53+00:00,436,0,10,True,True,True,1791354288
2026-10-07T06:24:53+00:00,394,4,13,True,True,True,1791354288
2026-10-07T06:24:53+00:00,497,1,26,True,True,True,1791354288
2026-10-07T06:24:53+00:00,581,11,11,True,True,True,1791354288
2026-10-07T06:24:53+00:00,461,7,11,True,True,True,1791354288
2026-10-07T06:24:53+00:00,599,20,25,True,True,True,1791354288
2026-10-07T06:24:53+00:00,428,11,12,True,True,True,1791354288
2026-10-07T06:24:53+00:00,400,3,21,True,True,True,1791354288
2026-10-07T06:24:53+00:00,487,2,19,True,True,True,1791354288
2026-10-07T06:24:53+00:00,438,26,12,True,True,True,1791354288
2026-10-07T06:24:53+00:00,459,7,5,True,True,True,1791354288
2026-10-07T06:24:53+00:00,433,0,18,True,True,True,1791354288
2026-10-07T06:24:53+00:00,399,15,18,True,True,True,1791354288
2026-10-07T06:24:53+00:00,489,5,21,True,True,True,1791354288
2026-10-07T06:24:53+00:00,742,22,4,True,True,True,1791354288
2026-10-07T06:24:53+00:00,551,3,25,True,True,True,1791354288
2026-10-07T06:24:53+00:00,406,3,8,True,True,True,1791354288
2026-10-07T06:24:53+00:00,488,3,17,True,True,True,1791354288
2026-10-07T06:24:53+00:00,540,5,29,True,True,True,1791354288
2026-10-07T06:24:53+00:00,431,6,14,True,True,True,1791354288
2026-10-07T06:24:53+00:00,393,15,4,True,True,True,1791354288
2026-10-07T06:24:53+00:00,420,4,12,True,True,True,1791354288
2026-10-07T06:24:53+00:00,397,2,30,True,True,True,1791354288
2026-10-07T06:24:53+00:00,390,17,13,True,True,True,1791354288
2026-10-07T06:24:53+00:00,449,13,10,True,True,True,1791354288
2026-10-07T06:24:53+00:00,430,14,25,True,True,True,1791354288
2026-10-07T06:24:53+00:00,484,17,15,True,True,True,1791354288
2026-10-07T06:24:53+00:00,479,14,14,True,True,True,1791354288
2026-10-07T06:24:53+00:00,403,11,1,True,True,True,1791354288
2026-10-07T06:24:53+00:00,435,17,13,True,True,True,1791354288
2026-10-07T06:24:53+00:00,426,10,10,True,True,True,1791354288
2026-10-07T06:24:53+00:00,450,1,12,True,True,True,1791354288
2026-10-07T06:24:53+00:00,456,16,16,True,True,True,1791354288
2026-10-07T06:24:53+00:00,468,10,4,True,True,True,1791354288
2026-10-07T06:24:53+00:00,453,5,27,True,True,True,1791354288
2026-10-07T06:24:53+00:00,466,0,15,True,True,True,1791354288
2026-10-07T06:24:53+00:00,469,4,26,True,True,True,1791354288
2026-10-07T06:24:53+00:00,416,0,15,True,True,True,1791354288
2026-10-07T06:24:53+00:00,391,3,9,True,True,True,1791354288
2026-10-07T06:24:53+00:00,389,7,8,True,True,True,1791354288
2026-10-07T06:24:53+00:00,470,0,14,True,True,True,1791354288
2026-10-07T06:24:53+00:00,384,4,11,True,True,True,1791354288
2026-10-07T06:24:53+00:00,425,0,7,True,True,True,1791354288
2026-10-07T06:24:53+00:00,411,1,10,True,True,True,1791354288
2026-10-07T06:24:53+00:00,598,0,31,True,True,True,1791354288
2026-10-07T06:24:53+00:00,444,6,10,True,True,True,1791354288
2026-10-07T06:24:53+00:00,447,8,20,True,True,True,1791354288
2026-10-07T06:24:53+00:00,408,10,3,True,True,True,1791354288
2026-10-07T06:24:53+00:00,737,7,16,True,True,True,1791354288
2026-10-07T06:24:53+00:00,432,8,4,True,True,True,1791354288
2026-10-07T06:24:53+00:00,401,4,2,True,True,True,1791354288
2026-10-07T06:24:53+00:00,452,8,22,True,True,True,1791354288
2026-10-07T06:24:53+00:00,392,6,1,True,True,True,1791354288
2026-10-07T06:24:53+00:00,481,10,32,True,True,True,1791354288
2026-10-07T06:24:53+00:00,495,30,8,True,True,True,1791354288
2026-10-07T06:24:53+00:00,478,12,1,True,True,True,1791354288
2026-10-07T06:24:53+00:00,414,6,5,True,True,True,1791354288
2026-10-07T06:24:53+00:00,476,16,1,True,True,True,1791354288
2026-10-07T06:24:53+00:00,445,9,7,True,True,True,1791354288
2026-10-07T06:24:53+00:00,748,8,18,True,True,True,1791354288
2026-10-07T06:24:53+00:00,473,2,5,True,True,True,1791354288
2026-10-07T06:24:53+00:00,383,1,23,True,True,True,1791354288
2026-10-07T06:24:53+00:00,480,20,1,True,True,True,1791354288
2026-10-07T06:24:53+00:00,421,0,21,True,True,True,1791354288
2026-10-07T06:24:53+00:00,746,9,2,True,True,True,1791354288
2026-10-07T06:24:53+00:00,417,0,14,True,True,True,1791354288
2026-10-07T06:24:53+00:00,427,1,13,True,True,True,1791354288
2026-10-07T06:24:53+00:00,395,2,11,True,True,True,1791354288
2026-10-07T06:24:53+00:00,418,9,18,True,True,True,1791354288
2026-10-07T06:24:53+00:00,413,5,7,True,True,True,1791354288
2026-10-07T06:24:53+00:00,486,2,17,True,True,True,1791354288
2026-10-07T06:24:53+00:00,597,4,9,True,True,True,1791354288
2026-10-07T06:24:53+00:00,422,1,8,True,True,True,1791354288
2026-10-07T06:24:53+00:00,382,5,3,True,True,True,1791354288
2026-10-07T06:24:53+00:00,396,18,0,True,True,True,1791354288
2026-10-07T06:24:53+00:00,735,11,3,True,True,True,1791354288
2026-10-07T06:24:53+00:00,437,17,7,True,True,True,1791354288
2026-10-07T06:24:53+00:00,446,3,16,True,True,True,1791354288
2026-10-07T06:24:53+00:00,424,2,6,True,True,True,1791354288
2026-10-07T06:24:53+00:00,455,1,10,True,True,True,1791354288
2026-10-07T06:24:53+00:00,457,0,10,True,True,True,1791354288
2026-10-07T06:24:53+00:00,377,25,3,True,True,True,1791354288
2026-10-07T06:24:53+00:00,738,9,3,True,True,True,1791354288
2026-10-07T06:24:53+00:00,460,12,15,True,True,True,1791354288
2026-10-07T06:24:53+00:00,744,0,7,True,True,True,1791354288
2026-10-07T06:24:53+00:00,485,5,15,True,True,True,1791354288
2026-10-07T06:39:53+00:00,6026,8,26,True,True,True,1791355190
2026-10-07T06:39:53+00:00,5431,6,13,True,True,True,1791355190
2026-10-07T06:39:53+00:00,5424,0,18,True,True,True,1791355190
2026-10-07T06:39:53+00:00,5220,0,19,True,True,True,1791355190
2026-10-07T06:39:53+00:00,5217,23,7,True,True,True,1791355190
2026-10-07T06:39:53+00:00,5113,5,7,True,True,True,1791355190
2026-10-07T06:39:53+00:00,4683,4,16,True,True,True,1791355190
2026-10-07T06:39:53+00:00,4552,0,18,True,True,True,1791355190
2026-10-07T06:39:53+00:00,3725,2,15,True,True,True,1791355190
2026-10-07T06:39:53+00:00,2358,4,7,True,True,True,1791355190
2026-10-07T06:39:53+00:00,2357,0,23,True,True,True,1791355190
2026-10-07T06:39:53+00:00,2355,2,10,True,True,True,1791355190
2026-10-07T06:39:53+00:00,2351,0,17,True,True,True,1791355190
2026-10-07T06:39:53+00:00,2350,1,21,True,True,True,1791355190
2026-10-07T06:39:53+00:00,2349,6,15,True,True,True,1791355190
2026-10-07T06:39:53+00:00,2347,9,21,True,True,True,1791355190
2026-10-07T06:39:53+00:00,2340,11,11,True,True,True,1791355190
2026-10-07T06:39:53+00:00,2339,13,16,True,True,True,1791355190
2026-10-07T06:39:53+00:00,2337,5,8,True,True,True,1791355190
2026-10-07T06:39:53+00:00,2334,0,11,True,True,True,1791355190
2026-10-07T06:39:53+00:00,2333,15,0,True,True,True,1791355190
2026-10-07T06:39:53+00:00,2332,2,7,True,True,True,1791355190
2026-10-07T06:39:53+00:00,2330,13,0,True,True,True,1791355190
2026-10-07T06:39:53+00:00,2329,14,0,True,True,True,1791355190
2026-10-07T06:39:53+00:00,2328,19,0,True,True,True,1791355190
2026-10-07T06:39:53+00:00,2315,14,1,True,True,True,1791355190
2026-10-07T06:39:53+00:00,2308,6,2,True,True,True,1791355190
2026-10-07T06:39:53+00:00,2307,1,25,True,True,True,1791355190
2026-10-07T06:39:53+00:00,2306,1,17,True,True,True,1791355190
2026-10-07T06:39:53+00:00,2305,0,14,True,True,True,1791355190
2026-10-07T06:39:53+00:00,2304,12,6,True,True,True,1791355190
2026-10-07T06:39:53+00:00,2280,12,3,True,True,True,1791355190
2026-10-07T06:39:53+00:00,2270,0,18,True,True,True,1791355190
2026-10-07T06:39:53+00:00,1919,3,3,True,True,True,1791355190
2026-10-07T06:39:53+00:00,1755,19,13,True,True,True,1791355190
2026-10-07T06:39:53+00:00,1101,15,8,True,True,True,1791355190
2026-10-07T06:39:53+00:00,1023,13,0,True,True,True,1791355190
2026-10-07T06:39:53+00:00,1009,4,6,True,True,True,1791355190
2026-10-07T06:39:53+00:00,970,5,18,True,True,True,1791355190
2026-10-07T06:39:53+00:00,787,11,1,True,True,True,1791355190
2026-10-07T06:39:53+00:00,627,5,25,True,True,True,1791355190
2026-10-07T06:39:53+00:00,623,19,0,True,True,True,1791355190
2026-10-07T06:39:53+00:00,624,0,19,True,True,True,1791355190
2026-10-07T06:39:53+00:00,626,6,16,True,True,True,1791355190
2026-10-07T06:39:53+00:00,614,18,5,True,True,True,1791355190
2026-10-07T06:39:53+00:00,616,12,3,True,True,True,1791355190
2026-10-07T06:39:53+00:00,618,2,38,True,True,True,1791355190
2026-10-07T06:39:53+00:00,621,2,22,True,True,True,1791355190
2026-10-07T06:39:53+00:00,622,2,24,True,True,True,1791355190
2026-10-07T06:39:53+00:00,613,1,15,True,True,True,1791355190
2026-10-07T06:39:53+00:00,620,1,38,True,True,True,1791355190
2026-10-07T06:39:53+00:00,596,2,14,True,True,True,1791355190
2026-10-07T06:39:53+00:00,617,0,17,True,True,True,1791355190
2026-10-07T06:39:53+00:00,609,20,7,True,True,True,1791355190
2026-10-07T06:39:53+00:00,607,1,27,True,True,True,1791355190
2026-10-07T06:39:53+00:00,603,2,16,True,True,True,1791355190
2026-10-07T06:39:53+00:00,590,12,25,True,True,True,1791355190
2026-10-07T06:39:53+00:00,610,5,15,True,True,True,1791355190
2026-10-07T06:39:53+00:00,608,16,5,True,True,True,1791355190
2026-10-07T06:39:53+00:00,593,6,22,True,True,True,1791355190
2026-10-07T06:39:53+00:00,530,2,7,True,True,True,1791355190
2026-10-07T06:39:53+00:00,463,3,12,True,True,True,1791355190
2026-10-07T06:39:53+00:00,475,21,2,True,True,True,1791355190
2026-10-07T06:39:53+00:00,439,0,23,True,True,True,1791355190
2026-10-07T06:39:53+00:00,600,3,7,True,True,True,1791355190
2026-10-07T06:39:53+00:00,440,0,17,True,True,True,1791355190
2026-10-07T06:39:53+00:00,612,0,18,True,True,True,1791355190
2026-10-07T06:39:53+00:00,491,17,0,True,True,True,1791355190
2026-10-07T06:39:53+00:00,493,0,25,True,True,True,1791355190
2026-10-07T06:39:53+00:00,410,0,25,True,True,True,1791355190
2026-10-07T06:39:53+00:00,605,2,16,True,True,True,1791355190
2026-10-07T06:39:53+00:00,388,1,16,True,True,True,1791355190
2026-10-07T06:39:53+00:00,591,0,22,True,True,True,1791355190
2026-10-07T06:39:53+00:00,592,1,17,True,True,True,1791355190
2026-10-07T06:39:53+00:00,585,0,1,False,False,False,1791355190
2026-10-07T06:39:53+00:00,565,4,14,True,True,True,1791355190
2026-10-07T06:39:53+00:00,571,15,4,True,True,True,1791355190
2026-10-07T06:39:53+00:00,568,2,13,True,True,True,1791355190
2026-10-07T06:39:53+00:00,588,1,18,True,True,True,1791355190
2026-10-07T06:39:53+00:00,584,3,30,True,True,True,1791355190
2026-10-07T06:39:53+00:00,569,2,27,True,True,True,1791355190
2026-10-07T06:39:53+00:00,577,27,1,True,True,True,1791355190
2026-10-07T06:39:53+00:00,564,3,26,True,True,True,1791355190
2026-10-07T06:39:53+00:00,570,3,12,True,True,True,1791355190
2026-10-07T06:39:53+00:00,572,20,17,True,True,True,1791355190
2026-10-07T06:39:53+00:00,586,1,24,True,True,True,1791355190
2026-10-07T06:39:53+00:00,576,12,5,True,True,True,1791355190
2026-10-07T06:39:53+00:00,566,4,19,True,True,True,1791355190
2026-10-07T06:39:53+00:00,602,2,16,True,True,True,1791355190
2026-10-07T06:39:53+00:00,575,1,27,True,True,True,1791355190
2026-10-07T06:39:53+00:00,567,6,31,True,True,True,1791355190
2026-10-07T06:39:53+00:00,582,0,25,True,True,True,1791355190
2026-10-07T06:39:53+00:00,595,22,0,True,True,True,1791355190
2026-10-07T06:39:53+00:00,542,0,19,True,True,True,1791355190
2026-10-07T06:39:53+00:00,563,7,9,True,True,True,1791355190
2026-10-07T06:39:53+00:00,558,14,1,True,True,True,1791355190
2026-10-07T06:39:53+00:00,552,7,11,True,True,True,1791355190
2026-10-07T06:39:53+00:00,555,3,11,True,True,True,1791355190
2026-10-07T06:39:53+00:00,573,8,16,True,True,True,1791355190
2026-10-07T06:39:53+00:00,561,7,15,True,True,True,1791355190
2026-10-07T06:39:53+00:00,615,14,7,True,True,True,1791355190
2026-10-07T06:39:53+00:00,543,4,14,True,True,True,1791355190
2026-10-07T06:39:53+00:00,554,0,20,True,True,True,1791355190
2026-10-07T06:39:53+00:00,574,11,0,True,True,True,1791355190
2026-10-07T06:39:53+00:00,560,0,8,True,True,True,1791355190
2026-10-07T06:39:53+00:00,548,1,16,True,True,True,1791355190
2026-10-07T06:39:53+00:00,559,9,8,True,True,True,1791355190
2026-10-07T06:39:53+00:00,545,30,8,True,True,True,1791355190
2026-10-07T06:39:53+00:00,550,0,9,True,True,True,1791355190
2026-10-07T06:39:53+00:00,541,9,0,True,True,True,1791355190
2026-10-07T06:39:53+00:00,527,12,0,True,True,True,1791355190
2026-10-07T06:39:53+00:00,529,13,8,True,True,True,1791355190
2026-10-07T06:39:53+00:00,526,13,0,True,True,True,1791355190
2026-10-07T06:39:53+00:00,537,12,6,True,True,True,1791355190
2026-10-07T06:39:53+00:00,547,4,25,True,True,True,1791355190
2026-10-07T06:39:53+00:00,601,0,18,True,True,True,1791355190
2026-10-07T06:39:53+00:00,533,3,7,True,True,True,1791355190
2026-10-07T06:39:53+00:00,535,2,25,True,True,True,1791355190
2026-10-07T06:39:53+00:00,524,2,17,True,True,True,1791355190
2026-10-07T06:39:53+00:00,519,9,12,True,True,True,1791355190
2026-10-07T06:39:53+00:00,534,18,21,True,True,True,1791355190
2026-10-07T06:39:53+00:00,521,2,10,True,True,True,1791355190
2026-10-07T06:39:53+00:00,518,5,13,True,True,True,1791355190
2026-10-07T06:39:53+00:00,556,0,18,True,True,True,1791355190
2026-10-07T06:39:53+00:00,525,0,13,True,True,True,1791355190
2026-10-07T06:39:53+00:00,517,1,13,True,True,True,1791355190
2026-10-07T06:39:53+00:00,523,30,0,True,True,True,1791355190
2026-10-07T06:39:53+00:00,522,8,1,True,True,True,1791355190
2026-10-07T06:39:53+00:00,594,11,7,True,True,True,1791355190
2026-10-07T06:39:53+00:00,532,0,20,True,True,True,1791355190
2026-10-07T06:39:53+00:00,509,11,1,True,True,True,1791355190
2026-10-07T06:39:53+00:00,531,7,11,True,True,True,1791355190
2026-10-07T06:39:53+00:00,536,3,6,True,True,True,1791355190
2026-10-07T06:39:53+00:00,562,31,6,True,True,True,1791355190
2026-10-07T06:39:53+00:00,511,11,9,True,True,True,1791355190
2026-10-07T06:39:53+00:00,505,2,17,True,True,True,1791355190
2026-10-07T06:39:53+00:00,501,0,18,True,True,True,1791355190
2026-10-07T06:39:53+00:00,514,0,9,True,True,True,1791355190
2026-10-07T06:39:53+00:00,500,4,13,True,True,True,1791355190
2026-10-07T06:39:53+00:00,503,4,25,True,True,True,1791355190
2026-10-07T06:39:53+00:00,513,1,13,True,True,True,1791355190
2026-10-07T06:39:53+00:00,498,3,9,True,True,True,1791355190
2026-10-07T06:39:53+00:00,507,0,16,True,True,True,1791355190
2026-10-07T06:39:53+00:00,512,1,28,True,True,True,1791355190
2026-10-07T06:39:53+00:00,619,1,41,True,True,True,1791355190
2026-10-07T06:39:53+00:00,474,2,40,True,True,True,1791355190
2026-10-07T06:39:53+00:00,580,19,26,True,True,True,1791355190
2026-10-07T06:39:53+00:00,496,6,37,True,True,True,1791355190
2026-10-07T06:39:53+00:00,482,1,16,True,True,True,1791355190
2026-10-07T06:39:53+00:00,407,0,12,True,True,True,1791355190
2026-10-07T06:39:53+00:00,409,14,10,True,True,True,1791355190
2026-10-07T06:39:53+00:00,451,1,17,True,True,True,1791355190
2026-10-07T06:39:53+00:00,402,0,19,True,True,True,1791355190
2026-10-07T06:39:53+00:00,516,0,14,True,True,True,1791355190
2026-10-07T06:39:53+00:00,625,12,28,True,True,True,1791355190
2026-10-07T06:39:53+00:00,429,14,6,True,True,True,1791355190
2026-10-07T06:39:53+00:00,380,5,19,True,True,True,1791355190
2026-10-07T06:39:53+00:00,583,3,15,True,True,True,1791355190
2026-10-07T06:39:53+00:00,398,0,13,True,True,True,1791355190
2026-10-07T06:39:53+00:00,381,14,0,True,True,True,1791355190
2026-10-07T06:39:53+00:00,464,12,31,True,True,True,1791355190
2026-10-07T06:39:53+00:00,442,11,2,True,True,True,1791355190
2026-10-07T06:39:53+00:00,483,8,13,True,True,True,1791355190
2026-10-07T06:39:53+00:00,458,2,13,True,True,True,1791355190
2026-10-07T06:39:53+00:00,499,0,16,True,True,True,1791355190
2026-10-07T06:39:53+00:00,472,0,22,True,True,True,1791355190
2026-10-07T06:39:53+00:00,506,1,23,True,True,True,1791355190
2026-10-07T06:39:53+00:00,465,15,13,True,True,True,1791355190
2026-10-07T06:39:53+00:00,611,10,26,True,True,True,1791355190
2026-10-07T06:39:53+00:00,404,2,24,True,True,True,1791355190
2026-10-07T06:39:53+00:00,579,0,16,True,True,True,1791355190
2026-10-07T06:39:53+00:00,589,6,21,True,True,True,1791355190
2026-10-07T06:39:53+00:00,434,4,15,True,True,True,1791355190
2026-10-07T06:39:53+00:00,462,2,13,True,True,True,1791355190
2026-10-07T06:39:53+00:00,578,6,18,True,True,True,1791355190
2026-10-07T06:39:53+00:00,415,0,12,True,True,True,1791355190
2026-10-07T06:39:53+00:00,423,3,16,True,True,True,1791355190
2026-10-07T06:39:53+00:00,412,3,1,True,True,True,1791355190
2026-10-07T06:39:53+00:00,387,4,10,True,True,True,1791355190
2026-10-07T06:39:53+00:00,441,1,14,True,True,True,1791355190
2026-10-07T06:39:53+00:00,454,4,18,True,True,True,1791355190
2026-10-07T06:39:53+00:00,436,0,10,True,True,True,1791355190
2026-10-07T06:39:53+00:00,394,2,15,True,True,True,1791355190
2026-10-07T06:39:53+00:00,497,1,26,True,True,True,1791355190
2026-10-07T06:39:53+00:00,581,9,12,True,True,True,1791355190
2026-10-07T06:39:53+00:00,461,6,11,True,True,True,1791355190
2026-10-07T06:39:53+00:00,599,21,24,True,True,True,1791355190
2026-10-07T06:39:53+00:00,428,12,11,True,True,True,1791355190
2026-10-07T06:39:53+00:00,400,2,21,True,True,True,1791355190
2026-10-07T06:39:53+00:00,487,2,19,True,True,True,1791355190
2026-10-07T06:39:53+00:00,438,25,13,True,True,True,1791355190
2026-10-07T06:39:53+00:00,459,6,6,True,True,True,1791355190
2026-10-07T06:39:53+00:00,433,0,18,True,True,True,1791355190
2026-10-07T06:39:53+00:00,399,10,23,True,True,True,1791355190
2026-10-07T06:39:53+00:00,489,9,17,True,True,True,1791355190
2026-10-07T06:39:53+00:00,742,22,4,True,True,True,1791355190
2026-10-07T06:39:53+00:00,551,0,29,True,True,True,1791355190
2026-10-07T06:39:53+00:00,406,3,8,True,True,True,1791355190
2026-10-07T06:39:53+00:00,488,3,17,True,True,True,1791355190
2026-10-07T06:39:53+00:00,540,3,31,True,True,True,1791355190
2026-10-07T06:39:53+00:00,431,3,17,True,True,True,1791355190
2026-10-07T06:39:53+00:00,393,14,5,True,True,True,1791355190
2026-10-07T06:39:53+00:00,420,4,12,True,True,True,1791355190
2026-10-07T06:39:53+00:00,397,0,32,True,True,True,1791355190
2026-10-07T06:39:53+00:00,390,16,14,True,True,True,1791355190
2026-10-07T06:39:53+00:00,449,14,9,True,True,True,1791355190
2026-10-07T06:39:53+00:00,430,16,23,True,True,True,1791355190
2026-10-07T06:39:53+00:00,484,18,14,True,True,True,1791355190
2026-10-07T06:39:53+00:00,479,16,12,True,True,True,1791355190
2026-10-07T06:39:53+00:00,403,10,2,True,True,True,1791355190
2026-10-07T06:39:53+00:00,435,16,14,True,True,True,1791355190
2026-10-07T06:39:53+00:00,426,8,12,True,True,True,1791355190
2026-10-07T06:39:53+00:00,450,0,14,True,True,True,1791355190
2026-10-07T06:39:53+00:00,456,16,16,True,True,True,1791355190
2026-10-07T06:39:53+00:00,468,11,3,True,True,True,1791355190
2026-10-07T06:39:53+00:00,453,5,27,True,True,True,1791355190
2026-10-07T06:39:53+00:00,466,0,15,True,True,True,1791355190
2026-10-07T06:39:53+00:00,469,5,25,True,True,True,1791355190
2026-10-07T06:39:53+00:00,416,0,15,True,True,True,1791355190
2026-10-07T06:39:53+00:00,391,1,11,True,True,True,1791355190
2026-10-07T06:39:53+00:00,389,8,7,True,True,True,1791355190
2026-10-07T06:39:53+00:00,470,0,14,True,True,True,1791355190
2026-10-07T06:39:53+00:00,384,4,11,True,True,True,1791355190
2026-10-07T06:39:53+00:00,425,0,7,True,True,True,1791355190
2026-10-07T06:39:53+00:00,411,0,11,True,True,True,1791355190
2026-10-07T06:39:53+00:00,598,0,31,True,True,True,1791355190
2026-10-07T06:39:53+00:00,444,4,11,True,True,True,1791355190
2026-10-07T06:39:53+00:00,447,5,22,True,True,True,1791355190
2026-10-07T06:39:53+00:00,408,8,4,True,True,True,1791355190
2026-10-07T06:39:53+00:00,737,4,19,True,True,True,1791355190
2026-10-07T06:39:53+00:00,432,8,4,True,True,True,1791355190
2026-10-07T06:39:53+00:00,401,3,3,True,True,True,1791355190
2026-10-07T06:39:53+00:00,452,11,19,True,True,True,1791355190
2026-10-07T06:39:53+00:00,392,7,0,True,True,True,1791355190
2026-10-07T06:39:53+00:00,481,12,30,True,True,True,1791355190
2026-10-07T06:39:53+00:00,495,35,3,True,True,True,1791355190
2026-10-07T06:39:53+00:00,478,12,1,True,True,True,1791355190
2026-10-07T06:39:53+00:00,414,9,2,True,True,True,1791355190
2026-10-07T06:39:53+00:00,476,16,1,True,True,True,1791355190
2026-10-07T06:39:53+00:00,445,10,6,True,True,True,1791355190
2026-10-07T06:39:53+00:00,748,8,18,True,True,True,1791355190
2026-10-07T06:39:53+00:00,473,1,6,True,True,True,1791355190
2026-10-07T06:39:53+00:00,383,1,23,True,True,True,1791355190
2026-10-07T06:39:53+00:00,480,22,0,True,True,True,1791355190
2026-10-07T06:39:53+00:00,421,0,21,True,True,True,1791355190
2026-10-07T06:39:53+00:00,746,10,1,True,True,True,1791355190
2026-10-07T06:39:53+00:00,417,0,14,True,True,True,1791355190
2026-10-07T06:39:53+00:00,427,2,12,True,True,True,1791355190
2026-10-07T06:39:53+00:00,395,2,11,True,True,True,1791355190
2026-10-07T06:39:53+00:00,418,9,18,True,True,True,1791355190
2026-10-07T06:39:53+00:00,413,4,7,True,True,True,1791355190
2026-10-07T06:39:53+00:00,486,3,16,True,True,True,1791355190
2026-10-07T06:39:53+00:00,597,5,7,True,True,True,1791355190
2026-10-07T06:39:53+00:00,422,2,7,True,True,True,1791355190
2026-10-07T06:39:53+00:00,382,4,4,True,True,True,1791355190
2026-10-07T06:39:53+00:00,396,18,0,True,True,True,1791355190
2026-10-07T06:39:53+00:00,735,10,4,True,True,True,1791355190
2026-10-07T06:39:53+00:00,437,23,1,True,True,True,1791355190
2026-10-07T06:39:53+00:00,446,3,17,True,True,True,1791355190
2026-10-07T06:39:53+00:00,424,1,7,True,True,True,1791355190
2026-10-07T06:39:53+00:00,455,0,11,True,True,True,1791355190
2026-10-07T06:39:53+00:00,457,0,10,True,True,True,1791355190
2026-10-07T06:39:53+00:00,377,24,4,True,True,True,1791355190
2026-10-07T06:39:53+00:00,738,7,5,True,True,True,1791355190
2026-10-07T06:39:53+00:00,460,11,16,True,True,True,1791355190
2026-10-07T06:39:53+00:00,744,0,7,True,True,True,1791355190
2026-10-07T06:39:53+00:00,485,4,16,True,True,True,1791355190
