polled_at_utc,station_id,num_bikes_available,num_docks_available,is_renting,is_returning,is_installed,last_reported
2026-09-11T02:21:28+00:00,6026,2,32,True,True,True,1789093288
2026-09-11T02:21:28+00:00,5431,2,16,True,True,True,1789093288
2026-09-11T02:21:28+00:00,5424,2,16,True,True,True,1789093288
2026-09-11T02:21:28+00:00,5220,2,18,True,True,True,1789093288
2026-09-11T02:21:28+00:00,5217,5,24,True,True,True,1789093288
2026-09-11T02:21:28+00:00,5113,11,1,True,True,True,1789093288
2026-09-11T02:21:28+00:00,4683,1,17,True,True,True,1789093288
2026-09-11T02:21:28+00:00,4552,14,4,True,True,True,1789093288
2026-09-11T02:21:28+00:00,3725,0,17,True,True,True,1789093288
2026-09-11T02:21:28+00:00,2358,12,1,True,True,True,1789093288
2026-09-11T02:21:28+00:00,2357,24,0,True,True,True,1789093288
2026-09-11T02:21:28+00:00,2355,3,9,True,True,True,1789093288
2026-09-11T02:21:28+00:00,2351,2,14,True,True,True,1789093288
2026-09-11T02:21:28+00:00,2350,19,4,True,True,True,1789093288
2026-09-11T02:21:28+00:00,2349,4,16,True,True,True,1789093288
2026-09-11T02:21:28+00:00,2347,10,20,True,True,True,1789093288
2026-09-11T02:21:28+00:00,2340,5,17,True,True,True,1789093288
2026-09-11T02:21:28+00:00,2339,12,16,True,True,True,1789093288
2026-09-11T02:21:28+00:00,2337,0,13,True,True,True,1789093288
2026-09-11T02:21:28+00:00,2334,12,0,True,True,True,1789093288
2026-09-11T02:21:28+00:00,2333,10,4,True,True,True,1789093288
2026-09-11T02:21:28+00:00,2332,7,2,True,True,True,1789093288
2026-09-11T02:21:28+00:00,2330,12,2,True,True,True,1789093288
2026-09-11T02:21:28+00:00,2329,5,9,True,True,True,1789093288
2026-09-11T02:21:28+00:00,2328,16,4,True,True,True,1789093288
2026-09-11T02:21:28+00:00,2315,9,6,True,True,True,1789093288
2026-09-11T02:21:28+00:00,2308,6,1,True,True,True,1789093288
2026-09-11T02:21:28+00:00,2307,1,27,True,True,True,1789093288
2026-09-11T02:21:28+00:00,2306,0,18,True,True,True,1789093288
2026-09-11T02:21:28+00:00,2305,6,9,True,True,True,1789093288
2026-09-11T02:21:28+00:00,2304,3,15,True,True,True,1789093288
2026-09-11T02:21:28+00:00,2280,12,1,True,True,True,1789093288
2026-09-11T02:21:28+00:00,2270,17,3,True,True,True,1789093288
2026-09-11T02:21:28+00:00,1919,5,1,True,True,True,1789093288
2026-09-11T02:21:28+00:00,1755,24,8,True,True,True,1789093288
2026-09-11T02:21:28+00:00,1101,15,7,True,True,True,1789093288
2026-09-11T02:21:28+00:00,1023,6,9,True,True,True,1789093288
2026-09-11T02:21:28+00:00,1009,0,10,True,True,True,1789093288
2026-09-11T02:21:28+00:00,970,11,13,True,True,True,1789093288
2026-09-11T02:21:28+00:00,787,10,2,True,True,True,1789093288
2026-09-11T02:21:28+00:00,627,0,29,True,True,True,1789093288
2026-09-11T02:21:28+00:00,623,6,14,True,True,True,1789093288
2026-09-11T02:21:28+00:00,624,9,9,True,True,True,1789093288
2026-09-11T02:21:28+00:00,626,12,9,True,True,True,1789093288
2026-09-11T02:21:28+00:00,614,2,21,True,True,True,1789093288
2026-09-11T02:21:28+00:00,616,8,6,True,True,True,1789093288
2026-09-11T02:21:28+00:00,618,10,30,True,True,True,1789093288
2026-09-11T02:21:28+00:00,621,1,24,True,True,True,1789093288
2026-09-11T02:21:28+00:00,622,15,10,True,True,True,1789093288
2026-09-11T02:21:28+00:00,613,1,17,True,True,True,1789093288
2026-09-11T02:21:28+00:00,620,18,22,True,True,True,1789093288
2026-09-11T02:21:28+00:00,596,10,6,True,True,True,1789093288
2026-09-11T02:21:28+00:00,617,15,3,True,True,True,1789093288
2026-09-11T02:21:28+00:00,609,6,21,True,True,True,1789093288
2026-09-11T02:21:28+00:00,607,5,19,True,True,True,1789093288
2026-09-11T02:21:28+00:00,603,0,13,True,True,True,1789093288
2026-09-11T02:21:28+00:00,590,8,29,True,True,True,1789093288
2026-09-11T02:21:28+00:00,610,2,18,True,True,True,1789093288
2026-09-11T02:21:28+00:00,608,7,13,True,True,True,1789093288
2026-09-11T02:21:28+00:00,593,3,27,True,True,True,1789093288
2026-09-11T02:21:28+00:00,530,2,5,True,True,True,1789093288
2026-09-11T02:21:28+00:00,463,4,15,True,True,True,1789093288
2026-09-11T02:21:28+00:00,475,3,21,True,True,True,1789093288
2026-09-11T02:21:28+00:00,439,0,25,True,True,True,1789093288
2026-09-11T02:21:28+00:00,600,11,0,True,True,True,1789093288
2026-09-11T02:21:28+00:00,440,14,0,True,True,True,1789093288
2026-09-11T02:21:28+00:00,612,4,13,True,True,True,1789093288
2026-09-11T02:21:28+00:00,491,9,7,True,True,True,1789093288
2026-09-11T02:21:28+00:00,493,22,3,True,True,True,1789093288
2026-09-11T02:21:28+00:00,410,25,0,True,True,True,1789093288
2026-09-11T02:21:28+00:00,605,0,17,True,True,True,1789093288
2026-09-11T02:21:28+00:00,388,1,17,True,True,True,1789093288
2026-09-11T02:21:28+00:00,591,10,13,True,True,True,1789093288
2026-09-11T02:21:28+00:00,592,3,14,True,True,True,1789093288
2026-09-11T02:21:28+00:00,585,7,10,True,True,True,1789093288
2026-09-11T02:21:28+00:00,565,5,12,True,True,True,1789093288
2026-09-11T02:21:28+00:00,571,12,8,True,True,True,1789093288
2026-09-11T02:21:28+00:00,568,6,9,True,True,True,1789093288
2026-09-11T02:21:28+00:00,588,3,15,True,True,True,1789093288
2026-09-11T02:21:28+00:00,584,7,26,True,True,True,1789093288
2026-09-11T02:21:28+00:00,569,11,18,True,True,True,1789093288
2026-09-11T02:21:28+00:00,577,4,26,True,True,True,1789093288
2026-09-11T02:21:28+00:00,564,6,23,True,True,True,1789093288
2026-09-11T02:21:28+00:00,570,2,13,True,True,True,1789093288
2026-09-11T02:21:28+00:00,572,11,23,True,True,True,1789093288
2026-09-11T02:21:28+00:00,587,0,15,False,False,False,1789093288
2026-09-11T02:21:28+00:00,586,22,2,True,True,True,1789093288
2026-09-11T02:21:28+00:00,576,2,16,True,True,True,1789093288
2026-09-11T02:21:28+00:00,566,11,13,True,True,True,1789093288
2026-09-11T02:21:28+00:00,602,6,12,True,True,True,1789093288
2026-09-11T02:21:28+00:00,575,0,28,True,True,True,1789093288
2026-09-11T02:21:28+00:00,567,0,38,True,True,True,1789093288
2026-09-11T02:21:28+00:00,582,0,27,True,True,True,1789093288
2026-09-11T02:21:28+00:00,595,18,4,True,True,True,1789093288
2026-09-11T02:21:28+00:00,542,15,4,True,True,True,1789093288
2026-09-11T02:21:28+00:00,563,17,0,True,True,True,1789093288
2026-09-11T02:21:28+00:00,558,7,8,True,True,True,1789093288
2026-09-11T02:21:28+00:00,552,12,5,True,True,True,1789093288
2026-09-11T02:21:28+00:00,555,5,8,True,True,True,1789093288
2026-09-11T02:21:28+00:00,573,16,8,True,True,True,1789093288
2026-09-11T02:21:28+00:00,561,0,22,True,True,True,1789093288
2026-09-11T02:21:28+00:00,615,8,13,True,True,True,1789093288
2026-09-11T02:21:28+00:00,543,0,20,True,True,True,1789093288
2026-09-11T02:21:28+00:00,554,4,15,True,True,True,1789093288
2026-09-11T02:21:28+00:00,574,5,5,True,True,True,1789093288
2026-09-11T02:21:28+00:00,560,0,7,True,True,True,1789093288
2026-09-11T02:21:28+00:00,548,3,13,True,True,True,1789093288
2026-09-11T02:21:28+00:00,559,0,15,True,True,True,1789093288
2026-09-11T02:21:28+00:00,545,4,35,True,True,True,1789093288
2026-09-11T02:21:28+00:00,550,3,5,True,True,True,1789093288
2026-09-11T02:21:28+00:00,541,8,2,True,True,True,1789093288
2026-09-11T02:21:28+00:00,527,1,10,True,True,True,1789093288
2026-09-11T02:21:28+00:00,529,3,16,True,True,True,1789093288
2026-09-11T02:21:28+00:00,526,4,11,True,True,True,1789093288
2026-09-11T02:21:28+00:00,537,0,17,True,True,True,1789093288
2026-09-11T02:21:28+00:00,547,18,12,True,True,True,1789093288
2026-09-11T02:21:28+00:00,601,2,17,True,True,True,1789093288
2026-09-11T02:21:28+00:00,533,2,10,True,True,True,1789093288
2026-09-11T02:21:28+00:00,535,2,19,True,True,True,1789093288
2026-09-11T02:21:28+00:00,524,1,19,True,True,True,1789093288
2026-09-11T02:21:28+00:00,519,11,13,True,True,True,1789093288
2026-09-11T02:21:28+00:00,534,7,32,True,True,True,1789093288
2026-09-11T02:21:28+00:00,521,8,5,True,True,True,1789093288
2026-09-11T02:21:28+00:00,518,2,15,True,True,True,1789093288
2026-09-11T02:21:28+00:00,556,6,12,True,True,True,1789093288
2026-09-11T02:21:28+00:00,525,3,11,True,True,True,1789093288
2026-09-11T02:21:28+00:00,517,3,12,True,True,True,1789093288
2026-09-11T02:21:28+00:00,523,15,15,True,True,True,1789093288
2026-09-11T02:21:28+00:00,522,7,1,True,True,True,1789093288
2026-09-11T02:21:28+00:00,594,3,16,True,True,True,1789093288
2026-09-11T02:21:28+00:00,532,1,18,True,True,True,1789093288
2026-09-11T02:21:28+00:00,509,7,4,True,True,True,1789093288
2026-09-11T02:21:28+00:00,531,0,16,True,True,True,1789093288
2026-09-11T02:21:28+00:00,536,0,8,True,True,True,1789093288
2026-09-11T02:21:28+00:00,562,0,37,True,True,True,1789093288
2026-09-11T02:21:28+00:00,511,3,19,True,True,True,1789093288
2026-09-11T02:21:28+00:00,505,1,16,True,True,True,1789093288
2026-09-11T02:21:28+00:00,501,0,18,True,True,True,1789093288
2026-09-11T02:21:28+00:00,514,11,0,True,True,True,1789093288
2026-09-11T02:21:28+00:00,500,10,5,True,True,True,1789093288
2026-09-11T02:21:28+00:00,503,24,7,True,True,True,1789093288
2026-09-11T02:21:28+00:00,513,0,14,True,True,True,1789093288
2026-09-11T02:21:28+00:00,498,0,11,True,True,True,1789093288
2026-09-11T02:21:28+00:00,507,20,0,True,True,True,1789093288
2026-09-11T02:21:28+00:00,512,21,7,True,True,True,1789093288
2026-09-11T02:21:28+00:00,619,0,42,True,True,True,1789093288
2026-09-11T02:21:28+00:00,474,17,25,True,True,True,1789093288
2026-09-11T02:21:28+00:00,580,0,41,True,True,True,1789093288
2026-09-11T02:21:28+00:00,496,0,42,True,True,True,1789093288
2026-09-11T02:21:28+00:00,482,1,17,True,True,True,1789093288
2026-09-11T02:21:28+00:00,407,8,4,True,True,True,1789093288
2026-09-11T02:21:28+00:00,409,4,20,True,True,True,1789093288
2026-09-11T02:21:28+00:00,451,3,17,True,True,True,1789093288
2026-09-11T02:21:28+00:00,402,4,14,True,True,True,1789093288
2026-09-11T02:21:28+00:00,516,2,10,True,True,True,1789093288
2026-09-11T02:21:28+00:00,625,5,37,True,True,True,1789093288
2026-09-11T02:21:28+00:00,429,2,17,True,True,True,1789093288
2026-09-11T02:21:28+00:00,380,6,13,True,True,True,1789093288
2026-09-11T02:21:28+00:00,583,6,11,True,True,True,1789093288
2026-09-11T02:21:28+00:00,398,3,12,True,True,True,1789093288
2026-09-11T02:21:28+00:00,381,13,1,True,True,True,1789093288
2026-09-11T02:21:28+00:00,464,18,25,True,True,True,1789093288
2026-09-11T02:21:28+00:00,442,13,3,True,True,True,1789093288
2026-09-11T02:21:28+00:00,483,18,3,True,True,True,1789093288
2026-09-11T02:21:28+00:00,458,6,7,True,True,True,1789093288
2026-09-11T02:21:28+00:00,499,13,2,True,True,True,1789093288
2026-09-11T02:21:28+00:00,472,7,9,True,True,True,1789093288
2026-09-11T02:21:28+00:00,506,11,15,True,True,True,1789093288
2026-09-11T02:21:28+00:00,465,5,25,True,True,True,1789093288
2026-09-11T02:21:28+00:00,611,0,39,True,True,True,1789093288
2026-09-11T02:21:28+00:00,404,2,22,True,True,True,1789093288
2026-09-11T02:21:28+00:00,579,8,5,True,True,True,1789093288
2026-09-11T02:21:28+00:00,589,6,19,True,True,True,1789093288
2026-09-11T02:21:28+00:00,434,0,16,True,True,True,1789093288
2026-09-11T02:21:28+00:00,462,7,6,True,True,True,1789093288
2026-09-11T02:21:28+00:00,578,10,13,True,True,True,1789093288
2026-09-11T02:21:28+00:00,415,5,3,True,True,True,1789093288
2026-09-11T02:21:28+00:00,423,17,3,True,True,True,1789093288
2026-09-11T02:21:28+00:00,412,0,9,True,True,True,1789093288
2026-09-11T02:21:28+00:00,387,8,7,True,True,True,1789093288
2026-09-11T02:21:28+00:00,441,6,9,True,True,True,1789093288
2026-09-11T02:21:28+00:00,454,12,10,True,True,True,1789093288
2026-09-11T02:21:28+00:00,436,3,11,True,True,True,1789093288
2026-09-11T02:21:28+00:00,394,11,6,True,True,True,1789093288
2026-09-11T02:21:28+00:00,497,1,23,True,True,True,1789093288
2026-09-11T02:21:28+00:00,581,11,6,True,True,True,1789093288
2026-09-11T02:21:28+00:00,461,9,11,True,True,True,1789093288
2026-09-11T02:21:28+00:00,599,5,43,True,True,True,1789093288
2026-09-11T02:21:28+00:00,428,2,21,True,True,True,1789093288
2026-09-11T02:21:28+00:00,400,0,24,True,True,True,1789093288
2026-09-11T02:21:28+00:00,487,1,19,True,True,True,1789093288
2026-09-11T02:21:28+00:00,438,0,41,True,True,True,1789093288
2026-09-11T02:21:28+00:00,459,4,7,True,True,True,1789093288
2026-09-11T02:21:28+00:00,433,3,13,True,True,True,1789093288
2026-09-11T02:21:28+00:00,399,26,3,True,True,True,1789093288
2026-09-11T02:21:28+00:00,489,11,14,True,True,True,1789093288
2026-09-11T02:21:28+00:00,742,16,12,True,True,True,1789093288
2026-09-11T02:21:28+00:00,551,20,13,True,True,True,1789093288
2026-09-11T02:21:28+00:00,406,4,4,True,True,True,1789093288
2026-09-11T02:21:28+00:00,488,17,5,True,True,True,1789093288
2026-09-11T02:21:28+00:00,540,0,29,True,True,True,1789093288
2026-09-11T02:21:28+00:00,431,2,16,True,True,True,1789093288
2026-09-11T02:21:28+00:00,393,1,18,True,True,True,1789093288
2026-09-11T02:21:28+00:00,420,2,18,True,True,True,1789093288
2026-09-11T02:21:28+00:00,397,9,23,True,True,True,1789093288
2026-09-11T02:21:28+00:00,390,14,14,True,True,True,1789093288
2026-09-11T02:21:28+00:00,449,11,13,True,True,True,1789093288
2026-09-11T02:21:28+00:00,430,7,35,True,True,True,1789093288
2026-09-11T02:21:28+00:00,484,0,32,True,True,True,1789093288
2026-09-11T02:21:28+00:00,479,12,17,True,True,True,1789093288
2026-09-11T02:21:28+00:00,403,1,13,True,True,True,1789093288
2026-09-11T02:21:28+00:00,435,1,27,True,True,True,1789093288
2026-09-11T02:21:28+00:00,426,8,12,True,True,True,1789093288
2026-09-11T02:21:28+00:00,450,3,12,True,True,True,1789093288
2026-09-11T02:21:28+00:00,456,2,30,True,True,True,1789093288
2026-09-11T02:21:28+00:00,468,14,0,True,True,True,1789093288
2026-09-11T02:21:28+00:00,453,5,26,True,True,True,1789093288
2026-09-11T02:21:28+00:00,466,3,11,True,True,True,1789093288
2026-09-11T02:21:28+00:00,469,1,27,True,True,True,1789093288
2026-09-11T02:21:28+00:00,416,4,11,True,True,True,1789093288
2026-09-11T02:21:28+00:00,391,1,11,True,True,True,1789093288
2026-09-11T02:21:28+00:00,389,3,13,True,True,True,1789093288
2026-09-11T02:21:28+00:00,470,4,11,True,True,True,1789093288
2026-09-11T02:21:28+00:00,384,7,8,True,True,True,1789093288
2026-09-11T02:21:28+00:00,425,2,4,True,True,True,1789093288
2026-09-11T02:21:28+00:00,411,4,7,True,True,True,1789093288
2026-09-11T02:21:28+00:00,598,25,7,True,True,True,1789093288
2026-09-11T02:21:28+00:00,444,14,4,True,True,True,1789093288
2026-09-11T02:21:28+00:00,447,30,0,True,True,True,1789093288
2026-09-11T02:21:28+00:00,408,11,1,True,True,True,1789093288
2026-09-11T02:21:28+00:00,737,22,0,True,True,True,1789093288
2026-09-11T02:21:28+00:00,432,4,5,True,True,True,1789093288
2026-09-11T02:21:28+00:00,401,2,3,True,True,True,1789093288
2026-09-11T02:21:28+00:00,452,3,27,True,True,True,1789093288
2026-09-11T02:21:28+00:00,392,7,1,True,True,True,1789093288
2026-09-11T02:21:28+00:00,481,6,35,True,True,True,1789093288
2026-09-11T02:21:28+00:00,495,4,33,True,True,True,1789093288
2026-09-11T02:21:28+00:00,478,11,0,True,True,True,1789093288
2026-09-11T02:21:28+00:00,414,1,9,True,True,True,1789093288
2026-09-11T02:21:28+00:00,476,2,17,True,True,True,1789093288
2026-09-11T02:21:28+00:00,445,7,10,True,True,True,1789093288
2026-09-11T02:21:28+00:00,748,11,18,True,True,True,1789093288
2026-09-11T02:21:28+00:00,473,3,3,True,True,True,1789093288
2026-09-11T02:21:28+00:00,383,1,26,True,True,True,1789093288
2026-09-11T02:21:28+00:00,480,8,13,True,True,True,1789093288
2026-09-11T02:21:28+00:00,421,17,2,True,True,True,1789093288
2026-09-11T02:21:28+00:00,746,1,9,True,True,True,1789093288
2026-09-11T02:21:28+00:00,417,5,7,True,True,True,1789093288
2026-09-11T02:21:28+00:00,427,8,6,True,True,True,1789093288
2026-09-11T02:21:28+00:00,395,1,13,True,True,True,1789093288
2026-09-11T02:21:28+00:00,418,3,23,True,True,True,1789093288
2026-09-11T02:21:28+00:00,413,0,11,True,True,True,1789093288
2026-09-11T02:21:28+00:00,486,1,22,True,True,True,1789093288
2026-09-11T02:21:28+00:00,597,2,11,True,True,True,1789093288
2026-09-11T02:21:28+00:00,422,2,9,True,True,True,1789093288
2026-09-11T02:21:28+00:00,382,8,0,True,True,True,1789093288
2026-09-11T02:21:28+00:00,396,0,24,True,True,True,1789093288
2026-09-11T02:21:28+00:00,735,6,8,True,True,True,1789093288
2026-09-11T02:21:28+00:00,437,4,20,True,True,True,1789093288
2026-09-11T02:21:28+00:00,446,5,16,True,True,True,1789093288
2026-09-11T02:21:28+00:00,424,5,5,True,True,True,1789093288
2026-09-11T02:21:28+00:00,455,10,1,True,True,True,1789093288
2026-09-11T02:21:28+00:00,457,5,5,True,True,True,1789093288
2026-09-11T02:21:28+00:00,377,10,18,True,True,True,1789093288
2026-09-11T02:21:28+00:00,738,10,2,True,True,True,1789093288
2026-09-11T02:21:28+00:00,460,27,0,True,True,True,1789093288
2026-09-11T02:21:28+00:00,744,4,3,True,True,True,1789093288
2026-09-11T02:21:28+00:00,485,17,2,True,True,True,1789093288
2026-09-11T02:36:28+00:00,6026,2,32,True,True,True,1789094181
2026-09-11T02:36:28+00:00,5431,2,16,True,True,True,1789094181
2026-09-11T02:36:28+00:00,5424,2,16,True,True,True,1789094181
2026-09-11T02:36:28+00:00,5220,2,18,True,True,True,1789094181
2026-09-11T02:36:28+00:00,5217,5,24,True,True,True,1789094181
2026-09-11T02:36:28+00:00,5113,11,1,True,True,True,1789094181
2026-09-11T02:36:28+00:00,4683,1,17,True,True,True,1789094181
2026-09-11T02:36:28+00:00,4552,14,4,True,True,True,1789094181
2026-09-11T02:36:28+00:00,3725,0,17,True,True,True,1789094181
2026-09-11T02:36:28+00:00,2358,12,1,True,True,True,1789094181
2026-09-11T02:36:28+00:00,2357,24,0,True,True,True,1789094181
2026-09-11T02:36:28+00:00,2355,3,9,True,True,True,1789094181
2026-09-11T02:36:28+00:00,2351,2,14,True,True,True,1789094181
2026-09-11T02:36:28+00:00,2350,19,4,True,True,True,1789094181
2026-09-11T02:36:28+00:00,2349,4,16,True,True,True,1789094181
2026-09-11T02:36:28+00:00,2347,10,20,True,True,True,1789094181
2026-09-11T02:36:28+00:00,2340,5,17,True,True,True,1789094181
2026-09-11T02:36:28+00:00,2339,12,16,True,True,True,1789094181
2026-09-11T02:36:28+00:00,2337,0,13,True,True,True,1789094181
2026-09-11T02:36:28+00:00,2334,12,0,True,True,True,1789094181
2026-09-11T02:36:28+00:00,2333,10,4,True,True,True,1789094181
2026-09-11T02:36:28+00:00,2332,7,2,True,True,True,1789094181
2026-09-11T02:36:28+00:00,2330,12,2,True,True,True,1789094181
2026-09-11T02:36:28+00:00,2329,5,9,True,True,True,1789094181
2026-09-11T02:36:28+00:00,2328,16,4,True,True,True,1789094181
2026-09-11T02:36:28+00:00,2315,9,6,True,True,True,1789094181
2026-09-11T02:36:28+00:00,2308,6,1,True,True,True,1789094181
2026-09-11T02:36:28+00:00,2307,1,27,True,True,True,1789094181
2026-09-11T02:36:28+00:00,2306,0,18,True,True,True,1789094181
2026-09-11T02:36:28+00:00,2305,6,9,True,True,True,1789094181
2026-09-11T02:36:28+00:00,2304,3,15,True,True,True,1789094181
2026-09-11T02:36:28+00:00,2280,12,1,True,True,True,1789094181
2026-09-11T02:36:28+00:00,2270,17,3,True,True,True,1789094181
2026-09-11T02:36:28+00:00,1919,5,1,True,True,True,1789094181
2026-09-11T02:36:28+00:00,1755,24,8,True,True,True,1789094181
2026-09-11T02:36:28+00:00,1101,15,7,True,True,True,1789094181
2026-09-11T02:36:28+00:00,1023,6,9,True,True,True,1789094181
2026-09-11T02:36:28+00:00,1009,0,10,True,True,True,1789094181
2026-09-11T02:36:28+00:00,970,11,13,True,True,True,1789094181
2026-09-11T02:36:28+00:00,787,10,2,True,True,True,1789094181
2026-09-11T02:36:28+00:00,627,0,29,True,True,True,1789094181
2026-09-11T02:36:28+00:00,623,6,14,True,True,True,1789094181
2026-09-11T02:36:28+00:00,624,9,9,True,True,True,1789094181
2026-09-11T02:36:28+00:00,626,12,9,True,True,True,1789094181
2026-09-11T02:36:28+00:00,614,2,21,True,True,True,1789094181
2026-09-11T02:36:28+00:00,616,8,6,True,True,True,1789094181
2026-09-11T02:36:28+00:00,618,10,30,True,True,True,1789094181
2026-09-11T02:36:28+00:00,621,1,24,True,True,True,1789094181
2026-09-11T02:36:28+00:00,622,15,10,True,True,True,1789094181
2026-09-11T02:36:28+00:00,613,1,17,True,True,True,1789094181
2026-09-11T02:36:28+00:00,620,18,22,True,True,True,1789094181
2026-09-11T02:36:28+00:00,596,10,6,True,True,True,1789094181
2026-09-11T02:36:28+00:00,617,15,3,True,True,True,1789094181
2026-09-11T02:36:28+00:00,609,6,21,True,True,True,1789094181
2026-09-11T02:36:28+00:00,607,5,19,True,True,True,1789094181
2026-09-11T02:36:28+00:00,603,0,13,True,True,True,1789094181
2026-09-11T02:36:28+00:00,590,8,29,True,True,True,1789094181
2026-09-11T02:36:28+00:00,610,2,18,True,True,True,1789094181
2026-09-11T02:36:28+00:00,608,7,13,True,True,True,1789094181
2026-09-11T02:36:28+00:00,593,3,27,True,True,True,1789094181
2026-09-11T02:36:28+00:00,530,2,5,True,True,True,1789094181
2026-09-11T02:36:28+00:00,463,4,15,True,True,True,1789094181
2026-09-11T02:36:28+00:00,475,3,21,True,True,True,1789094181
2026-09-11T02:36:28+00:00,439,0,25,True,True,True,1789094181
2026-09-11T02:36:28+00:00,600,11,0,True,True,True,1789094181
2026-09-11T02:36:28+00:00,440,14,0,True,True,True,1789094181
2026-09-11T02:36:28+00:00,612,4,13,True,True,True,1789094181
2026-09-11T02:36:28+00:00,491,9,7,True,True,True,1789094181
2026-09-11T02:36:28+00:00,493,22,3,True,True,True,1789094181
2026-09-11T02:36:28+00:00,410,25,0,True,True,True,1789094181
2026-09-11T02:36:28+00:00,605,0,17,True,True,True,1789094181
2026-09-11T02:36:28+00:00,388,1,17,True,True,True,1789094181
2026-09-11T02:36:28+00:00,591,10,13,True,True,True,1789094181
2026-09-11T02:36:28+00:00,592,3,14,True,True,True,1789094181
2026-09-11T02:36:28+00:00,585,7,10,True,True,True,1789094181
2026-09-11T02:36:28+00:00,565,5,12,True,True,True,1789094181
2026-09-11T02:36:28+00:00,571,12,8,True,True,True,1789094181
2026-09-11T02:36:28+00:00,568,6,9,True,True,True,1789094181
2026-09-11T02:36:28+00:00,588,3,15,True,True,True,1789094181
2026-09-11T02:36:28+00:00,584,7,26,True,True,True,1789094181
2026-09-11T02:36:28+00:00,569,11,18,True,True,True,1789094181
2026-09-11T02:36:28+00:00,577,4,26,True,True,True,1789094181
2026-09-11T02:36:28+00:00,564,6,23,True,True,True,1789094181
2026-09-11T02:36:28+00:00,570,2,13,True,True,True,1789094181
2026-09-11T02:36:28+00:00,572,11,23,True,True,True,1789094181
2026-09-11T02:36:28+00:00,587,0,15,False,False,False,1789094181
2026-09-11T02:36:28+00:00,586,22,2,True,True,True,1789094181
2026-09-11T02:36:28+00:00,576,2,16,True,True,True,1789094181
2026-09-11T02:36:28+00:00,566,11,13,True,True,True,1789094181
2026-09-11T02:36:28+00:00,602,6,12,True,True,True,1789094181
2026-09-11T02:36:28+00:00,575,0,28,True,True,True,1789094181
2026-09-11T02:36:28+00:00,567,0,38,True,True,True,1789094181
2026-09-11T02:36:28+00:00,582,0,27,True,True,True,1789094181
2026-09-11T02:36:28+00:00,595,18,4,True,True,True,1789094181
2026-09-11T02:36:28+00:00,542,15,4,True,True,True,1789094181
2026-09-11T02:36:28+00:00,563,17,0,True,True,True,1789094181
2026-09-11T02:36:28+00:00,558,7,8,True,True,True,1789094181
2026-09-11T02:36:28+00:00,552,12,5,True,True,True,1789094181
2026-09-11T02:36:28+00:00,555,5,8,True,True,True,1789094181
2026-09-11T02:36:28+00:00,573,16,8,True,True,True,1789094181
2026-09-11T02:36:28+00:00,561,0,22,True,True,True,1789094181
2026-09-11T02:36:28+00:00,615,8,13,True,True,True,1789094181
2026-09-11T02:36:28+00:00,543,0,20,True,True,True,1789094181
2026-09-11T02:36:28+00:00,554,4,15,True,True,True,1789094181
2026-09-11T02:36:28+00:00,574,5,5,True,True,True,1789094181
2026-09-11T02:36:28+00:00,560,0,7,True,True,True,1789094181
2026-09-11T02:36:28+00:00,548,3,13,True,True,True,1789094181
2026-09-11T02:36:28+00:00,559,0,15,True,True,True,1789094181
2026-09-11T02:36:28+00:00,545,4,35,True,True,True,1789094181
2026-09-11T02:36:28+00:00,550,3,5,True,True,True,1789094181
2026-09-11T02:36:28+00:00,541,8,2,True,True,True,1789094181
2026-09-11T02:36:28+00:00,527,1,10,True,True,True,1789094181
2026-09-11T02:36:28+00:00,529,3,16,True,True,True,1789094181
2026-09-11T02:36:28+00:00,526,4,11,True,True,True,1789094181
2026-09-11T02:36:28+00:00,537,0,17,True,True,True,1789094181
2026-09-11T02:36:28+00:00,547,18,12,True,True,True,1789094181
2026-09-11T02:36:28+00:00,601,2,17,True,True,True,1789094181
2026-09-11T02:36:28+00:00,533,2,10,True,True,True,1789094181
2026-09-11T02:36:28+00:00,535,2,19,True,True,True,1789094181
2026-09-11T02:36:28+00:00,524,1,19,True,True,True,1789094181
2026-09-11T02:36:28+00:00,519,11,13,True,True,True,1789094181
2026-09-11T02:36:28+00:00,534,7,32,True,True,True,1789094181
2026-09-11T02:36:28+00:00,521,8,5,True,True,True,1789094181
2026-09-11T02:36:28+00:00,518,2,15,True,True,True,1789094181
2026-09-11T02:36:28+00:00,556,6,12,True,True,True,1789094181
2026-09-11T02:36:28+00:00,525,3,11,True,True,True,1789094181
2026-09-11T02:36:28+00:00,517,3,12,True,True,True,1789094181
2026-09-11T02:36:28+00:00,523,15,15,True,True,True,1789094181
2026-09-11T02:36:28+00:00,522,7,1,True,True,True,1789094181
2026-09-11T02:36:28+00:00,594,3,16,True,True,True,1789094181
2026-09-11T02:36:28+00:00,532,1,18,True,True,True,1789094181
2026-09-11T02:36:28+00:00,509,7,4,True,True,True,1789094181
2026-09-11T02:36:28+00:00,531,0,16,True,True,True,1789094181
2026-09-11T02:36:28+00:00,536,0,8,True,True,True,1789094181
2026-09-11T02:36:28+00:00,562,0,37,True,True,True,1789094181
2026-09-11T02:36:28+00:00,511,3,19,True,True,True,1789094181
2026-09-11T02:36:28+00:00,505,1,16,True,True,True,1789094181
2026-09-11T02:36:28+00:00,501,0,18,True,True,True,1789094181
2026-09-11T02:36:28+00:00,514,11,0,True,True,True,1789094181
2026-09-11T02:36:28+00:00,500,10,5,True,True,True,1789094181
2026-09-11T02:36:28+00:00,503,24,7,True,True,True,1789094181
2026-09-11T02:36:28+00:00,513,0,14,True,True,True,1789094181
2026-09-11T02:36:28+00:00,498,0,11,True,True,True,1789094181
2026-09-11T02:36:28+00:00,507,20,0,True,True,True,1789094181
2026-09-11T02:36:28+00:00,512,21,7,True,True,True,1789094181
2026-09-11T02:36:28+00:00,619,0,42,True,True,True,1789094181
2026-09-11T02:36:28+00:00,474,17,25,True,True,True,1789094181
2026-09-11T02:36:28+00:00,580,0,41,True,True,True,1789094181
2026-09-11T02:36:28+00:00,496,0,42,True,True,True,1789094181
2026-09-11T02:36:28+00:00,482,1,17,True,True,True,1789094181
2026-09-11T02:36:28+00:00,407,8,4,True,True,True,1789094181
2026-09-11T02:36:28+00:00,409,4,20,True,True,True,1789094181
2026-09-11T02:36:28+00:00,451,3,17,True,True,True,1789094181
2026-09-11T02:36:28+00:00,402,4,14,True,True,True,1789094181
2026-09-11T02:36:28+00:00,516,2,10,True,True,True,1789094181
2026-09-11T02:36:28+00:00,625,5,37,True,True,True,1789094181
2026-09-11T02:36:28+00:00,429,2,17,True,True,True,1789094181
2026-09-11T02:36:28+00:00,380,6,13,True,True,True,1789094181
2026-09-11T02:36:28+00:00,583,6,11,True,True,True,1789094181
2026-09-11T02:36:28+00:00,398,3,12,True,True,True,1789094181
2026-09-11T02:36:28+00:00,381,13,1,True,True,True,1789094181
2026-09-11T02:36:28+00:00,464,18,25,True,True,True,1789094181
2026-09-11T02:36:28+00:00,442,13,3,True,True,True,1789094181
2026-09-11T02:36:28+00:00,483,18,3,True,True,True,1789094181
2026-09-11T02:36:28+00:00,458,6,7,True,True,True,1789094181
2026-09-11T02:36:28+00:00,499,13,2,True,True,True,1789094181
2026-09-11T02:36:28+00:00,472,7,9,True,True,True,1789094181
2026-09-11T02:36:28+00:00,506,11,15,True,True,True,1789094181
2026-09-11T02:36:28+00:00,465,5,25,True,True,True,1789094181
2026-09-11T02:36:28+00:00,611,0,39,True,True,True,1789094181
2026-09-11T02:36:28+00:00,404,2,22,True,True,True,1789094181
2026-09-11T02:36:28+00:00,579,8,5,True,True,True,1789094181
2026-09-11T02:36:28+00:00,589,6,19,True,True,True,1789094181
2026-09-11T02:36:28+00:00,434,0,16,True,True,True,1789094181
2026-09-11T02:36:28+00:00,462,7,6,True,True,True,1789094181
2026-09-11T02:36:28+00:00,578,10,13,True,True,True,1789094181
2026-09-11T02:36:28+00:00,415,5,3,True,True,True,1789094181
2026-09-11T02:36:28+00:00,423,17,3,True,True,True,1789094181
2026-09-11T02:36:28+00:00,412,0,9,True,True,True,1789094181
2026-09-11T02:36:28+00:00,387,8,7,True,True,True,1789094181
2026-09-11T02:36:28+00:00,441,6,9,True,True,True,1789094181
2026-09-11T02:36:28+00:00,454,12,10,True,True,True,1789094181
2026-09-11T02:36:28+00:00,436,3,11,True,True,True,1789094181
2026-09-11T02:36:28+00:00,394,11,6,True,True,True,1789094181
2026-09-11T02:36:28+00:00,497,1,23,True,True,True,1789094181
2026-09-11T02:36:28+00:00,581,11,6,True,True,True,1789094181
2026-09-11T02:36:28+00:00,461,9,11,True,True,True,1789094181
2026-09-11T02:36:28+00:00,599,5,43,True,True,True,1789094181
2026-09-11T02:36:28+00:00,428,2,21,True,True,True,1789094181
2026-09-11T02:36:28+00:00,400,0,24,True,True,True,1789094181
2026-09-11T02:36:28+00:00,487,1,19,True,True,True,1789094181
2026-09-11T02:36:28+00:00,438,0,41,True,True,True,1789094181
2026-09-11T02:36:28+00:00,459,4,7,True,True,True,1789094181
2026-09-11T02:36:28+00:00,433,3,13,True,True,True,1789094181
2026-09-11T02:36:28+00:00,399,26,3,True,True,True,1789094181
2026-09-11T02:36:28+00:00,489,11,14,True,True,True,1789094181
2026-09-11T02:36:28+00:00,742,16,12,True,True,True,1789094181
2026-09-11T02:36:28+00:00,551,20,13,True,True,True,1789094181
2026-09-11T02:36:28+00:00,406,4,4,True,True,True,1789094181
2026-09-11T02:36:28+00:00,488,17,5,True,True,True,1789094181
2026-09-11T02:36:28+00:00,540,0,29,True,True,True,1789094181
2026-09-11T02:36:28+00:00,431,2,16,True,True,True,1789094181
2026-09-11T02:36:28+00:00,393,1,18,True,True,True,1789094181
2026-09-11T02:36:28+00:00,420,2,18,True,True,True,1789094181
2026-09-11T02:36:28+00:00,397,9,23,True,True,True,1789094181
2026-09-11T02:36:28+00:00,390,14,14,True,True,True,1789094181
2026-09-11T02:36:28+00:00,449,11,13,True,True,True,1789094181
2026-09-11T02:36:28+00:00,430,7,35,True,True,True,1789094181
2026-09-11T02:36:28+00:00,484,0,32,True,True,True,1789094181
2026-09-11T02:36:28+00:00,479,12,17,True,True,True,1789094181
2026-09-11T02:36:28+00:00,403,1,13,True,True,True,1789094181
2026-09-11T02:36:28+00:00,435,1,27,True,True,True,1789094181
2026-09-11T02:36:28+00:00,426,8,12,True,True,True,1789094181
2026-09-11T02:36:28+00:00,450,3,12,True,True,True,1789094181
2026-09-11T02:36:28+00:00,456,2,30,True,True,True,1789094181
2026-09-11T02:36:28+00:00,468,14,0,True,True,True,1789094181
2026-09-11T02:36:28+00:00,453,5,26,True,True,True,1789094181
2026-09-11T02:36:28+00:00,466,3,11,True,True,True,1789094181
2026-09-11T02:36:28+00:00,469,1,27,True,True,True,1789094181
2026-09-11T02:36:28+00:00,416,4,11,True,True,True,1789094181
2026-09-11T02:36:28+00:00,391,1,11,True,True,True,1789094181
2026-09-11T02:36:28+00:00,389,3,13,True,True,True,1789094181
2026-09-11T02:36:28+00:00,470,4,11,True,True,True,1789094181
2026-09-11T02:36:28+00:00,384,7,8,True,True,True,1789094181
2026-09-11T02:36:28+00:00,425,2,4,True,True,True,1789094181
2026-09-11T02:36:28+00:00,411,4,7,True,True,True,1789094181
2026-09-11T02:36:28+00:00,598,25,7,True,True,True,1789094181
2026-09-11T02:36:28+00:00,444,14,4,True,True,True,1789094181
2026-09-11T02:36:28+00:00,447,30,0,True,True,True,1789094181
2026-09-11T02:36:28+00:00,408,11,1,True,True,True,1789094181
2026-09-11T02:36:28+00:00,737,22,0,True,True,True,1789094181
2026-09-11T02:36:28+00:00,432,3,5,True,True,True,1789094181
2026-09-11T02:36:28+00:00,401,2,3,True,True,True,1789094181
2026-09-11T02:36:28+00:00,452,3,27,True,True,True,1789094181
2026-09-11T02:36:28+00:00,392,7,1,True,True,True,1789094181
2026-09-11T02:36:28+00:00,481,6,35,True,True,True,1789094181
2026-09-11T02:36:28+00:00,495,4,33,True,True,True,1789094181
2026-09-11T02:36:28+00:00,478,11,0,True,True,True,1789094181
2026-09-11T02:36:28+00:00,414,1,9,True,True,True,1789094181
2026-09-11T02:36:28+00:00,476,2,17,True,True,True,1789094181
2026-09-11T02:36:28+00:00,445,7,10,True,True,True,1789094181
2026-09-11T02:36:28+00:00,748,11,18,True,True,True,1789094181
2026-09-11T02:36:28+00:00,473,3,3,True,True,True,1789094181
2026-09-11T02:36:28+00:00,383,1,26,True,True,True,1789094181
2026-09-11T02:36:28+00:00,480,8,13,True,True,True,1789094181
2026-09-11T02:36:28+00:00,421,17,2,True,True,True,1789094181
2026-09-11T02:36:28+00:00,746,1,9,True,True,True,1789094181
2026-09-11T02:36:28+00:00,417,5,7,True,True,True,1789094181
2026-09-11T02:36:28+00:00,427,8,6,True,True,True,1789094181
2026-09-11T02:36:28+00:00,395,1,13,True,True,True,1789094181
2026-09-11T02:36:28+00:00,418,3,23,True,True,True,1789094181
2026-09-11T02:36:28+00:00,413,0,11,True,True,True,1789094181
2026-09-11T02:36:28+00:00,486,1,22,True,True,True,1789094181
2026-09-11T02:36:28+00:00,597,2,11,True,True,True,1789094181
2026-09-11T02:36:28+00:00,422,2,9,True,True,True,1789094181
2026-09-11T02:36:28+00:00,382,8,0,True,True,True,1789094181
2026-09-11T02:36:28+00:00,396,0,24,True,True,True,1789094181
2026-09-11T02:36:28+00:00,735,6,8,True,True,True,1789094181
2026-09-11T02:36:28+00:00,437,4,20,True,True,True,1789094181
2026-09-11T02:36:28+00:00,446,5,16,True,True,True,1789094181
2026-09-11T02:36:28+00:00,424,5,5,True,True,True,1789094181
2026-09-11T02:36:28+00:00,455,10,1,True,True,True,1789094181
2026-09-11T02:36:28+00:00,457,5,5,True,True,True,1789094181
2026-09-11T02:36:28+00:00,377,10,18,True,True,True,1789094181
2026-09-11T02:36:28+00:00,738,10,2,True,True,True,1789094181
2026-09-11T02:36:28+00:00,460,27,0,True,True,True,1789094181
2026-09-11T02:36:28+00:00,744,4,3,True,True,True,1789094181
2026-09-11T02:36:28+00:00,485,17,2,True,True,True,1789094181
2026-09-11T02:51:28+00:00,6026,2,32,True,True,True,1789095077
2026-09-11T02:51:28+00:00,5431,2,16,True,True,True,1789095077
2026-09-11T02:51:28+00:00,5424,2,16,True,True,True,1789095077
2026-09-11T02:51:28+00:00,5220,1,18,True,True,True,1789095077
2026-09-11T02:51:28+00:00,5217,5,24,True,True,True,1789095077
2026-09-11T02:51:28+00:00,5113,11,1,True,True,True,1789095077
2026-09-11T02:51:28+00:00,4683,1,17,True,True,True,1789095077
2026-09-11T02:51:28+00:00,4552,14,4,True,True,True,1789095077
2026-09-11T02:51:28+00:00,3725,0,17,True,True,True,1789095077
2026-09-11T02:51:28+00:00,2358,12,1,True,True,True,1789095077
2026-09-11T02:51:28+00:00,2357,24,0,True,True,True,1789095077
2026-09-11T02:51:28+00:00,2355,3,9,True,True,True,1789095077
2026-09-11T02:51:28+00:00,2351,2,14,True,True,True,1789095077
2026-09-11T02:51:28+00:00,2350,19,4,True,True,True,1789095077
2026-09-11T02:51:28+00:00,2349,4,16,True,True,True,1789095077
2026-09-11T02:51:28+00:00,2347,10,20,True,True,True,1789095077
2026-09-11T02:51:28+00:00,2340,5,17,True,True,True,1789095077
2026-09-11T02:51:28+00:00,2339,12,16,True,True,True,1789095077
2026-09-11T02:51:28+00:00,2337,0,13,True,True,True,1789095077
2026-09-11T02:51:28+00:00,2334,12,0,True,True,True,1789095077
2026-09-11T02:51:28+00:00,2333,10,4,True,True,True,1789095077
2026-09-11T02:51:28+00:00,2332,7,2,True,True,True,1789095077
2026-09-11T02:51:28+00:00,2330,12,2,True,True,True,1789095077
2026-09-11T02:51:28+00:00,2329,5,9,True,True,True,1789095077
2026-09-11T02:51:28+00:00,2328,16,4,True,True,True,1789095077
2026-09-11T02:51:28+00:00,2315,9,6,True,True,True,1789095077
2026-09-11T02:51:28+00:00,2308,6,1,True,True,True,1789095077
2026-09-11T02:51:28+00:00,2307,1,27,True,True,True,1789095077
2026-09-11T02:51:28+00:00,2306,0,18,True,True,True,1789095077
2026-09-11T02:51:28+00:00,2305,6,9,True,True,True,1789095077
2026-09-11T02:51:28+00:00,2304,3,15,True,True,True,1789095077
2026-09-11T02:51:28+00:00,2280,12,1,True,True,True,1789095077
2026-09-11T02:51:28+00:00,2270,17,3,True,True,True,1789095077
2026-09-11T02:51:28+00:00,1919,5,1,True,True,True,1789095077
2026-09-11T02:51:28+00:00,1755,24,8,True,True,True,1789095077
2026-09-11T02:51:28+00:00,1101,15,7,True,True,True,1789095077
2026-09-11T02:51:28+00:00,1023,6,9,True,True,True,1789095077
2026-09-11T02:51:28+00:00,1009,0,10,True,True,True,1789095077
2026-09-11T02:51:28+00:00,970,11,13,True,True,True,1789095077
2026-09-11T02:51:28+00:00,787,10,2,True,True,True,1789095077
2026-09-11T02:51:28+00:00,627,0,29,True,True,True,1789095077
2026-09-11T02:51:28+00:00,623,6,14,True,True,True,1789095077
2026-09-11T02:51:28+00:00,624,9,9,True,True,True,1789095077
2026-09-11T02:51:28+00:00,626,12,9,True,True,True,1789095077
2026-09-11T02:51:28+00:00,614,2,21,True,True,True,1789095077
2026-09-11T02:51:28+00:00,616,8,6,True,True,True,1789095077
2026-09-11T02:51:28+00:00,618,10,30,True,True,True,1789095077
2026-09-11T02:51:28+00:00,621,1,24,True,True,True,1789095077
2026-09-11T02:51:28+00:00,622,15,10,True,True,True,1789095077
2026-09-11T02:51:28+00:00,613,1,17,True,True,True,1789095077
2026-09-11T02:51:28+00:00,620,18,22,True,True,True,1789095077
2026-09-11T02:51:28+00:00,596,10,6,True,True,True,1789095077
2026-09-11T02:51:28+00:00,617,15,3,True,True,True,1789095077
2026-09-11T02:51:28+00:00,609,6,21,True,True,True,1789095077
2026-09-11T02:51:28+00:00,607,5,19,True,True,True,1789095077
2026-09-11T02:51:28+00:00,603,0,13,True,True,True,1789095077
2026-09-11T02:51:28+00:00,590,8,29,True,True,True,1789095077
2026-09-11T02:51:28+00:00,610,2,18,True,True,True,1789095077
2026-09-11T02:51:28+00:00,608,7,13,True,True,True,1789095077
2026-09-11T02:51:28+00:00,593,3,27,True,True,True,1789095077
2026-09-11T02:51:28+00:00,530,2,5,True,True,True,1789095077
2026-09-11T02:51:28+00:00,463,4,15,True,True,True,1789095077
2026-09-11T02:51:28+00:00,475,3,21,True,True,True,1789095077
2026-09-11T02:51:28+00:00,439,0,25,True,True,True,1789095077
2026-09-11T02:51:28+00:00,600,11,0,True,True,True,1789095077
2026-09-11T02:51:28+00:00,440,14,0,True,True,True,1789095077
2026-09-11T02:51:28+00:00,612,4,13,True,True,True,1789095077
2026-09-11T02:51:28+00:00,491,9,7,True,True,True,1789095077
2026-09-11T02:51:28+00:00,493,22,3,True,True,True,1789095077
2026-09-11T02:51:28+00:00,410,25,0,True,True,True,1789095077
2026-09-11T02:51:28+00:00,605,0,17,True,True,True,1789095077
2026-09-11T02:51:28+00:00,388,1,17,True,True,True,1789095077
2026-09-11T02:51:28+00:00,591,10,13,True,True,True,1789095077
2026-09-11T02:51:28+00:00,592,3,14,True,True,True,1789095077
2026-09-11T02:51:28+00:00,585,7,10,True,True,True,1789095077
2026-09-11T02:51:28+00:00,565,5,12,True,True,True,1789095077
2026-09-11T02:51:28+00:00,571,12,8,True,True,True,1789095077
2026-09-11T02:51:28+00:00,568,6,9,True,True,True,1789095077
2026-09-11T02:51:28+00:00,588,3,15,True,True,True,1789095077
2026-09-11T02:51:28+00:00,584,7,26,True,True,True,1789095077
2026-09-11T02:51:28+00:00,569,11,18,True,True,True,1789095077
2026-09-11T02:51:28+00:00,577,4,26,True,True,True,1789095077
2026-09-11T02:51:28+00:00,564,6,23,True,True,True,1789095077
2026-09-11T02:51:28+00:00,570,2,13,True,True,True,1789095077
2026-09-11T02:51:28+00:00,572,11,23,True,True,True,1789095077
2026-09-11T02:51:28+00:00,587,0,15,False,False,False,1789095077
2026-09-11T02:51:28+00:00,586,22,2,True,True,True,1789095077
2026-09-11T02:51:28+00:00,576,2,16,True,True,True,1789095077
2026-09-11T02:51:28+00:00,566,11,13,True,True,True,1789095077
2026-09-11T02:51:28+00:00,602,6,12,True,True,True,1789095077
2026-09-11T02:51:28+00:00,575,0,28,True,True,True,1789095077
2026-09-11T02:51:28+00:00,567,0,38,True,True,True,1789095077
2026-09-11T02:51:28+00:00,582,0,27,True,True,True,1789095077
2026-09-11T02:51:28+00:00,595,18,4,True,True,True,1789095077
2026-09-11T02:51:28+00:00,542,15,4,True,True,True,1789095077
2026-09-11T02:51:28+00:00,563,17,0,True,True,True,1789095077
2026-09-11T02:51:28+00:00,558,7,8,True,True,True,1789095077
2026-09-11T02:51:28+00:00,552,12,5,True,True,True,1789095077
2026-09-11T02:51:28+00:00,555,5,8,True,True,True,1789095077
2026-09-11T02:51:28+00:00,573,16,8,True,True,True,1789095077
2026-09-11T02:51:28+00:00,561,0,22,True,True,True,1789095077
2026-09-11T02:51:28+00:00,615,8,13,True,True,True,1789095077
2026-09-11T02:51:28+00:00,543,0,20,True,True,True,1789095077
2026-09-11T02:51:28+00:00,554,4,15,True,True,True,1789095077
2026-09-11T02:51:28+00:00,574,5,5,True,True,True,1789095077
2026-09-11T02:51:28+00:00,560,0,7,True,True,True,1789095077
2026-09-11T02:51:28+00:00,548,3,13,True,True,True,1789095077
2026-09-11T02:51:28+00:00,559,0,15,True,True,True,1789095077
2026-09-11T02:51:28+00:00,545,4,35,True,True,True,1789095077
2026-09-11T02:51:28+00:00,550,3,5,True,True,True,1789095077
2026-09-11T02:51:28+00:00,541,8,2,True,True,True,1789095077
2026-09-11T02:51:28+00:00,527,1,10,True,True,True,1789095077
2026-09-11T02:51:28+00:00,529,3,16,True,True,True,1789095077
2026-09-11T02:51:28+00:00,526,4,11,True,True,True,1789095077
2026-09-11T02:51:28+00:00,537,0,17,True,True,True,1789095077
2026-09-11T02:51:28+00:00,547,18,12,True,True,True,1789095077
2026-09-11T02:51:28+00:00,601,2,17,True,True,True,1789095077
2026-09-11T02:51:28+00:00,533,2,10,True,True,True,1789095077
2026-09-11T02:51:28+00:00,535,2,19,True,True,True,1789095077
2026-09-11T02:51:28+00:00,524,1,19,True,True,True,1789095077
2026-09-11T02:51:28+00:00,519,11,13,True,True,True,1789095077
2026-09-11T02:51:28+00:00,534,7,32,True,True,True,1789095077
2026-09-11T02:51:28+00:00,521,8,5,True,True,True,1789095077
2026-09-11T02:51:28+00:00,518,2,15,True,True,True,1789095077
2026-09-11T02:51:28+00:00,556,6,12,True,True,True,1789095077
2026-09-11T02:51:28+00:00,525,3,11,True,True,True,1789095077
2026-09-11T02:51:28+00:00,517,3,12,True,True,True,1789095077
2026-09-11T02:51:28+00:00,523,15,15,True,True,True,1789095077
2026-09-11T02:51:28+00:00,522,7,1,True,True,True,1789095077
2026-09-11T02:51:28+00:00,594,3,16,True,True,True,1789095077
2026-09-11T02:51:28+00:00,532,1,18,True,True,True,1789095077
2026-09-11T02:51:28+00:00,509,7,4,True,True,True,1789095077
2026-09-11T02:51:28+00:00,531,0,16,True,True,True,1789095077
2026-09-11T02:51:28+00:00,536,0,8,True,True,True,1789095077
2026-09-11T02:51:28+00:00,562,0,37,True,True,True,1789095077
2026-09-11T02:51:28+00:00,511,3,19,True,True,True,1789095077
2026-09-11T02:51:28+00:00,505,1,16,True,True,True,1789095077
2026-09-11T02:51:28+00:00,501,0,18,True,True,True,1789095077
2026-09-11T02:51:28+00:00,514,11,0,True,True,True,1789095077
2026-09-11T02:51:28+00:00,500,10,5,True,True,True,1789095077
2026-09-11T02:51:28+00:00,503,24,7,True,True,True,1789095077
2026-09-11T02:51:28+00:00,513,0,14,True,True,True,1789095077
2026-09-11T02:51:28+00:00,498,0,11,True,True,True,1789095077
2026-09-11T02:51:28+00:00,507,20,0,True,True,True,1789095077
2026-09-11T02:51:28+00:00,512,21,7,True,True,True,1789095077
2026-09-11T02:51:28+00:00,619,0,42,True,True,True,1789095077
2026-09-11T02:51:28+00:00,474,17,25,True,True,True,1789095077
2026-09-11T02:51:28+00:00,580,0,41,True,True,True,1789095077
2026-09-11T02:51:28+00:00,496,0,42,True,True,True,1789095077
2026-09-11T02:51:28+00:00,482,1,17,True,True,True,1789095077
2026-09-11T02:51:28+00:00,407,8,4,True,True,True,1789095077
2026-09-11T02:51:28+00:00,409,4,20,True,True,True,1789095077
2026-09-11T02:51:28+00:00,451,3,17,True,True,True,1789095077
2026-09-11T02:51:28+00:00,402,4,14,True,True,True,1789095077
2026-09-11T02:51:28+00:00,516,2,10,True,True,True,1789095077
2026-09-11T02:51:28+00:00,625,5,37,True,True,True,1789095077
2026-09-11T02:51:28+00:00,429,2,17,True,True,True,1789095077
2026-09-11T02:51:28+00:00,380,6,13,True,True,True,1789095077
2026-09-11T02:51:28+00:00,583,6,11,True,True,True,1789095077
2026-09-11T02:51:28+00:00,398,3,12,True,True,True,1789095077
2026-09-11T02:51:28+00:00,381,13,1,True,True,True,1789095077
2026-09-11T02:51:28+00:00,464,18,25,True,True,True,1789095077
2026-09-11T02:51:28+00:00,442,13,3,True,True,True,1789095077
2026-09-11T02:51:28+00:00,483,18,3,True,True,True,1789095077
2026-09-11T02:51:28+00:00,458,6,7,True,True,True,1789095077
2026-09-11T02:51:28+00:00,499,13,2,True,True,True,1789095077
2026-09-11T02:51:28+00:00,472,7,9,True,True,True,1789095077
2026-09-11T02:51:28+00:00,506,11,15,True,True,True,1789095077
2026-09-11T02:51:28+00:00,465,5,25,True,True,True,1789095077
2026-09-11T02:51:28+00:00,611,0,39,True,True,True,1789095077
2026-09-11T02:51:28+00:00,404,2,22,True,True,True,1789095077
2026-09-11T02:51:28+00:00,579,8,5,True,True,True,1789095077
2026-09-11T02:51:28+00:00,589,6,19,True,True,True,1789095077
2026-09-11T02:51:28+00:00,434,0,16,True,True,True,1789095077
2026-09-11T02:51:28+00:00,462,7,6,True,True,True,1789095077
2026-09-11T02:51:28+00:00,578,10,13,True,True,True,1789095077
2026-09-11T02:51:28+00:00,415,5,3,True,True,True,1789095077
2026-09-11T02:51:28+00:00,423,17,3,True,True,True,1789095077
2026-09-11T02:51:28+00:00,412,0,9,True,True,True,1789095077
2026-09-11T02:51:28+00:00,387,8,7,True,True,True,1789095077
2026-09-11T02:51:28+00:00,441,6,9,True,True,True,1789095077
2026-09-11T02:51:28+00:00,454,12,10,True,True,True,1789095077
2026-09-11T02:51:28+00:00,436,3,11,True,True,True,1789095077
2026-09-11T02:51:28+00:00,394,11,6,True,True,True,1789095077
2026-09-11T02:51:28+00:00,497,1,23,True,True,True,1789095077
2026-09-11T02:51:28+00:00,581,11,6,True,True,True,1789095077
2026-09-11T02:51:28+00:00,461,9,11,True,True,True,1789095077
2026-09-11T02:51:28+00:00,599,5,43,True,True,True,1789095077
2026-09-11T02:51:28+00:00,428,2,21,True,True,True,1789095077
2026-09-11T02:51:28+00:00,400,0,24,True,True,True,1789095077
2026-09-11T02:51:28+00:00,487,1,19,True,True,True,1789095077
2026-09-11T02:51:28+00:00,438,0,41,True,True,True,1789095077
2026-09-11T02:51:28+00:00,459,4,7,True,True,True,1789095077
2026-09-11T02:51:28+00:00,433,3,13,True,True,True,1789095077
2026-09-11T02:51:28+00:00,399,26,3,True,True,True,1789095077
2026-09-11T02:51:28+00:00,489,11,14,True,True,True,1789095077
2026-09-11T02:51:28+00:00,742,16,12,True,True,True,1789095077
2026-09-11T02:51:28+00:00,551,20,13,True,True,True,1789095077
2026-09-11T02:51:28+00:00,406,4,4,True,True,True,1789095077
2026-09-11T02:51:28+00:00,488,17,5,True,True,True,1789095077
2026-09-11T02:51:28+00:00,540,0,29,True,True,True,1789095077
2026-09-11T02:51:28+00:00,431,2,16,True,True,True,1789095077
2026-09-11T02:51:28+00:00,393,1,18,True,True,True,1789095077
2026-09-11T02:51:28+00:00,420,2,18,True,True,True,1789095077
2026-09-11T02:51:28+00:00,397,9,23,True,True,True,1789095077
2026-09-11T02:51:28+00:00,390,14,14,True,True,True,1789095077
2026-09-11T02:51:28+00:00,449,11,13,True,True,True,1789095077
2026-09-11T02:51:28+00:00,430,7,35,True,True,True,1789095077
2026-09-11T02:51:28+00:00,484,0,32,True,True,True,1789095077
2026-09-11T02:51:28+00:00,479,12,17,True,True,True,1789095077
2026-09-11T02:51:28+00:00,403,1,13,True,True,True,1789095077
2026-09-11T02:51:28+00:00,435,1,27,True,True,True,1789095077
2026-09-11T02:51:28+00:00,426,8,12,True,True,True,1789095077
2026-09-11T02:51:28+00:00,450,3,12,True,True,True,1789095077
2026-09-11T02:51:28+00:00,456,2,30,True,True,True,1789095077
2026-09-11T02:51:28+00:00,468,14,0,True,True,True,1789095077
2026-09-11T02:51:28+00:00,453,5,26,True,True,True,1789095077
2026-09-11T02:51:28+00:00,466,3,11,True,True,True,1789095077
2026-09-11T02:51:28+00:00,469,1,27,True,True,True,1789095077
2026-09-11T02:51:28+00:00,416,4,11,True,True,True,1789095077
2026-09-11T02:51:28+00:00,391,1,11,True,True,True,1789095077
2026-09-11T02:51:28+00:00,389,3,13,True,True,True,1789095077
2026-09-11T02:51:28+00:00,470,4,11,True,True,True,1789095077
2026-09-11T02:51:28+00:00,384,7,8,True,True,True,1789095077
2026-09-11T02:51:28+00:00,425,2,4,True,True,True,1789095077
2026-09-11T02:51:28+00:00,411,4,7,True,True,True,1789095077
2026-09-11T02:51:28+00:00,598,25,7,True,True,True,1789095077
2026-09-11T02:51:28+00:00,444,14,4,True,True,True,1789095077
2026-09-11T02:51:28+00:00,447,30,0,True,True,True,1789095077
2026-09-11T02:51:28+00:00,408,11,1,True,True,True,1789095077
2026-09-11T02:51:28+00:00,737,22,0,True,True,True,1789095077
2026-09-11T02:51:28+00:00,432,3,5,True,True,True,1789095077
2026-09-11T02:51:28+00:00,401,2,3,True,True,True,1789095077
2026-09-11T02:51:28+00:00,452,3,27,True,True,True,1789095077
2026-09-11T02:51:28+00:00,392,7,1,True,True,True,1789095077
2026-09-11T02:51:28+00:00,481,6,35,True,True,True,1789095077
2026-09-11T02:51:28+00:00,495,4,33,True,True,True,1789095077
2026-09-11T02:51:28+00:00,478,11,0,True,True,True,1789095077
2026-09-11T02:51:28+00:00,414,1,9,True,True,True,1789095077
2026-09-11T02:51:28+00:00,476,2,17,True,True,True,1789095077
2026-09-11T02:51:28+00:00,445,7,10,True,True,True,1789095077
2026-09-11T02:51:28+00:00,748,11,18,True,True,True,1789095077
2026-09-11T02:51:28+00:00,473,3,3,True,True,True,1789095077
2026-09-11T02:51:28+00:00,383,1,26,True,True,True,1789095077
2026-09-11T02:51:28+00:00,480,8,13,True,True,True,1789095077
2026-09-11T02:51:28+00:00,421,17,2,True,True,True,1789095077
2026-09-11T02:51:28+00:00,746,1,9,True,True,True,1789095077
2026-09-11T02:51:28+00:00,417,5,7,True,True,True,1789095077
2026-09-11T02:51:28+00:00,427,8,6,True,True,True,1789095077
2026-09-11T02:51:28+00:00,395,1,13,True,True,True,1789095077
2026-09-11T02:51:28+00:00,418,3,23,True,True,True,1789095077
2026-09-11T02:51:28+00:00,413,0,11,True,True,True,1789095077
2026-09-11T02:51:28+00:00,486,1,22,True,True,True,1789095077
2026-09-11T02:51:28+00:00,597,2,11,True,True,True,1789095077
2026-09-11T02:51:28+00:00,422,2,9,True,True,True,1789095077
2026-09-11T02:51:28+00:00,382,8,0,True,True,True,1789095077
2026-09-11T02:51:28+00:00,396,0,24,True,True,True,1789095077
2026-09-11T02:51:28+00:00,735,6,8,True,True,True,1789095077
2026-09-11T02:51:28+00:00,437,4,20,True,True,True,1789095077
2026-09-11T02:51:28+00:00,446,5,16,True,True,True,1789095077
2026-09-11T02:51:28+00:00,424,5,5,True,True,True,1789095077
2026-09-11T02:51:28+00:00,455,10,1,True,True,True,1789095077
2026-09-11T02:51:28+00:00,457,5,5,True,True,True,1789095077
2026-09-11T02:51:28+00:00,377,10,18,True,True,True,1789095077
2026-09-11T02:51:28+00:00,738,10,2,True,True,True,1789095077
2026-09-11T02:51:28+00:00,460,27,0,True,True,True,1789095077
2026-09-11T02:51:28+00:00,744,4,3,True,True,True,1789095077
2026-09-11T02:51:28+00:00,485,17,2,True,True,True,1789095077
2026-09-11T03:06:28+00:00,6026,2,32,True,True,True,1789095985
2026-09-11T03:06:28+00:00,5431,2,16,True,True,True,1789095985
2026-09-11T03:06:28+00:00,5424,2,16,True,True,True,1789095985
2026-09-11T03:06:28+00:00,5220,1,18,True,True,True,1789095985
2026-09-11T03:06:28+00:00,5217,5,24,True,True,True,1789095985
2026-09-11T03:06:28+00:00,5113,11,1,True,True,True,1789095985
2026-09-11T03:06:28+00:00,4683,1,17,True,True,True,1789095985
2026-09-11T03:06:28+00:00,4552,14,4,True,True,True,1789095985
2026-09-11T03:06:28+00:00,3725,0,17,True,True,True,1789095985
2026-09-11T03:06:28+00:00,2358,12,1,True,True,True,1789095985
2026-09-11T03:06:28+00:00,2357,24,0,True,True,True,1789095985
2026-09-11T03:06:28+00:00,2355,3,9,True,True,True,1789095985
2026-09-11T03:06:28+00:00,2351,2,14,True,True,True,1789095985
2026-09-11T03:06:28+00:00,2350,19,4,True,True,True,1789095985
2026-09-11T03:06:28+00:00,2349,4,16,True,True,True,1789095985
2026-09-11T03:06:28+00:00,2347,10,20,True,True,True,1789095985
2026-09-11T03:06:28+00:00,2340,5,17,True,True,True,1789095985
2026-09-11T03:06:28+00:00,2339,12,16,True,True,True,1789095985
2026-09-11T03:06:28+00:00,2337,0,13,True,True,True,1789095985
2026-09-11T03:06:28+00:00,2334,12,0,True,True,True,1789095985
2026-09-11T03:06:28+00:00,2333,10,4,True,True,True,1789095985
2026-09-11T03:06:28+00:00,2332,7,2,True,True,True,1789095985
2026-09-11T03:06:28+00:00,2330,12,2,True,True,True,1789095985
2026-09-11T03:06:28+00:00,2329,5,9,True,True,True,1789095985
2026-09-11T03:06:28+00:00,2328,16,4,True,True,True,1789095985
2026-09-11T03:06:28+00:00,2315,9,6,True,True,True,1789095985
2026-09-11T03:06:28+00:00,2308,6,1,True,True,True,1789095985
2026-09-11T03:06:28+00:00,2307,1,27,True,True,True,1789095985
2026-09-11T03:06:28+00:00,2306,0,18,True,True,True,1789095985
2026-09-11T03:06:28+00:00,2305,6,9,True,True,True,1789095985
2026-09-11T03:06:28+00:00,2304,3,15,True,True,True,1789095985
2026-09-11T03:06:28+00:00,2280,11,2,True,True,True,1789095985
2026-09-11T03:06:28+00:00,2270,17,3,True,True,True,1789095985
2026-09-11T03:06:28+00:00,1919,5,1,True,True,True,1789095985
2026-09-11T03:06:28+00:00,1755,24,8,True,True,True,1789095985
2026-09-11T03:06:28+00:00,1101,15,7,True,True,True,1789095985
2026-09-11T03:06:28+00:00,1023,6,9,True,True,True,1789095985
2026-09-11T03:06:28+00:00,1009,0,10,True,True,True,1789095985
2026-09-11T03:06:28+00:00,970,11,13,True,True,True,1789095985
2026-09-11T03:06:28+00:00,787,10,2,True,True,True,1789095985
2026-09-11T03:06:28+00:00,627,0,29,True,True,True,1789095985
2026-09-11T03:06:28+00:00,623,6,14,True,True,True,1789095985
2026-09-11T03:06:28+00:00,624,8,10,True,True,True,1789095985
2026-09-11T03:06:28+00:00,626,12,9,True,True,True,1789095985
2026-09-11T03:06:28+00:00,614,2,21,True,True,True,1789095985
2026-09-11T03:06:28+00:00,616,8,6,True,True,True,1789095985
2026-09-11T03:06:28+00:00,618,10,30,True,True,True,1789095985
2026-09-11T03:06:28+00:00,621,1,24,True,True,True,1789095985
2026-09-11T03:06:28+00:00,622,15,10,True,True,True,1789095985
2026-09-11T03:06:28+00:00,613,1,17,True,True,True,1789095985
2026-09-11T03:06:28+00:00,620,18,22,True,True,True,1789095985
2026-09-11T03:06:28+00:00,596,10,6,True,True,True,1789095985
2026-09-11T03:06:28+00:00,617,15,3,True,True,True,1789095985
2026-09-11T03:06:28+00:00,609,6,21,True,True,True,1789095985
2026-09-11T03:06:28+00:00,607,5,19,True,True,True,1789095985
2026-09-11T03:06:28+00:00,603,0,13,True,True,True,1789095985
2026-09-11T03:06:28+00:00,590,8,29,True,True,True,1789095985
2026-09-11T03:06:28+00:00,610,2,18,True,True,True,1789095985
2026-09-11T03:06:28+00:00,608,7,13,True,True,True,1789095985
2026-09-11T03:06:28+00:00,593,3,27,True,True,True,1789095985
2026-09-11T03:06:28+00:00,530,2,5,True,True,True,1789095985
2026-09-11T03:06:28+00:00,463,4,15,True,True,True,1789095985
2026-09-11T03:06:28+00:00,475,3,21,True,True,True,1789095985
2026-09-11T03:06:28+00:00,439,0,25,True,True,True,1789095985
2026-09-11T03:06:28+00:00,600,11,0,True,True,True,1789095985
2026-09-11T03:06:28+00:00,440,13,1,True,True,True,1789095985
2026-09-11T03:06:28+00:00,612,4,13,True,True,True,1789095985
2026-09-11T03:06:28+00:00,491,9,7,True,True,True,1789095985
2026-09-11T03:06:28+00:00,493,22,3,True,True,True,1789095985
2026-09-11T03:06:28+00:00,410,25,0,True,True,True,1789095985
2026-09-11T03:06:28+00:00,605,0,17,True,True,True,1789095985
2026-09-11T03:06:28+00:00,388,1,17,True,True,True,1789095985
2026-09-11T03:06:28+00:00,591,10,13,True,True,True,1789095985
2026-09-11T03:06:28+00:00,592,3,14,True,True,True,1789095985
2026-09-11T03:06:28+00:00,585,7,10,True,True,True,1789095985
2026-09-11T03:06:28+00:00,565,5,12,True,True,True,1789095985
2026-09-11T03:06:28+00:00,571,12,8,True,True,True,1789095985
2026-09-11T03:06:28+00:00,568,6,9,True,True,True,1789095985
2026-09-11T03:06:28+00:00,588,3,15,True,True,True,1789095985
2026-09-11T03:06:28+00:00,584,7,26,True,True,True,1789095985
2026-09-11T03:06:28+00:00,569,11,18,True,True,True,1789095985
2026-09-11T03:06:28+00:00,577,4,26,True,True,True,1789095985
2026-09-11T03:06:28+00:00,564,6,23,True,True,True,1789095985
2026-09-11T03:06:28+00:00,570,2,13,True,True,True,1789095985
2026-09-11T03:06:28+00:00,572,11,23,True,True,True,1789095985
2026-09-11T03:06:28+00:00,587,0,15,False,False,False,1789095985
2026-09-11T03:06:28+00:00,586,22,2,True,True,True,1789095985
2026-09-11T03:06:28+00:00,576,2,16,True,True,True,1789095985
2026-09-11T03:06:28+00:00,566,11,13,True,True,True,1789095985
2026-09-11T03:06:28+00:00,602,6,12,True,True,True,1789095985
2026-09-11T03:06:28+00:00,575,0,28,True,True,True,1789095985
2026-09-11T03:06:28+00:00,567,0,38,True,True,True,1789095985
2026-09-11T03:06:28+00:00,582,0,27,True,True,True,1789095985
2026-09-11T03:06:28+00:00,595,18,4,True,True,True,1789095985
2026-09-11T03:06:28+00:00,542,14,5,True,True,True,1789095985
2026-09-11T03:06:28+00:00,563,17,0,True,True,True,1789095985
2026-09-11T03:06:28+00:00,558,7,8,True,True,True,1789095985
2026-09-11T03:06:28+00:00,552,12,5,True,True,True,1789095985
2026-09-11T03:06:28+00:00,555,5,8,True,True,True,1789095985
2026-09-11T03:06:28+00:00,573,16,8,True,True,True,1789095985
2026-09-11T03:06:28+00:00,561,0,22,True,True,True,1789095985
2026-09-11T03:06:28+00:00,615,8,13,True,True,True,1789095985
2026-09-11T03:06:28+00:00,543,0,20,True,True,True,1789095985
2026-09-11T03:06:28+00:00,554,4,15,True,True,True,1789095985
2026-09-11T03:06:28+00:00,574,5,5,True,True,True,1789095985
2026-09-11T03:06:28+00:00,560,0,7,True,True,True,1789095985
2026-09-11T03:06:28+00:00,548,3,13,True,True,True,1789095985
2026-09-11T03:06:28+00:00,559,0,15,True,True,True,1789095985
2026-09-11T03:06:28+00:00,545,4,35,True,True,True,1789095985
2026-09-11T03:06:28+00:00,550,3,5,True,True,True,1789095985
2026-09-11T03:06:28+00:00,541,8,2,True,True,True,1789095985
2026-09-11T03:06:28+00:00,527,1,10,True,True,True,1789095985
2026-09-11T03:06:28+00:00,529,3,16,True,True,True,1789095985
2026-09-11T03:06:28+00:00,526,4,11,True,True,True,1789095985
2026-09-11T03:06:28+00:00,537,0,17,True,True,True,1789095985
2026-09-11T03:06:28+00:00,547,18,12,True,True,True,1789095985
2026-09-11T03:06:28+00:00,601,2,17,True,True,True,1789095985
2026-09-11T03:06:28+00:00,533,2,10,True,True,True,1789095985
2026-09-11T03:06:28+00:00,535,2,19,True,True,True,1789095985
2026-09-11T03:06:28+00:00,524,1,19,True,True,True,1789095985
2026-09-11T03:06:28+00:00,519,11,13,True,True,True,1789095985
2026-09-11T03:06:28+00:00,534,7,32,True,True,True,1789095985
2026-09-11T03:06:28+00:00,521,8,5,True,True,True,1789095985
2026-09-11T03:06:28+00:00,518,2,15,True,True,True,1789095985
2026-09-11T03:06:28+00:00,556,6,12,True,True,True,1789095985
2026-09-11T03:06:28+00:00,525,3,11,True,True,True,1789095985
2026-09-11T03:06:28+00:00,517,3,12,True,True,True,1789095985
2026-09-11T03:06:28+00:00,523,15,15,True,True,True,1789095985
2026-09-11T03:06:28+00:00,522,7,1,True,True,True,1789095985
2026-09-11T03:06:28+00:00,594,3,16,True,True,True,1789095985
2026-09-11T03:06:28+00:00,532,1,18,True,True,True,1789095985
2026-09-11T03:06:28+00:00,509,7,4,True,True,True,1789095985
2026-09-11T03:06:28+00:00,531,0,16,True,True,True,1789095985
2026-09-11T03:06:28+00:00,536,0,8,True,True,True,1789095985
2026-09-11T03:06:28+00:00,562,0,37,True,True,True,1789095985
2026-09-11T03:06:28+00:00,511,4,18,True,True,True,1789095985
2026-09-11T03:06:28+00:00,505,1,16,True,True,True,1789095985
2026-09-11T03:06:28+00:00,501,0,18,True,True,True,1789095985
2026-09-11T03:06:28+00:00,514,11,0,True,True,True,1789095985
2026-09-11T03:06:28+00:00,500,10,5,True,True,True,1789095985
2026-09-11T03:06:28+00:00,503,24,7,True,True,True,1789095985
2026-09-11T03:06:28+00:00,513,0,14,True,True,True,1789095985
2026-09-11T03:06:28+00:00,498,0,11,True,True,True,1789095985
2026-09-11T03:06:28+00:00,507,20,0,True,True,True,1789095985
2026-09-11T03:06:28+00:00,512,21,7,True,True,True,1789095985
2026-09-11T03:06:28+00:00,619,0,42,True,True,True,1789095985
2026-09-11T03:06:28+00:00,474,17,25,True,True,True,1789095985
2026-09-11T03:06:28+00:00,580,0,41,True,True,True,1789095985
2026-09-11T03:06:28+00:00,496,0,42,True,True,True,1789095985
2026-09-11T03:06:28+00:00,482,1,17,True,True,True,1789095985
2026-09-11T03:06:28+00:00,407,8,4,True,True,True,1789095985
2026-09-11T03:06:28+00:00,409,4,20,True,True,True,1789095985
2026-09-11T03:06:28+00:00,451,3,17,True,True,True,1789095985
2026-09-11T03:06:28+00:00,402,4,14,True,True,True,1789095985
2026-09-11T03:06:28+00:00,516,2,10,True,True,True,1789095985
2026-09-11T03:06:28+00:00,625,5,37,True,True,True,1789095985
2026-09-11T03:06:28+00:00,429,2,17,True,True,True,1789095985
2026-09-11T03:06:28+00:00,380,6,13,True,True,True,1789095985
2026-09-11T03:06:28+00:00,583,6,11,True,True,True,1789095985
2026-09-11T03:06:28+00:00,398,3,12,True,True,True,1789095985
2026-09-11T03:06:28+00:00,381,13,1,True,True,True,1789095985
2026-09-11T03:06:28+00:00,464,18,25,True,True,True,1789095985
2026-09-11T03:06:28+00:00,442,14,3,True,True,True,1789095985
2026-09-11T03:06:28+00:00,483,18,3,True,True,True,1789095985
2026-09-11T03:06:28+00:00,458,6,7,True,True,True,1789095985
2026-09-11T03:06:28+00:00,499,13,2,True,True,True,1789095985
2026-09-11T03:06:28+00:00,472,7,9,True,True,True,1789095985
2026-09-11T03:06:28+00:00,506,12,14,True,True,True,1789095985
2026-09-11T03:06:28+00:00,465,5,25,True,True,True,1789095985
2026-09-11T03:06:28+00:00,611,0,39,True,True,True,1789095985
2026-09-11T03:06:28+00:00,404,2,22,True,True,True,1789095985
2026-09-11T03:06:28+00:00,579,8,5,True,True,True,1789095985
2026-09-11T03:06:28+00:00,589,6,19,True,True,True,1789095985
2026-09-11T03:06:28+00:00,434,0,16,True,True,True,1789095985
2026-09-11T03:06:28+00:00,462,7,6,True,True,True,1789095985
2026-09-11T03:06:28+00:00,578,10,13,True,True,True,1789095985
2026-09-11T03:06:28+00:00,415,5,3,True,True,True,1789095985
2026-09-11T03:06:28+00:00,423,17,3,True,True,True,1789095985
2026-09-11T03:06:28+00:00,412,0,9,True,True,True,1789095985
2026-09-11T03:06:28+00:00,387,8,7,True,True,True,1789095985
2026-09-11T03:06:28+00:00,441,6,9,True,True,True,1789095985
2026-09-11T03:06:28+00:00,454,12,10,True,True,True,1789095985
2026-09-11T03:06:28+00:00,436,3,11,True,True,True,1789095985
2026-09-11T03:06:28+00:00,394,11,6,True,True,True,1789095985
2026-09-11T03:06:28+00:00,497,1,23,True,True,True,1789095985
2026-09-11T03:06:28+00:00,581,11,6,True,True,True,1789095985
2026-09-11T03:06:28+00:00,461,9,11,True,True,True,1789095985
2026-09-11T03:06:28+00:00,599,5,43,True,True,True,1789095985
2026-09-11T03:06:28+00:00,428,2,21,True,True,True,1789095985
2026-09-11T03:06:28+00:00,400,0,24,True,True,True,1789095985
2026-09-11T03:06:28+00:00,487,1,19,True,True,True,1789095985
2026-09-11T03:06:28+00:00,438,0,41,True,True,True,1789095985
2026-09-11T03:06:28+00:00,459,4,7,True,True,True,1789095985
2026-09-11T03:06:28+00:00,433,3,13,True,True,True,1789095985
2026-09-11T03:06:28+00:00,399,26,3,True,True,True,1789095985
2026-09-11T03:06:28+00:00,489,11,14,True,True,True,1789095985
2026-09-11T03:06:28+00:00,742,16,12,True,True,True,1789095985
2026-09-11T03:06:28+00:00,551,20,13,True,True,True,1789095985
2026-09-11T03:06:28+00:00,406,4,4,True,True,True,1789095985
2026-09-11T03:06:28+00:00,488,17,5,True,True,True,1789095985
2026-09-11T03:06:28+00:00,540,0,29,True,True,True,1789095985
2026-09-11T03:06:28+00:00,431,2,16,True,True,True,1789095985
2026-09-11T03:06:28+00:00,393,1,18,True,True,True,1789095985
2026-09-11T03:06:28+00:00,420,2,18,True,True,True,1789095985
2026-09-11T03:06:28+00:00,397,9,23,True,True,True,1789095985
2026-09-11T03:06:28+00:00,390,14,14,True,True,True,1789095985
2026-09-11T03:06:28+00:00,449,11,13,True,True,True,1789095985
2026-09-11T03:06:28+00:00,430,7,35,True,True,True,1789095985
2026-09-11T03:06:28+00:00,484,0,32,True,True,True,1789095985
2026-09-11T03:06:28+00:00,479,12,17,True,True,True,1789095985
2026-09-11T03:06:28+00:00,403,1,13,True,True,True,1789095985
2026-09-11T03:06:28+00:00,435,1,27,True,True,True,1789095985
2026-09-11T03:06:28+00:00,426,8,12,True,True,True,1789095985
2026-09-11T03:06:28+00:00,450,3,12,True,True,True,1789095985
2026-09-11T03:06:28+00:00,456,2,30,True,True,True,1789095985
2026-09-11T03:06:28+00:00,468,14,0,True,True,True,1789095985
2026-09-11T03:06:28+00:00,453,5,26,True,True,True,1789095985
2026-09-11T03:06:28+00:00,466,3,11,True,True,True,1789095985
2026-09-11T03:06:28+00:00,469,1,27,True,True,True,1789095985
2026-09-11T03:06:28+00:00,416,4,11,True,True,True,1789095985
2026-09-11T03:06:28+00:00,391,1,11,True,True,True,1789095985
2026-09-11T03:06:28+00:00,389,3,13,True,True,True,1789095985
2026-09-11T03:06:28+00:00,470,4,11,True,True,True,1789095985
2026-09-11T03:06:28+00:00,384,7,8,True,True,True,1789095985
2026-09-11T03:06:28+00:00,425,2,4,True,True,True,1789095985
2026-09-11T03:06:28+00:00,411,4,7,True,True,True,1789095985
2026-09-11T03:06:28+00:00,598,25,7,True,True,True,1789095985
2026-09-11T03:06:28+00:00,444,14,4,True,True,True,1789095985
2026-09-11T03:06:28+00:00,447,30,0,True,True,True,1789095985
2026-09-11T03:06:28+00:00,408,11,1,True,True,True,1789095985
2026-09-11T03:06:28+00:00,737,22,0,True,True,True,1789095985
2026-09-11T03:06:28+00:00,432,3,5,True,True,True,1789095985
2026-09-11T03:06:28+00:00,401,2,3,True,True,True,1789095985
2026-09-11T03:06:28+00:00,452,3,27,True,True,True,1789095985
2026-09-11T03:06:28+00:00,392,7,1,True,True,True,1789095985
2026-09-11T03:06:28+00:00,481,6,35,True,True,True,1789095985
2026-09-11T03:06:28+00:00,495,4,33,True,True,True,1789095985
2026-09-11T03:06:28+00:00,478,11,0,True,True,True,1789095985
2026-09-11T03:06:28+00:00,414,1,9,True,True,True,1789095985
2026-09-11T03:06:28+00:00,476,2,17,True,True,True,1789095985
2026-09-11T03:06:28+00:00,445,7,10,True,True,True,1789095985
2026-09-11T03:06:28+00:00,748,11,18,True,True,True,1789095985
2026-09-11T03:06:28+00:00,473,3,3,True,True,True,1789095985
2026-09-11T03:06:28+00:00,383,1,26,True,True,True,1789095985
2026-09-11T03:06:28+00:00,480,8,13,True,True,True,1789095985
2026-09-11T03:06:28+00:00,421,17,2,True,True,True,1789095985
2026-09-11T03:06:28+00:00,746,1,9,True,True,True,1789095985
2026-09-11T03:06:28+00:00,417,5,7,True,True,True,1789095985
2026-09-11T03:06:28+00:00,427,7,7,True,True,True,1789095985
2026-09-11T03:06:28+00:00,395,1,13,True,True,True,1789095985
2026-09-11T03:06:28+00:00,418,3,23,True,True,True,1789095985
2026-09-11T03:06:28+00:00,413,0,11,True,True,True,1789095985
2026-09-11T03:06:28+00:00,486,1,22,True,True,True,1789095985
2026-09-11T03:06:28+00:00,597,2,11,True,True,True,1789095985
2026-09-11T03:06:28+00:00,422,2,9,True,True,True,1789095985
2026-09-11T03:06:28+00:00,382,8,0,True,True,True,1789095985
2026-09-11T03:06:28+00:00,396,0,24,True,True,True,1789095985
2026-09-11T03:06:28+00:00,735,6,8,True,True,True,1789095985
2026-09-11T03:06:28+00:00,437,4,20,True,True,True,1789095985
2026-09-11T03:06:28+00:00,446,5,16,True,True,True,1789095985
2026-09-11T03:06:28+00:00,424,5,5,True,True,True,1789095985
2026-09-11T03:06:28+00:00,455,10,1,True,True,True,1789095985
2026-09-11T03:06:28+00:00,457,5,5,True,True,True,1789095985
2026-09-11T03:06:28+00:00,377,10,18,True,True,True,1789095985
2026-09-11T03:06:28+00:00,738,10,2,True,True,True,1789095985
2026-09-11T03:06:28+00:00,460,27,0,True,True,True,1789095985
2026-09-11T03:06:28+00:00,744,4,3,True,True,True,1789095985
2026-09-11T03:06:28+00:00,485,16,3,True,True,True,1789095985
2026-09-11T03:21:28+00:00,6026,2,32,True,True,True,1789096882
2026-09-11T03:21:28+00:00,5431,2,16,True,True,True,1789096882
2026-09-11T03:21:28+00:00,5424,2,16,True,True,True,1789096882
2026-09-11T03:21:28+00:00,5220,1,18,True,True,True,1789096882
2026-09-11T03:21:28+00:00,5217,5,24,True,True,True,1789096882
2026-09-11T03:21:28+00:00,5113,11,1,True,True,True,1789096882
2026-09-11T03:21:28+00:00,4683,1,17,True,True,True,1789096882
2026-09-11T03:21:28+00:00,4552,14,4,True,True,True,1789096882
2026-09-11T03:21:28+00:00,3725,0,17,True,True,True,1789096882
2026-09-11T03:21:28+00:00,2358,12,1,True,True,True,1789096882
2026-09-11T03:21:28+00:00,2357,24,0,True,True,True,1789096882
2026-09-11T03:21:28+00:00,2355,3,9,True,True,True,1789096882
2026-09-11T03:21:28+00:00,2351,2,14,True,True,True,1789096882
2026-09-11T03:21:28+00:00,2350,19,4,True,True,True,1789096882
2026-09-11T03:21:28+00:00,2349,4,16,True,True,True,1789096882
2026-09-11T03:21:28+00:00,2347,10,20,True,True,True,1789096882
2026-09-11T03:21:28+00:00,2340,5,17,True,True,True,1789096882
2026-09-11T03:21:28+00:00,2339,12,16,True,True,True,1789096882
2026-09-11T03:21:28+00:00,2337,0,13,True,True,True,1789096882
2026-09-11T03:21:28+00:00,2334,12,0,True,True,True,1789096882
2026-09-11T03:21:28+00:00,2333,10,4,True,True,True,1789096882
2026-09-11T03:21:28+00:00,2332,7,2,True,True,True,1789096882
2026-09-11T03:21:28+00:00,2330,12,2,True,True,True,1789096882
2026-09-11T03:21:28+00:00,2329,5,9,True,True,True,1789096882
2026-09-11T03:21:28+00:00,2328,17,3,True,True,True,1789096882
2026-09-11T03:21:28+00:00,2315,9,6,True,True,True,1789096882
2026-09-11T03:21:28+00:00,2308,6,1,True,True,True,1789096882
2026-09-11T03:21:28+00:00,2307,1,27,True,True,True,1789096882
2026-09-11T03:21:28+00:00,2306,0,18,True,True,True,1789096882
2026-09-11T03:21:28+00:00,2305,6,9,True,True,True,1789096882
2026-09-11T03:21:28+00:00,2304,3,15,True,True,True,1789096882
2026-09-11T03:21:28+00:00,2280,11,2,True,True,True,1789096882
2026-09-11T03:21:28+00:00,2270,17,3,True,True,True,1789096882
2026-09-11T03:21:28+00:00,1919,5,1,True,True,True,1789096882
2026-09-11T03:21:28+00:00,1755,24,8,True,True,True,1789096882
2026-09-11T03:21:28+00:00,1101,15,7,True,True,True,1789096882
2026-09-11T03:21:28+00:00,1023,6,9,True,True,True,1789096882
2026-09-11T03:21:28+00:00,1009,0,10,True,True,True,1789096882
2026-09-11T03:21:28+00:00,970,11,13,True,True,True,1789096882
2026-09-11T03:21:28+00:00,787,10,2,True,True,True,1789096882
2026-09-11T03:21:28+00:00,627,0,29,True,True,True,1789096882
2026-09-11T03:21:28+00:00,623,6,14,True,True,True,1789096882
2026-09-11T03:21:28+00:00,624,8,10,True,True,True,1789096882
2026-09-11T03:21:28+00:00,626,12,9,True,True,True,1789096882
2026-09-11T03:21:28+00:00,614,2,21,True,True,True,1789096882
2026-09-11T03:21:28+00:00,616,8,6,True,True,True,1789096882
2026-09-11T03:21:28+00:00,618,10,30,True,True,True,1789096882
2026-09-11T03:21:28+00:00,621,1,24,True,True,True,1789096882
2026-09-11T03:21:28+00:00,622,15,10,True,True,True,1789096882
2026-09-11T03:21:28+00:00,613,1,17,True,True,True,1789096882
2026-09-11T03:21:28+00:00,620,18,22,True,True,True,1789096882
2026-09-11T03:21:28+00:00,596,10,6,True,True,True,1789096882
2026-09-11T03:21:28+00:00,617,15,3,True,True,True,1789096882
2026-09-11T03:21:28+00:00,609,6,21,True,True,True,1789096882
2026-09-11T03:21:28+00:00,607,5,19,True,True,True,1789096882
2026-09-11T03:21:28+00:00,603,0,13,True,True,True,1789096882
2026-09-11T03:21:28+00:00,590,8,29,True,True,True,1789096882
2026-09-11T03:21:28+00:00,610,2,18,True,True,True,1789096882
2026-09-11T03:21:28+00:00,608,7,13,True,True,True,1789096882
2026-09-11T03:21:28+00:00,593,3,27,True,True,True,1789096882
2026-09-11T03:21:28+00:00,530,2,5,True,True,True,1789096882
2026-09-11T03:21:28+00:00,463,4,15,True,True,True,1789096882
2026-09-11T03:21:28+00:00,475,3,21,True,True,True,1789096882
2026-09-11T03:21:28+00:00,439,0,25,True,True,True,1789096882
2026-09-11T03:21:28+00:00,600,11,0,True,True,True,1789096882
2026-09-11T03:21:28+00:00,440,13,1,True,True,True,1789096882
2026-09-11T03:21:28+00:00,612,4,13,True,True,True,1789096882
2026-09-11T03:21:28+00:00,491,9,7,True,True,True,1789096882
2026-09-11T03:21:28+00:00,493,22,3,True,True,True,1789096882
2026-09-11T03:21:28+00:00,410,25,0,True,True,True,1789096882
2026-09-11T03:21:28+00:00,605,0,17,True,True,True,1789096882
2026-09-11T03:21:28+00:00,388,1,17,True,True,True,1789096882
2026-09-11T03:21:28+00:00,591,10,13,True,True,True,1789096882
2026-09-11T03:21:28+00:00,592,3,14,True,True,True,1789096882
2026-09-11T03:21:28+00:00,585,7,10,True,True,True,1789096882
2026-09-11T03:21:28+00:00,565,5,12,True,True,True,1789096882
2026-09-11T03:21:28+00:00,571,12,8,True,True,True,1789096882
2026-09-11T03:21:28+00:00,568,6,9,True,True,True,1789096882
2026-09-11T03:21:28+00:00,588,3,15,True,True,True,1789096882
2026-09-11T03:21:28+00:00,584,7,26,True,True,True,1789096882
2026-09-11T03:21:28+00:00,569,11,18,True,True,True,1789096882
2026-09-11T03:21:28+00:00,577,4,26,True,True,True,1789096882
2026-09-11T03:21:28+00:00,564,6,23,True,True,True,1789096882
2026-09-11T03:21:28+00:00,570,2,13,True,True,True,1789096882
2026-09-11T03:21:28+00:00,572,11,23,True,True,True,1789096882
2026-09-11T03:21:28+00:00,587,0,15,False,False,False,1789096882
2026-09-11T03:21:28+00:00,586,22,2,True,True,True,1789096882
2026-09-11T03:21:28+00:00,576,2,16,True,True,True,1789096882
2026-09-11T03:21:28+00:00,566,11,13,True,True,True,1789096882
2026-09-11T03:21:28+00:00,602,6,12,True,True,True,1789096882
2026-09-11T03:21:28+00:00,575,0,28,True,True,True,1789096882
2026-09-11T03:21:28+00:00,567,0,38,True,True,True,1789096882
2026-09-11T03:21:28+00:00,582,0,27,True,True,True,1789096882
2026-09-11T03:21:28+00:00,595,18,4,True,True,True,1789096882
2026-09-11T03:21:28+00:00,542,14,5,True,True,True,1789096882
2026-09-11T03:21:28+00:00,563,17,0,True,True,True,1789096882
2026-09-11T03:21:28+00:00,558,7,8,True,True,True,1789096882
2026-09-11T03:21:28+00:00,552,12,5,True,True,True,1789096882
2026-09-11T03:21:28+00:00,555,5,8,True,True,True,1789096882
2026-09-11T03:21:28+00:00,573,16,8,True,True,True,1789096882
2026-09-11T03:21:28+00:00,561,1,21,True,True,True,1789096882
2026-09-11T03:21:28+00:00,615,8,13,True,True,True,1789096882
2026-09-11T03:21:28+00:00,543,0,20,True,True,True,1789096882
2026-09-11T03:21:28+00:00,554,4,15,True,True,True,1789096882
2026-09-11T03:21:28+00:00,574,5,5,True,True,True,1789096882
2026-09-11T03:21:28+00:00,560,0,7,True,True,True,1789096882
2026-09-11T03:21:28+00:00,548,3,13,True,True,True,1789096882
2026-09-11T03:21:28+00:00,559,0,15,True,True,True,1789096882
2026-09-11T03:21:28+00:00,545,4,35,True,True,True,1789096882
2026-09-11T03:21:28+00:00,550,3,5,True,True,True,1789096882
2026-09-11T03:21:28+00:00,541,8,2,True,True,True,1789096882
2026-09-11T03:21:28+00:00,527,1,10,True,True,True,1789096882
2026-09-11T03:21:28+00:00,529,3,16,True,True,True,1789096882
2026-09-11T03:21:28+00:00,526,4,11,True,True,True,1789096882
2026-09-11T03:21:28+00:00,537,0,17,True,True,True,1789096882
2026-09-11T03:21:28+00:00,547,18,12,True,True,True,1789096882
2026-09-11T03:21:28+00:00,601,2,17,True,True,True,1789096882
2026-09-11T03:21:28+00:00,533,2,10,True,True,True,1789096882
2026-09-11T03:21:28+00:00,535,3,18,True,True,True,1789096882
2026-09-11T03:21:28+00:00,524,1,19,True,True,True,1789096882
2026-09-11T03:21:28+00:00,519,11,13,True,True,True,1789096882
2026-09-11T03:21:28+00:00,534,7,32,True,True,True,1789096882
2026-09-11T03:21:28+00:00,521,7,6,True,True,True,1789096882
2026-09-11T03:21:28+00:00,518,2,15,True,True,True,1789096882
2026-09-11T03:21:28+00:00,556,6,12,True,True,True,1789096882
2026-09-11T03:21:28+00:00,525,3,11,True,True,True,1789096882
2026-09-11T03:21:28+00:00,517,3,12,True,True,True,1789096882
2026-09-11T03:21:28+00:00,523,15,15,True,True,True,1789096882
2026-09-11T03:21:28+00:00,522,7,1,True,True,True,1789096882
2026-09-11T03:21:28+00:00,594,3,16,True,True,True,1789096882
2026-09-11T03:21:28+00:00,532,1,18,True,True,True,1789096882
2026-09-11T03:21:28+00:00,509,7,4,True,True,True,1789096882
2026-09-11T03:21:28+00:00,531,0,16,True,True,True,1789096882
2026-09-11T03:21:28+00:00,536,0,8,True,True,True,1789096882
2026-09-11T03:21:28+00:00,562,0,37,True,True,True,1789096882
2026-09-11T03:21:28+00:00,511,4,18,True,True,True,1789096882
2026-09-11T03:21:28+00:00,505,1,16,True,True,True,1789096882
2026-09-11T03:21:28+00:00,501,0,18,True,True,True,1789096882
2026-09-11T03:21:28+00:00,514,11,0,True,True,True,1789096882
2026-09-11T03:21:28+00:00,500,10,5,True,True,True,1789096882
2026-09-11T03:21:28+00:00,503,24,7,True,True,True,1789096882
2026-09-11T03:21:28+00:00,513,0,14,True,True,True,1789096882
2026-09-11T03:21:28+00:00,498,0,11,True,True,True,1789096882
2026-09-11T03:21:28+00:00,507,20,0,True,True,True,1789096882
2026-09-11T03:21:28+00:00,512,21,7,True,True,True,1789096882
2026-09-11T03:21:28+00:00,619,0,42,True,True,True,1789096882
2026-09-11T03:21:28+00:00,474,17,25,True,True,True,1789096882
2026-09-11T03:21:28+00:00,580,0,41,True,True,True,1789096882
2026-09-11T03:21:28+00:00,496,0,42,True,True,True,1789096882
2026-09-11T03:21:28+00:00,482,1,17,True,True,True,1789096882
2026-09-11T03:21:28+00:00,407,8,4,True,True,True,1789096882
2026-09-11T03:21:28+00:00,409,4,20,True,True,True,1789096882
2026-09-11T03:21:28+00:00,451,3,17,True,True,True,1789096882
2026-09-11T03:21:28+00:00,402,4,14,True,True,True,1789096882
2026-09-11T03:21:28+00:00,516,2,10,True,True,True,1789096882
2026-09-11T03:21:28+00:00,625,5,37,True,True,True,1789096882
2026-09-11T03:21:28+00:00,429,2,17,True,True,True,1789096882
2026-09-11T03:21:28+00:00,380,6,13,True,True,True,1789096882
2026-09-11T03:21:28+00:00,583,6,11,True,True,True,1789096882
2026-09-11T03:21:28+00:00,398,3,12,True,True,True,1789096882
2026-09-11T03:21:28+00:00,381,13,1,True,True,True,1789096882
2026-09-11T03:21:28+00:00,464,18,25,True,True,True,1789096882
2026-09-11T03:21:28+00:00,442,14,3,True,True,True,1789096882
2026-09-11T03:21:28+00:00,483,18,3,True,True,True,1789096882
2026-09-11T03:21:28+00:00,458,6,7,True,True,True,1789096882
2026-09-11T03:21:28+00:00,499,12,3,True,True,True,1789096882
2026-09-11T03:21:28+00:00,472,7,9,True,True,True,1789096882
2026-09-11T03:21:28+00:00,506,12,14,True,True,True,1789096882
2026-09-11T03:21:28+00:00,465,5,25,True,True,True,1789096882
2026-09-11T03:21:28+00:00,611,0,39,True,True,True,1789096882
2026-09-11T03:21:28+00:00,404,2,22,True,True,True,1789096882
2026-09-11T03:21:28+00:00,579,8,5,True,True,True,1789096882
2026-09-11T03:21:28+00:00,589,6,19,True,True,True,1789096882
2026-09-11T03:21:28+00:00,434,0,16,True,True,True,1789096882
2026-09-11T03:21:28+00:00,462,7,6,True,True,True,1789096882
2026-09-11T03:21:28+00:00,578,10,13,True,True,True,1789096882
2026-09-11T03:21:28+00:00,415,5,3,True,True,True,1789096882
2026-09-11T03:21:28+00:00,423,17,3,True,True,True,1789096882
2026-09-11T03:21:28+00:00,412,0,9,True,True,True,1789096882
2026-09-11T03:21:28+00:00,387,8,7,True,True,True,1789096882
2026-09-11T03:21:28+00:00,441,6,9,True,True,True,1789096882
2026-09-11T03:21:28+00:00,454,12,10,True,True,True,1789096882
2026-09-11T03:21:28+00:00,436,3,11,True,True,True,1789096882
2026-09-11T03:21:28+00:00,394,10,7,True,True,True,1789096882
2026-09-11T03:21:28+00:00,497,1,23,True,True,True,1789096882
2026-09-11T03:21:28+00:00,581,11,6,True,True,True,1789096882
2026-09-11T03:21:28+00:00,461,9,11,True,True,True,1789096882
2026-09-11T03:21:28+00:00,599,5,43,True,True,True,1789096882
2026-09-11T03:21:28+00:00,428,2,21,True,True,True,1789096882
2026-09-11T03:21:28+00:00,400,0,24,True,True,True,1789096882
2026-09-11T03:21:28+00:00,487,1,19,True,True,True,1789096882
2026-09-11T03:21:28+00:00,438,0,41,True,True,True,1789096882
2026-09-11T03:21:28+00:00,459,4,7,True,True,True,1789096882
2026-09-11T03:21:28+00:00,433,3,13,True,True,True,1789096882
2026-09-11T03:21:28+00:00,399,26,3,True,True,True,1789096882
2026-09-11T03:21:28+00:00,489,11,14,True,True,True,1789096882
2026-09-11T03:21:28+00:00,742,16,12,True,True,True,1789096882
2026-09-11T03:21:28+00:00,551,20,13,True,True,True,1789096882
2026-09-11T03:21:28+00:00,406,4,4,True,True,True,1789096882
2026-09-11T03:21:28+00:00,488,17,5,True,True,True,1789096882
2026-09-11T03:21:28+00:00,540,0,29,True,True,True,1789096882
2026-09-11T03:21:28+00:00,431,2,16,True,True,True,1789096882
2026-09-11T03:21:28+00:00,393,1,18,True,True,True,1789096882
2026-09-11T03:21:28+00:00,420,2,18,True,True,True,1789096882
2026-09-11T03:21:28+00:00,397,9,23,True,True,True,1789096882
2026-09-11T03:21:28+00:00,390,14,14,True,True,True,1789096882
2026-09-11T03:21:28+00:00,449,11,13,True,True,True,1789096882
2026-09-11T03:21:28+00:00,430,7,35,True,True,True,1789096882
2026-09-11T03:21:28+00:00,484,0,32,True,True,True,1789096882
2026-09-11T03:21:28+00:00,479,12,17,True,True,True,1789096882
2026-09-11T03:21:28+00:00,403,1,13,True,True,True,1789096882
2026-09-11T03:21:28+00:00,435,1,27,True,True,True,1789096882
2026-09-11T03:21:28+00:00,426,7,12,True,True,True,1789096882
2026-09-11T03:21:28+00:00,450,3,12,True,True,True,1789096882
2026-09-11T03:21:28+00:00,456,2,30,True,True,True,1789096882
2026-09-11T03:21:28+00:00,468,14,0,True,True,True,1789096882
2026-09-11T03:21:28+00:00,453,5,26,True,True,True,1789096882
2026-09-11T03:21:28+00:00,466,3,11,True,True,True,1789096882
2026-09-11T03:21:28+00:00,469,1,27,True,True,True,1789096882
2026-09-11T03:21:28+00:00,416,4,11,True,True,True,1789096882
2026-09-11T03:21:28+00:00,391,2,10,True,True,True,1789096882
2026-09-11T03:21:28+00:00,389,3,13,True,True,True,1789096882
2026-09-11T03:21:28+00:00,470,4,11,True,True,True,1789096882
2026-09-11T03:21:28+00:00,384,7,8,True,True,True,1789096882
2026-09-11T03:21:28+00:00,425,2,4,True,True,True,1789096882
2026-09-11T03:21:28+00:00,411,4,7,True,True,True,1789096882
2026-09-11T03:21:28+00:00,598,24,8,True,True,True,1789096882
2026-09-11T03:21:28+00:00,444,14,4,True,True,True,1789096882
2026-09-11T03:21:28+00:00,447,30,0,True,True,True,1789096882
2026-09-11T03:21:28+00:00,408,11,1,True,True,True,1789096882
2026-09-11T03:21:28+00:00,737,22,0,True,True,True,1789096882
2026-09-11T03:21:28+00:00,432,4,5,True,True,True,1789096882
2026-09-11T03:21:28+00:00,401,2,3,True,True,True,1789096882
2026-09-11T03:21:28+00:00,452,3,27,True,True,True,1789096882
2026-09-11T03:21:28+00:00,392,7,1,True,True,True,1789096882
2026-09-11T03:21:28+00:00,481,6,35,True,True,True,1789096882
2026-09-11T03:21:28+00:00,495,4,33,True,True,True,1789096882
2026-09-11T03:21:28+00:00,478,11,0,True,True,True,1789096882
2026-09-11T03:21:28+00:00,414,1,9,True,True,True,1789096882
2026-09-11T03:21:28+00:00,476,2,17,True,True,True,1789096882
2026-09-11T03:21:28+00:00,445,7,10,True,True,True,1789096882
2026-09-11T03:21:28+00:00,748,11,18,True,True,True,1789096882
2026-09-11T03:21:28+00:00,473,3,3,True,True,True,1789096882
2026-09-11T03:21:28+00:00,383,1,26,True,True,True,1789096882
2026-09-11T03:21:28+00:00,480,8,13,True,True,True,1789096882
2026-09-11T03:21:28+00:00,421,17,2,True,True,True,1789096882
2026-09-11T03:21:28+00:00,746,1,9,True,True,True,1789096882
2026-09-11T03:21:28+00:00,417,5,7,True,True,True,1789096882
2026-09-11T03:21:28+00:00,427,7,7,True,True,True,1789096882
2026-09-11T03:21:28+00:00,395,1,13,True,True,True,1789096882
2026-09-11T03:21:28+00:00,418,3,23,True,True,True,1789096882
2026-09-11T03:21:28+00:00,413,0,11,True,True,True,1789096882
2026-09-11T03:21:28+00:00,486,1,22,True,True,True,1789096882
2026-09-11T03:21:28+00:00,597,2,11,True,True,True,1789096882
2026-09-11T03:21:28+00:00,422,2,9,True,True,True,1789096882
2026-09-11T03:21:28+00:00,382,8,0,True,True,True,1789096882
2026-09-11T03:21:28+00:00,396,0,24,True,True,True,1789096882
2026-09-11T03:21:28+00:00,735,6,8,True,True,True,1789096882
2026-09-11T03:21:28+00:00,437,4,20,True,True,True,1789096882
2026-09-11T03:21:28+00:00,446,5,16,True,True,True,1789096882
2026-09-11T03:21:28+00:00,424,5,5,True,True,True,1789096882
2026-09-11T03:21:28+00:00,455,10,1,True,True,True,1789096882
2026-09-11T03:21:28+00:00,457,5,5,True,True,True,1789096882
2026-09-11T03:21:28+00:00,377,10,18,True,True,True,1789096882
2026-09-11T03:21:28+00:00,738,10,2,True,True,True,1789096882
2026-09-11T03:21:28+00:00,460,27,0,True,True,True,1789096882
2026-09-11T03:21:28+00:00,744,4,3,True,True,True,1789096882
2026-09-11T03:21:28+00:00,485,16,3,True,True,True,1789096882
2026-09-11T03:36:28+00:00,6026,2,32,True,True,True,1789097774
2026-09-11T03:36:28+00:00,5431,2,16,True,True,True,1789097774
2026-09-11T03:36:28+00:00,5424,2,16,True,True,True,1789097774
2026-09-11T03:36:28+00:00,5220,1,18,True,True,True,1789097774
2026-09-11T03:36:28+00:00,5217,5,24,True,True,True,1789097774
2026-09-11T03:36:28+00:00,5113,11,1,True,True,True,1789097774
2026-09-11T03:36:28+00:00,4683,1,17,True,True,True,1789097774
2026-09-11T03:36:28+00:00,4552,14,4,True,True,True,1789097774
2026-09-11T03:36:28+00:00,3725,0,17,True,True,True,1789097774
2026-09-11T03:36:28+00:00,2358,12,1,True,True,True,1789097774
2026-09-11T03:36:28+00:00,2357,24,0,True,True,True,1789097774
2026-09-11T03:36:28+00:00,2355,3,9,True,True,True,1789097774
2026-09-11T03:36:28+00:00,2351,2,14,True,True,True,1789097774
2026-09-11T03:36:28+00:00,2350,19,4,True,True,True,1789097774
2026-09-11T03:36:28+00:00,2349,4,16,True,True,True,1789097774
2026-09-11T03:36:28+00:00,2347,10,20,True,True,True,1789097774
2026-09-11T03:36:28+00:00,2340,5,16,True,True,True,1789097774
2026-09-11T03:36:28+00:00,2339,12,16,True,True,True,1789097774
2026-09-11T03:36:28+00:00,2337,0,13,True,True,True,1789097774
2026-09-11T03:36:28+00:00,2334,12,0,True,True,True,1789097774
2026-09-11T03:36:28+00:00,2333,10,4,True,True,True,1789097774
2026-09-11T03:36:28+00:00,2332,7,2,True,True,True,1789097774
2026-09-11T03:36:28+00:00,2330,12,2,True,True,True,1789097774
2026-09-11T03:36:28+00:00,2329,5,9,True,True,True,1789097774
2026-09-11T03:36:28+00:00,2328,17,3,True,True,True,1789097774
2026-09-11T03:36:28+00:00,2315,9,6,True,True,True,1789097774
2026-09-11T03:36:28+00:00,2308,6,1,True,True,True,1789097774
2026-09-11T03:36:28+00:00,2307,1,27,True,True,True,1789097774
2026-09-11T03:36:28+00:00,2306,0,18,True,True,True,1789097774
2026-09-11T03:36:28+00:00,2305,6,9,True,True,True,1789097774
2026-09-11T03:36:28+00:00,2304,3,15,True,True,True,1789097774
2026-09-11T03:36:28+00:00,2280,11,2,True,True,True,1789097774
2026-09-11T03:36:28+00:00,2270,17,3,True,True,True,1789097774
2026-09-11T03:36:28+00:00,1919,5,1,True,True,True,1789097774
2026-09-11T03:36:28+00:00,1755,24,8,True,True,True,1789097774
2026-09-11T03:36:28+00:00,1101,15,7,True,True,True,1789097774
2026-09-11T03:36:28+00:00,1023,6,9,True,True,True,1789097774
2026-09-11T03:36:28+00:00,1009,0,10,True,True,True,1789097774
2026-09-11T03:36:28+00:00,970,11,13,True,True,True,1789097774
2026-09-11T03:36:28+00:00,787,10,2,True,True,True,1789097774
2026-09-11T03:36:28+00:00,627,0,29,True,True,True,1789097774
2026-09-11T03:36:28+00:00,623,7,13,True,True,True,1789097774
2026-09-11T03:36:28+00:00,624,8,10,True,True,True,1789097774
2026-09-11T03:36:28+00:00,626,12,9,True,True,True,1789097774
2026-09-11T03:36:28+00:00,614,2,21,True,True,True,1789097774
2026-09-11T03:36:28+00:00,616,8,6,True,True,True,1789097774
2026-09-11T03:36:28+00:00,618,10,30,True,True,True,1789097774
2026-09-11T03:36:28+00:00,621,1,24,True,True,True,1789097774
2026-09-11T03:36:28+00:00,622,15,10,True,True,True,1789097774
2026-09-11T03:36:28+00:00,613,1,17,True,True,True,1789097774
2026-09-11T03:36:28+00:00,620,18,22,True,True,True,1789097774
2026-09-11T03:36:28+00:00,596,10,6,True,True,True,1789097774
2026-09-11T03:36:28+00:00,617,15,3,True,True,True,1789097774
2026-09-11T03:36:28+00:00,609,6,21,True,True,True,1789097774
2026-09-11T03:36:28+00:00,607,5,19,True,True,True,1789097774
2026-09-11T03:36:28+00:00,603,0,13,True,True,True,1789097774
2026-09-11T03:36:28+00:00,590,8,29,True,True,True,1789097774
2026-09-11T03:36:28+00:00,610,2,18,True,True,True,1789097774
2026-09-11T03:36:28+00:00,608,7,13,True,True,True,1789097774
2026-09-11T03:36:28+00:00,593,2,28,True,True,True,1789097774
2026-09-11T03:36:28+00:00,530,2,5,True,True,True,1789097774
2026-09-11T03:36:28+00:00,463,4,15,True,True,True,1789097774
2026-09-11T03:36:28+00:00,475,3,21,True,True,True,1789097774
2026-09-11T03:36:28+00:00,439,0,25,True,True,True,1789097774
2026-09-11T03:36:28+00:00,600,11,0,True,True,True,1789097774
2026-09-11T03:36:28+00:00,440,13,1,True,True,True,1789097774
2026-09-11T03:36:28+00:00,612,4,13,True,True,True,1789097774
2026-09-11T03:36:28+00:00,491,9,7,True,True,True,1789097774
2026-09-11T03:36:28+00:00,493,22,3,True,True,True,1789097774
2026-09-11T03:36:28+00:00,410,25,0,True,True,True,1789097774
2026-09-11T03:36:28+00:00,605,0,17,True,True,True,1789097774
2026-09-11T03:36:28+00:00,388,1,17,True,True,True,1789097774
2026-09-11T03:36:28+00:00,591,10,13,True,True,True,1789097774
2026-09-11T03:36:28+00:00,592,3,14,True,True,True,1789097774
2026-09-11T03:36:28+00:00,585,7,10,True,True,True,1789097774
2026-09-11T03:36:28+00:00,565,5,12,True,True,True,1789097774
2026-09-11T03:36:28+00:00,571,12,8,True,True,True,1789097774
2026-09-11T03:36:28+00:00,568,6,9,True,True,True,1789097774
2026-09-11T03:36:28+00:00,588,3,15,True,True,True,1789097774
2026-09-11T03:36:28+00:00,584,7,26,True,True,True,1789097774
2026-09-11T03:36:28+00:00,569,11,18,True,True,True,1789097774
2026-09-11T03:36:28+00:00,577,4,26,True,True,True,1789097774
2026-09-11T03:36:28+00:00,564,6,23,True,True,True,1789097774
2026-09-11T03:36:28+00:00,570,3,12,True,True,True,1789097774
2026-09-11T03:36:28+00:00,572,11,23,True,True,True,1789097774
2026-09-11T03:36:28+00:00,587,0,15,False,False,False,1789097774
2026-09-11T03:36:28+00:00,586,22,2,True,True,True,1789097774
2026-09-11T03:36:28+00:00,576,2,16,True,True,True,1789097774
2026-09-11T03:36:28+00:00,566,11,13,True,True,True,1789097774
2026-09-11T03:36:28+00:00,602,6,12,True,True,True,1789097774
2026-09-11T03:36:28+00:00,575,0,28,True,True,True,1789097774
2026-09-11T03:36:28+00:00,567,0,38,True,True,True,1789097774
2026-09-11T03:36:28+00:00,582,0,27,True,True,True,1789097774
2026-09-11T03:36:28+00:00,595,18,4,True,True,True,1789097774
2026-09-11T03:36:28+00:00,542,14,5,True,True,True,1789097774
2026-09-11T03:36:28+00:00,563,17,0,True,True,True,1789097774
2026-09-11T03:36:28+00:00,558,7,8,True,True,True,1789097774
2026-09-11T03:36:28+00:00,552,12,5,True,True,True,1789097774
2026-09-11T03:36:28+00:00,555,5,8,True,True,True,1789097774
2026-09-11T03:36:28+00:00,573,16,8,True,True,True,1789097774
2026-09-11T03:36:28+00:00,561,1,21,True,True,True,1789097774
2026-09-11T03:36:28+00:00,615,9,12,True,True,True,1789097774
2026-09-11T03:36:28+00:00,543,0,20,True,True,True,1789097774
2026-09-11T03:36:28+00:00,554,4,15,True,True,True,1789097774
2026-09-11T03:36:28+00:00,574,5,5,True,True,True,1789097774
2026-09-11T03:36:28+00:00,560,0,7,True,True,True,1789097774
2026-09-11T03:36:28+00:00,548,3,13,True,True,True,1789097774
2026-09-11T03:36:28+00:00,559,0,15,True,True,True,1789097774
2026-09-11T03:36:28+00:00,545,4,35,True,True,True,1789097774
2026-09-11T03:36:28+00:00,550,3,5,True,True,True,1789097774
2026-09-11T03:36:28+00:00,541,8,2,True,True,True,1789097774
2026-09-11T03:36:28+00:00,527,1,10,True,True,True,1789097774
2026-09-11T03:36:28+00:00,529,3,16,True,True,True,1789097774
2026-09-11T03:36:28+00:00,526,4,11,True,True,True,1789097774
2026-09-11T03:36:28+00:00,537,0,17,True,True,True,1789097774
2026-09-11T03:36:28+00:00,547,17,13,True,True,True,1789097774
2026-09-11T03:36:28+00:00,601,2,17,True,True,True,1789097774
2026-09-11T03:36:28+00:00,533,2,10,True,True,True,1789097774
2026-09-11T03:36:28+00:00,535,3,18,True,True,True,1789097774
2026-09-11T03:36:28+00:00,524,1,19,True,True,True,1789097774
2026-09-11T03:36:28+00:00,519,11,13,True,True,True,1789097774
2026-09-11T03:36:28+00:00,534,7,32,True,True,True,1789097774
2026-09-11T03:36:28+00:00,521,7,6,True,True,True,1789097774
2026-09-11T03:36:28+00:00,518,2,15,True,True,True,1789097774
2026-09-11T03:36:28+00:00,556,6,12,True,True,True,1789097774
2026-09-11T03:36:28+00:00,525,3,11,True,True,True,1789097774
2026-09-11T03:36:28+00:00,517,3,12,True,True,True,1789097774
2026-09-11T03:36:28+00:00,523,15,15,True,True,True,1789097774
2026-09-11T03:36:28+00:00,522,7,1,True,True,True,1789097774
2026-09-11T03:36:28+00:00,594,3,16,True,True,True,1789097774
2026-09-11T03:36:28+00:00,532,1,18,True,True,True,1789097774
2026-09-11T03:36:28+00:00,509,7,4,True,True,True,1789097774
2026-09-11T03:36:28+00:00,531,0,16,True,True,True,1789097774
2026-09-11T03:36:28+00:00,536,0,8,True,True,True,1789097774
2026-09-11T03:36:28+00:00,562,0,37,True,True,True,1789097774
2026-09-11T03:36:28+00:00,511,5,17,True,True,True,1789097774
2026-09-11T03:36:28+00:00,505,1,16,True,True,True,1789097774
2026-09-11T03:36:28+00:00,501,0,18,True,True,True,1789097774
2026-09-11T03:36:28+00:00,514,11,0,True,True,True,1789097774
2026-09-11T03:36:28+00:00,500,10,5,True,True,True,1789097774
2026-09-11T03:36:28+00:00,503,24,7,True,True,True,1789097774
2026-09-11T03:36:28+00:00,513,0,14,True,True,True,1789097774
2026-09-11T03:36:28+00:00,498,0,11,True,True,True,1789097774
2026-09-11T03:36:28+00:00,507,20,0,True,True,True,1789097774
2026-09-11T03:36:28+00:00,512,21,7,True,True,True,1789097774
2026-09-11T03:36:28+00:00,619,0,42,True,True,True,1789097774
2026-09-11T03:36:28+00:00,474,17,25,True,True,True,1789097774
2026-09-11T03:36:28+00:00,580,0,41,True,True,True,1789097774
2026-09-11T03:36:28+00:00,496,0,42,True,True,True,1789097774
2026-09-11T03:36:28+00:00,482,1,17,True,True,True,1789097774
2026-09-11T03:36:28+00:00,407,8,4,True,True,True,1789097774
2026-09-11T03:36:28+00:00,409,4,20,True,True,True,1789097774
2026-09-11T03:36:28+00:00,451,3,17,True,True,True,1789097774
2026-09-11T03:36:28+00:00,402,3,15,True,True,True,1789097774
2026-09-11T03:36:28+00:00,516,2,10,True,True,True,1789097774
2026-09-11T03:36:28+00:00,625,5,37,True,True,True,1789097774
2026-09-11T03:36:28+00:00,429,2,17,True,True,True,1789097774
2026-09-11T03:36:28+00:00,380,6,13,True,True,True,1789097774
2026-09-11T03:36:28+00:00,583,6,11,True,True,True,1789097774
2026-09-11T03:36:28+00:00,398,3,12,True,True,True,1789097774
2026-09-11T03:36:28+00:00,381,13,1,True,True,True,1789097774
2026-09-11T03:36:28+00:00,464,18,25,True,True,True,1789097774
2026-09-11T03:36:28+00:00,442,14,3,True,True,True,1789097774
2026-09-11T03:36:28+00:00,483,18,3,True,True,True,1789097774
2026-09-11T03:36:28+00:00,458,6,7,True,True,True,1789097774
2026-09-11T03:36:28+00:00,499,12,3,True,True,True,1789097774
2026-09-11T03:36:28+00:00,472,6,10,True,True,True,1789097774
2026-09-11T03:36:28+00:00,506,12,14,True,True,True,1789097774
2026-09-11T03:36:28+00:00,465,5,25,True,True,True,1789097774
2026-09-11T03:36:28+00:00,611,0,39,True,True,True,1789097774
2026-09-11T03:36:28+00:00,404,2,22,True,True,True,1789097774
2026-09-11T03:36:28+00:00,579,8,5,True,True,True,1789097774
2026-09-11T03:36:28+00:00,589,6,19,True,True,True,1789097774
2026-09-11T03:36:28+00:00,434,0,16,True,True,True,1789097774
2026-09-11T03:36:28+00:00,462,7,6,True,True,True,1789097774
2026-09-11T03:36:28+00:00,578,10,13,True,True,True,1789097774
2026-09-11T03:36:28+00:00,415,5,3,True,True,True,1789097774
2026-09-11T03:36:28+00:00,423,17,3,True,True,True,1789097774
2026-09-11T03:36:28+00:00,412,0,9,True,True,True,1789097774
2026-09-11T03:36:28+00:00,387,8,7,True,True,True,1789097774
2026-09-11T03:36:28+00:00,441,6,9,True,True,True,1789097774
2026-09-11T03:36:28+00:00,454,12,10,True,True,True,1789097774
2026-09-11T03:36:28+00:00,436,4,10,True,True,True,1789097774
2026-09-11T03:36:28+00:00,394,10,7,True,True,True,1789097774
2026-09-11T03:36:28+00:00,497,1,23,True,True,True,1789097774
2026-09-11T03:36:28+00:00,581,11,6,True,True,True,1789097774
2026-09-11T03:36:28+00:00,461,9,11,True,True,True,1789097774
2026-09-11T03:36:28+00:00,599,5,43,True,True,True,1789097774
2026-09-11T03:36:28+00:00,428,2,21,True,True,True,1789097774
2026-09-11T03:36:28+00:00,400,0,24,True,True,True,1789097774
2026-09-11T03:36:28+00:00,487,1,19,True,True,True,1789097774
2026-09-11T03:36:28+00:00,438,0,41,True,True,True,1789097774
2026-09-11T03:36:28+00:00,459,4,7,True,True,True,1789097774
2026-09-11T03:36:28+00:00,433,3,13,True,True,True,1789097774
2026-09-11T03:36:28+00:00,399,26,3,True,True,True,1789097774
2026-09-11T03:36:28+00:00,489,11,14,True,True,True,1789097774
2026-09-11T03:36:28+00:00,742,16,12,True,True,True,1789097774
2026-09-11T03:36:28+00:00,551,20,13,True,True,True,1789097774
2026-09-11T03:36:28+00:00,406,4,4,True,True,True,1789097774
2026-09-11T03:36:28+00:00,488,17,5,True,True,True,1789097774
2026-09-11T03:36:28+00:00,540,0,29,True,True,True,1789097774
2026-09-11T03:36:28+00:00,431,2,16,True,True,True,1789097774
2026-09-11T03:36:28+00:00,393,1,18,True,True,True,1789097774
2026-09-11T03:36:28+00:00,420,2,18,True,True,True,1789097774
2026-09-11T03:36:28+00:00,397,9,23,True,True,True,1789097774
2026-09-11T03:36:28+00:00,390,14,14,True,True,True,1789097774
2026-09-11T03:36:28+00:00,449,11,13,True,True,True,1789097774
2026-09-11T03:36:28+00:00,430,7,35,True,True,True,1789097774
2026-09-11T03:36:28+00:00,484,0,32,True,True,True,1789097774
2026-09-11T03:36:28+00:00,479,12,17,True,True,True,1789097774
2026-09-11T03:36:28+00:00,403,1,13,True,True,True,1789097774
2026-09-11T03:36:28+00:00,435,1,27,True,True,True,1789097774
2026-09-11T03:36:28+00:00,426,7,13,True,True,True,1789097774
2026-09-11T03:36:28+00:00,450,3,12,True,True,True,1789097774
2026-09-11T03:36:28+00:00,456,2,30,True,True,True,1789097774
2026-09-11T03:36:28+00:00,468,14,0,True,True,True,1789097774
2026-09-11T03:36:28+00:00,453,5,26,True,True,True,1789097774
2026-09-11T03:36:28+00:00,466,3,11,True,True,True,1789097774
2026-09-11T03:36:28+00:00,469,1,27,True,True,True,1789097774
2026-09-11T03:36:28+00:00,416,4,11,True,True,True,1789097774
2026-09-11T03:36:28+00:00,391,2,10,True,True,True,1789097774
2026-09-11T03:36:28+00:00,389,3,13,True,True,True,1789097774
2026-09-11T03:36:28+00:00,470,4,11,True,True,True,1789097774
2026-09-11T03:36:28+00:00,384,7,8,True,True,True,1789097774
2026-09-11T03:36:28+00:00,425,2,4,True,True,True,1789097774
2026-09-11T03:36:28+00:00,411,4,7,True,True,True,1789097774
2026-09-11T03:36:28+00:00,598,24,8,True,True,True,1789097774
2026-09-11T03:36:28+00:00,444,14,4,True,True,True,1789097774
2026-09-11T03:36:28+00:00,447,30,0,True,True,True,1789097774
2026-09-11T03:36:28+00:00,408,11,1,True,True,True,1789097774
2026-09-11T03:36:28+00:00,737,22,0,True,True,True,1789097774
2026-09-11T03:36:28+00:00,432,4,5,True,True,True,1789097774
2026-09-11T03:36:28+00:00,401,2,3,True,True,True,1789097774
2026-09-11T03:36:28+00:00,452,3,27,True,True,True,1789097774
2026-09-11T03:36:28+00:00,392,7,1,True,True,True,1789097774
2026-09-11T03:36:28+00:00,481,6,35,True,True,True,1789097774
2026-09-11T03:36:28+00:00,495,4,33,True,True,True,1789097774
2026-09-11T03:36:28+00:00,478,11,0,True,True,True,1789097774
2026-09-11T03:36:28+00:00,414,1,9,True,True,True,1789097774
2026-09-11T03:36:28+00:00,476,2,17,True,True,True,1789097774
2026-09-11T03:36:28+00:00,445,7,10,True,True,True,1789097774
2026-09-11T03:36:28+00:00,748,11,18,True,True,True,1789097774
2026-09-11T03:36:28+00:00,473,3,3,True,True,True,1789097774
2026-09-11T03:36:28+00:00,383,0,27,True,True,True,1789097774
2026-09-11T03:36:28+00:00,480,8,13,True,True,True,1789097774
2026-09-11T03:36:28+00:00,421,17,2,True,True,True,1789097774
2026-09-11T03:36:28+00:00,746,1,9,True,True,True,1789097774
2026-09-11T03:36:28+00:00,417,5,7,True,True,True,1789097774
2026-09-11T03:36:28+00:00,427,7,7,True,True,True,1789097774
2026-09-11T03:36:28+00:00,395,1,13,True,True,True,1789097774
2026-09-11T03:36:28+00:00,418,3,23,True,True,True,1789097774
2026-09-11T03:36:28+00:00,413,0,11,True,True,True,1789097774
2026-09-11T03:36:28+00:00,486,1,22,True,True,True,1789097774
2026-09-11T03:36:28+00:00,597,2,11,True,True,True,1789097774
2026-09-11T03:36:28+00:00,422,2,9,True,True,True,1789097774
2026-09-11T03:36:28+00:00,382,8,0,True,True,True,1789097774
2026-09-11T03:36:28+00:00,396,0,24,True,True,True,1789097774
2026-09-11T03:36:28+00:00,735,6,8,True,True,True,1789097774
2026-09-11T03:36:28+00:00,437,4,20,True,True,True,1789097774
2026-09-11T03:36:28+00:00,446,5,16,True,True,True,1789097774
2026-09-11T03:36:28+00:00,424,5,5,True,True,True,1789097774
2026-09-11T03:36:28+00:00,455,10,1,True,True,True,1789097774
2026-09-11T03:36:28+00:00,457,5,5,True,True,True,1789097774
2026-09-11T03:36:28+00:00,377,10,18,True,True,True,1789097774
2026-09-11T03:36:28+00:00,738,10,2,True,True,True,1789097774
2026-09-11T03:36:28+00:00,460,27,0,True,True,True,1789097774
2026-09-11T03:36:28+00:00,744,4,3,True,True,True,1789097774
2026-09-11T03:36:28+00:00,485,16,3,True,True,True,1789097774
2026-09-11T03:51:28+00:00,6026,2,32,True,True,True,1789098683
2026-09-11T03:51:28+00:00,5431,2,16,True,True,True,1789098683
2026-09-11T03:51:28+00:00,5424,2,16,True,True,True,1789098683
2026-09-11T03:51:28+00:00,5220,1,18,True,True,True,1789098683
2026-09-11T03:51:28+00:00,5217,5,24,True,True,True,1789098683
2026-09-11T03:51:28+00:00,5113,11,1,True,True,True,1789098683
2026-09-11T03:51:28+00:00,4683,1,17,True,True,True,1789098683
2026-09-11T03:51:28+00:00,4552,14,4,True,True,True,1789098683
2026-09-11T03:51:28+00:00,3725,0,17,True,True,True,1789098683
2026-09-11T03:51:28+00:00,2358,12,1,True,True,True,1789098683
2026-09-11T03:51:28+00:00,2357,24,0,True,True,True,1789098683
2026-09-11T03:51:28+00:00,2355,3,9,True,True,True,1789098683
2026-09-11T03:51:28+00:00,2351,2,14,True,True,True,1789098683
2026-09-11T03:51:28+00:00,2350,19,4,True,True,True,1789098683
2026-09-11T03:51:28+00:00,2349,4,16,True,True,True,1789098683
2026-09-11T03:51:28+00:00,2347,10,20,True,True,True,1789098683
2026-09-11T03:51:28+00:00,2340,5,16,True,True,True,1789098683
2026-09-11T03:51:28+00:00,2339,12,16,True,True,True,1789098683
2026-09-11T03:51:28+00:00,2337,0,13,True,True,True,1789098683
2026-09-11T03:51:28+00:00,2334,12,0,True,True,True,1789098683
2026-09-11T03:51:28+00:00,2333,10,4,True,True,True,1789098683
2026-09-11T03:51:28+00:00,2332,7,2,True,True,True,1789098683
2026-09-11T03:51:28+00:00,2330,12,2,True,True,True,1789098683
2026-09-11T03:51:28+00:00,2329,5,9,True,True,True,1789098683
2026-09-11T03:51:28+00:00,2328,17,3,True,True,True,1789098683
2026-09-11T03:51:28+00:00,2315,9,6,True,True,True,1789098683
2026-09-11T03:51:28+00:00,2308,6,1,True,True,True,1789098683
2026-09-11T03:51:28+00:00,2307,1,27,True,True,True,1789098683
2026-09-11T03:51:28+00:00,2306,0,18,True,True,True,1789098683
2026-09-11T03:51:28+00:00,2305,6,9,True,True,True,1789098683
2026-09-11T03:51:28+00:00,2304,3,15,True,True,True,1789098683
2026-09-11T03:51:28+00:00,2280,11,2,True,True,True,1789098683
2026-09-11T03:51:28+00:00,2270,17,3,True,True,True,1789098683
2026-09-11T03:51:28+00:00,1919,5,1,True,True,True,1789098683
2026-09-11T03:51:28+00:00,1755,24,8,True,True,True,1789098683
2026-09-11T03:51:28+00:00,1101,15,7,True,True,True,1789098683
2026-09-11T03:51:28+00:00,1023,7,8,True,True,True,1789098683
2026-09-11T03:51:28+00:00,1009,0,10,True,True,True,1789098683
2026-09-11T03:51:28+00:00,970,11,13,True,True,True,1789098683
2026-09-11T03:51:28+00:00,787,10,2,True,True,True,1789098683
2026-09-11T03:51:28+00:00,627,0,29,True,True,True,1789098683
2026-09-11T03:51:28+00:00,623,7,13,True,True,True,1789098683
2026-09-11T03:51:28+00:00,624,8,10,True,True,True,1789098683
2026-09-11T03:51:28+00:00,626,12,9,True,True,True,1789098683
2026-09-11T03:51:28+00:00,614,2,21,True,True,True,1789098683
2026-09-11T03:51:28+00:00,616,8,6,True,True,True,1789098683
2026-09-11T03:51:28+00:00,618,10,30,True,True,True,1789098683
2026-09-11T03:51:28+00:00,621,1,24,True,True,True,1789098683
2026-09-11T03:51:28+00:00,622,15,10,True,True,True,1789098683
2026-09-11T03:51:28+00:00,613,1,17,True,True,True,1789098683
2026-09-11T03:51:28+00:00,620,17,23,True,True,True,1789098683
2026-09-11T03:51:28+00:00,596,10,6,True,True,True,1789098683
2026-09-11T03:51:28+00:00,617,15,3,True,True,True,1789098683
2026-09-11T03:51:28+00:00,609,6,21,True,True,True,1789098683
2026-09-11T03:51:28+00:00,607,5,19,True,True,True,1789098683
2026-09-11T03:51:28+00:00,603,0,13,True,True,True,1789098683
2026-09-11T03:51:28+00:00,590,8,29,True,True,True,1789098683
2026-09-11T03:51:28+00:00,610,2,18,True,True,True,1789098683
2026-09-11T03:51:28+00:00,608,7,13,True,True,True,1789098683
2026-09-11T03:51:28+00:00,593,2,28,True,True,True,1789098683
2026-09-11T03:51:28+00:00,530,2,5,True,True,True,1789098683
2026-09-11T03:51:28+00:00,463,4,15,True,True,True,1789098683
2026-09-11T03:51:28+00:00,475,3,21,True,True,True,1789098683
2026-09-11T03:51:28+00:00,439,0,25,True,True,True,1789098683
2026-09-11T03:51:28+00:00,600,11,0,True,True,True,1789098683
2026-09-11T03:51:28+00:00,440,13,1,True,True,True,1789098683
2026-09-11T03:51:28+00:00,612,4,13,True,True,True,1789098683
2026-09-11T03:51:28+00:00,491,9,7,True,True,True,1789098683
2026-09-11T03:51:28+00:00,493,22,3,True,True,True,1789098683
2026-09-11T03:51:28+00:00,410,25,0,True,True,True,1789098683
2026-09-11T03:51:28+00:00,605,0,17,True,True,True,1789098683
2026-09-11T03:51:28+00:00,388,1,17,True,True,True,1789098683
2026-09-11T03:51:28+00:00,591,10,13,True,True,True,1789098683
2026-09-11T03:51:28+00:00,592,3,14,True,True,True,1789098683
2026-09-11T03:51:28+00:00,585,7,10,True,True,True,1789098683
2026-09-11T03:51:28+00:00,565,5,12,True,True,True,1789098683
2026-09-11T03:51:28+00:00,571,12,8,True,True,True,1789098683
2026-09-11T03:51:28+00:00,568,6,9,True,True,True,1789098683
2026-09-11T03:51:28+00:00,588,3,15,True,True,True,1789098683
2026-09-11T03:51:28+00:00,584,7,26,True,True,True,1789098683
2026-09-11T03:51:28+00:00,569,11,18,True,True,True,1789098683
2026-09-11T03:51:28+00:00,577,5,25,True,True,True,1789098683
2026-09-11T03:51:28+00:00,564,6,23,True,True,True,1789098683
2026-09-11T03:51:28+00:00,570,3,12,True,True,True,1789098683
2026-09-11T03:51:28+00:00,572,12,22,True,True,True,1789098683
2026-09-11T03:51:28+00:00,587,0,15,False,False,False,1789098683
2026-09-11T03:51:28+00:00,586,22,2,True,True,True,1789098683
2026-09-11T03:51:28+00:00,576,2,16,True,True,True,1789098683
2026-09-11T03:51:28+00:00,566,11,13,True,True,True,1789098683
2026-09-11T03:51:28+00:00,602,6,12,True,True,True,1789098683
2026-09-11T03:51:28+00:00,575,0,28,True,True,True,1789098683
2026-09-11T03:51:28+00:00,567,0,38,True,True,True,1789098683
2026-09-11T03:51:28+00:00,582,0,27,True,True,True,1789098683
2026-09-11T03:51:28+00:00,595,18,4,True,True,True,1789098683
2026-09-11T03:51:28+00:00,542,14,5,True,True,True,1789098683
2026-09-11T03:51:28+00:00,563,17,0,True,True,True,1789098683
2026-09-11T03:51:28+00:00,558,6,9,True,True,True,1789098683
2026-09-11T03:51:28+00:00,552,12,5,True,True,True,1789098683
2026-09-11T03:51:28+00:00,555,5,8,True,True,True,1789098683
2026-09-11T03:51:28+00:00,573,16,8,True,True,True,1789098683
2026-09-11T03:51:28+00:00,561,1,21,True,True,True,1789098683
2026-09-11T03:51:28+00:00,615,10,11,True,True,True,1789098683
2026-09-11T03:51:28+00:00,543,0,20,True,True,True,1789098683
2026-09-11T03:51:28+00:00,554,4,15,True,True,True,1789098683
2026-09-11T03:51:28+00:00,574,5,5,True,True,True,1789098683
2026-09-11T03:51:28+00:00,560,0,7,True,True,True,1789098683
2026-09-11T03:51:28+00:00,548,3,13,True,True,True,1789098683
2026-09-11T03:51:28+00:00,559,0,15,True,True,True,1789098683
2026-09-11T03:51:28+00:00,545,4,35,True,True,True,1789098683
2026-09-11T03:51:28+00:00,550,3,5,True,True,True,1789098683
2026-09-11T03:51:28+00:00,541,8,2,True,True,True,1789098683
2026-09-11T03:51:28+00:00,527,1,10,True,True,True,1789098683
2026-09-11T03:51:28+00:00,529,3,16,True,True,True,1789098683
2026-09-11T03:51:28+00:00,526,4,11,True,True,True,1789098683
2026-09-11T03:51:28+00:00,537,0,17,True,True,True,1789098683
2026-09-11T03:51:28+00:00,547,17,13,True,True,True,1789098683
2026-09-11T03:51:28+00:00,601,2,17,True,True,True,1789098683
2026-09-11T03:51:28+00:00,533,2,10,True,True,True,1789098683
2026-09-11T03:51:28+00:00,535,3,18,True,True,True,1789098683
2026-09-11T03:51:28+00:00,524,1,19,True,True,True,1789098683
2026-09-11T03:51:28+00:00,519,11,13,True,True,True,1789098683
2026-09-11T03:51:28+00:00,534,7,32,True,True,True,1789098683
2026-09-11T03:51:28+00:00,521,7,6,True,True,True,1789098683
2026-09-11T03:51:28+00:00,518,2,15,True,True,True,1789098683
2026-09-11T03:51:28+00:00,556,6,12,True,True,True,1789098683
2026-09-11T03:51:28+00:00,525,3,11,True,True,True,1789098683
2026-09-11T03:51:28+00:00,517,3,12,True,True,True,1789098683
2026-09-11T03:51:28+00:00,523,16,14,True,True,True,1789098683
2026-09-11T03:51:28+00:00,522,7,1,True,True,True,1789098683
2026-09-11T03:51:28+00:00,594,3,16,True,True,True,1789098683
2026-09-11T03:51:28+00:00,532,1,18,True,True,True,1789098683
2026-09-11T03:51:28+00:00,509,7,4,True,True,True,1789098683
2026-09-11T03:51:28+00:00,531,0,16,True,True,True,1789098683
2026-09-11T03:51:28+00:00,536,0,8,True,True,True,1789098683
2026-09-11T03:51:28+00:00,562,0,37,True,True,True,1789098683
2026-09-11T03:51:28+00:00,511,5,17,True,True,True,1789098683
2026-09-11T03:51:28+00:00,505,1,16,True,True,True,1789098683
2026-09-11T03:51:28+00:00,501,0,18,True,True,True,1789098683
2026-09-11T03:51:28+00:00,514,11,0,True,True,True,1789098683
2026-09-11T03:51:28+00:00,500,10,5,True,True,True,1789098683
2026-09-11T03:51:28+00:00,503,24,7,True,True,True,1789098683
2026-09-11T03:51:28+00:00,513,0,14,True,True,True,1789098683
2026-09-11T03:51:28+00:00,498,0,11,True,True,True,1789098683
2026-09-11T03:51:28+00:00,507,20,0,True,True,True,1789098683
2026-09-11T03:51:28+00:00,512,21,7,True,True,True,1789098683
2026-09-11T03:51:28+00:00,619,0,42,True,True,True,1789098683
2026-09-11T03:51:28+00:00,474,17,25,True,True,True,1789098683
2026-09-11T03:51:28+00:00,580,0,41,True,True,True,1789098683
2026-09-11T03:51:28+00:00,496,0,42,True,True,True,1789098683
2026-09-11T03:51:28+00:00,482,1,17,True,True,True,1789098683
2026-09-11T03:51:28+00:00,407,8,4,True,True,True,1789098683
2026-09-11T03:51:28+00:00,409,4,20,True,True,True,1789098683
2026-09-11T03:51:28+00:00,451,3,17,True,True,True,1789098683
2026-09-11T03:51:28+00:00,402,2,15,True,True,True,1789098683
2026-09-11T03:51:28+00:00,516,2,10,True,True,True,1789098683
2026-09-11T03:51:28+00:00,625,5,37,True,True,True,1789098683
2026-09-11T03:51:28+00:00,429,2,17,True,True,True,1789098683
2026-09-11T03:51:28+00:00,380,6,13,True,True,True,1789098683
2026-09-11T03:51:28+00:00,583,6,11,True,True,True,1789098683
2026-09-11T03:51:28+00:00,398,3,12,True,True,True,1789098683
2026-09-11T03:51:28+00:00,381,13,1,True,True,True,1789098683
2026-09-11T03:51:28+00:00,464,18,25,True,True,True,1789098683
2026-09-11T03:51:28+00:00,442,14,3,True,True,True,1789098683
2026-09-11T03:51:28+00:00,483,18,3,True,True,True,1789098683
2026-09-11T03:51:28+00:00,458,6,7,True,True,True,1789098683
2026-09-11T03:51:28+00:00,499,12,3,True,True,True,1789098683
2026-09-11T03:51:28+00:00,472,6,10,True,True,True,1789098683
2026-09-11T03:51:28+00:00,506,12,14,True,True,True,1789098683
2026-09-11T03:51:28+00:00,465,5,25,True,True,True,1789098683
2026-09-11T03:51:28+00:00,611,0,39,True,True,True,1789098683
2026-09-11T03:51:28+00:00,404,2,22,True,True,True,1789098683
2026-09-11T03:51:28+00:00,579,8,5,True,True,True,1789098683
2026-09-11T03:51:28+00:00,589,6,19,True,True,True,1789098683
2026-09-11T03:51:28+00:00,434,0,16,True,True,True,1789098683
2026-09-11T03:51:28+00:00,462,7,6,True,True,True,1789098683
2026-09-11T03:51:28+00:00,578,10,13,True,True,True,1789098683
2026-09-11T03:51:28+00:00,415,5,3,True,True,True,1789098683
2026-09-11T03:51:28+00:00,423,17,3,True,True,True,1789098683
2026-09-11T03:51:28+00:00,412,0,9,True,True,True,1789098683
2026-09-11T03:51:28+00:00,387,8,7,True,True,True,1789098683
2026-09-11T03:51:28+00:00,441,6,9,True,True,True,1789098683
2026-09-11T03:51:28+00:00,454,12,10,True,True,True,1789098683
2026-09-11T03:51:28+00:00,436,4,10,True,True,True,1789098683
2026-09-11T03:51:28+00:00,394,10,7,True,True,True,1789098683
2026-09-11T03:51:28+00:00,497,1,23,True,True,True,1789098683
2026-09-11T03:51:28+00:00,581,11,6,True,True,True,1789098683
2026-09-11T03:51:28+00:00,461,9,11,True,True,True,1789098683
2026-09-11T03:51:28+00:00,599,5,43,True,True,True,1789098683
2026-09-11T03:51:28+00:00,428,2,21,True,True,True,1789098683
2026-09-11T03:51:28+00:00,400,0,24,True,True,True,1789098683
2026-09-11T03:51:28+00:00,487,1,19,True,True,True,1789098683
2026-09-11T03:51:28+00:00,438,0,41,True,True,True,1789098683
2026-09-11T03:51:28+00:00,459,4,7,True,True,True,1789098683
2026-09-11T03:51:28+00:00,433,3,13,True,True,True,1789098683
2026-09-11T03:51:28+00:00,399,26,3,True,True,True,1789098683
2026-09-11T03:51:28+00:00,489,11,14,True,True,True,1789098683
2026-09-11T03:51:28+00:00,742,16,12,True,True,True,1789098683
2026-09-11T03:51:28+00:00,551,20,13,True,True,True,1789098683
2026-09-11T03:51:28+00:00,406,4,4,True,True,True,1789098683
2026-09-11T03:51:28+00:00,488,17,5,True,True,True,1789098683
2026-09-11T03:51:28+00:00,540,0,29,True,True,True,1789098683
2026-09-11T03:51:28+00:00,431,2,16,True,True,True,1789098683
2026-09-11T03:51:28+00:00,393,1,18,True,True,True,1789098683
2026-09-11T03:51:28+00:00,420,2,18,True,True,True,1789098683
2026-09-11T03:51:28+00:00,397,10,22,True,True,True,1789098683
2026-09-11T03:51:28+00:00,390,14,14,True,True,True,1789098683
2026-09-11T03:51:28+00:00,449,11,13,True,True,True,1789098683
2026-09-11T03:51:28+00:00,430,7,35,True,True,True,1789098683
2026-09-11T03:51:28+00:00,484,0,32,True,True,True,1789098683
2026-09-11T03:51:28+00:00,479,12,17,True,True,True,1789098683
2026-09-11T03:51:28+00:00,403,1,13,True,True,True,1789098683
2026-09-11T03:51:28+00:00,435,1,27,True,True,True,1789098683
2026-09-11T03:51:28+00:00,426,7,13,True,True,True,1789098683
2026-09-11T03:51:28+00:00,450,3,12,True,True,True,1789098683
2026-09-11T03:51:28+00:00,456,2,30,True,True,True,1789098683
2026-09-11T03:51:28+00:00,468,14,0,True,True,True,1789098683
2026-09-11T03:51:28+00:00,453,5,26,True,True,True,1789098683
2026-09-11T03:51:28+00:00,466,3,11,True,True,True,1789098683
2026-09-11T03:51:28+00:00,469,1,27,True,True,True,1789098683
2026-09-11T03:51:28+00:00,416,4,11,True,True,True,1789098683
2026-09-11T03:51:28+00:00,391,2,10,True,True,True,1789098683
2026-09-11T03:51:28+00:00,389,2,14,True,True,True,1789098683
2026-09-11T03:51:28+00:00,470,4,11,True,True,True,1789098683
2026-09-11T03:51:28+00:00,384,7,8,True,True,True,1789098683
2026-09-11T03:51:28+00:00,425,2,4,True,True,True,1789098683
2026-09-11T03:51:28+00:00,411,5,6,True,True,True,1789098683
2026-09-11T03:51:28+00:00,598,24,8,True,True,True,1789098683
2026-09-11T03:51:28+00:00,444,14,4,True,True,True,1789098683
2026-09-11T03:51:28+00:00,447,30,0,True,True,True,1789098683
2026-09-11T03:51:28+00:00,408,11,1,True,True,True,1789098683
2026-09-11T03:51:28+00:00,737,22,0,True,True,True,1789098683
2026-09-11T03:51:28+00:00,432,4,5,True,True,True,1789098683
2026-09-11T03:51:28+00:00,401,2,3,True,True,True,1789098683
2026-09-11T03:51:28+00:00,452,3,27,True,True,True,1789098683
2026-09-11T03:51:28+00:00,392,7,1,True,True,True,1789098683
2026-09-11T03:51:28+00:00,481,6,35,True,True,True,1789098683
2026-09-11T03:51:28+00:00,495,4,33,True,True,True,1789098683
2026-09-11T03:51:28+00:00,478,11,0,True,True,True,1789098683
2026-09-11T03:51:28+00:00,414,1,9,True,True,True,1789098683
2026-09-11T03:51:28+00:00,476,1,17,True,True,True,1789098683
2026-09-11T03:51:28+00:00,445,7,10,True,True,True,1789098683
2026-09-11T03:51:28+00:00,748,11,18,True,True,True,1789098683
2026-09-11T03:51:28+00:00,473,3,3,True,True,True,1789098683
2026-09-11T03:51:28+00:00,383,0,27,True,True,True,1789098683
2026-09-11T03:51:28+00:00,480,8,13,True,True,True,1789098683
2026-09-11T03:51:28+00:00,421,17,2,True,True,True,1789098683
2026-09-11T03:51:28+00:00,746,1,9,True,True,True,1789098683
2026-09-11T03:51:28+00:00,417,5,7,True,True,True,1789098683
2026-09-11T03:51:28+00:00,427,7,7,True,True,True,1789098683
2026-09-11T03:51:28+00:00,395,1,13,True,True,True,1789098683
2026-09-11T03:51:28+00:00,418,3,23,True,True,True,1789098683
2026-09-11T03:51:28+00:00,413,0,11,True,True,True,1789098683
2026-09-11T03:51:28+00:00,486,2,21,True,True,True,1789098683
2026-09-11T03:51:28+00:00,597,2,11,True,True,True,1789098683
2026-09-11T03:51:28+00:00,422,2,9,True,True,True,1789098683
2026-09-11T03:51:28+00:00,382,8,0,True,True,True,1789098683
2026-09-11T03:51:28+00:00,396,0,24,True,True,True,1789098683
2026-09-11T03:51:28+00:00,735,6,8,True,True,True,1789098683
2026-09-11T03:51:28+00:00,437,4,20,True,True,True,1789098683
2026-09-11T03:51:28+00:00,446,5,16,True,True,True,1789098683
2026-09-11T03:51:28+00:00,424,4,6,True,True,True,1789098683
2026-09-11T03:51:28+00:00,455,10,1,True,True,True,1789098683
2026-09-11T03:51:28+00:00,457,5,5,True,True,True,1789098683
2026-09-11T03:51:28+00:00,377,10,18,True,True,True,1789098683
2026-09-11T03:51:28+00:00,738,10,2,True,True,True,1789098683
2026-09-11T03:51:28+00:00,460,27,0,True,True,True,1789098683
2026-09-11T03:51:28+00:00,744,3,4,True,True,True,1789098683
2026-09-11T03:51:28+00:00,485,16,3,True,True,True,1789098683
2026-09-11T04:06:28+00:00,6026,2,32,True,True,True,1789099581
2026-09-11T04:06:28+00:00,5431,2,16,True,True,True,1789099581
2026-09-11T04:06:28+00:00,5424,2,16,True,True,True,1789099581
2026-09-11T04:06:28+00:00,5220,1,18,True,True,True,1789099581
2026-09-11T04:06:28+00:00,5217,5,24,True,True,True,1789099581
2026-09-11T04:06:28+00:00,5113,11,1,True,True,True,1789099581
2026-09-11T04:06:28+00:00,4683,1,17,True,True,True,1789099581
2026-09-11T04:06:28+00:00,4552,14,4,True,True,True,1789099581
2026-09-11T04:06:28+00:00,3725,0,17,True,True,True,1789099581
2026-09-11T04:06:28+00:00,2358,12,1,True,True,True,1789099581
2026-09-11T04:06:28+00:00,2357,24,0,True,True,True,1789099581
2026-09-11T04:06:28+00:00,2355,3,9,True,True,True,1789099581
2026-09-11T04:06:28+00:00,2351,2,14,True,True,True,1789099581
2026-09-11T04:06:28+00:00,2350,19,4,True,True,True,1789099581
2026-09-11T04:06:28+00:00,2349,4,16,True,True,True,1789099581
2026-09-11T04:06:28+00:00,2347,10,20,True,True,True,1789099581
2026-09-11T04:06:28+00:00,2340,5,16,True,True,True,1789099581
2026-09-11T04:06:28+00:00,2339,12,16,True,True,True,1789099581
2026-09-11T04:06:28+00:00,2337,0,13,True,True,True,1789099581
2026-09-11T04:06:28+00:00,2334,12,0,True,True,True,1789099581
2026-09-11T04:06:28+00:00,2333,10,4,True,True,True,1789099581
2026-09-11T04:06:28+00:00,2332,7,2,True,True,True,1789099581
2026-09-11T04:06:28+00:00,2330,12,2,True,True,True,1789099581
2026-09-11T04:06:28+00:00,2329,5,9,True,True,True,1789099581
2026-09-11T04:06:28+00:00,2328,18,2,True,True,True,1789099581
2026-09-11T04:06:28+00:00,2315,9,6,True,True,True,1789099581
2026-09-11T04:06:28+00:00,2308,6,1,True,True,True,1789099581
2026-09-11T04:06:28+00:00,2307,1,27,True,True,True,1789099581
2026-09-11T04:06:28+00:00,2306,0,18,True,True,True,1789099581
2026-09-11T04:06:28+00:00,2305,6,9,True,True,True,1789099581
2026-09-11T04:06:28+00:00,2304,3,15,True,True,True,1789099581
2026-09-11T04:06:28+00:00,2280,11,2,True,True,True,1789099581
2026-09-11T04:06:28+00:00,2270,17,3,True,True,True,1789099581
2026-09-11T04:06:28+00:00,1919,5,1,True,True,True,1789099581
2026-09-11T04:06:28+00:00,1755,24,8,True,True,True,1789099581
2026-09-11T04:06:28+00:00,1101,15,7,True,True,True,1789099581
2026-09-11T04:06:28+00:00,1023,7,8,True,True,True,1789099581
2026-09-11T04:06:28+00:00,1009,0,10,True,True,True,1789099581
2026-09-11T04:06:28+00:00,970,11,13,True,True,True,1789099581
2026-09-11T04:06:28+00:00,787,10,2,True,True,True,1789099581
2026-09-11T04:06:28+00:00,627,0,29,True,True,True,1789099581
2026-09-11T04:06:28+00:00,623,7,13,True,True,True,1789099581
2026-09-11T04:06:28+00:00,624,8,10,True,True,True,1789099581
2026-09-11T04:06:28+00:00,626,12,9,True,True,True,1789099581
2026-09-11T04:06:28+00:00,614,2,21,True,True,True,1789099581
2026-09-11T04:06:28+00:00,616,8,6,True,True,True,1789099581
2026-09-11T04:06:28+00:00,618,10,30,True,True,True,1789099581
2026-09-11T04:06:28+00:00,621,1,24,True,True,True,1789099581
2026-09-11T04:06:28+00:00,622,15,10,True,True,True,1789099581
2026-09-11T04:06:28+00:00,613,1,17,True,True,True,1789099581
2026-09-11T04:06:28+00:00,620,18,22,True,True,True,1789099581
2026-09-11T04:06:28+00:00,596,10,6,True,True,True,1789099581
2026-09-11T04:06:28+00:00,617,15,3,True,True,True,1789099581
2026-09-11T04:06:28+00:00,609,6,21,True,True,True,1789099581
2026-09-11T04:06:28+00:00,607,5,19,True,True,True,1789099581
2026-09-11T04:06:28+00:00,603,0,13,True,True,True,1789099581
2026-09-11T04:06:28+00:00,590,8,29,True,True,True,1789099581
2026-09-11T04:06:28+00:00,610,2,18,True,True,True,1789099581
2026-09-11T04:06:28+00:00,608,7,13,True,True,True,1789099581
2026-09-11T04:06:28+00:00,593,2,28,True,True,True,1789099581
2026-09-11T04:06:28+00:00,530,2,5,True,True,True,1789099581
2026-09-11T04:06:28+00:00,463,4,15,True,True,True,1789099581
2026-09-11T04:06:28+00:00,475,3,21,True,True,True,1789099581
2026-09-11T04:06:28+00:00,439,0,25,True,True,True,1789099581
2026-09-11T04:06:28+00:00,600,11,0,True,True,True,1789099581
2026-09-11T04:06:28+00:00,440,13,1,True,True,True,1789099581
2026-09-11T04:06:28+00:00,612,4,13,True,True,True,1789099581
2026-09-11T04:06:28+00:00,491,9,7,True,True,True,1789099581
2026-09-11T04:06:28+00:00,493,22,3,True,True,True,1789099581
2026-09-11T04:06:28+00:00,410,25,0,True,True,True,1789099581
2026-09-11T04:06:28+00:00,605,0,17,True,True,True,1789099581
2026-09-11T04:06:28+00:00,388,1,17,True,True,True,1789099581
2026-09-11T04:06:28+00:00,591,10,13,True,True,True,1789099581
2026-09-11T04:06:28+00:00,592,3,14,True,True,True,1789099581
2026-09-11T04:06:28+00:00,585,7,10,True,True,True,1789099581
2026-09-11T04:06:28+00:00,565,5,12,True,True,True,1789099581
2026-09-11T04:06:28+00:00,571,12,8,True,True,True,1789099581
2026-09-11T04:06:28+00:00,568,6,9,True,True,True,1789099581
2026-09-11T04:06:28+00:00,588,3,15,True,True,True,1789099581
2026-09-11T04:06:28+00:00,584,7,26,True,True,True,1789099581
2026-09-11T04:06:28+00:00,569,11,18,True,True,True,1789099581
2026-09-11T04:06:28+00:00,577,5,25,True,True,True,1789099581
2026-09-11T04:06:28+00:00,564,6,23,True,True,True,1789099581
2026-09-11T04:06:28+00:00,570,3,12,True,True,True,1789099581
2026-09-11T04:06:28+00:00,572,12,22,True,True,True,1789099581
2026-09-11T04:06:28+00:00,587,0,15,False,False,False,1789099581
2026-09-11T04:06:28+00:00,586,22,2,True,True,True,1789099581
2026-09-11T04:06:28+00:00,576,2,16,True,True,True,1789099581
2026-09-11T04:06:28+00:00,566,11,13,True,True,True,1789099581
2026-09-11T04:06:28+00:00,602,6,12,True,True,True,1789099581
2026-09-11T04:06:28+00:00,575,0,28,True,True,True,1789099581
2026-09-11T04:06:28+00:00,567,0,38,True,True,True,1789099581
2026-09-11T04:06:28+00:00,582,0,27,True,True,True,1789099581
2026-09-11T04:06:28+00:00,595,18,4,True,True,True,1789099581
2026-09-11T04:06:28+00:00,542,14,5,True,True,True,1789099581
2026-09-11T04:06:28+00:00,563,17,0,True,True,True,1789099581
2026-09-11T04:06:28+00:00,558,6,9,True,True,True,1789099581
2026-09-11T04:06:28+00:00,552,12,5,True,True,True,1789099581
2026-09-11T04:06:28+00:00,555,5,8,True,True,True,1789099581
2026-09-11T04:06:28+00:00,573,16,8,True,True,True,1789099581
2026-09-11T04:06:28+00:00,561,1,21,True,True,True,1789099581
2026-09-11T04:06:28+00:00,615,10,11,True,True,True,1789099581
2026-09-11T04:06:28+00:00,543,0,20,True,True,True,1789099581
2026-09-11T04:06:28+00:00,554,4,15,True,True,True,1789099581
2026-09-11T04:06:28+00:00,574,5,5,True,True,True,1789099581
2026-09-11T04:06:28+00:00,560,0,7,True,True,True,1789099581
2026-09-11T04:06:28+00:00,548,2,14,True,True,True,1789099581
2026-09-11T04:06:28+00:00,559,0,15,True,True,True,1789099581
2026-09-11T04:06:28+00:00,545,4,35,True,True,True,1789099581
2026-09-11T04:06:28+00:00,550,3,5,True,True,True,1789099581
2026-09-11T04:06:28+00:00,541,7,3,True,True,True,1789099581
2026-09-11T04:06:28+00:00,527,1,10,True,True,True,1789099581
2026-09-11T04:06:28+00:00,529,3,16,True,True,True,1789099581
2026-09-11T04:06:28+00:00,526,4,11,True,True,True,1789099581
2026-09-11T04:06:28+00:00,537,0,17,True,True,True,1789099581
2026-09-11T04:06:28+00:00,547,17,13,True,True,True,1789099581
2026-09-11T04:06:28+00:00,601,2,17,True,True,True,1789099581
2026-09-11T04:06:28+00:00,533,2,10,True,True,True,1789099581
2026-09-11T04:06:28+00:00,535,3,18,True,True,True,1789099581
2026-09-11T04:06:28+00:00,524,1,19,True,True,True,1789099581
2026-09-11T04:06:28+00:00,519,11,13,True,True,True,1789099581
2026-09-11T04:06:28+00:00,534,7,32,True,True,True,1789099581
2026-09-11T04:06:28+00:00,521,7,6,True,True,True,1789099581
2026-09-11T04:06:28+00:00,518,2,15,True,True,True,1789099581
2026-09-11T04:06:28+00:00,556,7,11,True,True,True,1789099581
2026-09-11T04:06:28+00:00,525,3,11,True,True,True,1789099581
2026-09-11T04:06:28+00:00,517,3,12,True,True,True,1789099581
2026-09-11T04:06:28+00:00,523,16,14,True,True,True,1789099581
2026-09-11T04:06:28+00:00,522,7,1,True,True,True,1789099581
2026-09-11T04:06:28+00:00,594,3,16,True,True,True,1789099581
2026-09-11T04:06:28+00:00,532,1,18,True,True,True,1789099581
2026-09-11T04:06:28+00:00,509,7,4,True,True,True,1789099581
2026-09-11T04:06:28+00:00,531,0,16,True,True,True,1789099581
2026-09-11T04:06:28+00:00,536,0,8,True,True,True,1789099581
2026-09-11T04:06:28+00:00,562,0,37,True,True,True,1789099581
2026-09-11T04:06:28+00:00,511,5,17,True,True,True,1789099581
2026-09-11T04:06:28+00:00,505,1,16,True,True,True,1789099581
2026-09-11T04:06:28+00:00,501,0,18,True,True,True,1789099581
2026-09-11T04:06:28+00:00,514,11,0,True,True,True,1789099581
2026-09-11T04:06:28+00:00,500,10,5,True,True,True,1789099581
2026-09-11T04:06:28+00:00,503,24,7,True,True,True,1789099581
2026-09-11T04:06:28+00:00,513,0,14,True,True,True,1789099581
2026-09-11T04:06:28+00:00,498,0,11,True,True,True,1789099581
2026-09-11T04:06:28+00:00,507,20,0,True,True,True,1789099581
2026-09-11T04:06:28+00:00,512,21,7,True,True,True,1789099581
2026-09-11T04:06:28+00:00,619,0,42,True,True,True,1789099581
2026-09-11T04:06:28+00:00,474,17,25,True,True,True,1789099581
2026-09-11T04:06:28+00:00,580,0,41,True,True,True,1789099581
2026-09-11T04:06:28+00:00,496,0,42,True,True,True,1789099581
2026-09-11T04:06:28+00:00,482,1,17,True,True,True,1789099581
2026-09-11T04:06:28+00:00,407,8,4,True,True,True,1789099581
2026-09-11T04:06:28+00:00,409,4,20,True,True,True,1789099581
2026-09-11T04:06:28+00:00,451,2,18,True,True,True,1789099581
2026-09-11T04:06:28+00:00,402,2,16,True,True,True,1789099581
2026-09-11T04:06:28+00:00,516,2,10,True,True,True,1789099581
2026-09-11T04:06:28+00:00,625,5,37,True,True,True,1789099581
2026-09-11T04:06:28+00:00,429,2,17,True,True,True,1789099581
2026-09-11T04:06:28+00:00,380,6,13,True,True,True,1789099581
2026-09-11T04:06:28+00:00,583,6,11,True,True,True,1789099581
2026-09-11T04:06:28+00:00,398,3,12,True,True,True,1789099581
2026-09-11T04:06:28+00:00,381,13,1,True,True,True,1789099581
2026-09-11T04:06:28+00:00,464,19,24,True,True,True,1789099581
2026-09-11T04:06:28+00:00,442,14,3,True,True,True,1789099581
2026-09-11T04:06:28+00:00,483,18,3,True,True,True,1789099581
2026-09-11T04:06:28+00:00,458,6,7,True,True,True,1789099581
2026-09-11T04:06:28+00:00,499,12,3,True,True,True,1789099581
2026-09-11T04:06:28+00:00,472,6,10,True,True,True,1789099581
2026-09-11T04:06:28+00:00,506,12,14,True,True,True,1789099581
2026-09-11T04:06:28+00:00,465,5,25,True,True,True,1789099581
2026-09-11T04:06:28+00:00,611,0,39,True,True,True,1789099581
2026-09-11T04:06:28+00:00,404,2,22,True,True,True,1789099581
2026-09-11T04:06:28+00:00,579,8,5,True,True,True,1789099581
2026-09-11T04:06:28+00:00,589,6,19,True,True,True,1789099581
2026-09-11T04:06:28+00:00,434,0,16,True,True,True,1789099581
2026-09-11T04:06:28+00:00,462,7,6,True,True,True,1789099581
2026-09-11T04:06:28+00:00,578,10,13,True,True,True,1789099581
2026-09-11T04:06:28+00:00,415,5,3,True,True,True,1789099581
2026-09-11T04:06:28+00:00,423,17,3,True,True,True,1789099581
2026-09-11T04:06:28+00:00,412,0,9,True,True,True,1789099581
2026-09-11T04:06:28+00:00,387,8,7,True,True,True,1789099581
2026-09-11T04:06:28+00:00,441,6,9,True,True,True,1789099581
2026-09-11T04:06:28+00:00,454,12,10,True,True,True,1789099581
2026-09-11T04:06:28+00:00,436,4,10,True,True,True,1789099581
2026-09-11T04:06:28+00:00,394,10,7,True,True,True,1789099581
2026-09-11T04:06:28+00:00,497,1,23,True,True,True,1789099581
2026-09-11T04:06:28+00:00,581,11,6,True,True,True,1789099581
2026-09-11T04:06:28+00:00,461,9,11,True,True,True,1789099581
2026-09-11T04:06:28+00:00,599,5,43,True,True,True,1789099581
2026-09-11T04:06:28+00:00,428,2,21,True,True,True,1789099581
2026-09-11T04:06:28+00:00,400,0,24,True,True,True,1789099581
2026-09-11T04:06:28+00:00,487,1,19,True,True,True,1789099581
2026-09-11T04:06:28+00:00,438,0,41,True,True,True,1789099581
2026-09-11T04:06:28+00:00,459,4,7,True,True,True,1789099581
2026-09-11T04:06:28+00:00,433,3,13,True,True,True,1789099581
2026-09-11T04:06:28+00:00,399,26,3,True,True,True,1789099581
2026-09-11T04:06:28+00:00,489,11,14,True,True,True,1789099581
2026-09-11T04:06:28+00:00,742,16,12,True,True,True,1789099581
2026-09-11T04:06:28+00:00,551,20,13,True,True,True,1789099581
2026-09-11T04:06:28+00:00,406,4,4,True,True,True,1789099581
2026-09-11T04:06:28+00:00,488,17,5,True,True,True,1789099581
2026-09-11T04:06:28+00:00,540,0,29,True,True,True,1789099581
2026-09-11T04:06:28+00:00,431,2,16,True,True,True,1789099581
2026-09-11T04:06:28+00:00,393,1,18,True,True,True,1789099581
2026-09-11T04:06:28+00:00,420,2,18,True,True,True,1789099581
2026-09-11T04:06:28+00:00,397,10,22,True,True,True,1789099581
2026-09-11T04:06:28+00:00,390,14,14,True,True,True,1789099581
2026-09-11T04:06:28+00:00,449,11,13,True,True,True,1789099581
2026-09-11T04:06:28+00:00,430,7,35,True,True,True,1789099581
2026-09-11T04:06:28+00:00,484,0,32,True,True,True,1789099581
2026-09-11T04:06:28+00:00,479,12,17,True,True,True,1789099581
2026-09-11T04:06:28+00:00,403,1,13,True,True,True,1789099581
2026-09-11T04:06:28+00:00,435,1,27,True,True,True,1789099581
2026-09-11T04:06:28+00:00,426,7,13,True,True,True,1789099581
2026-09-11T04:06:28+00:00,450,3,12,True,True,True,1789099581
2026-09-11T04:06:28+00:00,456,2,30,True,True,True,1789099581
2026-09-11T04:06:28+00:00,468,14,0,True,True,True,1789099581
2026-09-11T04:06:28+00:00,453,5,26,True,True,True,1789099581
2026-09-11T04:06:28+00:00,466,3,11,True,True,True,1789099581
2026-09-11T04:06:28+00:00,469,1,27,True,True,True,1789099581
2026-09-11T04:06:28+00:00,416,4,11,True,True,True,1789099581
2026-09-11T04:06:28+00:00,391,2,10,True,True,True,1789099581
2026-09-11T04:06:28+00:00,389,2,14,True,True,True,1789099581
2026-09-11T04:06:28+00:00,470,4,11,True,True,True,1789099581
2026-09-11T04:06:28+00:00,384,7,8,True,True,True,1789099581
2026-09-11T04:06:28+00:00,425,2,4,True,True,True,1789099581
2026-09-11T04:06:28+00:00,411,5,6,True,True,True,1789099581
2026-09-11T04:06:28+00:00,598,24,8,True,True,True,1789099581
2026-09-11T04:06:28+00:00,444,13,5,True,True,True,1789099581
2026-09-11T04:06:28+00:00,447,30,0,True,True,True,1789099581
2026-09-11T04:06:28+00:00,408,10,2,True,True,True,1789099581
2026-09-11T04:06:28+00:00,737,21,1,True,True,True,1789099581
2026-09-11T04:06:28+00:00,432,3,5,True,True,True,1789099581
2026-09-11T04:06:28+00:00,401,2,3,True,True,True,1789099581
2026-09-11T04:06:28+00:00,452,3,27,True,True,True,1789099581
2026-09-11T04:06:28+00:00,392,7,1,True,True,True,1789099581
2026-09-11T04:06:28+00:00,481,6,35,True,True,True,1789099581
2026-09-11T04:06:28+00:00,495,4,33,True,True,True,1789099581
2026-09-11T04:06:28+00:00,478,11,0,True,True,True,1789099581
2026-09-11T04:06:28+00:00,414,1,9,True,True,True,1789099581
2026-09-11T04:06:28+00:00,476,2,17,True,True,True,1789099581
2026-09-11T04:06:28+00:00,445,8,9,True,True,True,1789099581
2026-09-11T04:06:28+00:00,748,11,18,True,True,True,1789099581
2026-09-11T04:06:28+00:00,473,3,3,True,True,True,1789099581
2026-09-11T04:06:28+00:00,383,0,27,True,True,True,1789099581
2026-09-11T04:06:28+00:00,480,8,13,True,True,True,1789099581
2026-09-11T04:06:28+00:00,421,17,2,True,True,True,1789099581
2026-09-11T04:06:28+00:00,746,1,9,True,True,True,1789099581
2026-09-11T04:06:28+00:00,417,5,7,True,True,True,1789099581
2026-09-11T04:06:28+00:00,427,7,7,True,True,True,1789099581
2026-09-11T04:06:28+00:00,395,1,13,True,True,True,1789099581
2026-09-11T04:06:28+00:00,418,3,23,True,True,True,1789099581
2026-09-11T04:06:28+00:00,413,0,11,True,True,True,1789099581
2026-09-11T04:06:28+00:00,486,2,21,True,True,True,1789099581
2026-09-11T04:06:28+00:00,597,1,12,True,True,True,1789099581
2026-09-11T04:06:28+00:00,422,2,9,True,True,True,1789099581
2026-09-11T04:06:28+00:00,382,8,0,True,True,True,1789099581
2026-09-11T04:06:28+00:00,396,0,24,True,True,True,1789099581
2026-09-11T04:06:28+00:00,735,6,8,True,True,True,1789099581
2026-09-11T04:06:28+00:00,437,4,20,True,True,True,1789099581
2026-09-11T04:06:28+00:00,446,5,16,True,True,True,1789099581
2026-09-11T04:06:28+00:00,424,4,6,True,True,True,1789099581
2026-09-11T04:06:28+00:00,455,10,1,True,True,True,1789099581
2026-09-11T04:06:28+00:00,457,5,5,True,True,True,1789099581
2026-09-11T04:06:28+00:00,377,10,18,True,True,True,1789099581
2026-09-11T04:06:28+00:00,738,10,2,True,True,True,1789099581
2026-09-11T04:06:28+00:00,460,27,0,True,True,True,1789099581
2026-09-11T04:06:28+00:00,744,3,4,True,True,True,1789099581
2026-09-11T04:06:28+00:00,485,16,3,True,True,True,1789099581
2026-09-11T04:21:28+00:00,6026,2,32,True,True,True,1789100475
2026-09-11T04:21:28+00:00,5431,2,16,True,True,True,1789100475
2026-09-11T04:21:28+00:00,5424,2,16,True,True,True,1789100475
2026-09-11T04:21:28+00:00,5220,1,18,True,True,True,1789100475
2026-09-11T04:21:28+00:00,5217,5,24,True,True,True,1789100475
2026-09-11T04:21:28+00:00,5113,11,1,True,True,True,1789100475
2026-09-11T04:21:28+00:00,4683,1,17,True,True,True,1789100475
2026-09-11T04:21:28+00:00,4552,14,4,True,True,True,1789100475
2026-09-11T04:21:28+00:00,3725,0,17,True,True,True,1789100475
2026-09-11T04:21:28+00:00,2358,12,1,True,True,True,1789100475
2026-09-11T04:21:28+00:00,2357,24,0,True,True,True,1789100475
2026-09-11T04:21:28+00:00,2355,3,9,True,True,True,1789100475
2026-09-11T04:21:28+00:00,2351,2,14,True,True,True,1789100475
2026-09-11T04:21:28+00:00,2350,19,4,True,True,True,1789100475
2026-09-11T04:21:28+00:00,2349,4,16,True,True,True,1789100475
2026-09-11T04:21:28+00:00,2347,10,20,True,True,True,1789100475
2026-09-11T04:21:28+00:00,2340,5,16,True,True,True,1789100475
2026-09-11T04:21:28+00:00,2339,12,16,True,True,True,1789100475
2026-09-11T04:21:28+00:00,2337,0,13,True,True,True,1789100475
2026-09-11T04:21:28+00:00,2334,12,0,True,True,True,1789100475
2026-09-11T04:21:28+00:00,2333,10,4,True,True,True,1789100475
2026-09-11T04:21:28+00:00,2332,7,2,True,True,True,1789100475
2026-09-11T04:21:28+00:00,2330,12,2,True,True,True,1789100475
2026-09-11T04:21:28+00:00,2329,5,9,True,True,True,1789100475
2026-09-11T04:21:28+00:00,2328,19,1,True,True,True,1789100475
2026-09-11T04:21:28+00:00,2315,9,6,True,True,True,1789100475
2026-09-11T04:21:28+00:00,2308,7,0,True,True,True,1789100475
2026-09-11T04:21:28+00:00,2307,1,27,True,True,True,1789100475
2026-09-11T04:21:28+00:00,2306,0,18,True,True,True,1789100475
2026-09-11T04:21:28+00:00,2305,6,9,True,True,True,1789100475
2026-09-11T04:21:28+00:00,2304,3,15,True,True,True,1789100475
2026-09-11T04:21:28+00:00,2280,11,2,True,True,True,1789100475
2026-09-11T04:21:28+00:00,2270,17,3,True,True,True,1789100475
2026-09-11T04:21:28+00:00,1919,5,1,True,True,True,1789100475
2026-09-11T04:21:28+00:00,1755,24,8,True,True,True,1789100475
2026-09-11T04:21:28+00:00,1101,15,7,True,True,True,1789100475
2026-09-11T04:21:28+00:00,1023,7,8,True,True,True,1789100475
2026-09-11T04:21:28+00:00,1009,0,10,True,True,True,1789100475
2026-09-11T04:21:28+00:00,970,11,13,True,True,True,1789100475
2026-09-11T04:21:28+00:00,787,10,2,True,True,True,1789100475
2026-09-11T04:21:28+00:00,627,0,29,True,True,True,1789100475
2026-09-11T04:21:28+00:00,623,8,12,True,True,True,1789100475
2026-09-11T04:21:28+00:00,624,7,11,True,True,True,1789100475
2026-09-11T04:21:28+00:00,626,12,9,True,True,True,1789100475
2026-09-11T04:21:28+00:00,614,2,21,True,True,True,1789100475
2026-09-11T04:21:28+00:00,616,8,6,True,True,True,1789100475
2026-09-11T04:21:28+00:00,618,10,30,True,True,True,1789100475
2026-09-11T04:21:28+00:00,621,1,24,True,True,True,1789100475
2026-09-11T04:21:28+00:00,622,14,11,True,True,True,1789100475
2026-09-11T04:21:28+00:00,613,0,18,True,True,True,1789100475
2026-09-11T04:21:28+00:00,620,18,22,True,True,True,1789100475
2026-09-11T04:21:28+00:00,596,10,6,True,True,True,1789100475
2026-09-11T04:21:28+00:00,617,15,3,True,True,True,1789100475
2026-09-11T04:21:28+00:00,609,6,21,True,True,True,1789100475
2026-09-11T04:21:28+00:00,607,5,19,True,True,True,1789100475
2026-09-11T04:21:28+00:00,603,0,13,True,True,True,1789100475
2026-09-11T04:21:28+00:00,590,8,29,True,True,True,1789100475
2026-09-11T04:21:28+00:00,610,2,18,True,True,True,1789100475
2026-09-11T04:21:28+00:00,608,7,13,True,True,True,1789100475
2026-09-11T04:21:28+00:00,593,2,28,True,True,True,1789100475
2026-09-11T04:21:28+00:00,530,2,5,True,True,True,1789100475
2026-09-11T04:21:28+00:00,463,4,15,True,True,True,1789100475
2026-09-11T04:21:28+00:00,475,3,21,True,True,True,1789100475
2026-09-11T04:21:28+00:00,439,0,25,True,True,True,1789100475
2026-09-11T04:21:28+00:00,600,11,0,True,True,True,1789100475
2026-09-11T04:21:28+00:00,440,13,1,True,True,True,1789100475
2026-09-11T04:21:28+00:00,612,4,13,True,True,True,1789100475
2026-09-11T04:21:28+00:00,491,9,7,True,True,True,1789100475
2026-09-11T04:21:28+00:00,493,22,3,True,True,True,1789100475
2026-09-11T04:21:28+00:00,410,25,0,True,True,True,1789100475
2026-09-11T04:21:28+00:00,605,0,17,True,True,True,1789100475
2026-09-11T04:21:28+00:00,388,1,17,True,True,True,1789100475
2026-09-11T04:21:28+00:00,591,10,13,True,True,True,1789100475
2026-09-11T04:21:28+00:00,592,3,14,True,True,True,1789100475
2026-09-11T04:21:28+00:00,585,7,10,True,True,True,1789100475
2026-09-11T04:21:28+00:00,565,5,12,True,True,True,1789100475
2026-09-11T04:21:28+00:00,571,12,8,True,True,True,1789100475
2026-09-11T04:21:28+00:00,568,5,10,True,True,True,1789100475
2026-09-11T04:21:28+00:00,588,3,15,True,True,True,1789100475
2026-09-11T04:21:28+00:00,584,7,26,True,True,True,1789100475
2026-09-11T04:21:28+00:00,569,11,18,True,True,True,1789100475
2026-09-11T04:21:28+00:00,577,5,25,True,True,True,1789100475
2026-09-11T04:21:28+00:00,564,5,24,True,True,True,1789100475
2026-09-11T04:21:28+00:00,570,3,12,True,True,True,1789100475
2026-09-11T04:21:28+00:00,572,12,22,True,True,True,1789100475
2026-09-11T04:21:28+00:00,587,0,15,False,False,False,1789100475
2026-09-11T04:21:28+00:00,586,22,2,True,True,True,1789100475
2026-09-11T04:21:28+00:00,576,1,17,True,True,True,1789100475
2026-09-11T04:21:28+00:00,566,11,13,True,True,True,1789100475
2026-09-11T04:21:28+00:00,602,6,12,True,True,True,1789100475
2026-09-11T04:21:28+00:00,575,0,28,True,True,True,1789100475
2026-09-11T04:21:28+00:00,567,0,38,True,True,True,1789100475
2026-09-11T04:21:28+00:00,582,0,27,True,True,True,1789100475
2026-09-11T04:21:28+00:00,595,18,4,True,True,True,1789100475
2026-09-11T04:21:28+00:00,542,14,5,True,True,True,1789100475
2026-09-11T04:21:28+00:00,563,17,0,True,True,True,1789100475
2026-09-11T04:21:28+00:00,558,6,9,True,True,True,1789100475
2026-09-11T04:21:28+00:00,552,12,5,True,True,True,1789100475
2026-09-11T04:21:28+00:00,555,5,8,True,True,True,1789100475
2026-09-11T04:21:28+00:00,573,16,8,True,True,True,1789100475
2026-09-11T04:21:28+00:00,561,1,21,True,True,True,1789100475
2026-09-11T04:21:28+00:00,615,10,11,True,True,True,1789100475
2026-09-11T04:21:28+00:00,543,0,20,True,True,True,1789100475
2026-09-11T04:21:28+00:00,554,4,15,True,True,True,1789100475
2026-09-11T04:21:28+00:00,574,5,5,True,True,True,1789100475
2026-09-11T04:21:28+00:00,560,0,7,True,True,True,1789100475
2026-09-11T04:21:28+00:00,548,2,14,True,True,True,1789100475
2026-09-11T04:21:28+00:00,559,0,15,True,True,True,1789100475
2026-09-11T04:21:28+00:00,545,4,35,True,True,True,1789100475
2026-09-11T04:21:28+00:00,550,3,5,True,True,True,1789100475
2026-09-11T04:21:28+00:00,541,7,3,True,True,True,1789100475
2026-09-11T04:21:28+00:00,527,1,10,True,True,True,1789100475
2026-09-11T04:21:28+00:00,529,3,16,True,True,True,1789100475
2026-09-11T04:21:28+00:00,526,4,11,True,True,True,1789100475
2026-09-11T04:21:28+00:00,537,0,17,True,True,True,1789100475
2026-09-11T04:21:28+00:00,547,17,13,True,True,True,1789100475
2026-09-11T04:21:28+00:00,601,2,17,True,True,True,1789100475
2026-09-11T04:21:28+00:00,533,2,10,True,True,True,1789100475
2026-09-11T04:21:28+00:00,535,3,18,True,True,True,1789100475
2026-09-11T04:21:28+00:00,524,1,19,True,True,True,1789100475
2026-09-11T04:21:28+00:00,519,11,13,True,True,True,1789100475
2026-09-11T04:21:28+00:00,534,7,32,True,True,True,1789100475
2026-09-11T04:21:28+00:00,521,7,6,True,True,True,1789100475
2026-09-11T04:21:28+00:00,518,2,15,True,True,True,1789100475
2026-09-11T04:21:28+00:00,556,7,11,True,True,True,1789100475
2026-09-11T04:21:28+00:00,525,3,11,True,True,True,1789100475
2026-09-11T04:21:28+00:00,517,3,12,True,True,True,1789100475
2026-09-11T04:21:28+00:00,523,16,14,True,True,True,1789100475
2026-09-11T04:21:28+00:00,522,7,1,True,True,True,1789100475
2026-09-11T04:21:28+00:00,594,3,16,True,True,True,1789100475
2026-09-11T04:21:28+00:00,532,1,18,True,True,True,1789100475
2026-09-11T04:21:28+00:00,509,7,4,True,True,True,1789100475
2026-09-11T04:21:28+00:00,531,0,16,True,True,True,1789100475
2026-09-11T04:21:28+00:00,536,0,8,True,True,True,1789100475
2026-09-11T04:21:28+00:00,562,0,37,True,True,True,1789100475
2026-09-11T04:21:28+00:00,511,6,16,True,True,True,1789100475
2026-09-11T04:21:28+00:00,505,1,16,True,True,True,1789100475
2026-09-11T04:21:28+00:00,501,0,18,True,True,True,1789100475
2026-09-11T04:21:28+00:00,514,11,0,True,True,True,1789100475
2026-09-11T04:21:28+00:00,500,10,5,True,True,True,1789100475
2026-09-11T04:21:28+00:00,503,24,7,True,True,True,1789100475
2026-09-11T04:21:28+00:00,513,0,14,True,True,True,1789100475
2026-09-11T04:21:28+00:00,498,0,11,True,True,True,1789100475
2026-09-11T04:21:28+00:00,507,20,0,True,True,True,1789100475
2026-09-11T04:21:28+00:00,512,21,7,True,True,True,1789100475
2026-09-11T04:21:28+00:00,619,0,42,True,True,True,1789100475
2026-09-11T04:21:28+00:00,474,17,25,True,True,True,1789100475
2026-09-11T04:21:28+00:00,580,0,41,True,True,True,1789100475
2026-09-11T04:21:28+00:00,496,0,42,True,True,True,1789100475
2026-09-11T04:21:28+00:00,482,1,17,True,True,True,1789100475
2026-09-11T04:21:28+00:00,407,8,4,True,True,True,1789100475
2026-09-11T04:21:28+00:00,409,4,20,True,True,True,1789100475
2026-09-11T04:21:28+00:00,451,2,18,True,True,True,1789100475
2026-09-11T04:21:28+00:00,402,2,16,True,True,True,1789100475
2026-09-11T04:21:28+00:00,516,2,10,True,True,True,1789100475
2026-09-11T04:21:28+00:00,625,5,37,True,True,True,1789100475
2026-09-11T04:21:28+00:00,429,2,17,True,True,True,1789100475
2026-09-11T04:21:28+00:00,380,5,14,True,True,True,1789100475
2026-09-11T04:21:28+00:00,583,5,11,True,True,True,1789100475
2026-09-11T04:21:28+00:00,398,3,12,True,True,True,1789100475
2026-09-11T04:21:28+00:00,381,13,1,True,True,True,1789100475
2026-09-11T04:21:28+00:00,464,20,23,True,True,True,1789100475
2026-09-11T04:21:28+00:00,442,14,3,True,True,True,1789100475
2026-09-11T04:21:28+00:00,483,19,2,True,True,True,1789100475
2026-09-11T04:21:28+00:00,458,6,7,True,True,True,1789100475
2026-09-11T04:21:28+00:00,499,11,4,True,True,True,1789100475
2026-09-11T04:21:28+00:00,472,6,10,True,True,True,1789100475
2026-09-11T04:21:28+00:00,506,12,14,True,True,True,1789100475
2026-09-11T04:21:28+00:00,465,4,26,True,True,True,1789100475
2026-09-11T04:21:28+00:00,611,0,39,True,True,True,1789100475
2026-09-11T04:21:28+00:00,404,2,22,True,True,True,1789100475
2026-09-11T04:21:28+00:00,579,8,5,True,True,True,1789100475
2026-09-11T04:21:28+00:00,589,6,19,True,True,True,1789100475
2026-09-11T04:21:28+00:00,434,0,16,True,True,True,1789100475
2026-09-11T04:21:28+00:00,462,7,6,True,True,True,1789100475
2026-09-11T04:21:28+00:00,578,10,13,True,True,True,1789100475
2026-09-11T04:21:28+00:00,415,5,3,True,True,True,1789100475
2026-09-11T04:21:28+00:00,423,17,3,True,True,True,1789100475
2026-09-11T04:21:28+00:00,412,0,9,True,True,True,1789100475
2026-09-11T04:21:28+00:00,387,8,7,True,True,True,1789100475
2026-09-11T04:21:28+00:00,441,6,9,True,True,True,1789100475
2026-09-11T04:21:28+00:00,454,12,10,True,True,True,1789100475
2026-09-11T04:21:28+00:00,436,2,12,True,True,True,1789100475
2026-09-11T04:21:28+00:00,394,10,7,True,True,True,1789100475
2026-09-11T04:21:28+00:00,497,1,23,True,True,True,1789100475
2026-09-11T04:21:28+00:00,581,11,6,True,True,True,1789100475
2026-09-11T04:21:28+00:00,461,9,11,True,True,True,1789100475
2026-09-11T04:21:28+00:00,599,5,43,True,True,True,1789100475
2026-09-11T04:21:28+00:00,428,2,21,True,True,True,1789100475
2026-09-11T04:21:28+00:00,400,0,24,True,True,True,1789100475
2026-09-11T04:21:28+00:00,487,1,19,True,True,True,1789100475
2026-09-11T04:21:28+00:00,438,0,41,True,True,True,1789100475
2026-09-11T04:21:28+00:00,459,4,7,True,True,True,1789100475
2026-09-11T04:21:28+00:00,433,2,14,True,True,True,1789100475
2026-09-11T04:21:28+00:00,399,26,3,True,True,True,1789100475
2026-09-11T04:21:28+00:00,489,11,14,True,True,True,1789100475
2026-09-11T04:21:28+00:00,742,16,12,True,True,True,1789100475
2026-09-11T04:21:28+00:00,551,20,13,True,True,True,1789100475
2026-09-11T04:21:28+00:00,406,4,4,True,True,True,1789100475
2026-09-11T04:21:28+00:00,488,17,5,True,True,True,1789100475
2026-09-11T04:21:28+00:00,540,0,29,True,True,True,1789100475
2026-09-11T04:21:28+00:00,431,2,16,True,True,True,1789100475
2026-09-11T04:21:28+00:00,393,1,18,True,True,True,1789100475
2026-09-11T04:21:28+00:00,420,2,18,True,True,True,1789100475
2026-09-11T04:21:28+00:00,397,10,22,True,True,True,1789100475
2026-09-11T04:21:28+00:00,390,14,14,True,True,True,1789100475
2026-09-11T04:21:28+00:00,449,11,13,True,True,True,1789100475
2026-09-11T04:21:28+00:00,430,7,35,True,True,True,1789100475
2026-09-11T04:21:28+00:00,484,0,32,True,True,True,1789100475
2026-09-11T04:21:28+00:00,479,12,17,True,True,True,1789100475
2026-09-11T04:21:28+00:00,403,1,13,True,True,True,1789100475
2026-09-11T04:21:28+00:00,435,1,27,True,True,True,1789100475
2026-09-11T04:21:28+00:00,426,6,13,True,True,True,1789100475
2026-09-11T04:21:28+00:00,450,3,12,True,True,True,1789100475
2026-09-11T04:21:28+00:00,456,2,30,True,True,True,1789100475
2026-09-11T04:21:28+00:00,468,14,0,True,True,True,1789100475
2026-09-11T04:21:28+00:00,453,5,26,True,True,True,1789100475
2026-09-11T04:21:28+00:00,466,3,11,True,True,True,1789100475
2026-09-11T04:21:28+00:00,469,1,27,True,True,True,1789100475
2026-09-11T04:21:28+00:00,416,4,11,True,True,True,1789100475
2026-09-11T04:21:28+00:00,391,2,10,True,True,True,1789100475
2026-09-11T04:21:28+00:00,389,2,14,True,True,True,1789100475
2026-09-11T04:21:28+00:00,470,4,11,True,True,True,1789100475
2026-09-11T04:21:28+00:00,384,7,8,True,True,True,1789100475
2026-09-11T04:21:28+00:00,425,2,4,True,True,True,1789100475
2026-09-11T04:21:28+00:00,411,5,6,True,True,True,1789100475
2026-09-11T04:21:28+00:00,598,24,8,True,True,True,1789100475
2026-09-11T04:21:28+00:00,444,13,5,True,True,True,1789100475
2026-09-11T04:21:28+00:00,447,30,0,True,True,True,1789100475
2026-09-11T04:21:28+00:00,408,10,2,True,True,True,1789100475
2026-09-11T04:21:28+00:00,737,21,1,True,True,True,1789100475
2026-09-11T04:21:28+00:00,432,3,5,True,True,True,1789100475
2026-09-11T04:21:28+00:00,401,3,2,True,True,True,1789100475
2026-09-11T04:21:28+00:00,452,3,27,True,True,True,1789100475
2026-09-11T04:21:28+00:00,392,8,0,True,True,True,1789100475
2026-09-11T04:21:28+00:00,481,6,35,True,True,True,1789100475
2026-09-11T04:21:28+00:00,495,4,33,True,True,True,1789100475
2026-09-11T04:21:28+00:00,478,11,0,True,True,True,1789100475
2026-09-11T04:21:28+00:00,414,1,9,True,True,True,1789100475
2026-09-11T04:21:28+00:00,476,2,17,True,True,True,1789100475
2026-09-11T04:21:28+00:00,445,8,9,True,True,True,1789100475
2026-09-11T04:21:28+00:00,748,11,18,True,True,True,1789100475
2026-09-11T04:21:28+00:00,473,3,3,True,True,True,1789100475
2026-09-11T04:21:28+00:00,383,0,27,True,True,True,1789100475
2026-09-11T04:21:28+00:00,480,8,13,True,True,True,1789100475
2026-09-11T04:21:28+00:00,421,17,2,True,True,True,1789100475
2026-09-11T04:21:28+00:00,746,1,9,True,True,True,1789100475
2026-09-11T04:21:28+00:00,417,5,7,True,True,True,1789100475
2026-09-11T04:21:28+00:00,427,6,8,True,True,True,1789100475
2026-09-11T04:21:28+00:00,395,1,13,True,True,True,1789100475
2026-09-11T04:21:28+00:00,418,3,23,True,True,True,1789100475
2026-09-11T04:21:28+00:00,413,0,11,True,True,True,1789100475
2026-09-11T04:21:28+00:00,486,2,21,True,True,True,1789100475
2026-09-11T04:21:28+00:00,597,1,12,True,True,True,1789100475
2026-09-11T04:21:28+00:00,422,2,9,True,True,True,1789100475
2026-09-11T04:21:28+00:00,382,8,0,True,True,True,1789100475
2026-09-11T04:21:28+00:00,396,0,24,True,True,True,1789100475
2026-09-11T04:21:28+00:00,735,6,8,True,True,True,1789100475
2026-09-11T04:21:28+00:00,437,4,20,True,True,True,1789100475
2026-09-11T04:21:28+00:00,446,5,16,True,True,True,1789100475
2026-09-11T04:21:28+00:00,424,4,6,True,True,True,1789100475
2026-09-11T04:21:28+00:00,455,10,1,True,True,True,1789100475
2026-09-11T04:21:28+00:00,457,5,5,True,True,True,1789100475
2026-09-11T04:21:28+00:00,377,10,18,True,True,True,1789100475
2026-09-11T04:21:28+00:00,738,10,2,True,True,True,1789100475
2026-09-11T04:21:28+00:00,460,27,0,True,True,True,1789100475
2026-09-11T04:21:28+00:00,744,3,4,True,True,True,1789100475
2026-09-11T04:21:28+00:00,485,16,3,True,True,True,1789100475
2026-09-11T04:36:28+00:00,6026,3,31,True,True,True,1789101374
2026-09-11T04:36:28+00:00,5431,2,16,True,True,True,1789101374
2026-09-11T04:36:28+00:00,5424,2,16,True,True,True,1789101374
2026-09-11T04:36:28+00:00,5220,1,18,True,True,True,1789101374
2026-09-11T04:36:28+00:00,5217,5,24,True,True,True,1789101374
2026-09-11T04:36:28+00:00,5113,10,2,True,True,True,1789101374
2026-09-11T04:36:28+00:00,4683,1,17,True,True,True,1789101374
2026-09-11T04:36:28+00:00,4552,14,4,True,True,True,1789101374
2026-09-11T04:36:28+00:00,3725,0,17,True,True,True,1789101374
2026-09-11T04:36:28+00:00,2358,12,1,True,True,True,1789101374
2026-09-11T04:36:28+00:00,2357,23,1,True,True,True,1789101374
2026-09-11T04:36:28+00:00,2355,3,9,True,True,True,1789101374
2026-09-11T04:36:28+00:00,2351,2,14,True,True,True,1789101374
2026-09-11T04:36:28+00:00,2350,19,4,True,True,True,1789101374
2026-09-11T04:36:28+00:00,2349,4,16,True,True,True,1789101374
2026-09-11T04:36:28+00:00,2347,10,20,True,True,True,1789101374
2026-09-11T04:36:28+00:00,2340,5,16,True,True,True,1789101374
2026-09-11T04:36:28+00:00,2339,12,16,True,True,True,1789101374
2026-09-11T04:36:28+00:00,2337,0,13,True,True,True,1789101374
2026-09-11T04:36:28+00:00,2334,12,0,True,True,True,1789101374
2026-09-11T04:36:28+00:00,2333,10,4,True,True,True,1789101374
2026-09-11T04:36:28+00:00,2332,7,2,True,True,True,1789101374
2026-09-11T04:36:28+00:00,2330,12,2,True,True,True,1789101374
2026-09-11T04:36:28+00:00,2329,5,9,True,True,True,1789101374
2026-09-11T04:36:28+00:00,2328,20,0,True,True,True,1789101374
2026-09-11T04:36:28+00:00,2315,9,6,True,True,True,1789101374
2026-09-11T04:36:28+00:00,2308,7,0,True,True,True,1789101374
2026-09-11T04:36:28+00:00,2307,1,27,True,True,True,1789101374
2026-09-11T04:36:28+00:00,2306,0,18,True,True,True,1789101374
2026-09-11T04:36:28+00:00,2305,6,9,True,True,True,1789101374
2026-09-11T04:36:28+00:00,2304,3,15,True,True,True,1789101374
2026-09-11T04:36:28+00:00,2280,11,2,True,True,True,1789101374
2026-09-11T04:36:28+00:00,2270,17,3,True,True,True,1789101374
2026-09-11T04:36:28+00:00,1919,5,1,True,True,True,1789101374
2026-09-11T04:36:28+00:00,1755,24,8,True,True,True,1789101374
2026-09-11T04:36:28+00:00,1101,15,7,True,True,True,1789101374
2026-09-11T04:36:28+00:00,1023,8,7,True,True,True,1789101374
2026-09-11T04:36:28+00:00,1009,0,10,True,True,True,1789101374
2026-09-11T04:36:28+00:00,970,11,13,True,True,True,1789101374
2026-09-11T04:36:28+00:00,787,10,2,True,True,True,1789101374
2026-09-11T04:36:28+00:00,627,0,29,True,True,True,1789101374
2026-09-11T04:36:28+00:00,623,8,12,True,True,True,1789101374
2026-09-11T04:36:28+00:00,624,7,11,True,True,True,1789101374
2026-09-11T04:36:28+00:00,626,12,9,True,True,True,1789101374
2026-09-11T04:36:28+00:00,614,2,21,True,True,True,1789101374
2026-09-11T04:36:28+00:00,616,8,6,True,True,True,1789101374
2026-09-11T04:36:28+00:00,618,10,30,True,True,True,1789101374
2026-09-11T04:36:28+00:00,621,1,24,True,True,True,1789101374
2026-09-11T04:36:28+00:00,622,14,11,True,True,True,1789101374
2026-09-11T04:36:28+00:00,613,0,18,True,True,True,1789101374
2026-09-11T04:36:28+00:00,620,19,21,True,True,True,1789101374
2026-09-11T04:36:28+00:00,596,10,6,True,True,True,1789101374
2026-09-11T04:36:28+00:00,617,15,3,True,True,True,1789101374
2026-09-11T04:36:28+00:00,609,8,19,True,True,True,1789101374
2026-09-11T04:36:28+00:00,607,5,19,True,True,True,1789101374
2026-09-11T04:36:28+00:00,603,0,13,True,True,True,1789101374
2026-09-11T04:36:28+00:00,590,8,29,True,True,True,1789101374
2026-09-11T04:36:28+00:00,610,2,18,True,True,True,1789101374
2026-09-11T04:36:28+00:00,608,7,13,True,True,True,1789101374
2026-09-11T04:36:28+00:00,593,2,28,True,True,True,1789101374
2026-09-11T04:36:28+00:00,530,2,5,True,True,True,1789101374
2026-09-11T04:36:28+00:00,463,4,15,True,True,True,1789101374
2026-09-11T04:36:28+00:00,475,4,20,True,True,True,1789101374
2026-09-11T04:36:28+00:00,439,1,24,True,True,True,1789101374
2026-09-11T04:36:28+00:00,600,11,0,True,True,True,1789101374
2026-09-11T04:36:28+00:00,440,13,1,True,True,True,1789101374
2026-09-11T04:36:28+00:00,612,4,13,True,True,True,1789101374
2026-09-11T04:36:28+00:00,491,9,7,True,True,True,1789101374
2026-09-11T04:36:28+00:00,493,22,3,True,True,True,1789101374
2026-09-11T04:36:28+00:00,410,25,0,True,True,True,1789101374
2026-09-11T04:36:28+00:00,605,0,17,True,True,True,1789101374
2026-09-11T04:36:28+00:00,388,1,17,True,True,True,1789101374
2026-09-11T04:36:28+00:00,591,10,13,True,True,True,1789101374
2026-09-11T04:36:28+00:00,592,3,14,True,True,True,1789101374
2026-09-11T04:36:28+00:00,585,7,10,True,True,True,1789101374
2026-09-11T04:36:28+00:00,565,5,12,True,True,True,1789101374
2026-09-11T04:36:28+00:00,571,12,8,True,True,True,1789101374
2026-09-11T04:36:28+00:00,568,4,11,True,True,True,1789101374
2026-09-11T04:36:28+00:00,588,3,15,True,True,True,1789101374
2026-09-11T04:36:28+00:00,584,7,26,True,True,True,1789101374
2026-09-11T04:36:28+00:00,569,11,18,True,True,True,1789101374
2026-09-11T04:36:28+00:00,577,6,24,True,True,True,1789101374
2026-09-11T04:36:28+00:00,564,4,25,True,True,True,1789101374
2026-09-11T04:36:28+00:00,570,3,12,True,True,True,1789101374
2026-09-11T04:36:28+00:00,572,11,23,True,True,True,1789101374
2026-09-11T04:36:28+00:00,587,0,15,False,False,False,1789101374
2026-09-11T04:36:28+00:00,586,22,2,True,True,True,1789101374
2026-09-11T04:36:28+00:00,576,1,17,True,True,True,1789101374
2026-09-11T04:36:28+00:00,566,11,13,True,True,True,1789101374
2026-09-11T04:36:28+00:00,602,6,12,True,True,True,1789101374
2026-09-11T04:36:28+00:00,575,0,28,True,True,True,1789101374
2026-09-11T04:36:28+00:00,567,0,38,True,True,True,1789101374
2026-09-11T04:36:28+00:00,582,0,27,True,True,True,1789101374
2026-09-11T04:36:28+00:00,595,18,4,True,True,True,1789101374
2026-09-11T04:36:28+00:00,542,14,5,True,True,True,1789101374
2026-09-11T04:36:28+00:00,563,17,0,True,True,True,1789101374
2026-09-11T04:36:28+00:00,558,6,9,True,True,True,1789101374
2026-09-11T04:36:28+00:00,552,12,5,True,True,True,1789101374
2026-09-11T04:36:28+00:00,555,4,9,True,True,True,1789101374
2026-09-11T04:36:28+00:00,573,16,8,True,True,True,1789101374
2026-09-11T04:36:28+00:00,561,1,21,True,True,True,1789101374
2026-09-11T04:36:28+00:00,615,10,11,True,True,True,1789101374
2026-09-11T04:36:28+00:00,543,0,20,True,True,True,1789101374
2026-09-11T04:36:28+00:00,554,4,15,True,True,True,1789101374
2026-09-11T04:36:28+00:00,574,5,5,True,True,True,1789101374
2026-09-11T04:36:28+00:00,560,0,7,True,True,True,1789101374
2026-09-11T04:36:28+00:00,548,2,14,True,True,True,1789101374
2026-09-11T04:36:28+00:00,559,0,15,True,True,True,1789101374
2026-09-11T04:36:28+00:00,545,4,35,True,True,True,1789101374
2026-09-11T04:36:28+00:00,550,3,5,True,True,True,1789101374
2026-09-11T04:36:28+00:00,541,7,3,True,True,True,1789101374
2026-09-11T04:36:28+00:00,527,1,10,True,True,True,1789101374
2026-09-11T04:36:28+00:00,529,3,16,True,True,True,1789101374
2026-09-11T04:36:28+00:00,526,5,10,True,True,True,1789101374
2026-09-11T04:36:28+00:00,537,0,17,True,True,True,1789101374
2026-09-11T04:36:28+00:00,547,17,13,True,True,True,1789101374
2026-09-11T04:36:28+00:00,601,2,17,True,True,True,1789101374
2026-09-11T04:36:28+00:00,533,2,10,True,True,True,1789101374
2026-09-11T04:36:28+00:00,535,3,18,True,True,True,1789101374
2026-09-11T04:36:28+00:00,524,1,19,True,True,True,1789101374
2026-09-11T04:36:28+00:00,519,11,13,True,True,True,1789101374
2026-09-11T04:36:28+00:00,534,7,32,True,True,True,1789101374
2026-09-11T04:36:28+00:00,521,7,6,True,True,True,1789101374
2026-09-11T04:36:28+00:00,518,2,15,True,True,True,1789101374
2026-09-11T04:36:28+00:00,556,7,11,True,True,True,1789101374
2026-09-11T04:36:28+00:00,525,2,12,True,True,True,1789101374
2026-09-11T04:36:28+00:00,517,3,12,True,True,True,1789101374
2026-09-11T04:36:28+00:00,523,1,29,True,True,True,1789101374
2026-09-11T04:36:28+00:00,522,7,1,True,True,True,1789101374
2026-09-11T04:36:28+00:00,594,3,16,True,True,True,1789101374
2026-09-11T04:36:28+00:00,532,1,18,True,True,True,1789101374
2026-09-11T04:36:28+00:00,509,7,4,True,True,True,1789101374
2026-09-11T04:36:28+00:00,531,0,16,True,True,True,1789101374
2026-09-11T04:36:28+00:00,536,0,8,True,True,True,1789101374
2026-09-11T04:36:28+00:00,562,0,37,True,True,True,1789101374
2026-09-11T04:36:28+00:00,511,6,16,True,True,True,1789101374
2026-09-11T04:36:28+00:00,505,1,16,True,True,True,1789101374
2026-09-11T04:36:28+00:00,501,0,18,True,True,True,1789101374
2026-09-11T04:36:28+00:00,514,11,0,True,True,True,1789101374
2026-09-11T04:36:28+00:00,500,10,5,True,True,True,1789101374
2026-09-11T04:36:28+00:00,503,23,8,True,True,True,1789101374
2026-09-11T04:36:28+00:00,513,0,14,True,True,True,1789101374
2026-09-11T04:36:28+00:00,498,0,11,True,True,True,1789101374
2026-09-11T04:36:28+00:00,507,19,1,True,True,True,1789101374
2026-09-11T04:36:28+00:00,512,21,7,True,True,True,1789101374
2026-09-11T04:36:28+00:00,619,0,42,True,True,True,1789101374
2026-09-11T04:36:28+00:00,474,16,26,True,True,True,1789101374
2026-09-11T04:36:28+00:00,580,0,41,True,True,True,1789101374
2026-09-11T04:36:28+00:00,496,0,42,True,True,True,1789101374
2026-09-11T04:36:28+00:00,482,1,17,True,True,True,1789101374
2026-09-11T04:36:28+00:00,407,8,4,True,True,True,1789101374
2026-09-11T04:36:28+00:00,409,4,20,True,True,True,1789101374
2026-09-11T04:36:28+00:00,451,2,18,True,True,True,1789101374
2026-09-11T04:36:28+00:00,402,2,16,True,True,True,1789101374
2026-09-11T04:36:28+00:00,516,2,10,True,True,True,1789101374
2026-09-11T04:36:28+00:00,625,5,37,True,True,True,1789101374
2026-09-11T04:36:28+00:00,429,2,17,True,True,True,1789101374
2026-09-11T04:36:28+00:00,380,5,14,True,True,True,1789101374
2026-09-11T04:36:28+00:00,583,6,11,True,True,True,1789101374
2026-09-11T04:36:28+00:00,398,3,12,True,True,True,1789101374
2026-09-11T04:36:28+00:00,381,12,2,True,True,True,1789101374
2026-09-11T04:36:28+00:00,464,19,24,True,True,True,1789101374
2026-09-11T04:36:28+00:00,442,14,3,True,True,True,1789101374
2026-09-11T04:36:28+00:00,483,19,2,True,True,True,1789101374
2026-09-11T04:36:28+00:00,458,6,7,True,True,True,1789101374
2026-09-11T04:36:28+00:00,499,10,5,True,True,True,1789101374
2026-09-11T04:36:28+00:00,472,6,10,True,True,True,1789101374
2026-09-11T04:36:28+00:00,506,12,14,True,True,True,1789101374
2026-09-11T04:36:28+00:00,465,4,26,True,True,True,1789101374
2026-09-11T04:36:28+00:00,611,0,39,True,True,True,1789101374
2026-09-11T04:36:28+00:00,404,2,22,True,True,True,1789101374
2026-09-11T04:36:28+00:00,579,8,5,True,True,True,1789101374
2026-09-11T04:36:28+00:00,589,6,19,True,True,True,1789101374
2026-09-11T04:36:28+00:00,434,0,16,True,True,True,1789101374
2026-09-11T04:36:28+00:00,462,7,6,True,True,True,1789101374
2026-09-11T04:36:28+00:00,578,10,13,True,True,True,1789101374
2026-09-11T04:36:28+00:00,415,5,3,True,True,True,1789101374
2026-09-11T04:36:28+00:00,423,17,3,True,True,True,1789101374
2026-09-11T04:36:28+00:00,412,0,9,True,True,True,1789101374
2026-09-11T04:36:28+00:00,387,8,7,True,True,True,1789101374
2026-09-11T04:36:28+00:00,441,6,9,True,True,True,1789101374
2026-09-11T04:36:28+00:00,454,12,10,True,True,True,1789101374
2026-09-11T04:36:28+00:00,436,2,12,True,True,True,1789101374
2026-09-11T04:36:28+00:00,394,10,7,True,True,True,1789101374
2026-09-11T04:36:28+00:00,497,1,23,True,True,True,1789101374
2026-09-11T04:36:28+00:00,581,11,6,True,True,True,1789101374
2026-09-11T04:36:28+00:00,461,9,11,True,True,True,1789101374
2026-09-11T04:36:28+00:00,599,5,43,True,True,True,1789101374
2026-09-11T04:36:28+00:00,428,2,21,True,True,True,1789101374
2026-09-11T04:36:28+00:00,400,0,24,True,True,True,1789101374
2026-09-11T04:36:28+00:00,487,1,19,True,True,True,1789101374
2026-09-11T04:36:28+00:00,438,0,41,True,True,True,1789101374
2026-09-11T04:36:28+00:00,459,4,7,True,True,True,1789101374
2026-09-11T04:36:28+00:00,433,2,14,True,True,True,1789101374
2026-09-11T04:36:28+00:00,399,25,4,True,True,True,1789101374
2026-09-11T04:36:28+00:00,489,11,14,True,True,True,1789101374
2026-09-11T04:36:28+00:00,742,16,12,True,True,True,1789101374
2026-09-11T04:36:28+00:00,551,20,13,True,True,True,1789101374
2026-09-11T04:36:28+00:00,406,4,4,True,True,True,1789101374
2026-09-11T04:36:28+00:00,488,17,5,True,True,True,1789101374
2026-09-11T04:36:28+00:00,540,0,29,True,True,True,1789101374
2026-09-11T04:36:28+00:00,431,2,16,True,True,True,1789101374
2026-09-11T04:36:28+00:00,393,1,18,True,True,True,1789101374
2026-09-11T04:36:28+00:00,420,2,18,True,True,True,1789101374
2026-09-11T04:36:28+00:00,397,10,22,True,True,True,1789101374
2026-09-11T04:36:28+00:00,390,15,13,True,True,True,1789101374
2026-09-11T04:36:28+00:00,449,12,12,True,True,True,1789101374
2026-09-11T04:36:28+00:00,430,7,35,True,True,True,1789101374
2026-09-11T04:36:28+00:00,484,0,32,True,True,True,1789101374
2026-09-11T04:36:28+00:00,479,12,17,True,True,True,1789101374
2026-09-11T04:36:28+00:00,403,1,13,True,True,True,1789101374
2026-09-11T04:36:28+00:00,435,1,27,True,True,True,1789101374
2026-09-11T04:36:28+00:00,426,6,14,True,True,True,1789101374
2026-09-11T04:36:28+00:00,450,3,12,True,True,True,1789101374
2026-09-11T04:36:28+00:00,456,2,30,True,True,True,1789101374
2026-09-11T04:36:28+00:00,468,13,1,True,True,True,1789101374
2026-09-11T04:36:28+00:00,453,6,25,True,True,True,1789101374
2026-09-11T04:36:28+00:00,466,3,11,True,True,True,1789101374
2026-09-11T04:36:28+00:00,469,1,27,True,True,True,1789101374
2026-09-11T04:36:28+00:00,416,4,11,True,True,True,1789101374
2026-09-11T04:36:28+00:00,391,2,10,True,True,True,1789101374
2026-09-11T04:36:28+00:00,389,2,14,True,True,True,1789101374
2026-09-11T04:36:28+00:00,470,5,10,True,True,True,1789101374
2026-09-11T04:36:28+00:00,384,7,8,True,True,True,1789101374
2026-09-11T04:36:28+00:00,425,2,4,True,True,True,1789101374
2026-09-11T04:36:28+00:00,411,5,6,True,True,True,1789101374
2026-09-11T04:36:28+00:00,598,24,8,True,True,True,1789101374
2026-09-11T04:36:28+00:00,444,13,5,True,True,True,1789101374
2026-09-11T04:36:28+00:00,447,30,0,True,True,True,1789101374
2026-09-11T04:36:28+00:00,408,10,2,True,True,True,1789101374
2026-09-11T04:36:28+00:00,737,22,0,True,True,True,1789101374
2026-09-11T04:36:28+00:00,432,4,5,True,True,True,1789101374
2026-09-11T04:36:28+00:00,401,3,2,True,True,True,1789101374
2026-09-11T04:36:28+00:00,452,4,26,True,True,True,1789101374
2026-09-11T04:36:28+00:00,392,8,0,True,True,True,1789101374
2026-09-11T04:36:28+00:00,481,6,35,True,True,True,1789101374
2026-09-11T04:36:28+00:00,495,4,33,True,True,True,1789101374
2026-09-11T04:36:28+00:00,478,11,0,True,True,True,1789101374
2026-09-11T04:36:28+00:00,414,1,9,True,True,True,1789101374
2026-09-11T04:36:28+00:00,476,2,17,True,True,True,1789101374
2026-09-11T04:36:28+00:00,445,8,9,True,True,True,1789101374
2026-09-11T04:36:28+00:00,748,11,18,True,True,True,1789101374
2026-09-11T04:36:28+00:00,473,3,3,True,True,True,1789101374
2026-09-11T04:36:28+00:00,383,0,27,True,True,True,1789101374
2026-09-11T04:36:28+00:00,480,8,13,True,True,True,1789101374
2026-09-11T04:36:28+00:00,421,17,2,True,True,True,1789101374
2026-09-11T04:36:28+00:00,746,1,9,True,True,True,1789101374
2026-09-11T04:36:28+00:00,417,5,7,True,True,True,1789101374
2026-09-11T04:36:28+00:00,427,6,8,True,True,True,1789101374
2026-09-11T04:36:28+00:00,395,1,13,True,True,True,1789101374
2026-09-11T04:36:28+00:00,418,3,23,True,True,True,1789101374
2026-09-11T04:36:28+00:00,413,0,11,True,True,True,1789101374
2026-09-11T04:36:28+00:00,486,2,21,True,True,True,1789101374
2026-09-11T04:36:28+00:00,597,0,13,True,True,True,1789101374
2026-09-11T04:36:28+00:00,422,2,9,True,True,True,1789101374
2026-09-11T04:36:28+00:00,382,7,1,True,True,True,1789101374
2026-09-11T04:36:28+00:00,396,0,24,True,True,True,1789101374
2026-09-11T04:36:28+00:00,735,6,8,True,True,True,1789101374
2026-09-11T04:36:28+00:00,437,4,20,True,True,True,1789101374
2026-09-11T04:36:28+00:00,446,5,16,True,True,True,1789101374
2026-09-11T04:36:28+00:00,424,4,6,True,True,True,1789101374
2026-09-11T04:36:28+00:00,455,10,1,True,True,True,1789101374
2026-09-11T04:36:28+00:00,457,5,5,True,True,True,1789101374
2026-09-11T04:36:28+00:00,377,10,18,True,True,True,1789101374
2026-09-11T04:36:28+00:00,738,10,2,True,True,True,1789101374
2026-09-11T04:36:28+00:00,460,27,0,True,True,True,1789101374
2026-09-11T04:36:28+00:00,744,3,4,True,True,True,1789101374
2026-09-11T04:36:28+00:00,485,16,3,True,True,True,1789101374
2026-09-11T04:51:28+00:00,6026,3,31,True,True,True,1789102286
2026-09-11T04:51:28+00:00,5431,2,16,True,True,True,1789102286
2026-09-11T04:51:28+00:00,5424,2,16,True,True,True,1789102286
2026-09-11T04:51:28+00:00,5220,1,18,True,True,True,1789102286
2026-09-11T04:51:28+00:00,5217,5,24,True,True,True,1789102286
2026-09-11T04:51:28+00:00,5113,10,2,True,True,True,1789102286
2026-09-11T04:51:28+00:00,4683,1,17,True,True,True,1789102286
2026-09-11T04:51:28+00:00,4552,14,4,True,True,True,1789102286
2026-09-11T04:51:28+00:00,3725,0,17,True,True,True,1789102286
2026-09-11T04:51:28+00:00,2358,12,1,True,True,True,1789102286
2026-09-11T04:51:28+00:00,2357,23,1,True,True,True,1789102286
2026-09-11T04:51:28+00:00,2355,3,9,True,True,True,1789102286
2026-09-11T04:51:28+00:00,2351,2,14,True,True,True,1789102286
2026-09-11T04:51:28+00:00,2350,19,4,True,True,True,1789102286
2026-09-11T04:51:28+00:00,2349,4,16,True,True,True,1789102286
2026-09-11T04:51:28+00:00,2347,10,20,True,True,True,1789102286
2026-09-11T04:51:28+00:00,2340,5,16,True,True,True,1789102286
2026-09-11T04:51:28+00:00,2339,12,16,True,True,True,1789102286
2026-09-11T04:51:28+00:00,2337,0,13,True,True,True,1789102286
2026-09-11T04:51:28+00:00,2334,12,0,True,True,True,1789102286
2026-09-11T04:51:28+00:00,2333,10,4,True,True,True,1789102286
2026-09-11T04:51:28+00:00,2332,7,2,True,True,True,1789102286
2026-09-11T04:51:28+00:00,2330,12,2,True,True,True,1789102286
2026-09-11T04:51:28+00:00,2329,6,8,True,True,True,1789102286
2026-09-11T04:51:28+00:00,2328,20,0,True,True,True,1789102286
2026-09-11T04:51:28+00:00,2315,9,6,True,True,True,1789102286
2026-09-11T04:51:28+00:00,2308,7,0,True,True,True,1789102286
2026-09-11T04:51:28+00:00,2307,2,26,True,True,True,1789102286
2026-09-11T04:51:28+00:00,2306,0,18,True,True,True,1789102286
2026-09-11T04:51:28+00:00,2305,6,9,True,True,True,1789102286
2026-09-11T04:51:28+00:00,2304,3,15,True,True,True,1789102286
2026-09-11T04:51:28+00:00,2280,11,2,True,True,True,1789102286
2026-09-11T04:51:28+00:00,2270,17,3,True,True,True,1789102286
2026-09-11T04:51:28+00:00,1919,5,1,True,True,True,1789102286
2026-09-11T04:51:28+00:00,1755,24,8,True,True,True,1789102286
2026-09-11T04:51:28+00:00,1101,15,7,True,True,True,1789102286
2026-09-11T04:51:28+00:00,1023,8,7,True,True,True,1789102286
2026-09-11T04:51:28+00:00,1009,0,10,True,True,True,1789102286
2026-09-11T04:51:28+00:00,970,11,13,True,True,True,1789102286
2026-09-11T04:51:28+00:00,787,10,2,True,True,True,1789102286
2026-09-11T04:51:28+00:00,627,1,28,True,True,True,1789102286
2026-09-11T04:51:28+00:00,623,9,11,True,True,True,1789102286
2026-09-11T04:51:28+00:00,624,7,11,True,True,True,1789102286
2026-09-11T04:51:28+00:00,626,12,9,True,True,True,1789102286
2026-09-11T04:51:28+00:00,614,2,21,True,True,True,1789102286
2026-09-11T04:51:28+00:00,616,8,6,True,True,True,1789102286
2026-09-11T04:51:28+00:00,618,10,30,True,True,True,1789102286
2026-09-11T04:51:28+00:00,621,1,24,True,True,True,1789102286
2026-09-11T04:51:28+00:00,622,14,11,True,True,True,1789102286
2026-09-11T04:51:28+00:00,613,0,18,True,True,True,1789102286
2026-09-11T04:51:28+00:00,620,19,21,True,True,True,1789102286
2026-09-11T04:51:28+00:00,596,9,7,True,True,True,1789102286
2026-09-11T04:51:28+00:00,617,14,4,True,True,True,1789102286
2026-09-11T04:51:28+00:00,609,10,17,True,True,True,1789102286
2026-09-11T04:51:28+00:00,607,5,19,True,True,True,1789102286
2026-09-11T04:51:28+00:00,603,0,13,True,True,True,1789102286
2026-09-11T04:51:28+00:00,590,9,28,True,True,True,1789102286
2026-09-11T04:51:28+00:00,610,2,18,True,True,True,1789102286
2026-09-11T04:51:28+00:00,608,7,13,True,True,True,1789102286
2026-09-11T04:51:28+00:00,593,1,29,True,True,True,1789102286
2026-09-11T04:51:28+00:00,530,1,6,True,True,True,1789102286
2026-09-11T04:51:28+00:00,463,4,15,True,True,True,1789102286
2026-09-11T04:51:28+00:00,475,4,20,True,True,True,1789102286
2026-09-11T04:51:28+00:00,439,1,24,True,True,True,1789102286
2026-09-11T04:51:28+00:00,600,11,0,True,True,True,1789102286
2026-09-11T04:51:28+00:00,440,12,2,True,True,True,1789102286
2026-09-11T04:51:28+00:00,612,3,13,True,True,True,1789102286
2026-09-11T04:51:28+00:00,491,9,7,True,True,True,1789102286
2026-09-11T04:51:28+00:00,493,22,3,True,True,True,1789102286
2026-09-11T04:51:28+00:00,410,25,0,True,True,True,1789102286
2026-09-11T04:51:28+00:00,605,0,17,True,True,True,1789102286
2026-09-11T04:51:28+00:00,388,1,17,True,True,True,1789102286
2026-09-11T04:51:28+00:00,591,9,14,True,True,True,1789102286
2026-09-11T04:51:28+00:00,592,3,14,True,True,True,1789102286
2026-09-11T04:51:28+00:00,585,7,10,True,True,True,1789102286
2026-09-11T04:51:28+00:00,565,5,12,True,True,True,1789102286
2026-09-11T04:51:28+00:00,571,12,8,True,True,True,1789102286
2026-09-11T04:51:28+00:00,568,4,11,True,True,True,1789102286
2026-09-11T04:51:28+00:00,588,4,14,True,True,True,1789102286
2026-09-11T04:51:28+00:00,584,7,26,True,True,True,1789102286
2026-09-11T04:51:28+00:00,569,11,18,True,True,True,1789102286
2026-09-11T04:51:28+00:00,577,6,24,True,True,True,1789102286
2026-09-11T04:51:28+00:00,564,4,25,True,True,True,1789102286
2026-09-11T04:51:28+00:00,570,4,11,True,True,True,1789102286
2026-09-11T04:51:28+00:00,572,11,23,True,True,True,1789102286
2026-09-11T04:51:28+00:00,587,0,15,False,False,False,1789102286
2026-09-11T04:51:28+00:00,586,21,3,True,True,True,1789102286
2026-09-11T04:51:28+00:00,576,1,17,True,True,True,1789102286
2026-09-11T04:51:28+00:00,566,11,13,True,True,True,1789102286
2026-09-11T04:51:28+00:00,602,6,12,True,True,True,1789102286
2026-09-11T04:51:28+00:00,575,0,28,True,True,True,1789102286
2026-09-11T04:51:28+00:00,567,1,37,True,True,True,1789102286
2026-09-11T04:51:28+00:00,582,0,27,True,True,True,1789102286
2026-09-11T04:51:28+00:00,595,18,4,True,True,True,1789102286
2026-09-11T04:51:28+00:00,542,13,6,True,True,True,1789102286
2026-09-11T04:51:28+00:00,563,17,0,True,True,True,1789102286
2026-09-11T04:51:28+00:00,558,6,9,True,True,True,1789102286
2026-09-11T04:51:28+00:00,552,12,5,True,True,True,1789102286
2026-09-11T04:51:28+00:00,555,4,10,True,True,True,1789102286
2026-09-11T04:51:28+00:00,573,16,8,True,True,True,1789102286
2026-09-11T04:51:28+00:00,561,1,21,True,True,True,1789102286
2026-09-11T04:51:28+00:00,615,10,11,True,True,True,1789102286
2026-09-11T04:51:28+00:00,543,5,15,True,True,True,1789102286
2026-09-11T04:51:28+00:00,554,4,15,True,True,True,1789102286
2026-09-11T04:51:28+00:00,574,5,5,True,True,True,1789102286
2026-09-11T04:51:28+00:00,560,0,7,True,True,True,1789102286
2026-09-11T04:51:28+00:00,548,2,14,True,True,True,1789102286
2026-09-11T04:51:28+00:00,559,0,15,True,True,True,1789102286
2026-09-11T04:51:28+00:00,545,4,35,True,True,True,1789102286
2026-09-11T04:51:28+00:00,550,3,5,True,True,True,1789102286
2026-09-11T04:51:28+00:00,541,7,3,True,True,True,1789102286
2026-09-11T04:51:28+00:00,527,1,10,True,True,True,1789102286
2026-09-11T04:51:28+00:00,529,3,16,True,True,True,1789102286
2026-09-11T04:51:28+00:00,526,5,10,True,True,True,1789102286
2026-09-11T04:51:28+00:00,537,1,16,True,True,True,1789102286
2026-09-11T04:51:28+00:00,547,18,12,True,True,True,1789102286
2026-09-11T04:51:28+00:00,601,2,17,True,True,True,1789102286
2026-09-11T04:51:28+00:00,533,2,10,True,True,True,1789102286
2026-09-11T04:51:28+00:00,535,3,18,True,True,True,1789102286
2026-09-11T04:51:28+00:00,524,1,19,True,True,True,1789102286
2026-09-11T04:51:28+00:00,519,11,13,True,True,True,1789102286
2026-09-11T04:51:28+00:00,534,8,31,True,True,True,1789102286
2026-09-11T04:51:28+00:00,521,6,7,True,True,True,1789102286
2026-09-11T04:51:28+00:00,518,2,15,True,True,True,1789102286
2026-09-11T04:51:28+00:00,556,7,11,True,True,True,1789102286
2026-09-11T04:51:28+00:00,525,2,12,True,True,True,1789102286
2026-09-11T04:51:28+00:00,517,3,12,True,True,True,1789102286
2026-09-11T04:51:28+00:00,523,1,29,True,True,True,1789102286
2026-09-11T04:51:28+00:00,522,7,1,True,True,True,1789102286
2026-09-11T04:51:28+00:00,594,3,16,True,True,True,1789102286
2026-09-11T04:51:28+00:00,532,1,18,True,True,True,1789102286
2026-09-11T04:51:28+00:00,509,7,4,True,True,True,1789102286
2026-09-11T04:51:28+00:00,531,0,16,True,True,True,1789102286
2026-09-11T04:51:28+00:00,536,1,7,True,True,True,1789102286
2026-09-11T04:51:28+00:00,562,1,36,True,True,True,1789102286
2026-09-11T04:51:28+00:00,511,7,15,True,True,True,1789102286
2026-09-11T04:51:28+00:00,505,1,16,True,True,True,1789102286
2026-09-11T04:51:28+00:00,501,0,18,True,True,True,1789102286
2026-09-11T04:51:28+00:00,514,11,0,True,True,True,1789102286
2026-09-11T04:51:28+00:00,500,10,5,True,True,True,1789102286
2026-09-11T04:51:28+00:00,503,22,9,True,True,True,1789102286
2026-09-11T04:51:28+00:00,513,0,14,True,True,True,1789102286
2026-09-11T04:51:28+00:00,498,0,11,True,True,True,1789102286
2026-09-11T04:51:28+00:00,507,16,3,True,True,True,1789102286
2026-09-11T04:51:28+00:00,512,21,7,True,True,True,1789102286
2026-09-11T04:51:28+00:00,619,0,42,True,True,True,1789102286
2026-09-11T04:51:28+00:00,474,16,26,True,True,True,1789102286
2026-09-11T04:51:28+00:00,580,0,41,True,True,True,1789102286
2026-09-11T04:51:28+00:00,496,0,42,True,True,True,1789102286
2026-09-11T04:51:28+00:00,482,1,17,True,True,True,1789102286
2026-09-11T04:51:28+00:00,407,7,5,True,True,True,1789102286
2026-09-11T04:51:28+00:00,409,4,20,True,True,True,1789102286
2026-09-11T04:51:28+00:00,451,2,18,True,True,True,1789102286
2026-09-11T04:51:28+00:00,402,2,16,True,True,True,1789102286
2026-09-11T04:51:28+00:00,516,2,10,True,True,True,1789102286
2026-09-11T04:51:28+00:00,625,5,37,True,True,True,1789102286
2026-09-11T04:51:28+00:00,429,2,17,True,True,True,1789102286
2026-09-11T04:51:28+00:00,380,5,14,True,True,True,1789102286
2026-09-11T04:51:28+00:00,583,0,12,True,True,True,1789102286
2026-09-11T04:51:28+00:00,398,3,12,True,True,True,1789102286
2026-09-11T04:51:28+00:00,381,11,3,True,True,True,1789102286
2026-09-11T04:51:28+00:00,464,20,23,True,True,True,1789102286
2026-09-11T04:51:28+00:00,442,13,4,True,True,True,1789102286
2026-09-11T04:51:28+00:00,483,19,2,True,True,True,1789102286
2026-09-11T04:51:28+00:00,458,6,7,True,True,True,1789102286
2026-09-11T04:51:28+00:00,499,10,5,True,True,True,1789102286
2026-09-11T04:51:28+00:00,472,6,10,True,True,True,1789102286
2026-09-11T04:51:28+00:00,506,12,14,True,True,True,1789102286
2026-09-11T04:51:28+00:00,465,5,25,True,True,True,1789102286
2026-09-11T04:51:28+00:00,611,0,39,True,True,True,1789102286
2026-09-11T04:51:28+00:00,404,3,21,True,True,True,1789102286
2026-09-11T04:51:28+00:00,579,8,5,True,True,True,1789102286
2026-09-11T04:51:28+00:00,589,6,19,True,True,True,1789102286
2026-09-11T04:51:28+00:00,434,0,16,True,True,True,1789102286
2026-09-11T04:51:28+00:00,462,7,6,True,True,True,1789102286
2026-09-11T04:51:28+00:00,578,10,13,True,True,True,1789102286
2026-09-11T04:51:28+00:00,415,4,4,True,True,True,1789102286
2026-09-11T04:51:28+00:00,423,17,3,True,True,True,1789102286
2026-09-11T04:51:28+00:00,412,0,9,True,True,True,1789102286
2026-09-11T04:51:28+00:00,387,8,7,True,True,True,1789102286
2026-09-11T04:51:28+00:00,441,6,9,True,True,True,1789102286
2026-09-11T04:51:28+00:00,454,12,10,True,True,True,1789102286
2026-09-11T04:51:28+00:00,436,1,13,True,True,True,1789102286
2026-09-11T04:51:28+00:00,394,10,7,True,True,True,1789102286
2026-09-11T04:51:28+00:00,497,1,23,True,True,True,1789102286
2026-09-11T04:51:28+00:00,581,11,6,True,True,True,1789102286
2026-09-11T04:51:28+00:00,461,9,11,True,True,True,1789102286
2026-09-11T04:51:28+00:00,599,5,43,True,True,True,1789102286
2026-09-11T04:51:28+00:00,428,2,21,True,True,True,1789102286
2026-09-11T04:51:28+00:00,400,0,24,True,True,True,1789102286
2026-09-11T04:51:28+00:00,487,1,19,True,True,True,1789102286
2026-09-11T04:51:28+00:00,438,0,41,True,True,True,1789102286
2026-09-11T04:51:28+00:00,459,2,9,True,True,True,1789102286
2026-09-11T04:51:28+00:00,433,2,14,True,True,True,1789102286
2026-09-11T04:51:28+00:00,399,25,4,True,True,True,1789102286
2026-09-11T04:51:28+00:00,489,10,15,True,True,True,1789102286
2026-09-11T04:51:28+00:00,742,16,12,True,True,True,1789102286
2026-09-11T04:51:28+00:00,551,20,13,True,True,True,1789102286
2026-09-11T04:51:28+00:00,406,4,4,True,True,True,1789102286
2026-09-11T04:51:28+00:00,488,17,5,True,True,True,1789102286
2026-09-11T04:51:28+00:00,540,0,29,True,True,True,1789102286
2026-09-11T04:51:28+00:00,431,2,16,True,True,True,1789102286
2026-09-11T04:51:28+00:00,393,0,19,True,True,True,1789102286
2026-09-11T04:51:28+00:00,420,2,18,True,True,True,1789102286
2026-09-11T04:51:28+00:00,397,10,22,True,True,True,1789102286
2026-09-11T04:51:28+00:00,390,15,13,True,True,True,1789102286
2026-09-11T04:51:28+00:00,449,12,12,True,True,True,1789102286
2026-09-11T04:51:28+00:00,430,7,35,True,True,True,1789102286
2026-09-11T04:51:28+00:00,484,1,31,True,True,True,1789102286
2026-09-11T04:51:28+00:00,479,12,17,True,True,True,1789102286
2026-09-11T04:51:28+00:00,403,1,13,True,True,True,1789102286
2026-09-11T04:51:28+00:00,435,1,27,True,True,True,1789102286
2026-09-11T04:51:28+00:00,426,6,14,True,True,True,1789102286
2026-09-11T04:51:28+00:00,450,3,12,True,True,True,1789102286
2026-09-11T04:51:28+00:00,456,2,30,True,True,True,1789102286
2026-09-11T04:51:28+00:00,468,12,2,True,True,True,1789102286
2026-09-11T04:51:28+00:00,453,7,24,True,True,True,1789102286
2026-09-11T04:51:28+00:00,466,2,12,True,True,True,1789102286
2026-09-11T04:51:28+00:00,469,1,27,True,True,True,1789102286
2026-09-11T04:51:28+00:00,416,4,11,True,True,True,1789102286
2026-09-11T04:51:28+00:00,391,2,10,True,True,True,1789102286
2026-09-11T04:51:28+00:00,389,2,14,True,True,True,1789102286
2026-09-11T04:51:28+00:00,470,5,10,True,True,True,1789102286
2026-09-11T04:51:28+00:00,384,7,8,True,True,True,1789102286
2026-09-11T04:51:28+00:00,425,2,4,True,True,True,1789102286
2026-09-11T04:51:28+00:00,411,5,6,True,True,True,1789102286
2026-09-11T04:51:28+00:00,598,24,8,True,True,True,1789102286
2026-09-11T04:51:28+00:00,444,12,6,True,True,True,1789102286
2026-09-11T04:51:28+00:00,447,29,1,True,True,True,1789102286
2026-09-11T04:51:28+00:00,408,11,1,True,True,True,1789102286
2026-09-11T04:51:28+00:00,737,22,0,True,True,True,1789102286
2026-09-11T04:51:28+00:00,432,4,5,True,True,True,1789102286
2026-09-11T04:51:28+00:00,401,3,2,True,True,True,1789102286
2026-09-11T04:51:28+00:00,452,5,25,True,True,True,1789102286
2026-09-11T04:51:28+00:00,392,7,1,True,True,True,1789102286
2026-09-11T04:51:28+00:00,481,6,35,True,True,True,1789102286
2026-09-11T04:51:28+00:00,495,4,33,True,True,True,1789102286
2026-09-11T04:51:28+00:00,478,11,0,True,True,True,1789102286
2026-09-11T04:51:28+00:00,414,1,9,True,True,True,1789102286
2026-09-11T04:51:28+00:00,476,1,17,True,True,True,1789102286
2026-09-11T04:51:28+00:00,445,8,9,True,True,True,1789102286
2026-09-11T04:51:28+00:00,748,10,19,True,True,True,1789102286
2026-09-11T04:51:28+00:00,473,3,3,True,True,True,1789102286
2026-09-11T04:51:28+00:00,383,0,27,True,True,True,1789102286
2026-09-11T04:51:28+00:00,480,9,12,True,True,True,1789102286
2026-09-11T04:51:28+00:00,421,15,4,True,True,True,1789102286
2026-09-11T04:51:28+00:00,746,1,9,True,True,True,1789102286
2026-09-11T04:51:28+00:00,417,5,7,True,True,True,1789102286
2026-09-11T04:51:28+00:00,427,6,8,True,True,True,1789102286
2026-09-11T04:51:28+00:00,395,1,13,True,True,True,1789102286
2026-09-11T04:51:28+00:00,418,3,23,True,True,True,1789102286
2026-09-11T04:51:28+00:00,413,1,10,True,True,True,1789102286
2026-09-11T04:51:28+00:00,486,2,21,True,True,True,1789102286
2026-09-11T04:51:28+00:00,597,1,12,True,True,True,1789102286
2026-09-11T04:51:28+00:00,422,2,9,True,True,True,1789102286
2026-09-11T04:51:28+00:00,382,4,4,True,True,True,1789102286
2026-09-11T04:51:28+00:00,396,0,24,True,True,True,1789102286
2026-09-11T04:51:28+00:00,735,6,8,True,True,True,1789102286
2026-09-11T04:51:28+00:00,437,4,20,True,True,True,1789102286
2026-09-11T04:51:28+00:00,446,4,17,True,True,True,1789102286
2026-09-11T04:51:28+00:00,424,4,6,True,True,True,1789102286
2026-09-11T04:51:28+00:00,455,9,2,True,True,True,1789102286
2026-09-11T04:51:28+00:00,457,4,6,True,True,True,1789102286
2026-09-11T04:51:28+00:00,377,10,18,True,True,True,1789102286
2026-09-11T04:51:28+00:00,738,10,2,True,True,True,1789102286
2026-09-11T04:51:28+00:00,460,26,1,True,True,True,1789102286
2026-09-11T04:51:28+00:00,744,2,5,True,True,True,1789102286
2026-09-11T04:51:28+00:00,485,15,4,True,True,True,1789102286
2026-09-11T05:06:28+00:00,6026,3,31,True,True,True,1789103186
2026-09-11T05:06:28+00:00,5431,2,16,True,True,True,1789103186
2026-09-11T05:06:28+00:00,5424,2,16,True,True,True,1789103186
2026-09-11T05:06:28+00:00,5220,1,18,True,True,True,1789103186
2026-09-11T05:06:28+00:00,5217,5,24,True,True,True,1789103186
2026-09-11T05:06:28+00:00,5113,10,2,True,True,True,1789103186
2026-09-11T05:06:28+00:00,4683,1,17,True,True,True,1789103186
2026-09-11T05:06:28+00:00,4552,14,4,True,True,True,1789103186
2026-09-11T05:06:28+00:00,3725,0,17,True,True,True,1789103186
2026-09-11T05:06:28+00:00,2358,12,1,True,True,True,1789103186
2026-09-11T05:06:28+00:00,2357,24,0,True,True,True,1789103186
2026-09-11T05:06:28+00:00,2355,3,9,True,True,True,1789103186
2026-09-11T05:06:28+00:00,2351,2,14,True,True,True,1789103186
2026-09-11T05:06:28+00:00,2350,19,4,True,True,True,1789103186
2026-09-11T05:06:28+00:00,2349,4,16,True,True,True,1789103186
2026-09-11T05:06:28+00:00,2347,10,20,True,True,True,1789103186
2026-09-11T05:06:28+00:00,2340,5,16,True,True,True,1789103186
2026-09-11T05:06:28+00:00,2339,13,15,True,True,True,1789103186
2026-09-11T05:06:28+00:00,2337,0,13,True,True,True,1789103186
2026-09-11T05:06:28+00:00,2334,12,0,True,True,True,1789103186
2026-09-11T05:06:28+00:00,2333,10,4,True,True,True,1789103186
2026-09-11T05:06:28+00:00,2332,7,2,True,True,True,1789103186
2026-09-11T05:06:28+00:00,2330,13,1,True,True,True,1789103186
2026-09-11T05:06:28+00:00,2329,6,8,True,True,True,1789103186
2026-09-11T05:06:28+00:00,2328,20,0,True,True,True,1789103186
2026-09-11T05:06:28+00:00,2315,11,4,True,True,True,1789103186
2026-09-11T05:06:28+00:00,2308,7,0,True,True,True,1789103186
2026-09-11T05:06:28+00:00,2307,2,26,True,True,True,1789103186
2026-09-11T05:06:28+00:00,2306,0,18,True,True,True,1789103186
2026-09-11T05:06:28+00:00,2305,6,9,True,True,True,1789103186
2026-09-11T05:06:28+00:00,2304,3,15,True,True,True,1789103186
2026-09-11T05:06:28+00:00,2280,11,2,True,True,True,1789103186
2026-09-11T05:06:28+00:00,2270,16,3,True,True,True,1789103186
2026-09-11T05:06:28+00:00,1919,6,0,True,True,True,1789103186
2026-09-11T05:06:28+00:00,1755,12,20,True,True,True,1789103186
2026-09-11T05:06:28+00:00,1101,15,7,True,True,True,1789103186
2026-09-11T05:06:28+00:00,1023,8,7,True,True,True,1789103186
2026-09-11T05:06:28+00:00,1009,0,10,True,True,True,1789103186
2026-09-11T05:06:28+00:00,970,11,13,True,True,True,1789103186
2026-09-11T05:06:28+00:00,787,11,1,True,True,True,1789103186
2026-09-11T05:06:28+00:00,627,1,28,True,True,True,1789103186
2026-09-11T05:06:28+00:00,623,10,10,True,True,True,1789103186
2026-09-11T05:06:28+00:00,624,6,12,True,True,True,1789103186
2026-09-11T05:06:28+00:00,626,13,8,True,True,True,1789103186
2026-09-11T05:06:28+00:00,614,2,21,True,True,True,1789103186
2026-09-11T05:06:28+00:00,616,9,5,True,True,True,1789103186
2026-09-11T05:06:28+00:00,618,10,30,True,True,True,1789103186
2026-09-11T05:06:28+00:00,621,1,24,True,True,True,1789103186
2026-09-11T05:06:28+00:00,622,14,11,True,True,True,1789103186
2026-09-11T05:06:28+00:00,613,0,18,True,True,True,1789103186
2026-09-11T05:06:28+00:00,620,19,21,True,True,True,1789103186
2026-09-11T05:06:28+00:00,596,9,7,True,True,True,1789103186
2026-09-11T05:06:28+00:00,617,14,4,True,True,True,1789103186
2026-09-11T05:06:28+00:00,609,12,15,True,True,True,1789103186
2026-09-11T05:06:28+00:00,607,5,19,True,True,True,1789103186
2026-09-11T05:06:28+00:00,603,0,13,True,True,True,1789103186
2026-09-11T05:06:28+00:00,590,10,27,True,True,True,1789103186
2026-09-11T05:06:28+00:00,610,2,18,True,True,True,1789103186
2026-09-11T05:06:28+00:00,608,7,13,True,True,True,1789103186
2026-09-11T05:06:28+00:00,593,1,29,True,True,True,1789103186
2026-09-11T05:06:28+00:00,530,1,6,True,True,True,1789103186
2026-09-11T05:06:28+00:00,463,4,15,True,True,True,1789103186
2026-09-11T05:06:28+00:00,475,4,20,True,True,True,1789103186
2026-09-11T05:06:28+00:00,439,1,24,True,True,True,1789103186
2026-09-11T05:06:28+00:00,600,11,0,True,True,True,1789103186
2026-09-11T05:06:28+00:00,440,11,3,True,True,True,1789103186
2026-09-11T05:06:28+00:00,612,3,14,True,True,True,1789103186
2026-09-11T05:06:28+00:00,491,9,7,True,True,True,1789103186
2026-09-11T05:06:28+00:00,493,22,3,True,True,True,1789103186
2026-09-11T05:06:28+00:00,410,25,0,True,True,True,1789103186
2026-09-11T05:06:28+00:00,605,0,17,True,True,True,1789103186
2026-09-11T05:06:28+00:00,388,1,17,True,True,True,1789103186
2026-09-11T05:06:28+00:00,591,9,14,True,True,True,1789103186
2026-09-11T05:06:28+00:00,592,3,14,True,True,True,1789103186
2026-09-11T05:06:28+00:00,585,7,10,True,True,True,1789103186
2026-09-11T05:06:28+00:00,565,5,12,True,True,True,1789103186
2026-09-11T05:06:28+00:00,571,12,8,True,True,True,1789103186
2026-09-11T05:06:28+00:00,568,4,11,True,True,True,1789103186
2026-09-11T05:06:28+00:00,588,4,14,True,True,True,1789103186
2026-09-11T05:06:28+00:00,584,6,27,True,True,True,1789103186
2026-09-11T05:06:28+00:00,569,11,18,True,True,True,1789103186
2026-09-11T05:06:28+00:00,577,5,25,True,True,True,1789103186
2026-09-11T05:06:28+00:00,564,4,25,True,True,True,1789103186
2026-09-11T05:06:28+00:00,570,4,11,True,True,True,1789103186
2026-09-11T05:06:28+00:00,572,11,23,True,True,True,1789103186
2026-09-11T05:06:28+00:00,587,0,15,False,False,False,1789103186
2026-09-11T05:06:28+00:00,586,21,3,True,True,True,1789103186
2026-09-11T05:06:28+00:00,576,1,17,True,True,True,1789103186
2026-09-11T05:06:28+00:00,566,11,13,True,True,True,1789103186
2026-09-11T05:06:28+00:00,602,6,12,True,True,True,1789103186
2026-09-11T05:06:28+00:00,575,0,28,True,True,True,1789103186
2026-09-11T05:06:28+00:00,567,1,37,True,True,True,1789103186
2026-09-11T05:06:28+00:00,582,0,27,True,True,True,1789103186
2026-09-11T05:06:28+00:00,595,18,4,True,True,True,1789103186
2026-09-11T05:06:28+00:00,542,13,6,True,True,True,1789103186
2026-09-11T05:06:28+00:00,563,17,0,True,True,True,1789103186
2026-09-11T05:06:28+00:00,558,8,7,True,True,True,1789103186
2026-09-11T05:06:28+00:00,552,12,5,True,True,True,1789103186
2026-09-11T05:06:28+00:00,555,4,10,True,True,True,1789103186
2026-09-11T05:06:28+00:00,573,16,8,True,True,True,1789103186
2026-09-11T05:06:28+00:00,561,0,22,True,True,True,1789103186
2026-09-11T05:06:28+00:00,615,10,11,True,True,True,1789103186
2026-09-11T05:06:28+00:00,543,14,6,True,True,True,1789103186
2026-09-11T05:06:28+00:00,554,4,15,True,True,True,1789103186
2026-09-11T05:06:28+00:00,574,5,5,True,True,True,1789103186
2026-09-11T05:06:28+00:00,560,0,7,True,True,True,1789103186
2026-09-11T05:06:28+00:00,548,2,14,True,True,True,1789103186
2026-09-11T05:06:28+00:00,559,1,14,True,True,True,1789103186
2026-09-11T05:06:28+00:00,545,4,35,True,True,True,1789103186
2026-09-11T05:06:28+00:00,550,3,5,True,True,True,1789103186
2026-09-11T05:06:28+00:00,541,8,2,True,True,True,1789103186
2026-09-11T05:06:28+00:00,527,2,9,True,True,True,1789103186
2026-09-11T05:06:28+00:00,529,3,16,True,True,True,1789103186
2026-09-11T05:06:28+00:00,526,5,10,True,True,True,1789103186
2026-09-11T05:06:28+00:00,537,1,16,True,True,True,1789103186
2026-09-11T05:06:28+00:00,547,18,12,True,True,True,1789103186
2026-09-11T05:06:28+00:00,601,2,17,True,True,True,1789103186
2026-09-11T05:06:28+00:00,533,2,10,True,True,True,1789103186
2026-09-11T05:06:28+00:00,535,3,18,True,True,True,1789103186
2026-09-11T05:06:28+00:00,524,1,19,True,True,True,1789103186
2026-09-11T05:06:28+00:00,519,11,13,True,True,True,1789103186
2026-09-11T05:06:28+00:00,534,7,32,True,True,True,1789103186
2026-09-11T05:06:28+00:00,521,6,7,True,True,True,1789103186
2026-09-11T05:06:28+00:00,518,2,15,True,True,True,1789103186
2026-09-11T05:06:28+00:00,556,7,11,True,True,True,1789103186
2026-09-11T05:06:28+00:00,525,0,14,True,True,True,1789103186
2026-09-11T05:06:28+00:00,517,3,12,True,True,True,1789103186
2026-09-11T05:06:28+00:00,523,2,28,True,True,True,1789103186
2026-09-11T05:06:28+00:00,522,7,1,True,True,True,1789103186
2026-09-11T05:06:28+00:00,594,3,16,True,True,True,1789103186
2026-09-11T05:06:28+00:00,532,1,18,True,True,True,1789103186
2026-09-11T05:06:28+00:00,509,7,4,True,True,True,1789103186
2026-09-11T05:06:28+00:00,531,0,16,True,True,True,1789103186
2026-09-11T05:06:28+00:00,536,1,7,True,True,True,1789103186
2026-09-11T05:06:28+00:00,562,1,36,True,True,True,1789103186
2026-09-11T05:06:28+00:00,511,8,14,True,True,True,1789103186
2026-09-11T05:06:28+00:00,505,1,16,True,True,True,1789103186
2026-09-11T05:06:28+00:00,501,0,18,True,True,True,1789103186
2026-09-11T05:06:28+00:00,514,10,1,True,True,True,1789103186
2026-09-11T05:06:28+00:00,500,10,5,True,True,True,1789103186
2026-09-11T05:06:28+00:00,503,22,9,True,True,True,1789103186
2026-09-11T05:06:28+00:00,513,0,14,True,True,True,1789103186
2026-09-11T05:06:28+00:00,498,0,11,True,True,True,1789103186
2026-09-11T05:06:28+00:00,507,13,6,True,True,True,1789103186
2026-09-11T05:06:28+00:00,512,21,7,True,True,True,1789103186
2026-09-11T05:06:28+00:00,619,0,42,True,True,True,1789103186
2026-09-11T05:06:28+00:00,474,16,26,True,True,True,1789103186
2026-09-11T05:06:28+00:00,580,0,41,True,True,True,1789103186
2026-09-11T05:06:28+00:00,496,0,42,True,True,True,1789103186
2026-09-11T05:06:28+00:00,482,1,17,True,True,True,1789103186
2026-09-11T05:06:28+00:00,407,7,5,True,True,True,1789103186
2026-09-11T05:06:28+00:00,409,2,22,True,True,True,1789103186
2026-09-11T05:06:28+00:00,451,2,18,True,True,True,1789103186
2026-09-11T05:06:28+00:00,402,2,16,True,True,True,1789103186
2026-09-11T05:06:28+00:00,516,1,11,True,True,True,1789103186
2026-09-11T05:06:28+00:00,625,5,37,True,True,True,1789103186
2026-09-11T05:06:28+00:00,429,2,17,True,True,True,1789103186
2026-09-11T05:06:28+00:00,380,4,15,True,True,True,1789103186
2026-09-11T05:06:28+00:00,583,0,12,True,True,True,1789103186
2026-09-11T05:06:28+00:00,398,3,12,True,True,True,1789103186
2026-09-11T05:06:28+00:00,381,12,2,True,True,True,1789103186
2026-09-11T05:06:28+00:00,464,17,26,True,True,True,1789103186
2026-09-11T05:06:28+00:00,442,13,4,True,True,True,1789103186
2026-09-11T05:06:28+00:00,483,19,2,True,True,True,1789103186
2026-09-11T05:06:28+00:00,458,6,7,True,True,True,1789103186
2026-09-11T05:06:28+00:00,499,9,6,True,True,True,1789103186
2026-09-11T05:06:28+00:00,472,6,10,True,True,True,1789103186
2026-09-11T05:06:28+00:00,506,11,15,True,True,True,1789103186
2026-09-11T05:06:28+00:00,465,9,20,True,True,True,1789103186
2026-09-11T05:06:28+00:00,611,2,37,True,True,True,1789103186
2026-09-11T05:06:28+00:00,404,3,21,True,True,True,1789103186
2026-09-11T05:06:28+00:00,579,8,5,True,True,True,1789103186
2026-09-11T05:06:28+00:00,589,6,19,True,True,True,1789103186
2026-09-11T05:06:28+00:00,434,1,15,True,True,True,1789103186
2026-09-11T05:06:28+00:00,462,7,6,True,True,True,1789103186
2026-09-11T05:06:28+00:00,578,10,13,True,True,True,1789103186
2026-09-11T05:06:28+00:00,415,4,4,True,True,True,1789103186
2026-09-11T05:06:28+00:00,423,16,4,True,True,True,1789103186
2026-09-11T05:06:28+00:00,412,0,9,True,True,True,1789103186
2026-09-11T05:06:28+00:00,387,8,7,True,True,True,1789103186
2026-09-11T05:06:28+00:00,441,6,9,True,True,True,1789103186
2026-09-11T05:06:28+00:00,454,12,10,True,True,True,1789103186
2026-09-11T05:06:28+00:00,436,0,14,True,True,True,1789103186
2026-09-11T05:06:28+00:00,394,9,8,True,True,True,1789103186
2026-09-11T05:06:28+00:00,497,1,23,True,True,True,1789103186
2026-09-11T05:06:28+00:00,581,10,7,True,True,True,1789103186
2026-09-11T05:06:28+00:00,461,9,11,True,True,True,1789103186
2026-09-11T05:06:28+00:00,599,5,43,True,True,True,1789103186
2026-09-11T05:06:28+00:00,428,2,21,True,True,True,1789103186
2026-09-11T05:06:28+00:00,400,0,24,True,True,True,1789103186
2026-09-11T05:06:28+00:00,487,1,19,True,True,True,1789103186
2026-09-11T05:06:28+00:00,438,0,41,True,True,True,1789103186
2026-09-11T05:06:28+00:00,459,2,9,True,True,True,1789103186
2026-09-11T05:06:28+00:00,433,2,14,True,True,True,1789103186
2026-09-11T05:06:28+00:00,399,25,4,True,True,True,1789103186
2026-09-11T05:06:28+00:00,489,9,16,True,True,True,1789103186
2026-09-11T05:06:28+00:00,742,16,12,True,True,True,1789103186
2026-09-11T05:06:28+00:00,551,19,14,True,True,True,1789103186
2026-09-11T05:06:28+00:00,406,4,4,True,True,True,1789103186
2026-09-11T05:06:28+00:00,488,14,8,True,True,True,1789103186
2026-09-11T05:06:28+00:00,540,0,29,True,True,True,1789103186
2026-09-11T05:06:28+00:00,431,1,17,True,True,True,1789103186
2026-09-11T05:06:28+00:00,393,0,19,True,True,True,1789103186
2026-09-11T05:06:28+00:00,420,1,19,True,True,True,1789103186
2026-09-11T05:06:28+00:00,397,10,22,True,True,True,1789103186
2026-09-11T05:06:28+00:00,390,16,12,True,True,True,1789103186
2026-09-11T05:06:28+00:00,449,12,12,True,True,True,1789103186
2026-09-11T05:06:28+00:00,430,7,35,True,True,True,1789103186
2026-09-11T05:06:28+00:00,484,2,30,True,True,True,1789103186
2026-09-11T05:06:28+00:00,479,13,16,True,True,True,1789103186
2026-09-11T05:06:28+00:00,403,1,13,True,True,True,1789103186
2026-09-11T05:06:28+00:00,435,1,27,True,True,True,1789103186
2026-09-11T05:06:28+00:00,426,5,15,True,True,True,1789103186
2026-09-11T05:06:28+00:00,450,2,13,True,True,True,1789103186
2026-09-11T05:06:28+00:00,456,1,31,True,True,True,1789103186
2026-09-11T05:06:28+00:00,468,11,3,True,True,True,1789103186
2026-09-11T05:06:28+00:00,453,7,24,True,True,True,1789103186
2026-09-11T05:06:28+00:00,466,2,12,True,True,True,1789103186
2026-09-11T05:06:28+00:00,469,1,27,True,True,True,1789103186
2026-09-11T05:06:28+00:00,416,4,11,True,True,True,1789103186
2026-09-11T05:06:28+00:00,391,1,11,True,True,True,1789103186
2026-09-11T05:06:28+00:00,389,2,14,True,True,True,1789103186
2026-09-11T05:06:28+00:00,470,5,10,True,True,True,1789103186
2026-09-11T05:06:28+00:00,384,7,8,True,True,True,1789103186
2026-09-11T05:06:28+00:00,425,2,4,True,True,True,1789103186
2026-09-11T05:06:28+00:00,411,5,6,True,True,True,1789103186
2026-09-11T05:06:28+00:00,598,24,8,True,True,True,1789103186
2026-09-11T05:06:28+00:00,444,12,6,True,True,True,1789103186
2026-09-11T05:06:28+00:00,447,29,1,True,True,True,1789103186
2026-09-11T05:06:28+00:00,408,11,1,True,True,True,1789103186
2026-09-11T05:06:28+00:00,737,22,0,True,True,True,1789103186
2026-09-11T05:06:28+00:00,432,4,5,True,True,True,1789103186
2026-09-11T05:06:28+00:00,401,3,2,True,True,True,1789103186
2026-09-11T05:06:28+00:00,452,7,23,True,True,True,1789103186
2026-09-11T05:06:28+00:00,392,7,1,True,True,True,1789103186
2026-09-11T05:06:28+00:00,481,6,35,True,True,True,1789103186
2026-09-11T05:06:28+00:00,495,4,33,True,True,True,1789103186
2026-09-11T05:06:28+00:00,478,11,0,True,True,True,1789103186
2026-09-11T05:06:28+00:00,414,2,8,True,True,True,1789103186
2026-09-11T05:06:28+00:00,476,1,17,True,True,True,1789103186
2026-09-11T05:06:28+00:00,445,8,9,True,True,True,1789103186
2026-09-11T05:06:28+00:00,748,9,20,True,True,True,1789103186
2026-09-11T05:06:28+00:00,473,3,3,True,True,True,1789103186
2026-09-11T05:06:28+00:00,383,0,27,True,True,True,1789103186
2026-09-11T05:06:28+00:00,480,10,11,True,True,True,1789103186
2026-09-11T05:06:28+00:00,421,15,4,True,True,True,1789103186
2026-09-11T05:06:28+00:00,746,1,9,True,True,True,1789103186
2026-09-11T05:06:28+00:00,417,4,8,True,True,True,1789103186
2026-09-11T05:06:28+00:00,427,6,8,True,True,True,1789103186
2026-09-11T05:06:28+00:00,395,1,13,True,True,True,1789103186
2026-09-11T05:06:28+00:00,418,3,23,True,True,True,1789103186
2026-09-11T05:06:28+00:00,413,1,10,True,True,True,1789103186
2026-09-11T05:06:28+00:00,486,2,21,True,True,True,1789103186
2026-09-11T05:06:28+00:00,597,2,11,True,True,True,1789103186
2026-09-11T05:06:28+00:00,422,2,9,True,True,True,1789103186
2026-09-11T05:06:28+00:00,382,3,5,True,True,True,1789103186
2026-09-11T05:06:28+00:00,396,2,22,True,True,True,1789103186
2026-09-11T05:06:28+00:00,735,5,9,True,True,True,1789103186
2026-09-11T05:06:28+00:00,437,5,19,True,True,True,1789103186
2026-09-11T05:06:28+00:00,446,4,17,True,True,True,1789103186
2026-09-11T05:06:28+00:00,424,3,7,True,True,True,1789103186
2026-09-11T05:06:28+00:00,455,9,2,True,True,True,1789103186
2026-09-11T05:06:28+00:00,457,3,7,True,True,True,1789103186
2026-09-11T05:06:28+00:00,377,10,18,True,True,True,1789103186
2026-09-11T05:06:28+00:00,738,10,2,True,True,True,1789103186
2026-09-11T05:06:28+00:00,460,26,1,True,True,True,1789103186
2026-09-11T05:06:28+00:00,744,2,5,True,True,True,1789103186
2026-09-11T05:06:28+00:00,485,14,5,True,True,True,1789103186
2026-09-11T05:21:28+00:00,6026,4,30,True,True,True,1789104070
2026-09-11T05:21:28+00:00,5431,2,16,True,True,True,1789104070
2026-09-11T05:21:28+00:00,5424,2,16,True,True,True,1789104070
2026-09-11T05:21:28+00:00,5220,2,17,True,True,True,1789104070
2026-09-11T05:21:28+00:00,5217,5,24,True,True,True,1789104070
2026-09-11T05:21:28+00:00,5113,10,2,True,True,True,1789104070
2026-09-11T05:21:28+00:00,4683,1,17,True,True,True,1789104070
2026-09-11T05:21:28+00:00,4552,14,4,True,True,True,1789104070
2026-09-11T05:21:28+00:00,3725,0,17,True,True,True,1789104070
2026-09-11T05:21:28+00:00,2358,12,1,True,True,True,1789104070
2026-09-11T05:21:28+00:00,2357,23,1,True,True,True,1789104070
2026-09-11T05:21:28+00:00,2355,3,9,True,True,True,1789104070
2026-09-11T05:21:28+00:00,2351,2,14,True,True,True,1789104070
2026-09-11T05:21:28+00:00,2350,19,4,True,True,True,1789104070
2026-09-11T05:21:28+00:00,2349,4,16,True,True,True,1789104070
2026-09-11T05:21:28+00:00,2347,10,20,True,True,True,1789104070
2026-09-11T05:21:28+00:00,2340,4,17,True,True,True,1789104070
2026-09-11T05:21:28+00:00,2339,13,15,True,True,True,1789104070
2026-09-11T05:21:28+00:00,2337,1,12,True,True,True,1789104070
2026-09-11T05:21:28+00:00,2334,12,0,True,True,True,1789104070
2026-09-11T05:21:28+00:00,2333,10,4,True,True,True,1789104070
2026-09-11T05:21:28+00:00,2332,7,2,True,True,True,1789104070
2026-09-11T05:21:28+00:00,2330,13,1,True,True,True,1789104070
2026-09-11T05:21:28+00:00,2329,7,7,True,True,True,1789104070
2026-09-11T05:21:28+00:00,2328,4,16,True,True,True,1789104070
2026-09-11T05:21:28+00:00,2315,13,2,True,True,True,1789104070
2026-09-11T05:21:28+00:00,2308,7,0,True,True,True,1789104070
2026-09-11T05:21:28+00:00,2307,2,26,True,True,True,1789104070
2026-09-11T05:21:28+00:00,2306,0,18,True,True,True,1789104070
2026-09-11T05:21:28+00:00,2305,6,9,True,True,True,1789104070
2026-09-11T05:21:28+00:00,2304,3,15,True,True,True,1789104070
2026-09-11T05:21:28+00:00,2280,11,2,True,True,True,1789104070
2026-09-11T05:21:28+00:00,2270,15,5,True,True,True,1789104070
2026-09-11T05:21:28+00:00,1919,6,0,True,True,True,1789104070
2026-09-11T05:21:28+00:00,1755,12,20,True,True,True,1789104070
2026-09-11T05:21:28+00:00,1101,15,7,True,True,True,1789104070
2026-09-11T05:21:28+00:00,1023,9,6,True,True,True,1789104070
2026-09-11T05:21:28+00:00,1009,0,10,True,True,True,1789104070
2026-09-11T05:21:28+00:00,970,11,13,True,True,True,1789104070
2026-09-11T05:21:28+00:00,787,11,1,True,True,True,1789104070
2026-09-11T05:21:28+00:00,627,1,28,True,True,True,1789104070
2026-09-11T05:21:28+00:00,623,11,9,True,True,True,1789104070
2026-09-11T05:21:28+00:00,624,6,12,True,True,True,1789104070
2026-09-11T05:21:28+00:00,626,12,9,True,True,True,1789104070
2026-09-11T05:21:28+00:00,614,2,21,True,True,True,1789104070
2026-09-11T05:21:28+00:00,616,10,4,True,True,True,1789104070
2026-09-11T05:21:28+00:00,618,10,30,True,True,True,1789104070
2026-09-11T05:21:28+00:00,621,1,24,True,True,True,1789104070
2026-09-11T05:21:28+00:00,622,14,11,True,True,True,1789104070
2026-09-11T05:21:28+00:00,613,0,18,True,True,True,1789104070
2026-09-11T05:21:28+00:00,620,16,24,True,True,True,1789104070
2026-09-11T05:21:28+00:00,596,8,8,True,True,True,1789104070
2026-09-11T05:21:28+00:00,617,14,4,True,True,True,1789104070
2026-09-11T05:21:28+00:00,609,12,14,True,True,True,1789104070
2026-09-11T05:21:28+00:00,607,5,19,True,True,True,1789104070
2026-09-11T05:21:28+00:00,603,0,13,True,True,True,1789104070
2026-09-11T05:21:28+00:00,590,10,27,True,True,True,1789104070
2026-09-11T05:21:28+00:00,610,2,18,True,True,True,1789104070
2026-09-11T05:21:28+00:00,608,7,13,True,True,True,1789104070
2026-09-11T05:21:28+00:00,593,1,29,True,True,True,1789104070
2026-09-11T05:21:28+00:00,530,1,6,True,True,True,1789104070
2026-09-11T05:21:28+00:00,463,4,15,True,True,True,1789104070
2026-09-11T05:21:28+00:00,475,4,20,True,True,True,1789104070
2026-09-11T05:21:28+00:00,439,2,23,True,True,True,1789104070
2026-09-11T05:21:28+00:00,600,11,0,True,True,True,1789104070
2026-09-11T05:21:28+00:00,440,12,2,True,True,True,1789104070
2026-09-11T05:21:28+00:00,612,2,14,True,True,True,1789104070
2026-09-11T05:21:28+00:00,491,9,7,True,True,True,1789104070
2026-09-11T05:21:28+00:00,493,21,4,True,True,True,1789104070
2026-09-11T05:21:28+00:00,410,25,0,True,True,True,1789104070
2026-09-11T05:21:28+00:00,605,0,17,True,True,True,1789104070
2026-09-11T05:21:28+00:00,388,1,17,True,True,True,1789104070
2026-09-11T05:21:28+00:00,591,9,14,True,True,True,1789104070
2026-09-11T05:21:28+00:00,592,3,14,True,True,True,1789104070
2026-09-11T05:21:28+00:00,585,6,11,True,True,True,1789104070
2026-09-11T05:21:28+00:00,565,5,12,True,True,True,1789104070
2026-09-11T05:21:28+00:00,571,14,6,True,True,True,1789104070
2026-09-11T05:21:28+00:00,568,4,11,True,True,True,1789104070
2026-09-11T05:21:28+00:00,588,4,14,True,True,True,1789104070
2026-09-11T05:21:28+00:00,584,6,27,True,True,True,1789104070
2026-09-11T05:21:28+00:00,569,10,19,True,True,True,1789104070
2026-09-11T05:21:28+00:00,577,6,24,True,True,True,1789104070
2026-09-11T05:21:28+00:00,564,3,26,True,True,True,1789104070
2026-09-11T05:21:28+00:00,570,4,11,True,True,True,1789104070
2026-09-11T05:21:28+00:00,572,12,22,True,True,True,1789104070
2026-09-11T05:21:28+00:00,587,0,15,False,False,False,1789104070
2026-09-11T05:21:28+00:00,586,21,3,True,True,True,1789104070
2026-09-11T05:21:28+00:00,576,1,17,True,True,True,1789104070
2026-09-11T05:21:28+00:00,566,12,12,True,True,True,1789104070
2026-09-11T05:21:28+00:00,602,6,12,True,True,True,1789104070
2026-09-11T05:21:28+00:00,575,0,28,True,True,True,1789104070
2026-09-11T05:21:28+00:00,567,1,37,True,True,True,1789104070
2026-09-11T05:21:28+00:00,582,0,27,True,True,True,1789104070
2026-09-11T05:21:28+00:00,595,18,4,True,True,True,1789104070
2026-09-11T05:21:28+00:00,542,13,6,True,True,True,1789104070
2026-09-11T05:21:28+00:00,563,17,0,True,True,True,1789104070
2026-09-11T05:21:28+00:00,558,8,7,True,True,True,1789104070
2026-09-11T05:21:28+00:00,552,12,5,True,True,True,1789104070
2026-09-11T05:21:28+00:00,555,2,12,True,True,True,1789104070
2026-09-11T05:21:28+00:00,573,16,8,True,True,True,1789104070
2026-09-11T05:21:28+00:00,561,0,22,True,True,True,1789104070
2026-09-11T05:21:28+00:00,615,9,12,True,True,True,1789104070
2026-09-11T05:21:28+00:00,543,15,5,True,True,True,1789104070
2026-09-11T05:21:28+00:00,554,4,15,True,True,True,1789104070
2026-09-11T05:21:28+00:00,574,5,5,True,True,True,1789104070
2026-09-11T05:21:28+00:00,560,0,7,True,True,True,1789104070
2026-09-11T05:21:28+00:00,548,2,14,True,True,True,1789104070
2026-09-11T05:21:28+00:00,559,1,14,True,True,True,1789104070
2026-09-11T05:21:28+00:00,545,4,35,True,True,True,1789104070
2026-09-11T05:21:28+00:00,550,2,6,True,True,True,1789104070
2026-09-11T05:21:28+00:00,541,8,2,True,True,True,1789104070
2026-09-11T05:21:28+00:00,527,4,7,True,True,True,1789104070
2026-09-11T05:21:28+00:00,529,3,16,True,True,True,1789104070
2026-09-11T05:21:28+00:00,526,6,9,True,True,True,1789104070
2026-09-11T05:21:28+00:00,537,2,15,True,True,True,1789104070
2026-09-11T05:21:28+00:00,547,18,12,True,True,True,1789104070
2026-09-11T05:21:28+00:00,601,2,17,True,True,True,1789104070
2026-09-11T05:21:28+00:00,533,2,10,True,True,True,1789104070
2026-09-11T05:21:28+00:00,535,3,18,True,True,True,1789104070
2026-09-11T05:21:28+00:00,524,1,19,True,True,True,1789104070
2026-09-11T05:21:28+00:00,519,11,13,True,True,True,1789104070
2026-09-11T05:21:28+00:00,534,6,33,True,True,True,1789104070
2026-09-11T05:21:28+00:00,521,6,7,True,True,True,1789104070
2026-09-11T05:21:28+00:00,518,1,16,True,True,True,1789104070
2026-09-11T05:21:28+00:00,556,7,11,True,True,True,1789104070
2026-09-11T05:21:28+00:00,525,0,14,True,True,True,1789104070
2026-09-11T05:21:28+00:00,517,2,13,True,True,True,1789104070
2026-09-11T05:21:28+00:00,523,2,28,True,True,True,1789104070
2026-09-11T05:21:28+00:00,522,7,1,True,True,True,1789104070
2026-09-11T05:21:28+00:00,594,2,17,True,True,True,1789104070
2026-09-11T05:21:28+00:00,532,1,18,True,True,True,1789104070
2026-09-11T05:21:28+00:00,509,7,4,True,True,True,1789104070
2026-09-11T05:21:28+00:00,531,0,16,True,True,True,1789104070
2026-09-11T05:21:28+00:00,536,2,6,True,True,True,1789104070
2026-09-11T05:21:28+00:00,562,1,36,True,True,True,1789104070
2026-09-11T05:21:28+00:00,511,10,12,True,True,True,1789104070
2026-09-11T05:21:28+00:00,505,1,16,True,True,True,1789104070
2026-09-11T05:21:28+00:00,501,0,18,True,True,True,1789104070
2026-09-11T05:21:28+00:00,514,9,2,True,True,True,1789104070
2026-09-11T05:21:28+00:00,500,10,5,True,True,True,1789104070
2026-09-11T05:21:28+00:00,503,21,10,True,True,True,1789104070
2026-09-11T05:21:28+00:00,513,0,14,True,True,True,1789104070
2026-09-11T05:21:28+00:00,498,0,11,True,True,True,1789104070
2026-09-11T05:21:28+00:00,507,11,8,True,True,True,1789104070
2026-09-11T05:21:28+00:00,512,21,7,True,True,True,1789104070
2026-09-11T05:21:28+00:00,619,0,42,True,True,True,1789104070
2026-09-11T05:21:28+00:00,474,16,26,True,True,True,1789104070
2026-09-11T05:21:28+00:00,580,0,41,True,True,True,1789104070
2026-09-11T05:21:28+00:00,496,0,42,True,True,True,1789104070
2026-09-11T05:21:28+00:00,482,1,17,True,True,True,1789104070
2026-09-11T05:21:28+00:00,407,6,6,True,True,True,1789104070
2026-09-11T05:21:28+00:00,409,2,22,True,True,True,1789104070
2026-09-11T05:21:28+00:00,451,2,18,True,True,True,1789104070
2026-09-11T05:21:28+00:00,402,2,16,True,True,True,1789104070
2026-09-11T05:21:28+00:00,516,1,11,True,True,True,1789104070
2026-09-11T05:21:28+00:00,625,5,37,True,True,True,1789104070
2026-09-11T05:21:28+00:00,429,3,16,True,True,True,1789104070
2026-09-11T05:21:28+00:00,380,4,15,True,True,True,1789104070
2026-09-11T05:21:28+00:00,583,0,12,True,True,True,1789104070
2026-09-11T05:21:28+00:00,398,3,11,True,True,True,1789104070
2026-09-11T05:21:28+00:00,381,13,1,True,True,True,1789104070
2026-09-11T05:21:28+00:00,464,17,26,True,True,True,1789104070
2026-09-11T05:21:28+00:00,442,13,4,True,True,True,1789104070
2026-09-11T05:21:28+00:00,483,20,1,True,True,True,1789104070
2026-09-11T05:21:28+00:00,458,6,7,True,True,True,1789104070
2026-09-11T05:21:28+00:00,499,8,7,True,True,True,1789104070
2026-09-11T05:21:28+00:00,472,6,10,True,True,True,1789104070
2026-09-11T05:21:28+00:00,506,11,15,True,True,True,1789104070
2026-09-11T05:21:28+00:00,465,13,16,True,True,True,1789104070
2026-09-11T05:21:28+00:00,611,3,36,True,True,True,1789104070
2026-09-11T05:21:28+00:00,404,3,21,True,True,True,1789104070
2026-09-11T05:21:28+00:00,579,6,7,True,True,True,1789104070
2026-09-11T05:21:28+00:00,589,6,19,True,True,True,1789104070
2026-09-11T05:21:28+00:00,434,1,15,True,True,True,1789104070
2026-09-11T05:21:28+00:00,462,6,6,True,True,True,1789104070
2026-09-11T05:21:28+00:00,578,9,14,True,True,True,1789104070
2026-09-11T05:21:28+00:00,415,3,5,True,True,True,1789104070
2026-09-11T05:21:28+00:00,423,14,6,True,True,True,1789104070
2026-09-11T05:21:28+00:00,412,0,9,True,True,True,1789104070
2026-09-11T05:21:28+00:00,387,8,7,True,True,True,1789104070
2026-09-11T05:21:28+00:00,441,6,9,True,True,True,1789104070
2026-09-11T05:21:28+00:00,454,12,10,True,True,True,1789104070
2026-09-11T05:21:28+00:00,436,0,14,True,True,True,1789104070
2026-09-11T05:21:28+00:00,394,9,8,True,True,True,1789104070
2026-09-11T05:21:28+00:00,497,1,23,True,True,True,1789104070
2026-09-11T05:21:28+00:00,581,8,9,True,True,True,1789104070
2026-09-11T05:21:28+00:00,461,8,12,True,True,True,1789104070
2026-09-11T05:21:28+00:00,599,5,43,True,True,True,1789104070
2026-09-11T05:21:28+00:00,428,2,21,True,True,True,1789104070
2026-09-11T05:21:28+00:00,400,0,24,True,True,True,1789104070
2026-09-11T05:21:28+00:00,487,2,18,True,True,True,1789104070
2026-09-11T05:21:28+00:00,438,0,41,True,True,True,1789104070
2026-09-11T05:21:28+00:00,459,2,9,True,True,True,1789104070
2026-09-11T05:21:28+00:00,433,2,14,True,True,True,1789104070
2026-09-11T05:21:28+00:00,399,25,4,True,True,True,1789104070
2026-09-11T05:21:28+00:00,489,8,17,True,True,True,1789104070
2026-09-11T05:21:28+00:00,742,16,12,True,True,True,1789104070
2026-09-11T05:21:28+00:00,551,18,15,True,True,True,1789104070
2026-09-11T05:21:28+00:00,406,4,4,True,True,True,1789104070
2026-09-11T05:21:28+00:00,488,13,9,True,True,True,1789104070
2026-09-11T05:21:28+00:00,540,9,26,True,True,True,1789104070
2026-09-11T05:21:28+00:00,431,1,17,True,True,True,1789104070
2026-09-11T05:21:28+00:00,393,0,19,True,True,True,1789104070
2026-09-11T05:21:28+00:00,420,1,19,True,True,True,1789104070
2026-09-11T05:21:28+00:00,397,10,22,True,True,True,1789104070
2026-09-11T05:21:28+00:00,390,15,12,True,True,True,1789104070
2026-09-11T05:21:28+00:00,449,12,12,True,True,True,1789104070
2026-09-11T05:21:28+00:00,430,7,35,True,True,True,1789104070
2026-09-11T05:21:28+00:00,484,2,30,True,True,True,1789104070
2026-09-11T05:21:28+00:00,479,16,13,True,True,True,1789104070
2026-09-11T05:21:28+00:00,403,1,13,True,True,True,1789104070
2026-09-11T05:21:28+00:00,435,2,26,True,True,True,1789104070
2026-09-11T05:21:28+00:00,426,5,15,True,True,True,1789104070
2026-09-11T05:21:28+00:00,450,2,13,True,True,True,1789104070
2026-09-11T05:21:28+00:00,456,0,32,True,True,True,1789104070
2026-09-11T05:21:28+00:00,468,10,4,True,True,True,1789104070
2026-09-11T05:21:28+00:00,453,7,24,True,True,True,1789104070
2026-09-11T05:21:28+00:00,466,2,12,True,True,True,1789104070
2026-09-11T05:21:28+00:00,469,1,27,True,True,True,1789104070
2026-09-11T05:21:28+00:00,416,3,12,True,True,True,1789104070
2026-09-11T05:21:28+00:00,391,1,11,True,True,True,1789104070
2026-09-11T05:21:28+00:00,389,2,14,True,True,True,1789104070
2026-09-11T05:21:28+00:00,470,5,10,True,True,True,1789104070
2026-09-11T05:21:28+00:00,384,8,7,True,True,True,1789104070
2026-09-11T05:21:28+00:00,425,2,4,True,True,True,1789104070
2026-09-11T05:21:28+00:00,411,5,6,True,True,True,1789104070
2026-09-11T05:21:28+00:00,598,21,11,True,True,True,1789104070
2026-09-11T05:21:28+00:00,444,10,8,True,True,True,1789104070
2026-09-11T05:21:28+00:00,447,29,1,True,True,True,1789104070
2026-09-11T05:21:28+00:00,408,11,1,True,True,True,1789104070
2026-09-11T05:21:28+00:00,737,22,0,True,True,True,1789104070
2026-09-11T05:21:28+00:00,432,4,5,True,True,True,1789104070
2026-09-11T05:21:28+00:00,401,3,2,True,True,True,1789104070
2026-09-11T05:21:28+00:00,452,9,21,True,True,True,1789104070
2026-09-11T05:21:28+00:00,392,6,2,True,True,True,1789104070
2026-09-11T05:21:28+00:00,481,6,35,True,True,True,1789104070
2026-09-11T05:21:28+00:00,495,6,31,True,True,True,1789104070
2026-09-11T05:21:28+00:00,478,11,0,True,True,True,1789104070
2026-09-11T05:21:28+00:00,414,2,8,True,True,True,1789104070
2026-09-11T05:21:28+00:00,476,2,16,True,True,True,1789104070
2026-09-11T05:21:28+00:00,445,9,8,True,True,True,1789104070
2026-09-11T05:21:28+00:00,748,8,21,True,True,True,1789104070
2026-09-11T05:21:28+00:00,473,3,3,True,True,True,1789104070
2026-09-11T05:21:28+00:00,383,0,27,True,True,True,1789104070
2026-09-11T05:21:28+00:00,480,10,11,True,True,True,1789104070
2026-09-11T05:21:28+00:00,421,15,4,True,True,True,1789104070
2026-09-11T05:21:28+00:00,746,1,9,True,True,True,1789104070
2026-09-11T05:21:28+00:00,417,4,8,True,True,True,1789104070
2026-09-11T05:21:28+00:00,427,5,9,True,True,True,1789104070
2026-09-11T05:21:28+00:00,395,2,12,True,True,True,1789104070
2026-09-11T05:21:28+00:00,418,3,23,True,True,True,1789104070
2026-09-11T05:21:28+00:00,413,1,10,True,True,True,1789104070
2026-09-11T05:21:28+00:00,486,2,21,True,True,True,1789104070
2026-09-11T05:21:28+00:00,597,1,12,True,True,True,1789104070
2026-09-11T05:21:28+00:00,422,2,9,True,True,True,1789104070
2026-09-11T05:21:28+00:00,382,3,5,True,True,True,1789104070
2026-09-11T05:21:28+00:00,396,3,21,True,True,True,1789104070
2026-09-11T05:21:28+00:00,735,3,11,True,True,True,1789104070
2026-09-11T05:21:28+00:00,437,6,18,True,True,True,1789104070
2026-09-11T05:21:28+00:00,446,4,17,True,True,True,1789104070
2026-09-11T05:21:28+00:00,424,3,7,True,True,True,1789104070
2026-09-11T05:21:28+00:00,455,6,5,True,True,True,1789104070
2026-09-11T05:21:28+00:00,457,2,8,True,True,True,1789104070
2026-09-11T05:21:28+00:00,377,10,18,True,True,True,1789104070
2026-09-11T05:21:28+00:00,738,9,3,True,True,True,1789104070
2026-09-11T05:21:28+00:00,460,24,3,True,True,True,1789104070
2026-09-11T05:21:28+00:00,744,2,5,True,True,True,1789104070
2026-09-11T05:21:28+00:00,485,14,5,True,True,True,1789104070
2026-09-11T05:36:28+00:00,6026,5,29,True,True,True,1789104975
2026-09-11T05:36:28+00:00,5431,2,16,True,True,True,1789104975
2026-09-11T05:36:28+00:00,5424,2,16,True,True,True,1789104975
2026-09-11T05:36:28+00:00,5220,3,16,True,True,True,1789104975
2026-09-11T05:36:28+00:00,5217,8,21,True,True,True,1789104975
2026-09-11T05:36:28+00:00,5113,11,1,True,True,True,1789104975
2026-09-11T05:36:28+00:00,4683,0,18,True,True,True,1789104975
2026-09-11T05:36:28+00:00,4552,14,4,True,True,True,1789104975
2026-09-11T05:36:28+00:00,3725,15,2,True,True,True,1789104975
2026-09-11T05:36:28+00:00,2358,12,1,True,True,True,1789104975
2026-09-11T05:36:28+00:00,2357,24,0,True,True,True,1789104975
2026-09-11T05:36:28+00:00,2355,3,9,True,True,True,1789104975
2026-09-11T05:36:28+00:00,2351,2,14,True,True,True,1789104975
2026-09-11T05:36:28+00:00,2350,19,4,True,True,True,1789104975
2026-09-11T05:36:28+00:00,2349,4,16,True,True,True,1789104975
2026-09-11T05:36:28+00:00,2347,10,20,True,True,True,1789104975
2026-09-11T05:36:28+00:00,2340,3,18,True,True,True,1789104975
2026-09-11T05:36:28+00:00,2339,13,15,True,True,True,1789104975
2026-09-11T05:36:28+00:00,2337,1,12,True,True,True,1789104975
2026-09-11T05:36:28+00:00,2334,12,0,True,True,True,1789104975
2026-09-11T05:36:28+00:00,2333,11,3,True,True,True,1789104975
2026-09-11T05:36:28+00:00,2332,7,2,True,True,True,1789104975
2026-09-11T05:36:28+00:00,2330,13,1,True,True,True,1789104975
2026-09-11T05:36:28+00:00,2329,8,6,True,True,True,1789104975
2026-09-11T05:36:28+00:00,2328,5,15,True,True,True,1789104975
2026-09-11T05:36:28+00:00,2315,13,2,True,True,True,1789104975
2026-09-11T05:36:28+00:00,2308,7,0,True,True,True,1789104975
2026-09-11T05:36:28+00:00,2307,3,25,True,True,True,1789104975
2026-09-11T05:36:28+00:00,2306,0,18,True,True,True,1789104975
2026-09-11T05:36:28+00:00,2305,6,9,True,True,True,1789104975
2026-09-11T05:36:28+00:00,2304,3,15,True,True,True,1789104975
2026-09-11T05:36:28+00:00,2280,11,2,True,True,True,1789104975
2026-09-11T05:36:28+00:00,2270,15,5,True,True,True,1789104975
2026-09-11T05:36:28+00:00,1919,6,0,True,True,True,1789104975
2026-09-11T05:36:28+00:00,1755,15,17,True,True,True,1789104975
2026-09-11T05:36:28+00:00,1101,15,7,True,True,True,1789104975
2026-09-11T05:36:28+00:00,1023,9,6,True,True,True,1789104975
2026-09-11T05:36:28+00:00,1009,0,10,True,True,True,1789104975
2026-09-11T05:36:28+00:00,970,13,11,True,True,True,1789104975
2026-09-11T05:36:28+00:00,787,12,0,True,True,True,1789104975
2026-09-11T05:36:28+00:00,627,3,26,True,True,True,1789104975
2026-09-11T05:36:28+00:00,623,12,8,True,True,True,1789104975
2026-09-11T05:36:28+00:00,624,6,12,True,True,True,1789104975
2026-09-11T05:36:28+00:00,626,12,9,True,True,True,1789104975
2026-09-11T05:36:28+00:00,614,2,21,True,True,True,1789104975
2026-09-11T05:36:28+00:00,616,9,5,True,True,True,1789104975
2026-09-11T05:36:28+00:00,618,10,30,True,True,True,1789104975
2026-09-11T05:36:28+00:00,621,1,24,True,True,True,1789104975
2026-09-11T05:36:28+00:00,622,14,11,True,True,True,1789104975
2026-09-11T05:36:28+00:00,613,0,18,True,True,True,1789104975
2026-09-11T05:36:28+00:00,620,15,25,True,True,True,1789104975
2026-09-11T05:36:28+00:00,596,6,10,True,True,True,1789104975
2026-09-11T05:36:28+00:00,617,13,5,True,True,True,1789104975
2026-09-11T05:36:28+00:00,609,11,16,True,True,True,1789104975
2026-09-11T05:36:28+00:00,607,4,20,True,True,True,1789104975
2026-09-11T05:36:28+00:00,603,0,13,True,True,True,1789104975
2026-09-11T05:36:28+00:00,590,8,29,True,True,True,1789104975
2026-09-11T05:36:28+00:00,610,2,18,True,True,True,1789104975
2026-09-11T05:36:28+00:00,608,7,13,True,True,True,1789104975
2026-09-11T05:36:28+00:00,593,1,29,True,True,True,1789104975
2026-09-11T05:36:28+00:00,530,1,6,True,True,True,1789104975
2026-09-11T05:36:28+00:00,463,3,16,True,True,True,1789104975
2026-09-11T05:36:28+00:00,475,4,20,True,True,True,1789104975
2026-09-11T05:36:28+00:00,439,2,23,True,True,True,1789104975
2026-09-11T05:36:28+00:00,600,10,1,True,True,True,1789104975
2026-09-11T05:36:28+00:00,440,12,2,True,True,True,1789104975
2026-09-11T05:36:28+00:00,612,2,14,True,True,True,1789104975
2026-09-11T05:36:28+00:00,491,9,7,True,True,True,1789104975
2026-09-11T05:36:28+00:00,493,20,5,True,True,True,1789104975
2026-09-11T05:36:28+00:00,410,23,2,True,True,True,1789104975
2026-09-11T05:36:28+00:00,605,0,17,True,True,True,1789104975
2026-09-11T05:36:28+00:00,388,0,18,True,True,True,1789104975
2026-09-11T05:36:28+00:00,591,9,14,True,True,True,1789104975
2026-09-11T05:36:28+00:00,592,3,14,True,True,True,1789104975
2026-09-11T05:36:28+00:00,585,6,11,True,True,True,1789104975
2026-09-11T05:36:28+00:00,565,5,12,True,True,True,1789104975
2026-09-11T05:36:28+00:00,571,14,6,True,True,True,1789104975
2026-09-11T05:36:28+00:00,568,4,11,True,True,True,1789104975
2026-09-11T05:36:28+00:00,588,4,14,True,True,True,1789104975
2026-09-11T05:36:28+00:00,584,5,28,True,True,True,1789104975
2026-09-11T05:36:28+00:00,569,10,19,True,True,True,1789104975
2026-09-11T05:36:28+00:00,577,6,24,True,True,True,1789104975
2026-09-11T05:36:28+00:00,564,3,26,True,True,True,1789104975
2026-09-11T05:36:28+00:00,570,4,11,True,True,True,1789104975
2026-09-11T05:36:28+00:00,572,12,22,True,True,True,1789104975
2026-09-11T05:36:28+00:00,587,0,15,False,False,False,1789104975
2026-09-11T05:36:28+00:00,586,21,3,True,True,True,1789104975
2026-09-11T05:36:28+00:00,576,1,17,True,True,True,1789104975
2026-09-11T05:36:28+00:00,566,13,11,True,True,True,1789104975
2026-09-11T05:36:28+00:00,602,5,13,True,True,True,1789104975
2026-09-11T05:36:28+00:00,575,0,28,True,True,True,1789104975
2026-09-11T05:36:28+00:00,567,2,36,True,True,True,1789104975
2026-09-11T05:36:28+00:00,582,0,27,True,True,True,1789104975
2026-09-11T05:36:28+00:00,595,18,4,True,True,True,1789104975
2026-09-11T05:36:28+00:00,542,13,6,True,True,True,1789104975
2026-09-11T05:36:28+00:00,563,17,0,True,True,True,1789104975
2026-09-11T05:36:28+00:00,558,8,7,True,True,True,1789104975
2026-09-11T05:36:28+00:00,552,12,5,True,True,True,1789104975
2026-09-11T05:36:28+00:00,555,1,13,True,True,True,1789104975
2026-09-11T05:36:28+00:00,573,16,8,True,True,True,1789104975
2026-09-11T05:36:28+00:00,561,0,22,True,True,True,1789104975
2026-09-11T05:36:28+00:00,615,8,13,True,True,True,1789104975
2026-09-11T05:36:28+00:00,543,14,6,True,True,True,1789104975
2026-09-11T05:36:28+00:00,554,4,15,True,True,True,1789104975
2026-09-11T05:36:28+00:00,574,5,5,True,True,True,1789104975
2026-09-11T05:36:28+00:00,560,0,7,True,True,True,1789104975
2026-09-11T05:36:28+00:00,548,3,13,True,True,True,1789104975
2026-09-11T05:36:28+00:00,559,1,14,True,True,True,1789104975
2026-09-11T05:36:28+00:00,545,4,35,True,True,True,1789104975
2026-09-11T05:36:28+00:00,550,2,6,True,True,True,1789104975
2026-09-11T05:36:28+00:00,541,9,1,True,True,True,1789104975
2026-09-11T05:36:28+00:00,527,5,6,True,True,True,1789104975
2026-09-11T05:36:28+00:00,529,3,16,True,True,True,1789104975
2026-09-11T05:36:28+00:00,526,6,9,True,True,True,1789104975
2026-09-11T05:36:28+00:00,537,2,15,True,True,True,1789104975
2026-09-11T05:36:28+00:00,547,18,12,True,True,True,1789104975
2026-09-11T05:36:28+00:00,601,2,17,True,True,True,1789104975
2026-09-11T05:36:28+00:00,533,2,10,True,True,True,1789104975
2026-09-11T05:36:28+00:00,535,3,18,True,True,True,1789104975
2026-09-11T05:36:28+00:00,524,1,19,True,True,True,1789104975
2026-09-11T05:36:28+00:00,519,11,13,True,True,True,1789104975
2026-09-11T05:36:28+00:00,534,5,34,True,True,True,1789104975
2026-09-11T05:36:28+00:00,521,5,7,True,True,True,1789104975
2026-09-11T05:36:28+00:00,518,1,16,True,True,True,1789104975
2026-09-11T05:36:28+00:00,556,7,11,True,True,True,1789104975
2026-09-11T05:36:28+00:00,525,0,14,True,True,True,1789104975
2026-09-11T05:36:28+00:00,517,2,13,True,True,True,1789104975
2026-09-11T05:36:28+00:00,523,5,24,True,True,True,1789104975
2026-09-11T05:36:28+00:00,522,7,1,True,True,True,1789104975
2026-09-11T05:36:28+00:00,594,2,17,True,True,True,1789104975
2026-09-11T05:36:28+00:00,532,1,18,True,True,True,1789104975
2026-09-11T05:36:28+00:00,509,7,4,True,True,True,1789104975
2026-09-11T05:36:28+00:00,531,0,16,True,True,True,1789104975
2026-09-11T05:36:28+00:00,536,2,6,True,True,True,1789104975
2026-09-11T05:36:28+00:00,562,1,36,True,True,True,1789104975
2026-09-11T05:36:28+00:00,511,11,11,True,True,True,1789104975
2026-09-11T05:36:28+00:00,505,1,16,True,True,True,1789104975
2026-09-11T05:36:28+00:00,501,0,18,True,True,True,1789104975
2026-09-11T05:36:28+00:00,514,8,3,True,True,True,1789104975
2026-09-11T05:36:28+00:00,500,10,5,True,True,True,1789104975
2026-09-11T05:36:28+00:00,503,21,10,True,True,True,1789104975
2026-09-11T05:36:28+00:00,513,0,14,True,True,True,1789104975
2026-09-11T05:36:28+00:00,498,0,11,True,True,True,1789104975
2026-09-11T05:36:28+00:00,507,10,9,True,True,True,1789104975
2026-09-11T05:36:28+00:00,512,17,12,True,True,True,1789104975
2026-09-11T05:36:28+00:00,619,0,42,True,True,True,1789104975
2026-09-11T05:36:28+00:00,474,17,25,True,True,True,1789104975
2026-09-11T05:36:28+00:00,580,0,40,True,True,True,1789104975
2026-09-11T05:36:28+00:00,496,0,42,True,True,True,1789104975
2026-09-11T05:36:28+00:00,482,1,17,True,True,True,1789104975
2026-09-11T05:36:28+00:00,407,6,6,True,True,True,1789104975
2026-09-11T05:36:28+00:00,409,2,22,True,True,True,1789104975
2026-09-11T05:36:28+00:00,451,2,18,True,True,True,1789104975
2026-09-11T05:36:28+00:00,402,2,16,True,True,True,1789104975
2026-09-11T05:36:28+00:00,516,1,11,True,True,True,1789104975
2026-09-11T05:36:28+00:00,625,5,37,True,True,True,1789104975
2026-09-11T05:36:28+00:00,429,3,16,True,True,True,1789104975
2026-09-11T05:36:28+00:00,380,2,17,True,True,True,1789104975
2026-09-11T05:36:28+00:00,583,0,12,True,True,True,1789104975
2026-09-11T05:36:28+00:00,398,0,15,True,True,True,1789104975
2026-09-11T05:36:28+00:00,381,13,1,True,True,True,1789104975
2026-09-11T05:36:28+00:00,464,18,25,True,True,True,1789104975
2026-09-11T05:36:28+00:00,442,13,4,True,True,True,1789104975
2026-09-11T05:36:28+00:00,483,20,1,True,True,True,1789104975
2026-09-11T05:36:28+00:00,458,5,8,True,True,True,1789104975
2026-09-11T05:36:28+00:00,499,7,8,True,True,True,1789104975
2026-09-11T05:36:28+00:00,472,5,11,True,True,True,1789104975
2026-09-11T05:36:28+00:00,506,11,15,True,True,True,1789104975
2026-09-11T05:36:28+00:00,465,17,12,True,True,True,1789104975
2026-09-11T05:36:28+00:00,611,6,33,True,True,True,1789104975
2026-09-11T05:36:28+00:00,404,2,22,True,True,True,1789104975
2026-09-11T05:36:28+00:00,579,5,8,True,True,True,1789104975
2026-09-11T05:36:28+00:00,589,6,19,True,True,True,1789104975
2026-09-11T05:36:28+00:00,434,1,15,True,True,True,1789104975
2026-09-11T05:36:28+00:00,462,5,8,True,True,True,1789104975
2026-09-11T05:36:28+00:00,578,8,15,True,True,True,1789104975
2026-09-11T05:36:28+00:00,415,3,5,True,True,True,1789104975
2026-09-11T05:36:28+00:00,423,15,5,True,True,True,1789104975
2026-09-11T05:36:28+00:00,412,0,9,True,True,True,1789104975
2026-09-11T05:36:28+00:00,387,9,6,True,True,True,1789104975
2026-09-11T05:36:28+00:00,441,6,9,True,True,True,1789104975
2026-09-11T05:36:28+00:00,454,12,10,True,True,True,1789104975
2026-09-11T05:36:28+00:00,436,0,14,True,True,True,1789104975
2026-09-11T05:36:28+00:00,394,9,8,True,True,True,1789104975
2026-09-11T05:36:28+00:00,497,0,24,True,True,True,1789104975
2026-09-11T05:36:28+00:00,581,8,9,True,True,True,1789104975
2026-09-11T05:36:28+00:00,461,8,12,True,True,True,1789104975
2026-09-11T05:36:28+00:00,599,6,42,True,True,True,1789104975
2026-09-11T05:36:28+00:00,428,2,21,True,True,True,1789104975
2026-09-11T05:36:28+00:00,400,0,24,True,True,True,1789104975
2026-09-11T05:36:28+00:00,487,2,18,True,True,True,1789104975
2026-09-11T05:36:28+00:00,438,2,39,True,True,True,1789104975
2026-09-11T05:36:28+00:00,459,1,10,True,True,True,1789104975
2026-09-11T05:36:28+00:00,433,1,15,True,True,True,1789104975
2026-09-11T05:36:28+00:00,399,25,4,True,True,True,1789104975
2026-09-11T05:36:28+00:00,489,8,17,True,True,True,1789104975
2026-09-11T05:36:28+00:00,742,16,12,True,True,True,1789104975
2026-09-11T05:36:28+00:00,551,18,15,True,True,True,1789104975
2026-09-11T05:36:28+00:00,406,3,5,True,True,True,1789104975
2026-09-11T05:36:28+00:00,488,13,9,True,True,True,1789104975
2026-09-11T05:36:28+00:00,540,9,26,True,True,True,1789104975
2026-09-11T05:36:28+00:00,431,0,18,True,True,True,1789104975
2026-09-11T05:36:28+00:00,393,0,19,True,True,True,1789104975
2026-09-11T05:36:28+00:00,420,1,19,True,True,True,1789104975
2026-09-11T05:36:28+00:00,397,10,22,True,True,True,1789104975
2026-09-11T05:36:28+00:00,390,15,13,True,True,True,1789104975
2026-09-11T05:36:28+00:00,449,12,12,True,True,True,1789104975
2026-09-11T05:36:28+00:00,430,7,35,True,True,True,1789104975
2026-09-11T05:36:28+00:00,484,2,30,True,True,True,1789104975
2026-09-11T05:36:28+00:00,479,16,13,True,True,True,1789104975
2026-09-11T05:36:28+00:00,403,1,13,True,True,True,1789104975
2026-09-11T05:36:28+00:00,435,2,26,True,True,True,1789104975
2026-09-11T05:36:28+00:00,426,3,17,True,True,True,1789104975
2026-09-11T05:36:28+00:00,450,0,15,True,True,True,1789104975
2026-09-11T05:36:28+00:00,456,0,32,True,True,True,1789104975
2026-09-11T05:36:28+00:00,468,10,4,True,True,True,1789104975
2026-09-11T05:36:28+00:00,453,8,23,True,True,True,1789104975
2026-09-11T05:36:28+00:00,466,2,12,True,True,True,1789104975
2026-09-11T05:36:28+00:00,469,1,27,True,True,True,1789104975
2026-09-11T05:36:28+00:00,416,1,14,True,True,True,1789104975
2026-09-11T05:36:28+00:00,391,1,11,True,True,True,1789104975
2026-09-11T05:36:28+00:00,389,2,14,True,True,True,1789104975
2026-09-11T05:36:28+00:00,470,5,10,True,True,True,1789104975
2026-09-11T05:36:28+00:00,384,6,9,True,True,True,1789104975
2026-09-11T05:36:28+00:00,425,2,4,True,True,True,1789104975
2026-09-11T05:36:28+00:00,411,5,6,True,True,True,1789104975
2026-09-11T05:36:28+00:00,598,20,12,True,True,True,1789104975
2026-09-11T05:36:28+00:00,444,9,9,True,True,True,1789104975
2026-09-11T05:36:28+00:00,447,30,0,True,True,True,1789104975
2026-09-11T05:36:28+00:00,408,11,1,True,True,True,1789104975
2026-09-11T05:36:28+00:00,737,21,1,True,True,True,1789104975
2026-09-11T05:36:28+00:00,432,3,5,True,True,True,1789104975
2026-09-11T05:36:28+00:00,401,3,3,True,True,True,1789104975
2026-09-11T05:36:28+00:00,452,12,18,True,True,True,1789104975
2026-09-11T05:36:28+00:00,392,6,2,True,True,True,1789104975
2026-09-11T05:36:28+00:00,481,6,35,True,True,True,1789104975
2026-09-11T05:36:28+00:00,495,6,31,True,True,True,1789104975
2026-09-11T05:36:28+00:00,478,10,1,True,True,True,1789104975
2026-09-11T05:36:28+00:00,414,2,8,True,True,True,1789104975
2026-09-11T05:36:28+00:00,476,1,17,True,True,True,1789104975
2026-09-11T05:36:28+00:00,445,8,9,True,True,True,1789104975
2026-09-11T05:36:28+00:00,748,7,21,True,True,True,1789104975
2026-09-11T05:36:28+00:00,473,3,3,True,True,True,1789104975
2026-09-11T05:36:28+00:00,383,0,27,True,True,True,1789104975
2026-09-11T05:36:28+00:00,480,10,11,True,True,True,1789104975
2026-09-11T05:36:28+00:00,421,16,3,True,True,True,1789104975
2026-09-11T05:36:28+00:00,746,1,9,True,True,True,1789104975
2026-09-11T05:36:28+00:00,417,4,8,True,True,True,1789104975
2026-09-11T05:36:28+00:00,427,6,8,True,True,True,1789104975
2026-09-11T05:36:28+00:00,395,2,12,True,True,True,1789104975
2026-09-11T05:36:28+00:00,418,3,23,True,True,True,1789104975
2026-09-11T05:36:28+00:00,413,0,11,True,True,True,1789104975
2026-09-11T05:36:28+00:00,486,2,21,True,True,True,1789104975
2026-09-11T05:36:28+00:00,597,0,13,True,True,True,1789104975
2026-09-11T05:36:28+00:00,422,2,9,True,True,True,1789104975
2026-09-11T05:36:28+00:00,382,3,5,True,True,True,1789104975
2026-09-11T05:36:28+00:00,396,3,21,True,True,True,1789104975
2026-09-11T05:36:28+00:00,735,4,10,True,True,True,1789104975
2026-09-11T05:36:28+00:00,437,8,16,True,True,True,1789104975
2026-09-11T05:36:28+00:00,446,4,17,True,True,True,1789104975
2026-09-11T05:36:28+00:00,424,2,8,True,True,True,1789104975
2026-09-11T05:36:28+00:00,455,6,5,True,True,True,1789104975
2026-09-11T05:36:28+00:00,457,1,9,True,True,True,1789104975
2026-09-11T05:36:28+00:00,377,11,17,True,True,True,1789104975
2026-09-11T05:36:28+00:00,738,9,3,True,True,True,1789104975
2026-09-11T05:36:28+00:00,460,24,3,True,True,True,1789104975
2026-09-11T05:36:28+00:00,744,2,5,True,True,True,1789104975
2026-09-11T05:36:28+00:00,485,12,7,True,True,True,1789104975
2026-09-11T05:51:28+00:00,6026,6,28,True,True,True,1789105875
2026-09-11T05:51:28+00:00,5431,2,16,True,True,True,1789105875
2026-09-11T05:51:28+00:00,5424,2,16,True,True,True,1789105875
2026-09-11T05:51:28+00:00,5220,3,16,True,True,True,1789105875
2026-09-11T05:51:28+00:00,5217,7,22,True,True,True,1789105875
2026-09-11T05:51:28+00:00,5113,11,1,True,True,True,1789105875
2026-09-11T05:51:28+00:00,4683,0,18,True,True,True,1789105875
2026-09-11T05:51:28+00:00,4552,14,4,True,True,True,1789105875
2026-09-11T05:51:28+00:00,3725,15,2,True,True,True,1789105875
2026-09-11T05:51:28+00:00,2358,12,1,True,True,True,1789105875
2026-09-11T05:51:28+00:00,2357,22,2,True,True,True,1789105875
2026-09-11T05:51:28+00:00,2355,2,10,True,True,True,1789105875
2026-09-11T05:51:28+00:00,2351,1,15,True,True,True,1789105875
2026-09-11T05:51:28+00:00,2350,20,3,True,True,True,1789105875
2026-09-11T05:51:28+00:00,2349,4,16,True,True,True,1789105875
2026-09-11T05:51:28+00:00,2347,10,20,True,True,True,1789105875
2026-09-11T05:51:28+00:00,2340,3,18,True,True,True,1789105875
2026-09-11T05:51:28+00:00,2339,12,16,True,True,True,1789105875
2026-09-11T05:51:28+00:00,2337,2,11,True,True,True,1789105875
2026-09-11T05:51:28+00:00,2334,12,0,True,True,True,1789105875
2026-09-11T05:51:28+00:00,2333,12,2,True,True,True,1789105875
2026-09-11T05:51:28+00:00,2332,7,2,True,True,True,1789105875
2026-09-11T05:51:28+00:00,2330,14,0,True,True,True,1789105875
2026-09-11T05:51:28+00:00,2329,8,6,True,True,True,1789105875
2026-09-11T05:51:28+00:00,2328,8,12,True,True,True,1789105875
2026-09-11T05:51:28+00:00,2315,14,1,True,True,True,1789105875
2026-09-11T05:51:28+00:00,2308,7,0,True,True,True,1789105875
2026-09-11T05:51:28+00:00,2307,3,25,True,True,True,1789105875
2026-09-11T05:51:28+00:00,2306,0,18,True,True,True,1789105875
2026-09-11T05:51:28+00:00,2305,4,11,True,True,True,1789105875
2026-09-11T05:51:28+00:00,2304,2,16,True,True,True,1789105875
2026-09-11T05:51:28+00:00,2280,13,0,True,True,True,1789105875
2026-09-11T05:51:28+00:00,2270,15,5,True,True,True,1789105875
2026-09-11T05:51:28+00:00,1919,6,0,True,True,True,1789105875
2026-09-11T05:51:28+00:00,1755,15,17,True,True,True,1789105875
2026-09-11T05:51:28+00:00,1101,15,7,True,True,True,1789105875
2026-09-11T05:51:28+00:00,1023,9,6,True,True,True,1789105875
2026-09-11T05:51:28+00:00,1009,0,10,True,True,True,1789105875
2026-09-11T05:51:28+00:00,970,13,11,True,True,True,1789105875
2026-09-11T05:51:28+00:00,787,12,0,True,True,True,1789105875
2026-09-11T05:51:28+00:00,627,3,26,True,True,True,1789105875
2026-09-11T05:51:28+00:00,623,11,9,True,True,True,1789105875
2026-09-11T05:51:28+00:00,624,6,12,True,True,True,1789105875
2026-09-11T05:51:28+00:00,626,13,8,True,True,True,1789105875
2026-09-11T05:51:28+00:00,614,2,21,True,True,True,1789105875
2026-09-11T05:51:28+00:00,616,9,5,True,True,True,1789105875
2026-09-11T05:51:28+00:00,618,10,30,True,True,True,1789105875
2026-09-11T05:51:28+00:00,621,0,25,True,True,True,1789105875
2026-09-11T05:51:28+00:00,622,11,13,True,True,True,1789105875
2026-09-11T05:51:28+00:00,613,0,18,True,True,True,1789105875
2026-09-11T05:51:28+00:00,620,11,28,True,True,True,1789105875
2026-09-11T05:51:28+00:00,596,7,9,True,True,True,1789105875
2026-09-11T05:51:28+00:00,617,11,7,True,True,True,1789105875
2026-09-11T05:51:28+00:00,609,11,16,True,True,True,1789105875
2026-09-11T05:51:28+00:00,607,2,22,True,True,True,1789105875
2026-09-11T05:51:28+00:00,603,0,13,True,True,True,1789105875
2026-09-11T05:51:28+00:00,590,8,29,True,True,True,1789105875
2026-09-11T05:51:28+00:00,610,2,18,True,True,True,1789105875
2026-09-11T05:51:28+00:00,608,6,13,True,True,True,1789105875
2026-09-11T05:51:28+00:00,593,1,29,True,True,True,1789105875
2026-09-11T05:51:28+00:00,530,1,6,True,True,True,1789105875
2026-09-11T05:51:28+00:00,463,3,16,True,True,True,1789105875
2026-09-11T05:51:28+00:00,475,4,20,True,True,True,1789105875
2026-09-11T05:51:28+00:00,439,1,24,True,True,True,1789105875
2026-09-11T05:51:28+00:00,600,10,1,True,True,True,1789105875
2026-09-11T05:51:28+00:00,440,9,5,True,True,True,1789105875
2026-09-11T05:51:28+00:00,612,2,14,True,True,True,1789105875
2026-09-11T05:51:28+00:00,491,11,5,True,True,True,1789105875
2026-09-11T05:51:28+00:00,493,19,6,True,True,True,1789105875
2026-09-11T05:51:28+00:00,410,20,5,True,True,True,1789105875
2026-09-11T05:51:28+00:00,605,0,17,True,True,True,1789105875
2026-09-11T05:51:28+00:00,388,0,18,True,True,True,1789105875
2026-09-11T05:51:28+00:00,591,7,16,True,True,True,1789105875
2026-09-11T05:51:28+00:00,592,2,15,True,True,True,1789105875
2026-09-11T05:51:28+00:00,585,6,11,True,True,True,1789105875
2026-09-11T05:51:28+00:00,565,4,13,True,True,True,1789105875
2026-09-11T05:51:28+00:00,571,14,6,True,True,True,1789105875
2026-09-11T05:51:28+00:00,568,5,10,True,True,True,1789105875
2026-09-11T05:51:28+00:00,588,4,14,True,True,True,1789105875
2026-09-11T05:51:28+00:00,584,3,30,True,True,True,1789105875
2026-09-11T05:51:28+00:00,569,10,19,True,True,True,1789105875
2026-09-11T05:51:28+00:00,577,7,23,True,True,True,1789105875
2026-09-11T05:51:28+00:00,564,1,28,True,True,True,1789105875
2026-09-11T05:51:28+00:00,570,4,11,True,True,True,1789105875
2026-09-11T05:51:28+00:00,572,11,23,True,True,True,1789105875
2026-09-11T05:51:28+00:00,587,0,15,False,False,False,1789105875
2026-09-11T05:51:28+00:00,586,20,4,True,True,True,1789105875
2026-09-11T05:51:28+00:00,576,1,17,True,True,True,1789105875
2026-09-11T05:51:28+00:00,566,12,12,True,True,True,1789105875
2026-09-11T05:51:28+00:00,602,5,13,True,True,True,1789105875
2026-09-11T05:51:28+00:00,575,0,28,True,True,True,1789105875
2026-09-11T05:51:28+00:00,567,2,36,True,True,True,1789105875
2026-09-11T05:51:28+00:00,582,20,7,True,True,True,1789105875
2026-09-11T05:51:28+00:00,595,19,3,True,True,True,1789105875
2026-09-11T05:51:28+00:00,542,13,6,True,True,True,1789105875
2026-09-11T05:51:28+00:00,563,17,0,True,True,True,1789105875
2026-09-11T05:51:28+00:00,558,10,5,True,True,True,1789105875
2026-09-11T05:51:28+00:00,552,12,5,True,True,True,1789105875
2026-09-11T05:51:28+00:00,555,0,14,True,True,True,1789105875
2026-09-11T05:51:28+00:00,573,16,8,True,True,True,1789105875
2026-09-11T05:51:28+00:00,561,0,22,True,True,True,1789105875
2026-09-11T05:51:28+00:00,615,8,13,True,True,True,1789105875
2026-09-11T05:51:28+00:00,543,14,6,True,True,True,1789105875
2026-09-11T05:51:28+00:00,554,4,15,True,True,True,1789105875
2026-09-11T05:51:28+00:00,574,6,4,True,True,True,1789105875
2026-09-11T05:51:28+00:00,560,0,7,True,True,True,1789105875
2026-09-11T05:51:28+00:00,548,4,12,True,True,True,1789105875
2026-09-11T05:51:28+00:00,559,1,14,True,True,True,1789105875
2026-09-11T05:51:28+00:00,545,4,35,True,True,True,1789105875
2026-09-11T05:51:28+00:00,550,2,6,True,True,True,1789105875
2026-09-11T05:51:28+00:00,541,9,1,True,True,True,1789105875
2026-09-11T05:51:28+00:00,527,6,5,True,True,True,1789105875
2026-09-11T05:51:28+00:00,529,3,16,True,True,True,1789105875
2026-09-11T05:51:28+00:00,526,8,7,True,True,True,1789105875
2026-09-11T05:51:28+00:00,537,3,14,True,True,True,1789105875
2026-09-11T05:51:28+00:00,547,18,12,True,True,True,1789105875
2026-09-11T05:51:28+00:00,601,2,17,True,True,True,1789105875
2026-09-11T05:51:28+00:00,533,3,9,True,True,True,1789105875
2026-09-11T05:51:28+00:00,535,0,20,True,True,True,1789105875
2026-09-11T05:51:28+00:00,524,2,18,True,True,True,1789105875
2026-09-11T05:51:28+00:00,519,8,15,True,True,True,1789105875
2026-09-11T05:51:28+00:00,534,5,34,True,True,True,1789105875
2026-09-11T05:51:28+00:00,521,3,10,True,True,True,1789105875
2026-09-11T05:51:28+00:00,518,0,17,True,True,True,1789105875
2026-09-11T05:51:28+00:00,556,5,13,True,True,True,1789105875
2026-09-11T05:51:28+00:00,525,0,14,True,True,True,1789105875
2026-09-11T05:51:28+00:00,517,2,13,True,True,True,1789105875
2026-09-11T05:51:28+00:00,523,6,24,True,True,True,1789105875
2026-09-11T05:51:28+00:00,522,6,2,True,True,True,1789105875
2026-09-11T05:51:28+00:00,594,2,17,True,True,True,1789105875
2026-09-11T05:51:28+00:00,532,1,18,True,True,True,1789105875
2026-09-11T05:51:28+00:00,509,7,4,True,True,True,1789105875
2026-09-11T05:51:28+00:00,531,0,16,True,True,True,1789105875
2026-09-11T05:51:28+00:00,536,2,6,True,True,True,1789105875
2026-09-11T05:51:28+00:00,562,2,35,True,True,True,1789105875
2026-09-11T05:51:28+00:00,511,11,11,True,True,True,1789105875
2026-09-11T05:51:28+00:00,505,1,16,True,True,True,1789105875
2026-09-11T05:51:28+00:00,501,1,17,True,True,True,1789105875
2026-09-11T05:51:28+00:00,514,6,5,True,True,True,1789105875
2026-09-11T05:51:28+00:00,500,10,5,True,True,True,1789105875
2026-09-11T05:51:28+00:00,503,20,11,True,True,True,1789105875
2026-09-11T05:51:28+00:00,513,0,14,True,True,True,1789105875
2026-09-11T05:51:28+00:00,498,0,11,True,True,True,1789105875
2026-09-11T05:51:28+00:00,507,7,12,True,True,True,1789105875
2026-09-11T05:51:28+00:00,512,17,12,True,True,True,1789105875
2026-09-11T05:51:28+00:00,619,0,42,True,True,True,1789105875
2026-09-11T05:51:28+00:00,474,17,25,True,True,True,1789105875
2026-09-11T05:51:28+00:00,580,0,40,True,True,True,1789105875
2026-09-11T05:51:28+00:00,496,0,42,True,True,True,1789105875
2026-09-11T05:51:28+00:00,482,1,17,True,True,True,1789105875
2026-09-11T05:51:28+00:00,407,5,6,True,True,True,1789105875
2026-09-11T05:51:28+00:00,409,2,22,True,True,True,1789105875
2026-09-11T05:51:28+00:00,451,1,19,True,True,True,1789105875
2026-09-11T05:51:28+00:00,402,0,18,True,True,True,1789105875
2026-09-11T05:51:28+00:00,516,0,12,True,True,True,1789105875
2026-09-11T05:51:28+00:00,625,5,37,True,True,True,1789105875
2026-09-11T05:51:28+00:00,429,3,16,True,True,True,1789105875
2026-09-11T05:51:28+00:00,380,2,17,True,True,True,1789105875
2026-09-11T05:51:28+00:00,583,5,12,True,True,True,1789105875
2026-09-11T05:51:28+00:00,398,0,15,True,True,True,1789105875
2026-09-11T05:51:28+00:00,381,12,2,True,True,True,1789105875
2026-09-11T05:51:28+00:00,464,17,26,True,True,True,1789105875
2026-09-11T05:51:28+00:00,442,14,3,True,True,True,1789105875
2026-09-11T05:51:28+00:00,483,19,2,True,True,True,1789105875
2026-09-11T05:51:28+00:00,458,3,10,True,True,True,1789105875
2026-09-11T05:51:28+00:00,499,6,9,True,True,True,1789105875
2026-09-11T05:51:28+00:00,472,3,13,True,True,True,1789105875
2026-09-11T05:51:28+00:00,506,10,16,True,True,True,1789105875
2026-09-11T05:51:28+00:00,465,19,10,True,True,True,1789105875
2026-09-11T05:51:28+00:00,611,12,27,True,True,True,1789105875
2026-09-11T05:51:28+00:00,404,3,21,True,True,True,1789105875
2026-09-11T05:51:28+00:00,579,5,8,True,True,True,1789105875
2026-09-11T05:51:28+00:00,589,6,19,True,True,True,1789105875
2026-09-11T05:51:28+00:00,434,1,15,True,True,True,1789105875
2026-09-11T05:51:28+00:00,462,4,9,True,True,True,1789105875
2026-09-11T05:51:28+00:00,578,9,15,True,True,True,1789105875
2026-09-11T05:51:28+00:00,415,2,6,True,True,True,1789105875
2026-09-11T05:51:28+00:00,423,15,5,True,True,True,1789105875
2026-09-11T05:51:28+00:00,412,2,7,True,True,True,1789105875
2026-09-11T05:51:28+00:00,387,9,6,True,True,True,1789105875
2026-09-11T05:51:28+00:00,441,6,9,True,True,True,1789105875
2026-09-11T05:51:28+00:00,454,12,10,True,True,True,1789105875
2026-09-11T05:51:28+00:00,436,0,14,True,True,True,1789105875
2026-09-11T05:51:28+00:00,394,7,10,True,True,True,1789105875
2026-09-11T05:51:28+00:00,497,0,24,True,True,True,1789105875
2026-09-11T05:51:28+00:00,581,8,10,True,True,True,1789105875
2026-09-11T05:51:28+00:00,461,7,13,True,True,True,1789105875
2026-09-11T05:51:28+00:00,599,6,42,True,True,True,1789105875
2026-09-11T05:51:28+00:00,428,2,21,True,True,True,1789105875
2026-09-11T05:51:28+00:00,400,1,23,True,True,True,1789105875
2026-09-11T05:51:28+00:00,487,2,18,True,True,True,1789105875
2026-09-11T05:51:28+00:00,438,3,38,True,True,True,1789105875
2026-09-11T05:51:28+00:00,459,0,11,True,True,True,1789105875
2026-09-11T05:51:28+00:00,433,1,15,True,True,True,1789105875
2026-09-11T05:51:28+00:00,399,25,4,True,True,True,1789105875
2026-09-11T05:51:28+00:00,489,9,16,True,True,True,1789105875
2026-09-11T05:51:28+00:00,742,16,12,True,True,True,1789105875
2026-09-11T05:51:28+00:00,551,17,16,True,True,True,1789105875
2026-09-11T05:51:28+00:00,406,1,7,True,True,True,1789105875
2026-09-11T05:51:28+00:00,488,9,13,True,True,True,1789105875
2026-09-11T05:51:28+00:00,540,8,27,True,True,True,1789105875
2026-09-11T05:51:28+00:00,431,0,18,True,True,True,1789105875
2026-09-11T05:51:28+00:00,393,0,19,True,True,True,1789105875
2026-09-11T05:51:28+00:00,420,0,20,True,True,True,1789105875
2026-09-11T05:51:28+00:00,397,10,22,True,True,True,1789105875
2026-09-11T05:51:28+00:00,390,13,15,True,True,True,1789105875
2026-09-11T05:51:28+00:00,449,13,11,True,True,True,1789105875
2026-09-11T05:51:28+00:00,430,9,33,True,True,True,1789105875
2026-09-11T05:51:28+00:00,484,2,30,True,True,True,1789105875
2026-09-11T05:51:28+00:00,479,17,12,True,True,True,1789105875
2026-09-11T05:51:28+00:00,403,0,14,True,True,True,1789105875
2026-09-11T05:51:28+00:00,435,2,26,True,True,True,1789105875
2026-09-11T05:51:28+00:00,426,1,19,True,True,True,1789105875
2026-09-11T05:51:28+00:00,450,0,15,True,True,True,1789105875
2026-09-11T05:51:28+00:00,456,0,32,True,True,True,1789105875
2026-09-11T05:51:28+00:00,468,11,3,True,True,True,1789105875
2026-09-11T05:51:28+00:00,453,8,23,True,True,True,1789105875
2026-09-11T05:51:28+00:00,466,2,12,True,True,True,1789105875
2026-09-11T05:51:28+00:00,469,1,27,True,True,True,1789105875
2026-09-11T05:51:28+00:00,416,1,14,True,True,True,1789105875
2026-09-11T05:51:28+00:00,391,0,12,True,True,True,1789105875
2026-09-11T05:51:28+00:00,389,2,14,True,True,True,1789105875
2026-09-11T05:51:28+00:00,470,5,9,True,True,True,1789105875
2026-09-11T05:51:28+00:00,384,2,14,True,True,True,1789105875
2026-09-11T05:51:28+00:00,425,2,4,True,True,True,1789105875
2026-09-11T05:51:28+00:00,411,5,6,True,True,True,1789105875
2026-09-11T05:51:28+00:00,598,18,14,True,True,True,1789105875
2026-09-11T05:51:28+00:00,444,9,9,True,True,True,1789105875
2026-09-11T05:51:28+00:00,447,30,0,True,True,True,1789105875
2026-09-11T05:51:28+00:00,408,10,2,True,True,True,1789105875
2026-09-11T05:51:28+00:00,737,22,0,True,True,True,1789105875
2026-09-11T05:51:28+00:00,432,5,5,True,True,True,1789105875
2026-09-11T05:51:28+00:00,401,3,3,True,True,True,1789105875
2026-09-11T05:51:28+00:00,452,18,12,True,True,True,1789105875
2026-09-11T05:51:28+00:00,392,4,4,True,True,True,1789105875
2026-09-11T05:51:28+00:00,481,6,35,True,True,True,1789105875
2026-09-11T05:51:28+00:00,495,7,30,True,True,True,1789105875
2026-09-11T05:51:28+00:00,478,10,1,True,True,True,1789105875
2026-09-11T05:51:28+00:00,414,3,7,True,True,True,1789105875
2026-09-11T05:51:28+00:00,476,0,18,True,True,True,1789105875
2026-09-11T05:51:28+00:00,445,8,9,True,True,True,1789105875
2026-09-11T05:51:28+00:00,748,5,24,True,True,True,1789105875
2026-09-11T05:51:28+00:00,473,2,4,True,True,True,1789105875
2026-09-11T05:51:28+00:00,383,0,27,True,True,True,1789105875
2026-09-11T05:51:28+00:00,480,11,10,True,True,True,1789105875
2026-09-11T05:51:28+00:00,421,14,5,True,True,True,1789105875
2026-09-11T05:51:28+00:00,746,2,8,True,True,True,1789105875
2026-09-11T05:51:28+00:00,417,2,10,True,True,True,1789105875
2026-09-11T05:51:28+00:00,427,5,9,True,True,True,1789105875
2026-09-11T05:51:28+00:00,395,1,13,True,True,True,1789105875
2026-09-11T05:51:28+00:00,418,4,22,True,True,True,1789105875
2026-09-11T05:51:28+00:00,413,0,11,True,True,True,1789105875
2026-09-11T05:51:28+00:00,486,2,21,True,True,True,1789105875
2026-09-11T05:51:28+00:00,597,1,12,True,True,True,1789105875
2026-09-11T05:51:28+00:00,422,3,9,True,True,True,1789105875
2026-09-11T05:51:28+00:00,382,2,6,True,True,True,1789105875
2026-09-11T05:51:28+00:00,396,6,18,True,True,True,1789105875
2026-09-11T05:51:28+00:00,735,4,10,True,True,True,1789105875
2026-09-11T05:51:28+00:00,437,10,14,True,True,True,1789105875
2026-09-11T05:51:28+00:00,446,3,18,True,True,True,1789105875
2026-09-11T05:51:28+00:00,424,1,9,True,True,True,1789105875
2026-09-11T05:51:28+00:00,455,6,5,True,True,True,1789105875
2026-09-11T05:51:28+00:00,457,1,9,True,True,True,1789105875
2026-09-11T05:51:28+00:00,377,10,18,True,True,True,1789105875
2026-09-11T05:51:28+00:00,738,9,3,True,True,True,1789105875
2026-09-11T05:51:28+00:00,460,24,3,True,True,True,1789105875
2026-09-11T05:51:28+00:00,744,2,5,True,True,True,1789105875
2026-09-11T05:51:28+00:00,485,7,11,True,True,True,1789105875
