polled_at_utc,station_id,num_bikes_available,num_docks_available,is_renting,is_returning,is_installed,last_reported
2026-10-04T00:11:36+00:00,6026,15,18,True,True,True,1791072688
2026-10-04T00:11:36+00:00,5431,2,19,True,True,True,1791072688
2026-10-04T00:11:36+00:00,5424,3,15,True,True,True,1791072688
2026-10-04T00:11:36+00:00,5220,0,20,True,True,True,1791072688
2026-10-04T00:11:36+00:00,5217,6,23,True,True,True,1791072688
2026-10-04T00:11:36+00:00,5113,12,3,True,True,True,1791072688
2026-10-04T00:11:36+00:00,4683,0,20,True,True,True,1791072688
2026-10-04T00:11:36+00:00,4552,7,11,True,True,True,1791072688
2026-10-04T00:11:36+00:00,3725,1,17,True,True,True,1791072688
2026-10-04T00:11:36+00:00,2358,3,9,True,True,True,1791072688
2026-10-04T00:11:36+00:00,2357,5,16,True,True,True,1791072688
2026-10-04T00:11:36+00:00,2355,0,12,True,True,True,1791072688
2026-10-04T00:11:36+00:00,2351,6,11,True,True,True,1791072688
2026-10-04T00:11:36+00:00,2350,15,8,True,True,True,1791072688
2026-10-04T00:11:36+00:00,2349,2,19,True,True,True,1791072688
2026-10-04T00:11:36+00:00,2347,10,20,True,True,True,1791072688
2026-10-04T00:11:36+00:00,2340,14,10,True,True,True,1791072688
2026-10-04T00:11:36+00:00,2339,14,14,True,True,True,1791072688
2026-10-04T00:11:36+00:00,2337,12,2,True,True,True,1791072688
2026-10-04T00:11:36+00:00,2334,1,10,True,True,True,1791072688
2026-10-04T00:11:36+00:00,2333,11,4,True,True,True,1791072688
2026-10-04T00:11:36+00:00,2332,1,8,True,True,True,1791072688
2026-10-04T00:11:36+00:00,2330,12,1,True,True,True,1791072688
2026-10-04T00:11:36+00:00,2329,13,1,True,True,True,1791072688
2026-10-04T00:11:36+00:00,2328,3,16,True,True,True,1791072688
2026-10-04T00:11:36+00:00,2315,10,8,True,True,True,1791072688
2026-10-04T00:11:36+00:00,2308,2,6,True,True,True,1791072688
2026-10-04T00:11:36+00:00,2307,7,22,True,True,True,1791072688
2026-10-04T00:11:36+00:00,2306,0,18,True,True,True,1791072688
2026-10-04T00:11:36+00:00,2305,10,4,True,True,True,1791072688
2026-10-04T00:11:36+00:00,2304,4,12,True,True,True,1791072688
2026-10-04T00:11:36+00:00,2280,6,6,True,True,True,1791072688
2026-10-04T00:11:36+00:00,2270,1,18,True,True,True,1791072688
2026-10-04T00:11:36+00:00,1919,2,4,True,True,True,1791072688
2026-10-04T00:11:36+00:00,1755,1,30,True,True,True,1791072688
2026-10-04T00:11:36+00:00,1101,5,18,True,True,True,1791072688
2026-10-04T00:11:36+00:00,1023,11,2,True,True,True,1791072688
2026-10-04T00:11:36+00:00,1009,2,8,True,True,True,1791072688
2026-10-04T00:11:36+00:00,970,4,20,True,True,True,1791072688
2026-10-04T00:11:36+00:00,787,12,0,True,True,True,1791072688
2026-10-04T00:11:36+00:00,627,3,27,True,True,True,1791072688
2026-10-04T00:11:36+00:00,623,16,3,True,True,True,1791072688
2026-10-04T00:11:36+00:00,624,6,13,True,True,True,1791072688
2026-10-04T00:11:36+00:00,626,2,20,True,True,True,1791072688
2026-10-04T00:11:36+00:00,614,5,17,True,True,True,1791072688
2026-10-04T00:11:36+00:00,616,15,0,True,True,True,1791072688
2026-10-04T00:11:36+00:00,618,7,35,True,True,True,1791072688
2026-10-04T00:11:36+00:00,621,7,19,True,True,True,1791072688
2026-10-04T00:11:36+00:00,622,1,27,True,True,True,1791072688
2026-10-04T00:11:36+00:00,613,1,15,True,True,True,1791072688
2026-10-04T00:11:36+00:00,620,23,16,True,True,True,1791072688
2026-10-04T00:11:36+00:00,596,2,15,True,True,True,1791072688
2026-10-04T00:11:36+00:00,617,7,12,True,True,True,1791072688
2026-10-04T00:11:36+00:00,609,9,18,True,True,True,1791072688
2026-10-04T00:11:36+00:00,607,7,22,True,True,True,1791072688
2026-10-04T00:11:36+00:00,603,11,6,True,True,True,1791072688
2026-10-04T00:11:36+00:00,590,8,29,True,True,True,1791072688
2026-10-04T00:11:36+00:00,610,2,17,True,True,True,1791072688
2026-10-04T00:11:36+00:00,608,3,15,True,True,True,1791072688
2026-10-04T00:11:36+00:00,593,15,14,True,True,True,1791072688
2026-10-04T00:11:36+00:00,530,5,3,True,True,True,1791072688
2026-10-04T00:11:36+00:00,463,16,1,True,True,True,1791072688
2026-10-04T00:11:36+00:00,475,20,3,True,True,True,1791072688
2026-10-04T00:11:36+00:00,439,12,12,True,True,True,1791072688
2026-10-04T00:11:36+00:00,600,9,0,True,True,True,1791072688
2026-10-04T00:11:36+00:00,440,5,10,True,True,True,1791072688
2026-10-04T00:11:36+00:00,612,3,15,True,True,True,1791072688
2026-10-04T00:11:36+00:00,491,15,3,True,True,True,1791072688
2026-10-04T00:11:36+00:00,493,23,5,True,True,True,1791072688
2026-10-04T00:11:36+00:00,410,5,20,True,True,True,1791072688
2026-10-04T00:11:36+00:00,605,4,14,True,True,True,1791072688
2026-10-04T00:11:36+00:00,388,15,1,True,True,True,1791072688
2026-10-04T00:11:36+00:00,591,21,2,True,True,True,1791072688
2026-10-04T00:11:36+00:00,592,3,15,True,True,True,1791072688
2026-10-04T00:11:36+00:00,585,0,0,True,True,True,1791072688
2026-10-04T00:11:36+00:00,565,0,18,True,True,True,1791072688
2026-10-04T00:11:36+00:00,571,15,3,True,True,True,1791072688
2026-10-04T00:11:36+00:00,568,5,10,True,True,True,1791072688
2026-10-04T00:11:36+00:00,588,5,14,True,True,True,1791072688
2026-10-04T00:11:36+00:00,584,1,33,True,True,True,1791072688
2026-10-04T00:11:36+00:00,569,11,18,True,True,True,1791072688
2026-10-04T00:11:36+00:00,577,9,20,True,True,True,1791072688
2026-10-04T00:11:36+00:00,564,0,29,True,True,True,1791072688
2026-10-04T00:11:36+00:00,570,3,12,True,True,True,1791072688
2026-10-04T00:11:36+00:00,572,8,31,True,True,True,1791072688
2026-10-04T00:11:36+00:00,586,11,14,True,True,True,1791072688
2026-10-04T00:11:36+00:00,576,10,7,True,True,True,1791072688
2026-10-04T00:11:36+00:00,566,24,0,True,True,True,1791072688
2026-10-04T00:11:36+00:00,602,6,12,True,True,True,1791072688
2026-10-04T00:11:36+00:00,575,6,23,True,True,True,1791072688
2026-10-04T00:11:36+00:00,567,20,18,True,True,True,1791072688
2026-10-04T00:11:36+00:00,582,12,12,True,True,True,1791072688
2026-10-04T00:11:36+00:00,595,23,0,True,True,True,1791072688
2026-10-04T00:11:36+00:00,542,12,6,True,True,True,1791072688
2026-10-04T00:11:36+00:00,563,7,9,True,True,True,1791072688
2026-10-04T00:11:36+00:00,558,6,9,True,True,True,1791072688
2026-10-04T00:11:36+00:00,552,6,12,True,True,True,1791072688
2026-10-04T00:11:36+00:00,555,1,12,True,True,True,1791072688
2026-10-04T00:11:36+00:00,573,4,20,True,True,True,1791072688
2026-10-04T00:11:36+00:00,561,7,15,True,True,True,1791072688
2026-10-04T00:11:36+00:00,615,5,16,True,True,True,1791072688
2026-10-04T00:11:36+00:00,543,1,18,True,True,True,1791072688
2026-10-04T00:11:36+00:00,554,0,19,True,True,True,1791072688
2026-10-04T00:11:36+00:00,574,11,0,True,True,True,1791072688
2026-10-04T00:11:36+00:00,560,1,7,True,True,True,1791072688
2026-10-04T00:11:36+00:00,548,3,14,True,True,True,1791072688
2026-10-04T00:11:36+00:00,559,5,12,True,True,True,1791072688
2026-10-04T00:11:36+00:00,545,24,15,True,True,True,1791072688
2026-10-04T00:11:36+00:00,550,3,6,True,True,True,1791072688
2026-10-04T00:11:36+00:00,541,7,3,True,True,True,1791072688
2026-10-04T00:11:36+00:00,527,9,1,True,True,True,1791072688
2026-10-04T00:11:36+00:00,529,7,14,True,True,True,1791072688
2026-10-04T00:11:36+00:00,526,12,2,True,True,True,1791072688
2026-10-04T00:11:36+00:00,537,15,4,True,True,True,1791072688
2026-10-04T00:11:36+00:00,547,20,7,True,True,True,1791072688
2026-10-04T00:11:36+00:00,601,4,14,True,True,True,1791072688
2026-10-04T00:11:36+00:00,533,2,10,True,True,True,1791072688
2026-10-04T00:11:36+00:00,535,0,25,True,True,True,1791072688
2026-10-04T00:11:36+00:00,524,5,15,True,True,True,1791072688
2026-10-04T00:11:36+00:00,519,7,15,True,True,True,1791072688
2026-10-04T00:11:36+00:00,534,8,31,True,True,True,1791072688
2026-10-04T00:11:36+00:00,521,5,8,True,True,True,1791072688
2026-10-04T00:11:36+00:00,518,1,17,True,True,True,1791072688
2026-10-04T00:11:36+00:00,556,0,18,True,True,True,1791072688
2026-10-04T00:11:36+00:00,525,1,13,True,True,True,1791072688
2026-10-04T00:11:36+00:00,517,2,15,True,True,True,1791072688
2026-10-04T00:11:36+00:00,523,8,22,True,True,True,1791072688
2026-10-04T00:11:36+00:00,522,6,3,True,True,True,1791072688
2026-10-04T00:11:36+00:00,594,3,15,True,True,True,1791072688
2026-10-04T00:11:36+00:00,532,5,15,True,True,True,1791072688
2026-10-04T00:11:36+00:00,509,8,3,True,True,True,1791072688
2026-10-04T00:11:36+00:00,531,9,9,True,True,True,1791072688
2026-10-04T00:11:36+00:00,536,0,9,True,True,True,1791072688
2026-10-04T00:11:36+00:00,562,18,21,True,True,True,1791072688
2026-10-04T00:11:36+00:00,511,8,15,True,True,True,1791072688
2026-10-04T00:11:36+00:00,505,1,20,True,True,True,1791072688
2026-10-04T00:11:36+00:00,501,1,17,True,True,True,1791072688
2026-10-04T00:11:36+00:00,514,5,7,True,True,True,1791072688
2026-10-04T00:11:36+00:00,500,7,10,True,True,True,1791072688
2026-10-04T00:11:36+00:00,503,6,22,True,True,True,1791072688
2026-10-04T00:11:36+00:00,513,3,12,True,True,True,1791072688
2026-10-04T00:11:36+00:00,498,0,12,True,True,True,1791072688
2026-10-04T00:11:36+00:00,507,16,2,True,True,True,1791072688
2026-10-04T00:11:36+00:00,512,3,24,True,True,True,1791072688
2026-10-04T00:11:36+00:00,619,21,21,True,True,True,1791072688
2026-10-04T00:11:36+00:00,474,32,10,True,True,True,1791072688
2026-10-04T00:11:36+00:00,580,10,35,True,True,True,1791072688
2026-10-04T00:11:36+00:00,496,21,22,True,True,True,1791072688
2026-10-04T00:11:36+00:00,482,1,16,True,True,True,1791072688
2026-10-04T00:11:36+00:00,407,2,11,True,True,True,1791072688
2026-10-04T00:11:36+00:00,409,4,21,True,True,True,1791072688
2026-10-04T00:11:36+00:00,451,3,17,True,True,True,1791072688
2026-10-04T00:11:36+00:00,402,9,10,True,True,True,1791072688
2026-10-04T00:11:36+00:00,516,3,11,True,True,True,1791072688
2026-10-04T00:11:36+00:00,625,6,34,True,True,True,1791072688
2026-10-04T00:11:36+00:00,429,4,17,True,True,True,1791072688
2026-10-04T00:11:36+00:00,380,10,14,True,True,True,1791072688
2026-10-04T00:11:36+00:00,583,6,12,True,True,True,1791072688
2026-10-04T00:11:36+00:00,398,6,11,True,True,True,1791072688
2026-10-04T00:11:36+00:00,381,13,2,True,True,True,1791072688
2026-10-04T00:11:36+00:00,464,15,28,True,True,True,1791072688
2026-10-04T00:11:36+00:00,442,16,0,True,True,True,1791072688
2026-10-04T00:11:36+00:00,483,10,10,True,True,True,1791072688
2026-10-04T00:11:36+00:00,458,2,12,True,True,True,1791072688
2026-10-04T00:11:36+00:00,499,4,11,True,True,True,1791072688
2026-10-04T00:11:36+00:00,472,11,8,True,True,True,1791072688
2026-10-04T00:11:36+00:00,506,4,20,True,True,True,1791072688
2026-10-04T00:11:36+00:00,465,7,21,True,True,True,1791072688
2026-10-04T00:11:36+00:00,611,16,21,True,True,True,1791072688
2026-10-04T00:11:36+00:00,404,12,14,True,True,True,1791072688
2026-10-04T00:11:36+00:00,579,0,17,True,True,True,1791072688
2026-10-04T00:11:36+00:00,589,3,23,True,True,True,1791072688
2026-10-04T00:11:36+00:00,434,6,14,True,True,True,1791072688
2026-10-04T00:11:36+00:00,462,3,12,True,True,True,1791072688
2026-10-04T00:11:36+00:00,578,3,19,True,True,True,1791072688
2026-10-04T00:11:36+00:00,415,1,11,True,True,True,1791072688
2026-10-04T00:11:36+00:00,423,20,0,True,True,True,1791072688
2026-10-04T00:11:36+00:00,412,6,1,True,True,True,1791072688
2026-10-04T00:11:36+00:00,387,10,4,True,True,True,1791072688
2026-10-04T00:11:36+00:00,441,0,15,True,True,True,1791072688
2026-10-04T00:11:36+00:00,454,2,20,True,True,True,1791072688
2026-10-04T00:11:36+00:00,436,0,12,True,True,True,1791072688
2026-10-04T00:11:36+00:00,394,2,16,True,True,True,1791072688
2026-10-04T00:11:36+00:00,497,14,13,True,True,True,1791072688
2026-10-04T00:11:36+00:00,581,6,17,True,True,True,1791072688
2026-10-04T00:11:36+00:00,461,1,17,True,True,True,1791072688
2026-10-04T00:11:36+00:00,599,24,21,True,True,True,1791072688
2026-10-04T00:11:36+00:00,428,6,17,True,True,True,1791072688
2026-10-04T00:11:36+00:00,400,3,21,True,True,True,1791072688
2026-10-04T00:11:36+00:00,487,0,21,True,True,True,1791072688
2026-10-04T00:11:36+00:00,438,23,16,True,True,True,1791072688
2026-10-04T00:11:36+00:00,459,2,10,True,True,True,1791072688
2026-10-04T00:11:36+00:00,433,2,15,True,True,True,1791072688
2026-10-04T00:11:36+00:00,399,5,25,True,True,True,1791072688
2026-10-04T00:11:36+00:00,489,18,9,True,True,True,1791072688
2026-10-04T00:11:36+00:00,742,17,10,True,True,True,1791072688
2026-10-04T00:11:36+00:00,551,24,7,True,True,True,1791072688
2026-10-04T00:11:36+00:00,406,10,1,True,True,True,1791072688
2026-10-04T00:11:36+00:00,488,5,17,True,True,True,1791072688
2026-10-04T00:11:36+00:00,540,18,16,True,True,True,1791072688
2026-10-04T00:11:36+00:00,431,3,17,True,True,True,1791072688
2026-10-04T00:11:36+00:00,393,10,10,True,True,True,1791072688
2026-10-04T00:11:36+00:00,420,17,0,True,True,True,1791072688
2026-10-04T00:11:36+00:00,397,1,27,True,True,True,1791072688
2026-10-04T00:11:36+00:00,390,17,12,True,True,True,1791072688
2026-10-04T00:11:36+00:00,449,11,13,True,True,True,1791072688
2026-10-04T00:11:36+00:00,430,9,33,True,True,True,1791072688
2026-10-04T00:11:36+00:00,484,10,24,True,True,True,1791072688
2026-10-04T00:11:36+00:00,479,8,22,True,True,True,1791072688
2026-10-04T00:11:36+00:00,403,2,12,True,True,True,1791072688
2026-10-04T00:11:36+00:00,435,2,28,True,True,True,1791072688
2026-10-04T00:11:36+00:00,426,10,10,True,True,True,1791072688
2026-10-04T00:11:36+00:00,450,8,6,True,True,True,1791072688
2026-10-04T00:11:36+00:00,456,13,20,True,True,True,1791072688
2026-10-04T00:11:36+00:00,468,15,0,True,True,True,1791072688
2026-10-04T00:11:36+00:00,453,22,11,True,True,True,1791072688
2026-10-04T00:11:36+00:00,466,2,13,True,True,True,1791072688
2026-10-04T00:11:36+00:00,469,2,28,True,True,True,1791072688
2026-10-04T00:11:36+00:00,416,1,14,True,True,True,1791072688
2026-10-04T00:11:36+00:00,391,1,12,True,True,True,1791072688
2026-10-04T00:11:36+00:00,389,1,14,True,True,True,1791072688
2026-10-04T00:11:36+00:00,470,1,13,True,True,True,1791072688
2026-10-04T00:11:36+00:00,384,15,0,True,True,True,1791072688
2026-10-04T00:11:36+00:00,425,1,6,True,True,True,1791072688
2026-10-04T00:11:36+00:00,411,3,8,True,True,True,1791072688
2026-10-04T00:11:36+00:00,598,13,20,True,True,True,1791072688
2026-10-04T00:11:36+00:00,444,16,2,True,True,True,1791072688
2026-10-04T00:11:36+00:00,447,11,19,True,True,True,1791072688
2026-10-04T00:11:36+00:00,408,2,11,True,True,True,1791072688
2026-10-04T00:11:36+00:00,737,22,1,True,True,True,1791072688
2026-10-04T00:11:36+00:00,432,1,10,True,True,True,1791072688
2026-10-04T00:11:36+00:00,401,5,0,True,True,True,1791072688
2026-10-04T00:11:36+00:00,452,3,25,True,True,True,1791072688
2026-10-04T00:11:36+00:00,392,7,0,True,True,True,1791072688
2026-10-04T00:11:36+00:00,481,8,34,True,True,True,1791072688
2026-10-04T00:11:36+00:00,495,15,26,True,True,True,1791072688
2026-10-04T00:11:36+00:00,478,2,11,True,True,True,1791072688
2026-10-04T00:11:36+00:00,414,2,9,True,True,True,1791072688
2026-10-04T00:11:36+00:00,476,15,4,True,True,True,1791072688
2026-10-04T00:11:36+00:00,445,7,11,True,True,True,1791072688
2026-10-04T00:11:36+00:00,748,10,17,True,True,True,1791072688
2026-10-04T00:11:36+00:00,473,2,5,True,True,True,1791072688
2026-10-04T00:11:36+00:00,383,0,25,True,True,True,1791072688
2026-10-04T00:11:36+00:00,480,20,4,True,True,True,1791072688
2026-10-04T00:11:36+00:00,421,14,6,True,True,True,1791072688
2026-10-04T00:11:36+00:00,746,8,3,True,True,True,1791072688
2026-10-04T00:11:36+00:00,417,1,11,True,True,True,1791072688
2026-10-04T00:11:36+00:00,427,2,12,True,True,True,1791072688
2026-10-04T00:11:36+00:00,395,5,9,True,True,True,1791072688
2026-10-04T00:11:36+00:00,418,7,20,True,True,True,1791072688
2026-10-04T00:11:36+00:00,413,2,10,True,True,True,1791072688
2026-10-04T00:11:36+00:00,486,8,14,True,True,True,1791072688
2026-10-04T00:11:36+00:00,597,13,2,True,True,True,1791072688
2026-10-04T00:11:36+00:00,422,1,10,True,True,True,1791072688
2026-10-04T00:11:36+00:00,382,1,7,True,True,True,1791072688
2026-10-04T00:11:36+00:00,396,11,10,True,True,True,1791072688
2026-10-04T00:11:36+00:00,735,13,0,True,True,True,1791072688
2026-10-04T00:11:36+00:00,437,9,15,True,True,True,1791072688
2026-10-04T00:11:36+00:00,446,5,17,True,True,True,1791072688
2026-10-04T00:11:36+00:00,424,0,6,True,True,True,1791072688
2026-10-04T00:11:36+00:00,455,12,0,True,True,True,1791072688
2026-10-04T00:11:36+00:00,457,0,10,True,True,True,1791072688
2026-10-04T00:11:36+00:00,377,5,24,True,True,True,1791072688
2026-10-04T00:11:36+00:00,738,11,1,True,True,True,1791072688
2026-10-04T00:11:36+00:00,460,10,19,True,True,True,1791072688
2026-10-04T00:11:36+00:00,744,5,4,True,True,True,1791072688
2026-10-04T00:11:36+00:00,485,5,14,True,True,True,1791072688
2026-10-04T00:26:36+00:00,6026,15,18,True,True,True,1791073594
2026-10-04T00:26:36+00:00,5431,2,19,True,True,True,1791073594
2026-10-04T00:26:36+00:00,5424,3,15,True,True,True,1791073594
2026-10-04T00:26:36+00:00,5220,0,20,True,True,True,1791073594
2026-10-04T00:26:36+00:00,5217,6,23,True,True,True,1791073594
2026-10-04T00:26:36+00:00,5113,12,3,True,True,True,1791073594
2026-10-04T00:26:36+00:00,4683,0,20,True,True,True,1791073594
2026-10-04T00:26:36+00:00,4552,7,11,True,True,True,1791073594
2026-10-04T00:26:36+00:00,3725,1,17,True,True,True,1791073594
2026-10-04T00:26:36+00:00,2358,3,9,True,True,True,1791073594
2026-10-04T00:26:36+00:00,2357,5,16,True,True,True,1791073594
2026-10-04T00:26:36+00:00,2355,0,12,True,True,True,1791073594
2026-10-04T00:26:36+00:00,2351,6,11,True,True,True,1791073594
2026-10-04T00:26:36+00:00,2350,15,8,True,True,True,1791073594
2026-10-04T00:26:36+00:00,2349,2,19,True,True,True,1791073594
2026-10-04T00:26:36+00:00,2347,10,20,True,True,True,1791073594
2026-10-04T00:26:36+00:00,2340,14,10,True,True,True,1791073594
2026-10-04T00:26:36+00:00,2339,14,14,True,True,True,1791073594
2026-10-04T00:26:36+00:00,2337,12,2,True,True,True,1791073594
2026-10-04T00:26:36+00:00,2334,1,10,True,True,True,1791073594
2026-10-04T00:26:36+00:00,2333,11,4,True,True,True,1791073594
2026-10-04T00:26:36+00:00,2332,1,8,True,True,True,1791073594
2026-10-04T00:26:36+00:00,2330,12,1,True,True,True,1791073594
2026-10-04T00:26:36+00:00,2329,13,1,True,True,True,1791073594
2026-10-04T00:26:36+00:00,2328,3,16,True,True,True,1791073594
2026-10-04T00:26:36+00:00,2315,10,8,True,True,True,1791073594
2026-10-04T00:26:36+00:00,2308,2,6,True,True,True,1791073594
2026-10-04T00:26:36+00:00,2307,7,22,True,True,True,1791073594
2026-10-04T00:26:36+00:00,2306,0,18,True,True,True,1791073594
2026-10-04T00:26:36+00:00,2305,10,4,True,True,True,1791073594
2026-10-04T00:26:36+00:00,2304,4,12,True,True,True,1791073594
2026-10-04T00:26:36+00:00,2280,6,6,True,True,True,1791073594
2026-10-04T00:26:36+00:00,2270,1,18,True,True,True,1791073594
2026-10-04T00:26:36+00:00,1919,2,4,True,True,True,1791073594
2026-10-04T00:26:36+00:00,1755,1,30,True,True,True,1791073594
2026-10-04T00:26:36+00:00,1101,5,18,True,True,True,1791073594
2026-10-04T00:26:36+00:00,1023,11,2,True,True,True,1791073594
2026-10-04T00:26:36+00:00,1009,2,8,True,True,True,1791073594
2026-10-04T00:26:36+00:00,970,4,20,True,True,True,1791073594
2026-10-04T00:26:36+00:00,787,12,0,True,True,True,1791073594
2026-10-04T00:26:36+00:00,627,3,27,True,True,True,1791073594
2026-10-04T00:26:36+00:00,623,16,3,True,True,True,1791073594
2026-10-04T00:26:36+00:00,624,6,13,True,True,True,1791073594
2026-10-04T00:26:36+00:00,626,2,20,True,True,True,1791073594
2026-10-04T00:26:36+00:00,614,5,17,True,True,True,1791073594
2026-10-04T00:26:36+00:00,616,15,0,True,True,True,1791073594
2026-10-04T00:26:36+00:00,618,7,35,True,True,True,1791073594
2026-10-04T00:26:36+00:00,621,7,19,True,True,True,1791073594
2026-10-04T00:26:36+00:00,622,1,27,True,True,True,1791073594
2026-10-04T00:26:36+00:00,613,1,15,True,True,True,1791073594
2026-10-04T00:26:36+00:00,620,23,16,True,True,True,1791073594
2026-10-04T00:26:36+00:00,596,2,15,True,True,True,1791073594
2026-10-04T00:26:36+00:00,617,7,12,True,True,True,1791073594
2026-10-04T00:26:36+00:00,609,9,18,True,True,True,1791073594
2026-10-04T00:26:36+00:00,607,7,22,True,True,True,1791073594
2026-10-04T00:26:36+00:00,603,11,6,True,True,True,1791073594
2026-10-04T00:26:36+00:00,590,8,29,True,True,True,1791073594
2026-10-04T00:26:36+00:00,610,2,17,True,True,True,1791073594
2026-10-04T00:26:36+00:00,608,3,15,True,True,True,1791073594
2026-10-04T00:26:36+00:00,593,15,14,True,True,True,1791073594
2026-10-04T00:26:36+00:00,530,5,3,True,True,True,1791073594
2026-10-04T00:26:36+00:00,463,16,1,True,True,True,1791073594
2026-10-04T00:26:36+00:00,475,20,3,True,True,True,1791073594
2026-10-04T00:26:36+00:00,439,12,12,True,True,True,1791073594
2026-10-04T00:26:36+00:00,600,9,0,True,True,True,1791073594
2026-10-04T00:26:36+00:00,440,5,10,True,True,True,1791073594
2026-10-04T00:26:36+00:00,612,3,15,True,True,True,1791073594
2026-10-04T00:26:36+00:00,491,15,3,True,True,True,1791073594
2026-10-04T00:26:36+00:00,493,23,5,True,True,True,1791073594
2026-10-04T00:26:36+00:00,410,5,20,True,True,True,1791073594
2026-10-04T00:26:36+00:00,605,4,14,True,True,True,1791073594
2026-10-04T00:26:36+00:00,388,15,1,True,True,True,1791073594
2026-10-04T00:26:36+00:00,591,21,2,True,True,True,1791073594
2026-10-04T00:26:36+00:00,592,3,15,True,True,True,1791073594
2026-10-04T00:26:36+00:00,585,0,0,True,True,True,1791073594
2026-10-04T00:26:36+00:00,565,0,18,True,True,True,1791073594
2026-10-04T00:26:36+00:00,571,15,3,True,True,True,1791073594
2026-10-04T00:26:36+00:00,568,5,10,True,True,True,1791073594
2026-10-04T00:26:36+00:00,588,5,14,True,True,True,1791073594
2026-10-04T00:26:36+00:00,584,1,33,True,True,True,1791073594
2026-10-04T00:26:36+00:00,569,11,18,True,True,True,1791073594
2026-10-04T00:26:36+00:00,577,9,20,True,True,True,1791073594
2026-10-04T00:26:36+00:00,564,0,29,True,True,True,1791073594
2026-10-04T00:26:36+00:00,570,3,12,True,True,True,1791073594
2026-10-04T00:26:36+00:00,572,8,31,True,True,True,1791073594
2026-10-04T00:26:36+00:00,586,11,14,True,True,True,1791073594
2026-10-04T00:26:36+00:00,576,10,7,True,True,True,1791073594
2026-10-04T00:26:36+00:00,566,24,0,True,True,True,1791073594
2026-10-04T00:26:36+00:00,602,6,12,True,True,True,1791073594
2026-10-04T00:26:36+00:00,575,6,23,True,True,True,1791073594
2026-10-04T00:26:36+00:00,567,20,18,True,True,True,1791073594
2026-10-04T00:26:36+00:00,582,12,12,True,True,True,1791073594
2026-10-04T00:26:36+00:00,595,23,0,True,True,True,1791073594
2026-10-04T00:26:36+00:00,542,12,6,True,True,True,1791073594
2026-10-04T00:26:36+00:00,563,7,9,True,True,True,1791073594
2026-10-04T00:26:36+00:00,558,6,9,True,True,True,1791073594
2026-10-04T00:26:36+00:00,552,6,12,True,True,True,1791073594
2026-10-04T00:26:36+00:00,555,1,12,True,True,True,1791073594
2026-10-04T00:26:36+00:00,573,4,20,True,True,True,1791073594
2026-10-04T00:26:36+00:00,561,7,15,True,True,True,1791073594
2026-10-04T00:26:36+00:00,615,5,16,True,True,True,1791073594
2026-10-04T00:26:36+00:00,543,1,18,True,True,True,1791073594
2026-10-04T00:26:36+00:00,554,0,19,True,True,True,1791073594
2026-10-04T00:26:36+00:00,574,11,0,True,True,True,1791073594
2026-10-04T00:26:36+00:00,560,1,7,True,True,True,1791073594
2026-10-04T00:26:36+00:00,548,3,14,True,True,True,1791073594
2026-10-04T00:26:36+00:00,559,5,12,True,True,True,1791073594
2026-10-04T00:26:36+00:00,545,24,15,True,True,True,1791073594
2026-10-04T00:26:36+00:00,550,3,6,True,True,True,1791073594
2026-10-04T00:26:36+00:00,541,7,3,True,True,True,1791073594
2026-10-04T00:26:36+00:00,527,9,1,True,True,True,1791073594
2026-10-04T00:26:36+00:00,529,7,14,True,True,True,1791073594
2026-10-04T00:26:36+00:00,526,12,2,True,True,True,1791073594
2026-10-04T00:26:36+00:00,537,15,4,True,True,True,1791073594
2026-10-04T00:26:36+00:00,547,20,7,True,True,True,1791073594
2026-10-04T00:26:36+00:00,601,4,14,True,True,True,1791073594
2026-10-04T00:26:36+00:00,533,2,10,True,True,True,1791073594
2026-10-04T00:26:36+00:00,535,0,25,True,True,True,1791073594
2026-10-04T00:26:36+00:00,524,5,15,True,True,True,1791073594
2026-10-04T00:26:36+00:00,519,7,15,True,True,True,1791073594
2026-10-04T00:26:36+00:00,534,8,31,True,True,True,1791073594
2026-10-04T00:26:36+00:00,521,5,8,True,True,True,1791073594
2026-10-04T00:26:36+00:00,518,1,17,True,True,True,1791073594
2026-10-04T00:26:36+00:00,556,0,18,True,True,True,1791073594
2026-10-04T00:26:36+00:00,525,1,13,True,True,True,1791073594
2026-10-04T00:26:36+00:00,517,2,15,True,True,True,1791073594
2026-10-04T00:26:36+00:00,523,8,22,True,True,True,1791073594
2026-10-04T00:26:36+00:00,522,6,3,True,True,True,1791073594
2026-10-04T00:26:36+00:00,594,3,15,True,True,True,1791073594
2026-10-04T00:26:36+00:00,532,5,15,True,True,True,1791073594
2026-10-04T00:26:36+00:00,509,8,3,True,True,True,1791073594
2026-10-04T00:26:36+00:00,531,9,9,True,True,True,1791073594
2026-10-04T00:26:36+00:00,536,0,9,True,True,True,1791073594
2026-10-04T00:26:36+00:00,562,18,21,True,True,True,1791073594
2026-10-04T00:26:36+00:00,511,8,15,True,True,True,1791073594
2026-10-04T00:26:36+00:00,505,1,20,True,True,True,1791073594
2026-10-04T00:26:36+00:00,501,1,17,True,True,True,1791073594
2026-10-04T00:26:36+00:00,514,5,7,True,True,True,1791073594
2026-10-04T00:26:36+00:00,500,7,10,True,True,True,1791073594
2026-10-04T00:26:36+00:00,503,6,22,True,True,True,1791073594
2026-10-04T00:26:36+00:00,513,3,12,True,True,True,1791073594
2026-10-04T00:26:36+00:00,498,0,12,True,True,True,1791073594
2026-10-04T00:26:36+00:00,507,16,2,True,True,True,1791073594
2026-10-04T00:26:36+00:00,512,3,24,True,True,True,1791073594
2026-10-04T00:26:36+00:00,619,21,21,True,True,True,1791073594
2026-10-04T00:26:36+00:00,474,32,10,True,True,True,1791073594
2026-10-04T00:26:36+00:00,580,10,35,True,True,True,1791073594
2026-10-04T00:26:36+00:00,496,21,22,True,True,True,1791073594
2026-10-04T00:26:36+00:00,482,1,16,True,True,True,1791073594
2026-10-04T00:26:36+00:00,407,2,11,True,True,True,1791073594
2026-10-04T00:26:36+00:00,409,4,21,True,True,True,1791073594
2026-10-04T00:26:36+00:00,451,3,17,True,True,True,1791073594
2026-10-04T00:26:36+00:00,402,9,10,True,True,True,1791073594
2026-10-04T00:26:36+00:00,516,3,11,True,True,True,1791073594
2026-10-04T00:26:36+00:00,625,6,34,True,True,True,1791073594
2026-10-04T00:26:36+00:00,429,4,17,True,True,True,1791073594
2026-10-04T00:26:36+00:00,380,10,14,True,True,True,1791073594
2026-10-04T00:26:36+00:00,583,6,12,True,True,True,1791073594
2026-10-04T00:26:36+00:00,398,6,11,True,True,True,1791073594
2026-10-04T00:26:36+00:00,381,13,2,True,True,True,1791073594
2026-10-04T00:26:36+00:00,464,15,28,True,True,True,1791073594
2026-10-04T00:26:36+00:00,442,16,0,True,True,True,1791073594
2026-10-04T00:26:36+00:00,483,10,10,True,True,True,1791073594
2026-10-04T00:26:36+00:00,458,2,12,True,True,True,1791073594
2026-10-04T00:26:36+00:00,499,4,11,True,True,True,1791073594
2026-10-04T00:26:36+00:00,472,11,8,True,True,True,1791073594
2026-10-04T00:26:36+00:00,506,4,20,True,True,True,1791073594
2026-10-04T00:26:36+00:00,465,7,21,True,True,True,1791073594
2026-10-04T00:26:36+00:00,611,16,21,True,True,True,1791073594
2026-10-04T00:26:36+00:00,404,12,14,True,True,True,1791073594
2026-10-04T00:26:36+00:00,579,0,17,True,True,True,1791073594
2026-10-04T00:26:36+00:00,589,3,23,True,True,True,1791073594
2026-10-04T00:26:36+00:00,434,6,14,True,True,True,1791073594
2026-10-04T00:26:36+00:00,462,3,12,True,True,True,1791073594
2026-10-04T00:26:36+00:00,578,3,19,True,True,True,1791073594
2026-10-04T00:26:36+00:00,415,1,11,True,True,True,1791073594
2026-10-04T00:26:36+00:00,423,20,0,True,True,True,1791073594
2026-10-04T00:26:36+00:00,412,6,1,True,True,True,1791073594
2026-10-04T00:26:36+00:00,387,10,4,True,True,True,1791073594
2026-10-04T00:26:36+00:00,441,0,15,True,True,True,1791073594
2026-10-04T00:26:36+00:00,454,2,20,True,True,True,1791073594
2026-10-04T00:26:36+00:00,436,0,12,True,True,True,1791073594
2026-10-04T00:26:36+00:00,394,2,16,True,True,True,1791073594
2026-10-04T00:26:36+00:00,497,14,13,True,True,True,1791073594
2026-10-04T00:26:36+00:00,581,6,17,True,True,True,1791073594
2026-10-04T00:26:36+00:00,461,1,17,True,True,True,1791073594
2026-10-04T00:26:36+00:00,599,24,21,True,True,True,1791073594
2026-10-04T00:26:36+00:00,428,6,17,True,True,True,1791073594
2026-10-04T00:26:36+00:00,400,3,21,True,True,True,1791073594
2026-10-04T00:26:36+00:00,487,0,21,True,True,True,1791073594
2026-10-04T00:26:36+00:00,438,23,16,True,True,True,1791073594
2026-10-04T00:26:36+00:00,459,2,10,True,True,True,1791073594
2026-10-04T00:26:36+00:00,433,2,15,True,True,True,1791073594
2026-10-04T00:26:36+00:00,399,5,25,True,True,True,1791073594
2026-10-04T00:26:36+00:00,489,18,9,True,True,True,1791073594
2026-10-04T00:26:36+00:00,742,17,10,True,True,True,1791073594
2026-10-04T00:26:36+00:00,551,24,7,True,True,True,1791073594
2026-10-04T00:26:36+00:00,406,10,1,True,True,True,1791073594
2026-10-04T00:26:36+00:00,488,5,17,True,True,True,1791073594
2026-10-04T00:26:36+00:00,540,18,16,True,True,True,1791073594
2026-10-04T00:26:36+00:00,431,3,17,True,True,True,1791073594
2026-10-04T00:26:36+00:00,393,10,10,True,True,True,1791073594
2026-10-04T00:26:36+00:00,420,17,0,True,True,True,1791073594
2026-10-04T00:26:36+00:00,397,1,27,True,True,True,1791073594
2026-10-04T00:26:36+00:00,390,17,12,True,True,True,1791073594
2026-10-04T00:26:36+00:00,449,11,13,True,True,True,1791073594
2026-10-04T00:26:36+00:00,430,9,33,True,True,True,1791073594
2026-10-04T00:26:36+00:00,484,10,24,True,True,True,1791073594
2026-10-04T00:26:36+00:00,479,8,22,True,True,True,1791073594
2026-10-04T00:26:36+00:00,403,2,12,True,True,True,1791073594
2026-10-04T00:26:36+00:00,435,2,28,True,True,True,1791073594
2026-10-04T00:26:36+00:00,426,9,10,True,True,True,1791073594
2026-10-04T00:26:36+00:00,450,8,6,True,True,True,1791073594
2026-10-04T00:26:36+00:00,456,13,20,True,True,True,1791073594
2026-10-04T00:26:36+00:00,468,15,0,True,True,True,1791073594
2026-10-04T00:26:36+00:00,453,22,11,True,True,True,1791073594
2026-10-04T00:26:36+00:00,466,2,13,True,True,True,1791073594
2026-10-04T00:26:36+00:00,469,2,28,True,True,True,1791073594
2026-10-04T00:26:36+00:00,416,1,14,True,True,True,1791073594
2026-10-04T00:26:36+00:00,391,1,12,True,True,True,1791073594
2026-10-04T00:26:36+00:00,389,1,14,True,True,True,1791073594
2026-10-04T00:26:36+00:00,470,1,13,True,True,True,1791073594
2026-10-04T00:26:36+00:00,384,15,0,True,True,True,1791073594
2026-10-04T00:26:36+00:00,425,1,6,True,True,True,1791073594
2026-10-04T00:26:36+00:00,411,3,8,True,True,True,1791073594
2026-10-04T00:26:36+00:00,598,13,20,True,True,True,1791073594
2026-10-04T00:26:36+00:00,444,16,2,True,True,True,1791073594
2026-10-04T00:26:36+00:00,447,11,19,True,True,True,1791073594
2026-10-04T00:26:36+00:00,408,2,11,True,True,True,1791073594
2026-10-04T00:26:36+00:00,737,22,1,True,True,True,1791073594
2026-10-04T00:26:36+00:00,432,1,10,True,True,True,1791073594
2026-10-04T00:26:36+00:00,401,5,0,True,True,True,1791073594
2026-10-04T00:26:36+00:00,452,3,25,True,True,True,1791073594
2026-10-04T00:26:36+00:00,392,7,0,True,True,True,1791073594
2026-10-04T00:26:36+00:00,481,8,34,True,True,True,1791073594
2026-10-04T00:26:36+00:00,495,15,26,True,True,True,1791073594
2026-10-04T00:26:36+00:00,478,2,11,True,True,True,1791073594
2026-10-04T00:26:36+00:00,414,2,9,True,True,True,1791073594
2026-10-04T00:26:36+00:00,476,15,4,True,True,True,1791073594
2026-10-04T00:26:36+00:00,445,7,11,True,True,True,1791073594
2026-10-04T00:26:36+00:00,748,10,17,True,True,True,1791073594
2026-10-04T00:26:36+00:00,473,2,5,True,True,True,1791073594
2026-10-04T00:26:36+00:00,383,0,25,True,True,True,1791073594
2026-10-04T00:26:36+00:00,480,20,4,True,True,True,1791073594
2026-10-04T00:26:36+00:00,421,14,6,True,True,True,1791073594
2026-10-04T00:26:36+00:00,746,8,3,True,True,True,1791073594
2026-10-04T00:26:36+00:00,417,1,11,True,True,True,1791073594
2026-10-04T00:26:36+00:00,427,2,12,True,True,True,1791073594
2026-10-04T00:26:36+00:00,395,5,9,True,True,True,1791073594
2026-10-04T00:26:36+00:00,418,7,20,True,True,True,1791073594
2026-10-04T00:26:36+00:00,413,2,10,True,True,True,1791073594
2026-10-04T00:26:36+00:00,486,8,14,True,True,True,1791073594
2026-10-04T00:26:36+00:00,597,13,2,True,True,True,1791073594
2026-10-04T00:26:36+00:00,422,1,10,True,True,True,1791073594
2026-10-04T00:26:36+00:00,382,1,7,True,True,True,1791073594
2026-10-04T00:26:36+00:00,396,11,10,True,True,True,1791073594
2026-10-04T00:26:36+00:00,735,13,0,True,True,True,1791073594
2026-10-04T00:26:36+00:00,437,9,15,True,True,True,1791073594
2026-10-04T00:26:36+00:00,446,5,17,True,True,True,1791073594
2026-10-04T00:26:36+00:00,424,0,6,True,True,True,1791073594
2026-10-04T00:26:36+00:00,455,12,0,True,True,True,1791073594
2026-10-04T00:26:36+00:00,457,0,10,True,True,True,1791073594
2026-10-04T00:26:36+00:00,377,5,24,True,True,True,1791073594
2026-10-04T00:26:36+00:00,738,11,1,True,True,True,1791073594
2026-10-04T00:26:36+00:00,460,10,19,True,True,True,1791073594
2026-10-04T00:26:36+00:00,744,5,4,True,True,True,1791073594
2026-10-04T00:26:36+00:00,485,5,14,True,True,True,1791073594
2026-10-04T00:41:36+00:00,6026,15,18,True,True,True,1791074485
2026-10-04T00:41:36+00:00,5431,2,19,True,True,True,1791074485
2026-10-04T00:41:36+00:00,5424,3,15,True,True,True,1791074485
2026-10-04T00:41:36+00:00,5220,0,20,True,True,True,1791074485
2026-10-04T00:41:36+00:00,5217,6,23,True,True,True,1791074485
2026-10-04T00:41:36+00:00,5113,12,3,True,True,True,1791074485
2026-10-04T00:41:36+00:00,4683,0,20,True,True,True,1791074485
2026-10-04T00:41:36+00:00,4552,7,11,True,True,True,1791074485
2026-10-04T00:41:36+00:00,3725,1,17,True,True,True,1791074485
2026-10-04T00:41:36+00:00,2358,3,9,True,True,True,1791074485
2026-10-04T00:41:36+00:00,2357,5,16,True,True,True,1791074485
2026-10-04T00:41:36+00:00,2355,0,12,True,True,True,1791074485
2026-10-04T00:41:36+00:00,2351,6,11,True,True,True,1791074485
2026-10-04T00:41:36+00:00,2350,15,8,True,True,True,1791074485
2026-10-04T00:41:36+00:00,2349,2,19,True,True,True,1791074485
2026-10-04T00:41:36+00:00,2347,10,20,True,True,True,1791074485
2026-10-04T00:41:36+00:00,2340,14,10,True,True,True,1791074485
2026-10-04T00:41:36+00:00,2339,14,14,True,True,True,1791074485
2026-10-04T00:41:36+00:00,2337,12,2,True,True,True,1791074485
2026-10-04T00:41:36+00:00,2334,1,10,True,True,True,1791074485
2026-10-04T00:41:36+00:00,2333,11,4,True,True,True,1791074485
2026-10-04T00:41:36+00:00,2332,1,8,True,True,True,1791074485
2026-10-04T00:41:36+00:00,2330,12,1,True,True,True,1791074485
2026-10-04T00:41:36+00:00,2329,13,1,True,True,True,1791074485
2026-10-04T00:41:36+00:00,2328,3,16,True,True,True,1791074485
2026-10-04T00:41:36+00:00,2315,10,8,True,True,True,1791074485
2026-10-04T00:41:36+00:00,2308,2,6,True,True,True,1791074485
2026-10-04T00:41:36+00:00,2307,7,22,True,True,True,1791074485
2026-10-04T00:41:36+00:00,2306,0,18,True,True,True,1791074485
2026-10-04T00:41:36+00:00,2305,10,4,True,True,True,1791074485
2026-10-04T00:41:36+00:00,2304,4,12,True,True,True,1791074485
2026-10-04T00:41:36+00:00,2280,6,6,True,True,True,1791074485
2026-10-04T00:41:36+00:00,2270,1,18,True,True,True,1791074485
2026-10-04T00:41:36+00:00,1919,2,4,True,True,True,1791074485
2026-10-04T00:41:36+00:00,1755,1,30,True,True,True,1791074485
2026-10-04T00:41:36+00:00,1101,5,18,True,True,True,1791074485
2026-10-04T00:41:36+00:00,1023,11,2,True,True,True,1791074485
2026-10-04T00:41:36+00:00,1009,2,8,True,True,True,1791074485
2026-10-04T00:41:36+00:00,970,4,20,True,True,True,1791074485
2026-10-04T00:41:36+00:00,787,12,0,True,True,True,1791074485
2026-10-04T00:41:36+00:00,627,3,27,True,True,True,1791074485
2026-10-04T00:41:36+00:00,623,16,3,True,True,True,1791074485
2026-10-04T00:41:36+00:00,624,6,13,True,True,True,1791074485
2026-10-04T00:41:36+00:00,626,2,20,True,True,True,1791074485
2026-10-04T00:41:36+00:00,614,5,17,True,True,True,1791074485
2026-10-04T00:41:36+00:00,616,15,0,True,True,True,1791074485
2026-10-04T00:41:36+00:00,618,7,35,True,True,True,1791074485
2026-10-04T00:41:36+00:00,621,7,19,True,True,True,1791074485
2026-10-04T00:41:36+00:00,622,1,27,True,True,True,1791074485
2026-10-04T00:41:36+00:00,613,1,15,True,True,True,1791074485
2026-10-04T00:41:36+00:00,620,23,16,True,True,True,1791074485
2026-10-04T00:41:36+00:00,596,2,15,True,True,True,1791074485
2026-10-04T00:41:36+00:00,617,7,12,True,True,True,1791074485
2026-10-04T00:41:36+00:00,609,9,18,True,True,True,1791074485
2026-10-04T00:41:36+00:00,607,7,22,True,True,True,1791074485
2026-10-04T00:41:36+00:00,603,11,6,True,True,True,1791074485
2026-10-04T00:41:36+00:00,590,8,29,True,True,True,1791074485
2026-10-04T00:41:36+00:00,610,2,17,True,True,True,1791074485
2026-10-04T00:41:36+00:00,608,3,15,True,True,True,1791074485
2026-10-04T00:41:36+00:00,593,15,14,True,True,True,1791074485
2026-10-04T00:41:36+00:00,530,5,3,True,True,True,1791074485
2026-10-04T00:41:36+00:00,463,16,1,True,True,True,1791074485
2026-10-04T00:41:36+00:00,475,20,3,True,True,True,1791074485
2026-10-04T00:41:36+00:00,439,12,12,True,True,True,1791074485
2026-10-04T00:41:36+00:00,600,9,0,True,True,True,1791074485
2026-10-04T00:41:36+00:00,440,5,10,True,True,True,1791074485
2026-10-04T00:41:36+00:00,612,3,15,True,True,True,1791074485
2026-10-04T00:41:36+00:00,491,15,3,True,True,True,1791074485
2026-10-04T00:41:36+00:00,493,23,5,True,True,True,1791074485
2026-10-04T00:41:36+00:00,410,5,20,True,True,True,1791074485
2026-10-04T00:41:36+00:00,605,4,14,True,True,True,1791074485
2026-10-04T00:41:36+00:00,388,15,1,True,True,True,1791074485
2026-10-04T00:41:36+00:00,591,21,2,True,True,True,1791074485
2026-10-04T00:41:36+00:00,592,3,15,True,True,True,1791074485
2026-10-04T00:41:36+00:00,585,0,0,True,True,True,1791074485
2026-10-04T00:41:36+00:00,565,0,18,True,True,True,1791074485
2026-10-04T00:41:36+00:00,571,15,3,True,True,True,1791074485
2026-10-04T00:41:36+00:00,568,5,10,True,True,True,1791074485
2026-10-04T00:41:36+00:00,588,5,14,True,True,True,1791074485
2026-10-04T00:41:36+00:00,584,1,33,True,True,True,1791074485
2026-10-04T00:41:36+00:00,569,11,18,True,True,True,1791074485
2026-10-04T00:41:36+00:00,577,9,20,True,True,True,1791074485
2026-10-04T00:41:36+00:00,564,0,29,True,True,True,1791074485
2026-10-04T00:41:36+00:00,570,3,12,True,True,True,1791074485
2026-10-04T00:41:36+00:00,572,8,31,True,True,True,1791074485
2026-10-04T00:41:36+00:00,586,11,14,True,True,True,1791074485
2026-10-04T00:41:36+00:00,576,10,7,True,True,True,1791074485
2026-10-04T00:41:36+00:00,566,24,0,True,True,True,1791074485
2026-10-04T00:41:36+00:00,602,6,12,True,True,True,1791074485
2026-10-04T00:41:36+00:00,575,6,23,True,True,True,1791074485
2026-10-04T00:41:36+00:00,567,20,18,True,True,True,1791074485
2026-10-04T00:41:36+00:00,582,12,12,True,True,True,1791074485
2026-10-04T00:41:36+00:00,595,23,0,True,True,True,1791074485
2026-10-04T00:41:36+00:00,542,12,6,True,True,True,1791074485
2026-10-04T00:41:36+00:00,563,7,9,True,True,True,1791074485
2026-10-04T00:41:36+00:00,558,6,9,True,True,True,1791074485
2026-10-04T00:41:36+00:00,552,6,12,True,True,True,1791074485
2026-10-04T00:41:36+00:00,555,1,12,True,True,True,1791074485
2026-10-04T00:41:36+00:00,573,4,20,True,True,True,1791074485
2026-10-04T00:41:36+00:00,561,7,15,True,True,True,1791074485
2026-10-04T00:41:36+00:00,615,5,16,True,True,True,1791074485
2026-10-04T00:41:36+00:00,543,1,18,True,True,True,1791074485
2026-10-04T00:41:36+00:00,554,0,19,True,True,True,1791074485
2026-10-04T00:41:36+00:00,574,11,0,True,True,True,1791074485
2026-10-04T00:41:36+00:00,560,1,7,True,True,True,1791074485
2026-10-04T00:41:36+00:00,548,3,14,True,True,True,1791074485
2026-10-04T00:41:36+00:00,559,5,12,True,True,True,1791074485
2026-10-04T00:41:36+00:00,545,24,15,True,True,True,1791074485
2026-10-04T00:41:36+00:00,550,3,6,True,True,True,1791074485
2026-10-04T00:41:36+00:00,541,7,3,True,True,True,1791074485
2026-10-04T00:41:36+00:00,527,9,1,True,True,True,1791074485
2026-10-04T00:41:36+00:00,529,7,14,True,True,True,1791074485
2026-10-04T00:41:36+00:00,526,12,2,True,True,True,1791074485
2026-10-04T00:41:36+00:00,537,15,4,True,True,True,1791074485
2026-10-04T00:41:36+00:00,547,20,7,True,True,True,1791074485
2026-10-04T00:41:36+00:00,601,4,14,True,True,True,1791074485
2026-10-04T00:41:36+00:00,533,2,10,True,True,True,1791074485
2026-10-04T00:41:36+00:00,535,0,25,True,True,True,1791074485
2026-10-04T00:41:36+00:00,524,5,15,True,True,True,1791074485
2026-10-04T00:41:36+00:00,519,7,15,True,True,True,1791074485
2026-10-04T00:41:36+00:00,534,8,31,True,True,True,1791074485
2026-10-04T00:41:36+00:00,521,5,8,True,True,True,1791074485
2026-10-04T00:41:36+00:00,518,1,17,True,True,True,1791074485
2026-10-04T00:41:36+00:00,556,0,18,True,True,True,1791074485
2026-10-04T00:41:36+00:00,525,1,13,True,True,True,1791074485
2026-10-04T00:41:36+00:00,517,2,15,True,True,True,1791074485
2026-10-04T00:41:36+00:00,523,8,22,True,True,True,1791074485
2026-10-04T00:41:36+00:00,522,6,3,True,True,True,1791074485
2026-10-04T00:41:36+00:00,594,3,15,True,True,True,1791074485
2026-10-04T00:41:36+00:00,532,5,15,True,True,True,1791074485
2026-10-04T00:41:36+00:00,509,8,3,True,True,True,1791074485
2026-10-04T00:41:36+00:00,531,9,9,True,True,True,1791074485
2026-10-04T00:41:36+00:00,536,0,9,True,True,True,1791074485
2026-10-04T00:41:36+00:00,562,18,21,True,True,True,1791074485
2026-10-04T00:41:36+00:00,511,8,15,True,True,True,1791074485
2026-10-04T00:41:36+00:00,505,1,20,True,True,True,1791074485
2026-10-04T00:41:36+00:00,501,1,17,True,True,True,1791074485
2026-10-04T00:41:36+00:00,514,5,7,True,True,True,1791074485
2026-10-04T00:41:36+00:00,500,7,10,True,True,True,1791074485
2026-10-04T00:41:36+00:00,503,6,22,True,True,True,1791074485
2026-10-04T00:41:36+00:00,513,3,12,True,True,True,1791074485
2026-10-04T00:41:36+00:00,498,0,12,True,True,True,1791074485
2026-10-04T00:41:36+00:00,507,16,2,True,True,True,1791074485
2026-10-04T00:41:36+00:00,512,3,24,True,True,True,1791074485
2026-10-04T00:41:36+00:00,619,21,21,True,True,True,1791074485
2026-10-04T00:41:36+00:00,474,32,10,True,True,True,1791074485
2026-10-04T00:41:36+00:00,580,10,35,True,True,True,1791074485
2026-10-04T00:41:36+00:00,496,21,22,True,True,True,1791074485
2026-10-04T00:41:36+00:00,482,1,16,True,True,True,1791074485
2026-10-04T00:41:36+00:00,407,2,11,True,True,True,1791074485
2026-10-04T00:41:36+00:00,409,4,21,True,True,True,1791074485
2026-10-04T00:41:36+00:00,451,3,17,True,True,True,1791074485
2026-10-04T00:41:36+00:00,402,9,10,True,True,True,1791074485
2026-10-04T00:41:36+00:00,516,3,11,True,True,True,1791074485
2026-10-04T00:41:36+00:00,625,6,34,True,True,True,1791074485
2026-10-04T00:41:36+00:00,429,4,17,True,True,True,1791074485
2026-10-04T00:41:36+00:00,380,10,14,True,True,True,1791074485
2026-10-04T00:41:36+00:00,583,6,12,True,True,True,1791074485
2026-10-04T00:41:36+00:00,398,6,11,True,True,True,1791074485
2026-10-04T00:41:36+00:00,381,13,2,True,True,True,1791074485
2026-10-04T00:41:36+00:00,464,15,28,True,True,True,1791074485
2026-10-04T00:41:36+00:00,442,16,0,True,True,True,1791074485
2026-10-04T00:41:36+00:00,483,10,10,True,True,True,1791074485
2026-10-04T00:41:36+00:00,458,2,12,True,True,True,1791074485
2026-10-04T00:41:36+00:00,499,4,11,True,True,True,1791074485
2026-10-04T00:41:36+00:00,472,11,8,True,True,True,1791074485
2026-10-04T00:41:36+00:00,506,4,20,True,True,True,1791074485
2026-10-04T00:41:36+00:00,465,7,21,True,True,True,1791074485
2026-10-04T00:41:36+00:00,611,16,21,True,True,True,1791074485
2026-10-04T00:41:36+00:00,404,12,14,True,True,True,1791074485
2026-10-04T00:41:36+00:00,579,0,17,True,True,True,1791074485
2026-10-04T00:41:36+00:00,589,3,23,True,True,True,1791074485
2026-10-04T00:41:36+00:00,434,6,14,True,True,True,1791074485
2026-10-04T00:41:36+00:00,462,3,12,True,True,True,1791074485
2026-10-04T00:41:36+00:00,578,3,19,True,True,True,1791074485
2026-10-04T00:41:36+00:00,415,1,11,True,True,True,1791074485
2026-10-04T00:41:36+00:00,423,20,0,True,True,True,1791074485
2026-10-04T00:41:36+00:00,412,6,1,True,True,True,1791074485
2026-10-04T00:41:36+00:00,387,10,4,True,True,True,1791074485
2026-10-04T00:41:36+00:00,441,0,15,True,True,True,1791074485
2026-10-04T00:41:36+00:00,454,2,20,True,True,True,1791074485
2026-10-04T00:41:36+00:00,436,0,12,True,True,True,1791074485
2026-10-04T00:41:36+00:00,394,2,16,True,True,True,1791074485
2026-10-04T00:41:36+00:00,497,14,13,True,True,True,1791074485
2026-10-04T00:41:36+00:00,581,6,17,True,True,True,1791074485
2026-10-04T00:41:36+00:00,461,1,17,True,True,True,1791074485
2026-10-04T00:41:36+00:00,599,24,21,True,True,True,1791074485
2026-10-04T00:41:36+00:00,428,6,17,True,True,True,1791074485
2026-10-04T00:41:36+00:00,400,3,21,True,True,True,1791074485
2026-10-04T00:41:36+00:00,487,0,21,True,True,True,1791074485
2026-10-04T00:41:36+00:00,438,23,16,True,True,True,1791074485
2026-10-04T00:41:36+00:00,459,2,10,True,True,True,1791074485
2026-10-04T00:41:36+00:00,433,2,15,True,True,True,1791074485
2026-10-04T00:41:36+00:00,399,5,25,True,True,True,1791074485
2026-10-04T00:41:36+00:00,489,18,9,True,True,True,1791074485
2026-10-04T00:41:36+00:00,742,17,10,True,True,True,1791074485
2026-10-04T00:41:36+00:00,551,24,7,True,True,True,1791074485
2026-10-04T00:41:36+00:00,406,10,1,True,True,True,1791074485
2026-10-04T00:41:36+00:00,488,5,17,True,True,True,1791074485
2026-10-04T00:41:36+00:00,540,18,16,True,True,True,1791074485
2026-10-04T00:41:36+00:00,431,3,17,True,True,True,1791074485
2026-10-04T00:41:36+00:00,393,10,10,True,True,True,1791074485
2026-10-04T00:41:36+00:00,420,17,0,True,True,True,1791074485
2026-10-04T00:41:36+00:00,397,1,27,True,True,True,1791074485
2026-10-04T00:41:36+00:00,390,17,12,True,True,True,1791074485
2026-10-04T00:41:36+00:00,449,11,13,True,True,True,1791074485
2026-10-04T00:41:36+00:00,430,9,33,True,True,True,1791074485
2026-10-04T00:41:36+00:00,484,10,24,True,True,True,1791074485
2026-10-04T00:41:36+00:00,479,8,22,True,True,True,1791074485
2026-10-04T00:41:36+00:00,403,2,12,True,True,True,1791074485
2026-10-04T00:41:36+00:00,435,2,28,True,True,True,1791074485
2026-10-04T00:41:36+00:00,426,10,10,True,True,True,1791074485
2026-10-04T00:41:36+00:00,450,8,6,True,True,True,1791074485
2026-10-04T00:41:36+00:00,456,13,20,True,True,True,1791074485
2026-10-04T00:41:36+00:00,468,15,0,True,True,True,1791074485
2026-10-04T00:41:36+00:00,453,22,11,True,True,True,1791074485
2026-10-04T00:41:36+00:00,466,2,13,True,True,True,1791074485
2026-10-04T00:41:36+00:00,469,2,28,True,True,True,1791074485
2026-10-04T00:41:36+00:00,416,1,14,True,True,True,1791074485
2026-10-04T00:41:36+00:00,391,1,12,True,True,True,1791074485
2026-10-04T00:41:36+00:00,389,1,14,True,True,True,1791074485
2026-10-04T00:41:36+00:00,470,1,13,True,True,True,1791074485
2026-10-04T00:41:36+00:00,384,15,0,True,True,True,1791074485
2026-10-04T00:41:36+00:00,425,1,6,True,True,True,1791074485
2026-10-04T00:41:36+00:00,411,3,8,True,True,True,1791074485
2026-10-04T00:41:36+00:00,598,13,20,True,True,True,1791074485
2026-10-04T00:41:36+00:00,444,16,2,True,True,True,1791074485
2026-10-04T00:41:36+00:00,447,11,19,True,True,True,1791074485
2026-10-04T00:41:36+00:00,408,2,11,True,True,True,1791074485
2026-10-04T00:41:36+00:00,737,22,1,True,True,True,1791074485
2026-10-04T00:41:36+00:00,432,1,10,True,True,True,1791074485
2026-10-04T00:41:36+00:00,401,5,0,True,True,True,1791074485
2026-10-04T00:41:36+00:00,452,3,25,True,True,True,1791074485
2026-10-04T00:41:36+00:00,392,7,0,True,True,True,1791074485
2026-10-04T00:41:36+00:00,481,8,34,True,True,True,1791074485
2026-10-04T00:41:36+00:00,495,15,26,True,True,True,1791074485
2026-10-04T00:41:36+00:00,478,2,11,True,True,True,1791074485
2026-10-04T00:41:36+00:00,414,2,9,True,True,True,1791074485
2026-10-04T00:41:36+00:00,476,15,4,True,True,True,1791074485
2026-10-04T00:41:36+00:00,445,7,11,True,True,True,1791074485
2026-10-04T00:41:36+00:00,748,10,17,True,True,True,1791074485
2026-10-04T00:41:36+00:00,473,2,5,True,True,True,1791074485
2026-10-04T00:41:36+00:00,383,0,25,True,True,True,1791074485
2026-10-04T00:41:36+00:00,480,20,4,True,True,True,1791074485
2026-10-04T00:41:36+00:00,421,14,6,True,True,True,1791074485
2026-10-04T00:41:36+00:00,746,8,3,True,True,True,1791074485
2026-10-04T00:41:36+00:00,417,1,11,True,True,True,1791074485
2026-10-04T00:41:36+00:00,427,2,12,True,True,True,1791074485
2026-10-04T00:41:36+00:00,395,5,9,True,True,True,1791074485
2026-10-04T00:41:36+00:00,418,7,20,True,True,True,1791074485
2026-10-04T00:41:36+00:00,413,2,10,True,True,True,1791074485
2026-10-04T00:41:36+00:00,486,8,14,True,True,True,1791074485
2026-10-04T00:41:36+00:00,597,13,2,True,True,True,1791074485
2026-10-04T00:41:36+00:00,422,1,10,True,True,True,1791074485
2026-10-04T00:41:36+00:00,382,1,7,True,True,True,1791074485
2026-10-04T00:41:36+00:00,396,11,10,True,True,True,1791074485
2026-10-04T00:41:36+00:00,735,13,0,True,True,True,1791074485
2026-10-04T00:41:36+00:00,437,9,15,True,True,True,1791074485
2026-10-04T00:41:36+00:00,446,5,17,True,True,True,1791074485
2026-10-04T00:41:36+00:00,424,0,6,True,True,True,1791074485
2026-10-04T00:41:36+00:00,455,12,0,True,True,True,1791074485
2026-10-04T00:41:36+00:00,457,0,10,True,True,True,1791074485
2026-10-04T00:41:36+00:00,377,5,24,True,True,True,1791074485
2026-10-04T00:41:36+00:00,738,11,1,True,True,True,1791074485
2026-10-04T00:41:36+00:00,460,10,19,True,True,True,1791074485
2026-10-04T00:41:36+00:00,744,5,4,True,True,True,1791074485
2026-10-04T00:41:36+00:00,485,5,14,True,True,True,1791074485
2026-10-04T00:56:36+00:00,6026,15,18,True,True,True,1791075392
2026-10-04T00:56:36+00:00,5431,2,19,True,True,True,1791075392
2026-10-04T00:56:36+00:00,5424,3,15,True,True,True,1791075392
2026-10-04T00:56:36+00:00,5220,0,20,True,True,True,1791075392
2026-10-04T00:56:36+00:00,5217,6,23,True,True,True,1791075392
2026-10-04T00:56:36+00:00,5113,12,3,True,True,True,1791075392
2026-10-04T00:56:36+00:00,4683,0,20,True,True,True,1791075392
2026-10-04T00:56:36+00:00,4552,7,11,True,True,True,1791075392
2026-10-04T00:56:36+00:00,3725,1,17,True,True,True,1791075392
2026-10-04T00:56:36+00:00,2358,3,9,True,True,True,1791075392
2026-10-04T00:56:36+00:00,2357,5,16,True,True,True,1791075392
2026-10-04T00:56:36+00:00,2355,0,12,True,True,True,1791075392
2026-10-04T00:56:36+00:00,2351,6,11,True,True,True,1791075392
2026-10-04T00:56:36+00:00,2350,15,8,True,True,True,1791075392
2026-10-04T00:56:36+00:00,2349,2,19,True,True,True,1791075392
2026-10-04T00:56:36+00:00,2347,10,20,True,True,True,1791075392
2026-10-04T00:56:36+00:00,2340,14,10,True,True,True,1791075392
2026-10-04T00:56:36+00:00,2339,14,14,True,True,True,1791075392
2026-10-04T00:56:36+00:00,2337,12,2,True,True,True,1791075392
2026-10-04T00:56:36+00:00,2334,1,10,True,True,True,1791075392
2026-10-04T00:56:36+00:00,2333,11,4,True,True,True,1791075392
2026-10-04T00:56:36+00:00,2332,1,8,True,True,True,1791075392
2026-10-04T00:56:36+00:00,2330,12,1,True,True,True,1791075392
2026-10-04T00:56:36+00:00,2329,13,1,True,True,True,1791075392
2026-10-04T00:56:36+00:00,2328,3,16,True,True,True,1791075392
2026-10-04T00:56:36+00:00,2315,10,8,True,True,True,1791075392
2026-10-04T00:56:36+00:00,2308,2,6,True,True,True,1791075392
2026-10-04T00:56:36+00:00,2307,7,22,True,True,True,1791075392
2026-10-04T00:56:36+00:00,2306,0,18,True,True,True,1791075392
2026-10-04T00:56:36+00:00,2305,10,4,True,True,True,1791075392
2026-10-04T00:56:36+00:00,2304,4,12,True,True,True,1791075392
2026-10-04T00:56:36+00:00,2280,6,6,True,True,True,1791075392
2026-10-04T00:56:36+00:00,2270,1,18,True,True,True,1791075392
2026-10-04T00:56:36+00:00,1919,2,4,True,True,True,1791075392
2026-10-04T00:56:36+00:00,1755,1,30,True,True,True,1791075392
2026-10-04T00:56:36+00:00,1101,5,18,True,True,True,1791075392
2026-10-04T00:56:36+00:00,1023,11,2,True,True,True,1791075392
2026-10-04T00:56:36+00:00,1009,2,8,True,True,True,1791075392
2026-10-04T00:56:36+00:00,970,4,20,True,True,True,1791075392
2026-10-04T00:56:36+00:00,787,12,0,True,True,True,1791075392
2026-10-04T00:56:36+00:00,627,3,27,True,True,True,1791075392
2026-10-04T00:56:36+00:00,623,16,3,True,True,True,1791075392
2026-10-04T00:56:36+00:00,624,6,13,True,True,True,1791075392
2026-10-04T00:56:36+00:00,626,2,20,True,True,True,1791075392
2026-10-04T00:56:36+00:00,614,5,17,True,True,True,1791075392
2026-10-04T00:56:36+00:00,616,15,0,True,True,True,1791075392
2026-10-04T00:56:36+00:00,618,7,35,True,True,True,1791075392
2026-10-04T00:56:36+00:00,621,7,19,True,True,True,1791075392
2026-10-04T00:56:36+00:00,622,1,27,True,True,True,1791075392
2026-10-04T00:56:36+00:00,613,1,15,True,True,True,1791075392
2026-10-04T00:56:36+00:00,620,23,16,True,True,True,1791075392
2026-10-04T00:56:36+00:00,596,2,15,True,True,True,1791075392
2026-10-04T00:56:36+00:00,617,7,12,True,True,True,1791075392
2026-10-04T00:56:36+00:00,609,9,18,True,True,True,1791075392
2026-10-04T00:56:36+00:00,607,7,22,True,True,True,1791075392
2026-10-04T00:56:36+00:00,603,11,6,True,True,True,1791075392
2026-10-04T00:56:36+00:00,590,8,29,True,True,True,1791075392
2026-10-04T00:56:36+00:00,610,2,17,True,True,True,1791075392
2026-10-04T00:56:36+00:00,608,3,15,True,True,True,1791075392
2026-10-04T00:56:36+00:00,593,15,14,True,True,True,1791075392
2026-10-04T00:56:36+00:00,530,6,3,True,True,True,1791075392
2026-10-04T00:56:36+00:00,463,16,1,True,True,True,1791075392
2026-10-04T00:56:36+00:00,475,20,3,True,True,True,1791075392
2026-10-04T00:56:36+00:00,439,12,12,True,True,True,1791075392
2026-10-04T00:56:36+00:00,600,9,0,True,True,True,1791075392
2026-10-04T00:56:36+00:00,440,5,10,True,True,True,1791075392
2026-10-04T00:56:36+00:00,612,3,15,True,True,True,1791075392
2026-10-04T00:56:36+00:00,491,15,3,True,True,True,1791075392
2026-10-04T00:56:36+00:00,493,23,5,True,True,True,1791075392
2026-10-04T00:56:36+00:00,410,5,20,True,True,True,1791075392
2026-10-04T00:56:36+00:00,605,4,14,True,True,True,1791075392
2026-10-04T00:56:36+00:00,388,15,1,True,True,True,1791075392
2026-10-04T00:56:36+00:00,591,21,2,True,True,True,1791075392
2026-10-04T00:56:36+00:00,592,3,15,True,True,True,1791075392
2026-10-04T00:56:36+00:00,585,0,0,True,True,True,1791075392
2026-10-04T00:56:36+00:00,565,0,18,True,True,True,1791075392
2026-10-04T00:56:36+00:00,571,15,3,True,True,True,1791075392
2026-10-04T00:56:36+00:00,568,5,10,True,True,True,1791075392
2026-10-04T00:56:36+00:00,588,5,14,True,True,True,1791075392
2026-10-04T00:56:36+00:00,584,1,33,True,True,True,1791075392
2026-10-04T00:56:36+00:00,569,11,18,True,True,True,1791075392
2026-10-04T00:56:36+00:00,577,9,20,True,True,True,1791075392
2026-10-04T00:56:36+00:00,564,0,29,True,True,True,1791075392
2026-10-04T00:56:36+00:00,570,3,12,True,True,True,1791075392
2026-10-04T00:56:36+00:00,572,8,31,True,True,True,1791075392
2026-10-04T00:56:36+00:00,586,11,14,True,True,True,1791075392
2026-10-04T00:56:36+00:00,576,10,7,True,True,True,1791075392
2026-10-04T00:56:36+00:00,566,24,0,True,True,True,1791075392
2026-10-04T00:56:36+00:00,602,6,12,True,True,True,1791075392
2026-10-04T00:56:36+00:00,575,6,23,True,True,True,1791075392
2026-10-04T00:56:36+00:00,567,20,18,True,True,True,1791075392
2026-10-04T00:56:36+00:00,582,12,12,True,True,True,1791075392
2026-10-04T00:56:36+00:00,595,23,0,True,True,True,1791075392
2026-10-04T00:56:36+00:00,542,12,6,True,True,True,1791075392
2026-10-04T00:56:36+00:00,563,7,9,True,True,True,1791075392
2026-10-04T00:56:36+00:00,558,6,9,True,True,True,1791075392
2026-10-04T00:56:36+00:00,552,6,12,True,True,True,1791075392
2026-10-04T00:56:36+00:00,555,1,12,True,True,True,1791075392
2026-10-04T00:56:36+00:00,573,4,20,True,True,True,1791075392
2026-10-04T00:56:36+00:00,561,7,15,True,True,True,1791075392
2026-10-04T00:56:36+00:00,615,5,16,True,True,True,1791075392
2026-10-04T00:56:36+00:00,543,1,18,True,True,True,1791075392
2026-10-04T00:56:36+00:00,554,0,19,True,True,True,1791075392
2026-10-04T00:56:36+00:00,574,11,0,True,True,True,1791075392
2026-10-04T00:56:36+00:00,560,1,7,True,True,True,1791075392
2026-10-04T00:56:36+00:00,548,3,14,True,True,True,1791075392
2026-10-04T00:56:36+00:00,559,5,12,True,True,True,1791075392
2026-10-04T00:56:36+00:00,545,24,15,True,True,True,1791075392
2026-10-04T00:56:36+00:00,550,3,6,True,True,True,1791075392
2026-10-04T00:56:36+00:00,541,7,3,True,True,True,1791075392
2026-10-04T00:56:36+00:00,527,9,1,True,True,True,1791075392
2026-10-04T00:56:36+00:00,529,7,14,True,True,True,1791075392
2026-10-04T00:56:36+00:00,526,12,2,True,True,True,1791075392
2026-10-04T00:56:36+00:00,537,15,4,True,True,True,1791075392
2026-10-04T00:56:36+00:00,547,20,7,True,True,True,1791075392
2026-10-04T00:56:36+00:00,601,4,14,True,True,True,1791075392
2026-10-04T00:56:36+00:00,533,2,10,True,True,True,1791075392
2026-10-04T00:56:36+00:00,535,0,25,True,True,True,1791075392
2026-10-04T00:56:36+00:00,524,5,15,True,True,True,1791075392
2026-10-04T00:56:36+00:00,519,7,15,True,True,True,1791075392
2026-10-04T00:56:36+00:00,534,8,31,True,True,True,1791075392
2026-10-04T00:56:36+00:00,521,5,8,True,True,True,1791075392
2026-10-04T00:56:36+00:00,518,1,17,True,True,True,1791075392
2026-10-04T00:56:36+00:00,556,0,18,True,True,True,1791075392
2026-10-04T00:56:36+00:00,525,1,13,True,True,True,1791075392
2026-10-04T00:56:36+00:00,517,2,15,True,True,True,1791075392
2026-10-04T00:56:36+00:00,523,8,22,True,True,True,1791075392
2026-10-04T00:56:36+00:00,522,6,3,True,True,True,1791075392
2026-10-04T00:56:36+00:00,594,3,15,True,True,True,1791075392
2026-10-04T00:56:36+00:00,532,5,15,True,True,True,1791075392
2026-10-04T00:56:36+00:00,509,8,3,True,True,True,1791075392
2026-10-04T00:56:36+00:00,531,9,9,True,True,True,1791075392
2026-10-04T00:56:36+00:00,536,0,9,True,True,True,1791075392
2026-10-04T00:56:36+00:00,562,18,21,True,True,True,1791075392
2026-10-04T00:56:36+00:00,511,8,15,True,True,True,1791075392
2026-10-04T00:56:36+00:00,505,1,20,True,True,True,1791075392
2026-10-04T00:56:36+00:00,501,1,17,True,True,True,1791075392
2026-10-04T00:56:36+00:00,514,5,7,True,True,True,1791075392
2026-10-04T00:56:36+00:00,500,7,10,True,True,True,1791075392
2026-10-04T00:56:36+00:00,503,6,22,True,True,True,1791075392
2026-10-04T00:56:36+00:00,513,3,12,True,True,True,1791075392
2026-10-04T00:56:36+00:00,498,0,12,True,True,True,1791075392
2026-10-04T00:56:36+00:00,507,16,2,True,True,True,1791075392
2026-10-04T00:56:36+00:00,512,3,24,True,True,True,1791075392
2026-10-04T00:56:36+00:00,619,21,21,True,True,True,1791075392
2026-10-04T00:56:36+00:00,474,32,10,True,True,True,1791075392
2026-10-04T00:56:36+00:00,580,10,35,True,True,True,1791075392
2026-10-04T00:56:36+00:00,496,21,22,True,True,True,1791075392
2026-10-04T00:56:36+00:00,482,1,16,True,True,True,1791075392
2026-10-04T00:56:36+00:00,407,2,11,True,True,True,1791075392
2026-10-04T00:56:36+00:00,409,4,21,True,True,True,1791075392
2026-10-04T00:56:36+00:00,451,3,17,True,True,True,1791075392
2026-10-04T00:56:36+00:00,402,9,10,True,True,True,1791075392
2026-10-04T00:56:36+00:00,516,3,11,True,True,True,1791075392
2026-10-04T00:56:36+00:00,625,6,34,True,True,True,1791075392
2026-10-04T00:56:36+00:00,429,4,17,True,True,True,1791075392
2026-10-04T00:56:36+00:00,380,10,14,True,True,True,1791075392
2026-10-04T00:56:36+00:00,583,6,12,True,True,True,1791075392
2026-10-04T00:56:36+00:00,398,6,11,True,True,True,1791075392
2026-10-04T00:56:36+00:00,381,13,2,True,True,True,1791075392
2026-10-04T00:56:36+00:00,464,15,28,True,True,True,1791075392
2026-10-04T00:56:36+00:00,442,16,0,True,True,True,1791075392
2026-10-04T00:56:36+00:00,483,10,10,True,True,True,1791075392
2026-10-04T00:56:36+00:00,458,2,12,True,True,True,1791075392
2026-10-04T00:56:36+00:00,499,4,11,True,True,True,1791075392
2026-10-04T00:56:36+00:00,472,11,8,True,True,True,1791075392
2026-10-04T00:56:36+00:00,506,4,20,True,True,True,1791075392
2026-10-04T00:56:36+00:00,465,7,21,True,True,True,1791075392
2026-10-04T00:56:36+00:00,611,16,21,True,True,True,1791075392
2026-10-04T00:56:36+00:00,404,12,14,True,True,True,1791075392
2026-10-04T00:56:36+00:00,579,0,17,True,True,True,1791075392
2026-10-04T00:56:36+00:00,589,3,23,True,True,True,1791075392
2026-10-04T00:56:36+00:00,434,6,14,True,True,True,1791075392
2026-10-04T00:56:36+00:00,462,3,12,True,True,True,1791075392
2026-10-04T00:56:36+00:00,578,3,19,True,True,True,1791075392
2026-10-04T00:56:36+00:00,415,1,11,True,True,True,1791075392
2026-10-04T00:56:36+00:00,423,20,0,True,True,True,1791075392
2026-10-04T00:56:36+00:00,412,6,1,True,True,True,1791075392
2026-10-04T00:56:36+00:00,387,10,4,True,True,True,1791075392
2026-10-04T00:56:36+00:00,441,0,15,True,True,True,1791075392
2026-10-04T00:56:36+00:00,454,2,20,True,True,True,1791075392
2026-10-04T00:56:36+00:00,436,0,12,True,True,True,1791075392
2026-10-04T00:56:36+00:00,394,2,16,True,True,True,1791075392
2026-10-04T00:56:36+00:00,497,14,13,True,True,True,1791075392
2026-10-04T00:56:36+00:00,581,6,17,True,True,True,1791075392
2026-10-04T00:56:36+00:00,461,1,17,True,True,True,1791075392
2026-10-04T00:56:36+00:00,599,24,21,True,True,True,1791075392
2026-10-04T00:56:36+00:00,428,6,17,True,True,True,1791075392
2026-10-04T00:56:36+00:00,400,3,21,True,True,True,1791075392
2026-10-04T00:56:36+00:00,487,0,21,True,True,True,1791075392
2026-10-04T00:56:36+00:00,438,23,16,True,True,True,1791075392
2026-10-04T00:56:36+00:00,459,2,10,True,True,True,1791075392
2026-10-04T00:56:36+00:00,433,2,15,True,True,True,1791075392
2026-10-04T00:56:36+00:00,399,5,25,True,True,True,1791075392
2026-10-04T00:56:36+00:00,489,18,9,True,True,True,1791075392
2026-10-04T00:56:36+00:00,742,17,10,True,True,True,1791075392
2026-10-04T00:56:36+00:00,551,24,7,True,True,True,1791075392
2026-10-04T00:56:36+00:00,406,10,1,True,True,True,1791075392
2026-10-04T00:56:36+00:00,488,5,17,True,True,True,1791075392
2026-10-04T00:56:36+00:00,540,18,16,True,True,True,1791075392
2026-10-04T00:56:36+00:00,431,3,17,True,True,True,1791075392
2026-10-04T00:56:36+00:00,393,10,10,True,True,True,1791075392
2026-10-04T00:56:36+00:00,420,17,0,True,True,True,1791075392
2026-10-04T00:56:36+00:00,397,1,27,True,True,True,1791075392
2026-10-04T00:56:36+00:00,390,17,12,True,True,True,1791075392
2026-10-04T00:56:36+00:00,449,11,13,True,True,True,1791075392
2026-10-04T00:56:36+00:00,430,9,33,True,True,True,1791075392
2026-10-04T00:56:36+00:00,484,10,24,True,True,True,1791075392
2026-10-04T00:56:36+00:00,479,8,22,True,True,True,1791075392
2026-10-04T00:56:36+00:00,403,2,12,True,True,True,1791075392
2026-10-04T00:56:36+00:00,435,2,28,True,True,True,1791075392
2026-10-04T00:56:36+00:00,426,10,10,True,True,True,1791075392
2026-10-04T00:56:36+00:00,450,8,6,True,True,True,1791075392
2026-10-04T00:56:36+00:00,456,13,20,True,True,True,1791075392
2026-10-04T00:56:36+00:00,468,15,0,True,True,True,1791075392
2026-10-04T00:56:36+00:00,453,22,11,True,True,True,1791075392
2026-10-04T00:56:36+00:00,466,2,13,True,True,True,1791075392
2026-10-04T00:56:36+00:00,469,2,28,True,True,True,1791075392
2026-10-04T00:56:36+00:00,416,1,14,True,True,True,1791075392
2026-10-04T00:56:36+00:00,391,1,12,True,True,True,1791075392
2026-10-04T00:56:36+00:00,389,1,14,True,True,True,1791075392
2026-10-04T00:56:36+00:00,470,1,13,True,True,True,1791075392
2026-10-04T00:56:36+00:00,384,15,0,True,True,True,1791075392
2026-10-04T00:56:36+00:00,425,1,6,True,True,True,1791075392
2026-10-04T00:56:36+00:00,411,3,8,True,True,True,1791075392
2026-10-04T00:56:36+00:00,598,13,20,True,True,True,1791075392
2026-10-04T00:56:36+00:00,444,16,2,True,True,True,1791075392
2026-10-04T00:56:36+00:00,447,11,19,True,True,True,1791075392
2026-10-04T00:56:36+00:00,408,2,11,True,True,True,1791075392
2026-10-04T00:56:36+00:00,737,22,1,True,True,True,1791075392
2026-10-04T00:56:36+00:00,432,1,10,True,True,True,1791075392
2026-10-04T00:56:36+00:00,401,5,0,True,True,True,1791075392
2026-10-04T00:56:36+00:00,452,3,25,True,True,True,1791075392
2026-10-04T00:56:36+00:00,392,7,0,True,True,True,1791075392
2026-10-04T00:56:36+00:00,481,8,34,True,True,True,1791075392
2026-10-04T00:56:36+00:00,495,15,26,True,True,True,1791075392
2026-10-04T00:56:36+00:00,478,2,11,True,True,True,1791075392
2026-10-04T00:56:36+00:00,414,2,9,True,True,True,1791075392
2026-10-04T00:56:36+00:00,476,15,4,True,True,True,1791075392
2026-10-04T00:56:36+00:00,445,7,11,True,True,True,1791075392
2026-10-04T00:56:36+00:00,748,10,17,True,True,True,1791075392
2026-10-04T00:56:36+00:00,473,2,5,True,True,True,1791075392
2026-10-04T00:56:36+00:00,383,0,25,True,True,True,1791075392
2026-10-04T00:56:36+00:00,480,20,4,True,True,True,1791075392
2026-10-04T00:56:36+00:00,421,14,6,True,True,True,1791075392
2026-10-04T00:56:36+00:00,746,8,3,True,True,True,1791075392
2026-10-04T00:56:36+00:00,417,1,11,True,True,True,1791075392
2026-10-04T00:56:36+00:00,427,2,12,True,True,True,1791075392
2026-10-04T00:56:36+00:00,395,5,9,True,True,True,1791075392
2026-10-04T00:56:36+00:00,418,7,20,True,True,True,1791075392
2026-10-04T00:56:36+00:00,413,2,10,True,True,True,1791075392
2026-10-04T00:56:36+00:00,486,8,14,True,True,True,1791075392
2026-10-04T00:56:36+00:00,597,13,2,True,True,True,1791075392
2026-10-04T00:56:36+00:00,422,1,10,True,True,True,1791075392
2026-10-04T00:56:36+00:00,382,1,7,True,True,True,1791075392
2026-10-04T00:56:36+00:00,396,11,10,True,True,True,1791075392
2026-10-04T00:56:36+00:00,735,13,0,True,True,True,1791075392
2026-10-04T00:56:36+00:00,437,9,15,True,True,True,1791075392
2026-10-04T00:56:36+00:00,446,5,17,True,True,True,1791075392
2026-10-04T00:56:36+00:00,424,0,6,True,True,True,1791075392
2026-10-04T00:56:36+00:00,455,12,0,True,True,True,1791075392
2026-10-04T00:56:36+00:00,457,0,10,True,True,True,1791075392
2026-10-04T00:56:36+00:00,377,5,24,True,True,True,1791075392
2026-10-04T00:56:36+00:00,738,11,1,True,True,True,1791075392
2026-10-04T00:56:36+00:00,460,10,19,True,True,True,1791075392
2026-10-04T00:56:36+00:00,744,5,4,True,True,True,1791075392
2026-10-04T00:56:36+00:00,485,5,14,True,True,True,1791075392
2026-10-04T01:11:36+00:00,6026,15,18,True,True,True,1791076281
2026-10-04T01:11:36+00:00,5431,2,19,True,True,True,1791076281
2026-10-04T01:11:36+00:00,5424,3,15,True,True,True,1791076281
2026-10-04T01:11:36+00:00,5220,0,20,True,True,True,1791076281
2026-10-04T01:11:36+00:00,5217,6,23,True,True,True,1791076281
2026-10-04T01:11:36+00:00,5113,12,3,True,True,True,1791076281
2026-10-04T01:11:36+00:00,4683,0,20,True,True,True,1791076281
2026-10-04T01:11:36+00:00,4552,7,11,True,True,True,1791076281
2026-10-04T01:11:36+00:00,3725,1,17,True,True,True,1791076281
2026-10-04T01:11:36+00:00,2358,3,9,True,True,True,1791076281
2026-10-04T01:11:36+00:00,2357,5,16,True,True,True,1791076281
2026-10-04T01:11:36+00:00,2355,0,12,True,True,True,1791076281
2026-10-04T01:11:36+00:00,2351,6,11,True,True,True,1791076281
2026-10-04T01:11:36+00:00,2350,15,8,True,True,True,1791076281
2026-10-04T01:11:36+00:00,2349,2,19,True,True,True,1791076281
2026-10-04T01:11:36+00:00,2347,10,20,True,True,True,1791076281
2026-10-04T01:11:36+00:00,2340,14,10,True,True,True,1791076281
2026-10-04T01:11:36+00:00,2339,14,14,True,True,True,1791076281
2026-10-04T01:11:36+00:00,2337,12,2,True,True,True,1791076281
2026-10-04T01:11:36+00:00,2334,1,10,True,True,True,1791076281
2026-10-04T01:11:36+00:00,2333,11,4,True,True,True,1791076281
2026-10-04T01:11:36+00:00,2332,1,8,True,True,True,1791076281
2026-10-04T01:11:36+00:00,2330,12,1,True,True,True,1791076281
2026-10-04T01:11:36+00:00,2329,13,1,True,True,True,1791076281
2026-10-04T01:11:36+00:00,2328,3,16,True,True,True,1791076281
2026-10-04T01:11:36+00:00,2315,10,8,True,True,True,1791076281
2026-10-04T01:11:36+00:00,2308,2,6,True,True,True,1791076281
2026-10-04T01:11:36+00:00,2307,7,22,True,True,True,1791076281
2026-10-04T01:11:36+00:00,2306,0,18,True,True,True,1791076281
2026-10-04T01:11:36+00:00,2305,10,4,True,True,True,1791076281
2026-10-04T01:11:36+00:00,2304,4,12,True,True,True,1791076281
2026-10-04T01:11:36+00:00,2280,6,6,True,True,True,1791076281
2026-10-04T01:11:36+00:00,2270,1,18,True,True,True,1791076281
2026-10-04T01:11:36+00:00,1919,2,4,True,True,True,1791076281
2026-10-04T01:11:36+00:00,1755,1,30,True,True,True,1791076281
2026-10-04T01:11:36+00:00,1101,5,18,True,True,True,1791076281
2026-10-04T01:11:36+00:00,1023,11,2,True,True,True,1791076281
2026-10-04T01:11:36+00:00,1009,2,8,True,True,True,1791076281
2026-10-04T01:11:36+00:00,970,4,20,True,True,True,1791076281
2026-10-04T01:11:36+00:00,787,12,0,True,True,True,1791076281
2026-10-04T01:11:36+00:00,627,3,27,True,True,True,1791076281
2026-10-04T01:11:36+00:00,623,16,3,True,True,True,1791076281
2026-10-04T01:11:36+00:00,624,6,13,True,True,True,1791076281
2026-10-04T01:11:36+00:00,626,2,20,True,True,True,1791076281
2026-10-04T01:11:36+00:00,614,5,17,True,True,True,1791076281
2026-10-04T01:11:36+00:00,616,15,0,True,True,True,1791076281
2026-10-04T01:11:36+00:00,618,7,35,True,True,True,1791076281
2026-10-04T01:11:36+00:00,621,7,19,True,True,True,1791076281
2026-10-04T01:11:36+00:00,622,1,27,True,True,True,1791076281
2026-10-04T01:11:36+00:00,613,1,15,True,True,True,1791076281
2026-10-04T01:11:36+00:00,620,23,16,True,True,True,1791076281
2026-10-04T01:11:36+00:00,596,2,15,True,True,True,1791076281
2026-10-04T01:11:36+00:00,617,7,12,True,True,True,1791076281
2026-10-04T01:11:36+00:00,609,9,18,True,True,True,1791076281
2026-10-04T01:11:36+00:00,607,7,22,True,True,True,1791076281
2026-10-04T01:11:36+00:00,603,11,6,True,True,True,1791076281
2026-10-04T01:11:36+00:00,590,8,29,True,True,True,1791076281
2026-10-04T01:11:36+00:00,610,2,17,True,True,True,1791076281
2026-10-04T01:11:36+00:00,608,3,15,True,True,True,1791076281
2026-10-04T01:11:36+00:00,593,15,14,True,True,True,1791076281
2026-10-04T01:11:36+00:00,530,6,3,True,True,True,1791076281
2026-10-04T01:11:36+00:00,463,16,1,True,True,True,1791076281
2026-10-04T01:11:36+00:00,475,20,3,True,True,True,1791076281
2026-10-04T01:11:36+00:00,439,12,12,True,True,True,1791076281
2026-10-04T01:11:36+00:00,600,9,0,True,True,True,1791076281
2026-10-04T01:11:36+00:00,440,5,10,True,True,True,1791076281
2026-10-04T01:11:36+00:00,612,3,15,True,True,True,1791076281
2026-10-04T01:11:36+00:00,491,15,3,True,True,True,1791076281
2026-10-04T01:11:36+00:00,493,23,5,True,True,True,1791076281
2026-10-04T01:11:36+00:00,410,5,20,True,True,True,1791076281
2026-10-04T01:11:36+00:00,605,4,14,True,True,True,1791076281
2026-10-04T01:11:36+00:00,388,15,1,True,True,True,1791076281
2026-10-04T01:11:36+00:00,591,20,2,True,True,True,1791076281
2026-10-04T01:11:36+00:00,592,3,15,True,True,True,1791076281
2026-10-04T01:11:36+00:00,585,0,0,True,True,True,1791076281
2026-10-04T01:11:36+00:00,565,0,18,True,True,True,1791076281
2026-10-04T01:11:36+00:00,571,15,3,True,True,True,1791076281
2026-10-04T01:11:36+00:00,568,5,10,True,True,True,1791076281
2026-10-04T01:11:36+00:00,588,5,14,True,True,True,1791076281
2026-10-04T01:11:36+00:00,584,1,33,True,True,True,1791076281
2026-10-04T01:11:36+00:00,569,11,18,True,True,True,1791076281
2026-10-04T01:11:36+00:00,577,9,20,True,True,True,1791076281
2026-10-04T01:11:36+00:00,564,0,29,True,True,True,1791076281
2026-10-04T01:11:36+00:00,570,3,12,True,True,True,1791076281
2026-10-04T01:11:36+00:00,572,8,31,True,True,True,1791076281
2026-10-04T01:11:36+00:00,586,11,14,True,True,True,1791076281
2026-10-04T01:11:36+00:00,576,10,7,True,True,True,1791076281
2026-10-04T01:11:36+00:00,566,24,0,True,True,True,1791076281
2026-10-04T01:11:36+00:00,602,6,12,True,True,True,1791076281
2026-10-04T01:11:36+00:00,575,6,23,True,True,True,1791076281
2026-10-04T01:11:36+00:00,567,20,18,True,True,True,1791076281
2026-10-04T01:11:36+00:00,582,12,12,True,True,True,1791076281
2026-10-04T01:11:36+00:00,595,23,0,True,True,True,1791076281
2026-10-04T01:11:36+00:00,542,12,6,True,True,True,1791076281
2026-10-04T01:11:36+00:00,563,7,9,True,True,True,1791076281
2026-10-04T01:11:36+00:00,558,6,9,True,True,True,1791076281
2026-10-04T01:11:36+00:00,552,6,12,True,True,True,1791076281
2026-10-04T01:11:36+00:00,555,1,12,True,True,True,1791076281
2026-10-04T01:11:36+00:00,573,4,20,True,True,True,1791076281
2026-10-04T01:11:36+00:00,561,7,15,True,True,True,1791076281
2026-10-04T01:11:36+00:00,615,5,16,True,True,True,1791076281
2026-10-04T01:11:36+00:00,543,1,18,True,True,True,1791076281
2026-10-04T01:11:36+00:00,554,0,19,True,True,True,1791076281
2026-10-04T01:11:36+00:00,574,11,0,True,True,True,1791076281
2026-10-04T01:11:36+00:00,560,1,7,True,True,True,1791076281
2026-10-04T01:11:36+00:00,548,3,14,True,True,True,1791076281
2026-10-04T01:11:36+00:00,559,5,12,True,True,True,1791076281
2026-10-04T01:11:36+00:00,545,24,15,True,True,True,1791076281
2026-10-04T01:11:36+00:00,550,3,6,True,True,True,1791076281
2026-10-04T01:11:36+00:00,541,7,3,True,True,True,1791076281
2026-10-04T01:11:36+00:00,527,9,1,True,True,True,1791076281
2026-10-04T01:11:36+00:00,529,7,14,True,True,True,1791076281
2026-10-04T01:11:36+00:00,526,12,2,True,True,True,1791076281
2026-10-04T01:11:36+00:00,537,15,4,True,True,True,1791076281
2026-10-04T01:11:36+00:00,547,20,7,True,True,True,1791076281
2026-10-04T01:11:36+00:00,601,4,14,True,True,True,1791076281
2026-10-04T01:11:36+00:00,533,2,10,True,True,True,1791076281
2026-10-04T01:11:36+00:00,535,0,25,True,True,True,1791076281
2026-10-04T01:11:36+00:00,524,5,15,True,True,True,1791076281
2026-10-04T01:11:36+00:00,519,7,15,True,True,True,1791076281
2026-10-04T01:11:36+00:00,534,8,31,True,True,True,1791076281
2026-10-04T01:11:36+00:00,521,5,8,True,True,True,1791076281
2026-10-04T01:11:36+00:00,518,1,17,True,True,True,1791076281
2026-10-04T01:11:36+00:00,556,0,18,True,True,True,1791076281
2026-10-04T01:11:36+00:00,525,1,13,True,True,True,1791076281
2026-10-04T01:11:36+00:00,517,2,15,True,True,True,1791076281
2026-10-04T01:11:36+00:00,523,8,22,True,True,True,1791076281
2026-10-04T01:11:36+00:00,522,6,3,True,True,True,1791076281
2026-10-04T01:11:36+00:00,594,3,15,True,True,True,1791076281
2026-10-04T01:11:36+00:00,532,5,15,True,True,True,1791076281
2026-10-04T01:11:36+00:00,509,8,3,True,True,True,1791076281
2026-10-04T01:11:36+00:00,531,9,9,True,True,True,1791076281
2026-10-04T01:11:36+00:00,536,0,9,True,True,True,1791076281
2026-10-04T01:11:36+00:00,562,18,21,True,True,True,1791076281
2026-10-04T01:11:36+00:00,511,8,15,True,True,True,1791076281
2026-10-04T01:11:36+00:00,505,1,20,True,True,True,1791076281
2026-10-04T01:11:36+00:00,501,1,17,True,True,True,1791076281
2026-10-04T01:11:36+00:00,514,5,7,True,True,True,1791076281
2026-10-04T01:11:36+00:00,500,7,10,True,True,True,1791076281
2026-10-04T01:11:36+00:00,503,6,22,True,True,True,1791076281
2026-10-04T01:11:36+00:00,513,3,12,True,True,True,1791076281
2026-10-04T01:11:36+00:00,498,0,12,True,True,True,1791076281
2026-10-04T01:11:36+00:00,507,16,2,True,True,True,1791076281
2026-10-04T01:11:36+00:00,512,3,24,True,True,True,1791076281
2026-10-04T01:11:36+00:00,619,21,21,True,True,True,1791076281
2026-10-04T01:11:36+00:00,474,32,10,True,True,True,1791076281
2026-10-04T01:11:36+00:00,580,10,35,True,True,True,1791076281
2026-10-04T01:11:36+00:00,496,21,22,True,True,True,1791076281
2026-10-04T01:11:36+00:00,482,1,16,True,True,True,1791076281
2026-10-04T01:11:36+00:00,407,2,11,True,True,True,1791076281
2026-10-04T01:11:36+00:00,409,4,21,True,True,True,1791076281
2026-10-04T01:11:36+00:00,451,3,17,True,True,True,1791076281
2026-10-04T01:11:36+00:00,402,9,10,True,True,True,1791076281
2026-10-04T01:11:36+00:00,516,3,11,True,True,True,1791076281
2026-10-04T01:11:36+00:00,625,6,34,True,True,True,1791076281
2026-10-04T01:11:36+00:00,429,4,17,True,True,True,1791076281
2026-10-04T01:11:36+00:00,380,10,14,True,True,True,1791076281
2026-10-04T01:11:36+00:00,583,6,12,True,True,True,1791076281
2026-10-04T01:11:36+00:00,398,6,11,True,True,True,1791076281
2026-10-04T01:11:36+00:00,381,13,2,True,True,True,1791076281
2026-10-04T01:11:36+00:00,464,15,28,True,True,True,1791076281
2026-10-04T01:11:36+00:00,442,16,0,True,True,True,1791076281
2026-10-04T01:11:36+00:00,483,10,10,True,True,True,1791076281
2026-10-04T01:11:36+00:00,458,2,12,True,True,True,1791076281
2026-10-04T01:11:36+00:00,499,4,11,True,True,True,1791076281
2026-10-04T01:11:36+00:00,472,11,8,True,True,True,1791076281
2026-10-04T01:11:36+00:00,506,4,20,True,True,True,1791076281
2026-10-04T01:11:36+00:00,465,7,21,True,True,True,1791076281
2026-10-04T01:11:36+00:00,611,16,21,True,True,True,1791076281
2026-10-04T01:11:36+00:00,404,12,14,True,True,True,1791076281
2026-10-04T01:11:36+00:00,579,0,17,True,True,True,1791076281
2026-10-04T01:11:36+00:00,589,3,23,True,True,True,1791076281
2026-10-04T01:11:36+00:00,434,6,14,True,True,True,1791076281
2026-10-04T01:11:36+00:00,462,3,12,True,True,True,1791076281
2026-10-04T01:11:36+00:00,578,3,19,True,True,True,1791076281
2026-10-04T01:11:36+00:00,415,1,11,True,True,True,1791076281
2026-10-04T01:11:36+00:00,423,20,0,True,True,True,1791076281
2026-10-04T01:11:36+00:00,412,6,1,True,True,True,1791076281
2026-10-04T01:11:36+00:00,387,10,4,True,True,True,1791076281
2026-10-04T01:11:36+00:00,441,0,15,True,True,True,1791076281
2026-10-04T01:11:36+00:00,454,2,20,True,True,True,1791076281
2026-10-04T01:11:36+00:00,436,0,12,True,True,True,1791076281
2026-10-04T01:11:36+00:00,394,2,16,True,True,True,1791076281
2026-10-04T01:11:36+00:00,497,14,13,True,True,True,1791076281
2026-10-04T01:11:36+00:00,581,6,17,True,True,True,1791076281
2026-10-04T01:11:36+00:00,461,1,17,True,True,True,1791076281
2026-10-04T01:11:36+00:00,599,24,21,True,True,True,1791076281
2026-10-04T01:11:36+00:00,428,6,17,True,True,True,1791076281
2026-10-04T01:11:36+00:00,400,3,21,True,True,True,1791076281
2026-10-04T01:11:36+00:00,487,0,21,True,True,True,1791076281
2026-10-04T01:11:36+00:00,438,23,16,True,True,True,1791076281
2026-10-04T01:11:36+00:00,459,2,10,True,True,True,1791076281
2026-10-04T01:11:36+00:00,433,2,15,True,True,True,1791076281
2026-10-04T01:11:36+00:00,399,5,25,True,True,True,1791076281
2026-10-04T01:11:36+00:00,489,18,9,True,True,True,1791076281
2026-10-04T01:11:36+00:00,742,17,10,True,True,True,1791076281
2026-10-04T01:11:36+00:00,551,24,7,True,True,True,1791076281
2026-10-04T01:11:36+00:00,406,10,1,True,True,True,1791076281
2026-10-04T01:11:36+00:00,488,5,17,True,True,True,1791076281
2026-10-04T01:11:36+00:00,540,18,16,True,True,True,1791076281
2026-10-04T01:11:36+00:00,431,3,17,True,True,True,1791076281
2026-10-04T01:11:36+00:00,393,10,10,True,True,True,1791076281
2026-10-04T01:11:36+00:00,420,17,0,True,True,True,1791076281
2026-10-04T01:11:36+00:00,397,1,27,True,True,True,1791076281
2026-10-04T01:11:36+00:00,390,17,12,True,True,True,1791076281
2026-10-04T01:11:36+00:00,449,11,13,True,True,True,1791076281
2026-10-04T01:11:36+00:00,430,9,33,True,True,True,1791076281
2026-10-04T01:11:36+00:00,484,10,24,True,True,True,1791076281
2026-10-04T01:11:36+00:00,479,8,22,True,True,True,1791076281
2026-10-04T01:11:36+00:00,403,2,12,True,True,True,1791076281
2026-10-04T01:11:36+00:00,435,2,28,True,True,True,1791076281
2026-10-04T01:11:36+00:00,426,9,10,True,True,True,1791076281
2026-10-04T01:11:36+00:00,450,8,6,True,True,True,1791076281
2026-10-04T01:11:36+00:00,456,13,20,True,True,True,1791076281
2026-10-04T01:11:36+00:00,468,15,0,True,True,True,1791076281
2026-10-04T01:11:36+00:00,453,22,11,True,True,True,1791076281
2026-10-04T01:11:36+00:00,466,2,13,True,True,True,1791076281
2026-10-04T01:11:36+00:00,469,2,28,True,True,True,1791076281
2026-10-04T01:11:36+00:00,416,1,14,True,True,True,1791076281
2026-10-04T01:11:36+00:00,391,1,12,True,True,True,1791076281
2026-10-04T01:11:36+00:00,389,1,14,True,True,True,1791076281
2026-10-04T01:11:36+00:00,470,1,13,True,True,True,1791076281
2026-10-04T01:11:36+00:00,384,15,0,True,True,True,1791076281
2026-10-04T01:11:36+00:00,425,1,6,True,True,True,1791076281
2026-10-04T01:11:36+00:00,411,3,8,True,True,True,1791076281
2026-10-04T01:11:36+00:00,598,13,20,True,True,True,1791076281
2026-10-04T01:11:36+00:00,444,16,2,True,True,True,1791076281
2026-10-04T01:11:36+00:00,447,11,19,True,True,True,1791076281
2026-10-04T01:11:36+00:00,408,2,11,True,True,True,1791076281
2026-10-04T01:11:36+00:00,737,22,1,True,True,True,1791076281
2026-10-04T01:11:36+00:00,432,1,10,True,True,True,1791076281
2026-10-04T01:11:36+00:00,401,5,0,True,True,True,1791076281
2026-10-04T01:11:36+00:00,452,3,25,True,True,True,1791076281
2026-10-04T01:11:36+00:00,392,7,0,True,True,True,1791076281
2026-10-04T01:11:36+00:00,481,8,34,True,True,True,1791076281
2026-10-04T01:11:36+00:00,495,15,26,True,True,True,1791076281
2026-10-04T01:11:36+00:00,478,2,11,True,True,True,1791076281
2026-10-04T01:11:36+00:00,414,2,9,True,True,True,1791076281
2026-10-04T01:11:36+00:00,476,15,4,True,True,True,1791076281
2026-10-04T01:11:36+00:00,445,7,11,True,True,True,1791076281
2026-10-04T01:11:36+00:00,748,10,17,True,True,True,1791076281
2026-10-04T01:11:36+00:00,473,2,5,True,True,True,1791076281
2026-10-04T01:11:36+00:00,383,0,25,True,True,True,1791076281
2026-10-04T01:11:36+00:00,480,20,4,True,True,True,1791076281
2026-10-04T01:11:36+00:00,421,14,6,True,True,True,1791076281
2026-10-04T01:11:36+00:00,746,8,3,True,True,True,1791076281
2026-10-04T01:11:36+00:00,417,1,11,True,True,True,1791076281
2026-10-04T01:11:36+00:00,427,2,12,True,True,True,1791076281
2026-10-04T01:11:36+00:00,395,5,9,True,True,True,1791076281
2026-10-04T01:11:36+00:00,418,7,20,True,True,True,1791076281
2026-10-04T01:11:36+00:00,413,2,10,True,True,True,1791076281
2026-10-04T01:11:36+00:00,486,8,14,True,True,True,1791076281
2026-10-04T01:11:36+00:00,597,13,2,True,True,True,1791076281
2026-10-04T01:11:36+00:00,422,1,10,True,True,True,1791076281
2026-10-04T01:11:36+00:00,382,1,7,True,True,True,1791076281
2026-10-04T01:11:36+00:00,396,11,10,True,True,True,1791076281
2026-10-04T01:11:36+00:00,735,13,0,True,True,True,1791076281
2026-10-04T01:11:36+00:00,437,9,15,True,True,True,1791076281
2026-10-04T01:11:36+00:00,446,5,17,True,True,True,1791076281
2026-10-04T01:11:36+00:00,424,0,6,True,True,True,1791076281
2026-10-04T01:11:36+00:00,455,12,0,True,True,True,1791076281
2026-10-04T01:11:36+00:00,457,0,10,True,True,True,1791076281
2026-10-04T01:11:36+00:00,377,5,24,True,True,True,1791076281
2026-10-04T01:11:36+00:00,738,11,1,True,True,True,1791076281
2026-10-04T01:11:36+00:00,460,10,19,True,True,True,1791076281
2026-10-04T01:11:36+00:00,744,5,4,True,True,True,1791076281
2026-10-04T01:11:36+00:00,485,5,14,True,True,True,1791076281
2026-10-04T01:26:36+00:00,6026,15,18,True,True,True,1791077185
2026-10-04T01:26:36+00:00,5431,2,19,True,True,True,1791077185
2026-10-04T01:26:36+00:00,5424,3,15,True,True,True,1791077185
2026-10-04T01:26:36+00:00,5220,0,20,True,True,True,1791077185
2026-10-04T01:26:36+00:00,5217,6,23,True,True,True,1791077185
2026-10-04T01:26:36+00:00,5113,12,3,True,True,True,1791077185
2026-10-04T01:26:36+00:00,4683,0,20,True,True,True,1791077185
2026-10-04T01:26:36+00:00,4552,7,11,True,True,True,1791077185
2026-10-04T01:26:36+00:00,3725,1,17,True,True,True,1791077185
2026-10-04T01:26:36+00:00,2358,3,9,True,True,True,1791077185
2026-10-04T01:26:36+00:00,2357,5,16,True,True,True,1791077185
2026-10-04T01:26:36+00:00,2355,0,12,True,True,True,1791077185
2026-10-04T01:26:36+00:00,2351,6,11,True,True,True,1791077185
2026-10-04T01:26:36+00:00,2350,15,8,True,True,True,1791077185
2026-10-04T01:26:36+00:00,2349,2,19,True,True,True,1791077185
2026-10-04T01:26:36+00:00,2347,10,20,True,True,True,1791077185
2026-10-04T01:26:36+00:00,2340,14,10,True,True,True,1791077185
2026-10-04T01:26:36+00:00,2339,14,14,True,True,True,1791077185
2026-10-04T01:26:36+00:00,2337,12,2,True,True,True,1791077185
2026-10-04T01:26:36+00:00,2334,1,10,True,True,True,1791077185
2026-10-04T01:26:36+00:00,2333,11,4,True,True,True,1791077185
2026-10-04T01:26:36+00:00,2332,1,8,True,True,True,1791077185
2026-10-04T01:26:36+00:00,2330,12,1,True,True,True,1791077185
2026-10-04T01:26:36+00:00,2329,13,1,True,True,True,1791077185
2026-10-04T01:26:36+00:00,2328,3,16,True,True,True,1791077185
2026-10-04T01:26:36+00:00,2315,10,8,True,True,True,1791077185
2026-10-04T01:26:36+00:00,2308,2,6,True,True,True,1791077185
2026-10-04T01:26:36+00:00,2307,7,22,True,True,True,1791077185
2026-10-04T01:26:36+00:00,2306,0,18,True,True,True,1791077185
2026-10-04T01:26:36+00:00,2305,10,4,True,True,True,1791077185
2026-10-04T01:26:36+00:00,2304,4,12,True,True,True,1791077185
2026-10-04T01:26:36+00:00,2280,6,6,True,True,True,1791077185
2026-10-04T01:26:36+00:00,2270,1,18,True,True,True,1791077185
2026-10-04T01:26:36+00:00,1919,2,4,True,True,True,1791077185
2026-10-04T01:26:36+00:00,1755,1,30,True,True,True,1791077185
2026-10-04T01:26:36+00:00,1101,5,18,True,True,True,1791077185
2026-10-04T01:26:36+00:00,1023,11,2,True,True,True,1791077185
2026-10-04T01:26:36+00:00,1009,2,8,True,True,True,1791077185
2026-10-04T01:26:36+00:00,970,4,20,True,True,True,1791077185
2026-10-04T01:26:36+00:00,787,12,0,True,True,True,1791077185
2026-10-04T01:26:36+00:00,627,3,27,True,True,True,1791077185
2026-10-04T01:26:36+00:00,623,16,3,True,True,True,1791077185
2026-10-04T01:26:36+00:00,624,6,13,True,True,True,1791077185
2026-10-04T01:26:36+00:00,626,2,20,True,True,True,1791077185
2026-10-04T01:26:36+00:00,614,5,17,True,True,True,1791077185
2026-10-04T01:26:36+00:00,616,15,0,True,True,True,1791077185
2026-10-04T01:26:36+00:00,618,7,35,True,True,True,1791077185
2026-10-04T01:26:36+00:00,621,7,19,True,True,True,1791077185
2026-10-04T01:26:36+00:00,622,1,27,True,True,True,1791077185
2026-10-04T01:26:36+00:00,613,1,15,True,True,True,1791077185
2026-10-04T01:26:36+00:00,620,23,16,True,True,True,1791077185
2026-10-04T01:26:36+00:00,596,2,15,True,True,True,1791077185
2026-10-04T01:26:36+00:00,617,7,12,True,True,True,1791077185
2026-10-04T01:26:36+00:00,609,9,18,True,True,True,1791077185
2026-10-04T01:26:36+00:00,607,7,22,True,True,True,1791077185
2026-10-04T01:26:36+00:00,603,11,6,True,True,True,1791077185
2026-10-04T01:26:36+00:00,590,8,29,True,True,True,1791077185
2026-10-04T01:26:36+00:00,610,2,17,True,True,True,1791077185
2026-10-04T01:26:36+00:00,608,3,15,True,True,True,1791077185
2026-10-04T01:26:36+00:00,593,15,14,True,True,True,1791077185
2026-10-04T01:26:36+00:00,530,6,3,True,True,True,1791077185
2026-10-04T01:26:36+00:00,463,16,1,True,True,True,1791077185
2026-10-04T01:26:36+00:00,475,20,3,True,True,True,1791077185
2026-10-04T01:26:36+00:00,439,12,12,True,True,True,1791077185
2026-10-04T01:26:36+00:00,600,9,0,True,True,True,1791077185
2026-10-04T01:26:36+00:00,440,5,10,True,True,True,1791077185
2026-10-04T01:26:36+00:00,612,3,15,True,True,True,1791077185
2026-10-04T01:26:36+00:00,491,15,3,True,True,True,1791077185
2026-10-04T01:26:36+00:00,493,23,5,True,True,True,1791077185
2026-10-04T01:26:36+00:00,410,5,20,True,True,True,1791077185
2026-10-04T01:26:36+00:00,605,4,14,True,True,True,1791077185
2026-10-04T01:26:36+00:00,388,15,1,True,True,True,1791077185
2026-10-04T01:26:36+00:00,591,20,2,True,True,True,1791077185
2026-10-04T01:26:36+00:00,592,3,15,True,True,True,1791077185
2026-10-04T01:26:36+00:00,585,0,0,True,True,True,1791077185
2026-10-04T01:26:36+00:00,565,0,18,True,True,True,1791077185
2026-10-04T01:26:36+00:00,571,15,3,True,True,True,1791077185
2026-10-04T01:26:36+00:00,568,5,10,True,True,True,1791077185
2026-10-04T01:26:36+00:00,588,5,14,True,True,True,1791077185
2026-10-04T01:26:36+00:00,584,1,33,True,True,True,1791077185
2026-10-04T01:26:36+00:00,569,11,18,True,True,True,1791077185
2026-10-04T01:26:36+00:00,577,9,20,True,True,True,1791077185
2026-10-04T01:26:36+00:00,564,0,29,True,True,True,1791077185
2026-10-04T01:26:36+00:00,570,3,12,True,True,True,1791077185
2026-10-04T01:26:36+00:00,572,8,31,True,True,True,1791077185
2026-10-04T01:26:36+00:00,586,11,14,True,True,True,1791077185
2026-10-04T01:26:36+00:00,576,10,7,True,True,True,1791077185
2026-10-04T01:26:36+00:00,566,24,0,True,True,True,1791077185
2026-10-04T01:26:36+00:00,602,6,12,True,True,True,1791077185
2026-10-04T01:26:36+00:00,575,6,23,True,True,True,1791077185
2026-10-04T01:26:36+00:00,567,20,18,True,True,True,1791077185
2026-10-04T01:26:36+00:00,582,12,12,True,True,True,1791077185
2026-10-04T01:26:36+00:00,595,23,0,True,True,True,1791077185
2026-10-04T01:26:36+00:00,542,12,6,True,True,True,1791077185
2026-10-04T01:26:36+00:00,563,7,9,True,True,True,1791077185
2026-10-04T01:26:36+00:00,558,6,9,True,True,True,1791077185
2026-10-04T01:26:36+00:00,552,6,12,True,True,True,1791077185
2026-10-04T01:26:36+00:00,555,1,12,True,True,True,1791077185
2026-10-04T01:26:36+00:00,573,4,20,True,True,True,1791077185
2026-10-04T01:26:36+00:00,561,7,15,True,True,True,1791077185
2026-10-04T01:26:36+00:00,615,5,16,True,True,True,1791077185
2026-10-04T01:26:36+00:00,543,1,18,True,True,True,1791077185
2026-10-04T01:26:36+00:00,554,0,19,True,True,True,1791077185
2026-10-04T01:26:36+00:00,574,11,0,True,True,True,1791077185
2026-10-04T01:26:36+00:00,560,1,7,True,True,True,1791077185
2026-10-04T01:26:36+00:00,548,3,14,True,True,True,1791077185
2026-10-04T01:26:36+00:00,559,5,12,True,True,True,1791077185
2026-10-04T01:26:36+00:00,545,24,15,True,True,True,1791077185
2026-10-04T01:26:36+00:00,550,3,6,True,True,True,1791077185
2026-10-04T01:26:36+00:00,541,7,3,True,True,True,1791077185
2026-10-04T01:26:36+00:00,527,9,1,True,True,True,1791077185
2026-10-04T01:26:36+00:00,529,7,14,True,True,True,1791077185
2026-10-04T01:26:36+00:00,526,12,2,True,True,True,1791077185
2026-10-04T01:26:36+00:00,537,15,4,True,True,True,1791077185
2026-10-04T01:26:36+00:00,547,20,7,True,True,True,1791077185
2026-10-04T01:26:36+00:00,601,4,14,True,True,True,1791077185
2026-10-04T01:26:36+00:00,533,2,10,True,True,True,1791077185
2026-10-04T01:26:36+00:00,535,0,25,True,True,True,1791077185
2026-10-04T01:26:36+00:00,524,5,15,True,True,True,1791077185
2026-10-04T01:26:36+00:00,519,7,15,True,True,True,1791077185
2026-10-04T01:26:36+00:00,534,8,31,True,True,True,1791077185
2026-10-04T01:26:36+00:00,521,5,8,True,True,True,1791077185
2026-10-04T01:26:36+00:00,518,1,17,True,True,True,1791077185
2026-10-04T01:26:36+00:00,556,0,18,True,True,True,1791077185
2026-10-04T01:26:36+00:00,525,1,13,True,True,True,1791077185
2026-10-04T01:26:36+00:00,517,2,15,True,True,True,1791077185
2026-10-04T01:26:36+00:00,523,8,22,True,True,True,1791077185
2026-10-04T01:26:36+00:00,522,6,3,True,True,True,1791077185
2026-10-04T01:26:36+00:00,594,3,15,True,True,True,1791077185
2026-10-04T01:26:36+00:00,532,5,15,True,True,True,1791077185
2026-10-04T01:26:36+00:00,509,8,3,True,True,True,1791077185
2026-10-04T01:26:36+00:00,531,9,9,True,True,True,1791077185
2026-10-04T01:26:36+00:00,536,0,9,True,True,True,1791077185
2026-10-04T01:26:36+00:00,562,18,21,True,True,True,1791077185
2026-10-04T01:26:36+00:00,511,8,15,True,True,True,1791077185
2026-10-04T01:26:36+00:00,505,1,20,True,True,True,1791077185
2026-10-04T01:26:36+00:00,501,1,17,True,True,True,1791077185
2026-10-04T01:26:36+00:00,514,5,7,True,True,True,1791077185
2026-10-04T01:26:36+00:00,500,7,10,True,True,True,1791077185
2026-10-04T01:26:36+00:00,503,6,22,True,True,True,1791077185
2026-10-04T01:26:36+00:00,513,3,12,True,True,True,1791077185
2026-10-04T01:26:36+00:00,498,0,12,True,True,True,1791077185
2026-10-04T01:26:36+00:00,507,16,2,True,True,True,1791077185
2026-10-04T01:26:36+00:00,512,3,24,True,True,True,1791077185
2026-10-04T01:26:36+00:00,619,21,21,True,True,True,1791077185
2026-10-04T01:26:36+00:00,474,32,10,True,True,True,1791077185
2026-10-04T01:26:36+00:00,580,10,35,True,True,True,1791077185
2026-10-04T01:26:36+00:00,496,21,22,True,True,True,1791077185
2026-10-04T01:26:36+00:00,482,1,16,True,True,True,1791077185
2026-10-04T01:26:36+00:00,407,2,11,True,True,True,1791077185
2026-10-04T01:26:36+00:00,409,4,21,True,True,True,1791077185
2026-10-04T01:26:36+00:00,451,3,17,True,True,True,1791077185
2026-10-04T01:26:36+00:00,402,9,10,True,True,True,1791077185
2026-10-04T01:26:36+00:00,516,3,11,True,True,True,1791077185
2026-10-04T01:26:36+00:00,625,6,34,True,True,True,1791077185
2026-10-04T01:26:36+00:00,429,4,17,True,True,True,1791077185
2026-10-04T01:26:36+00:00,380,10,14,True,True,True,1791077185
2026-10-04T01:26:36+00:00,583,6,12,True,True,True,1791077185
2026-10-04T01:26:36+00:00,398,6,11,True,True,True,1791077185
2026-10-04T01:26:36+00:00,381,13,2,True,True,True,1791077185
2026-10-04T01:26:36+00:00,464,15,28,True,True,True,1791077185
2026-10-04T01:26:36+00:00,442,16,0,True,True,True,1791077185
2026-10-04T01:26:36+00:00,483,10,10,True,True,True,1791077185
2026-10-04T01:26:36+00:00,458,2,12,True,True,True,1791077185
2026-10-04T01:26:36+00:00,499,4,11,True,True,True,1791077185
2026-10-04T01:26:36+00:00,472,11,8,True,True,True,1791077185
2026-10-04T01:26:36+00:00,506,4,20,True,True,True,1791077185
2026-10-04T01:26:36+00:00,465,7,21,True,True,True,1791077185
2026-10-04T01:26:36+00:00,611,16,21,True,True,True,1791077185
2026-10-04T01:26:36+00:00,404,12,14,True,True,True,1791077185
2026-10-04T01:26:36+00:00,579,0,17,True,True,True,1791077185
2026-10-04T01:26:36+00:00,589,3,23,True,True,True,1791077185
2026-10-04T01:26:36+00:00,434,6,14,True,True,True,1791077185
2026-10-04T01:26:36+00:00,462,3,12,True,True,True,1791077185
2026-10-04T01:26:36+00:00,578,3,19,True,True,True,1791077185
2026-10-04T01:26:36+00:00,415,1,11,True,True,True,1791077185
2026-10-04T01:26:36+00:00,423,20,0,True,True,True,1791077185
2026-10-04T01:26:36+00:00,412,6,1,True,True,True,1791077185
2026-10-04T01:26:36+00:00,387,10,4,True,True,True,1791077185
2026-10-04T01:26:36+00:00,441,0,15,True,True,True,1791077185
2026-10-04T01:26:36+00:00,454,2,20,True,True,True,1791077185
2026-10-04T01:26:36+00:00,436,0,12,True,True,True,1791077185
2026-10-04T01:26:36+00:00,394,2,16,True,True,True,1791077185
2026-10-04T01:26:36+00:00,497,14,13,True,True,True,1791077185
2026-10-04T01:26:36+00:00,581,6,17,True,True,True,1791077185
2026-10-04T01:26:36+00:00,461,1,17,True,True,True,1791077185
2026-10-04T01:26:36+00:00,599,24,21,True,True,True,1791077185
2026-10-04T01:26:36+00:00,428,6,17,True,True,True,1791077185
2026-10-04T01:26:36+00:00,400,3,21,True,True,True,1791077185
2026-10-04T01:26:36+00:00,487,0,21,True,True,True,1791077185
2026-10-04T01:26:36+00:00,438,23,16,True,True,True,1791077185
2026-10-04T01:26:36+00:00,459,2,10,True,True,True,1791077185
2026-10-04T01:26:36+00:00,433,2,15,True,True,True,1791077185
2026-10-04T01:26:36+00:00,399,5,25,True,True,True,1791077185
2026-10-04T01:26:36+00:00,489,18,9,True,True,True,1791077185
2026-10-04T01:26:36+00:00,742,17,10,True,True,True,1791077185
2026-10-04T01:26:36+00:00,551,24,7,True,True,True,1791077185
2026-10-04T01:26:36+00:00,406,10,1,True,True,True,1791077185
2026-10-04T01:26:36+00:00,488,5,17,True,True,True,1791077185
2026-10-04T01:26:36+00:00,540,18,16,True,True,True,1791077185
2026-10-04T01:26:36+00:00,431,3,17,True,True,True,1791077185
2026-10-04T01:26:36+00:00,393,10,10,True,True,True,1791077185
2026-10-04T01:26:36+00:00,420,17,0,True,True,True,1791077185
2026-10-04T01:26:36+00:00,397,1,27,True,True,True,1791077185
2026-10-04T01:26:36+00:00,390,17,12,True,True,True,1791077185
2026-10-04T01:26:36+00:00,449,11,13,True,True,True,1791077185
2026-10-04T01:26:36+00:00,430,9,33,True,True,True,1791077185
2026-10-04T01:26:36+00:00,484,10,24,True,True,True,1791077185
2026-10-04T01:26:36+00:00,479,8,22,True,True,True,1791077185
2026-10-04T01:26:36+00:00,403,2,12,True,True,True,1791077185
2026-10-04T01:26:36+00:00,435,2,28,True,True,True,1791077185
2026-10-04T01:26:36+00:00,426,10,10,True,True,True,1791077185
2026-10-04T01:26:36+00:00,450,8,6,True,True,True,1791077185
2026-10-04T01:26:36+00:00,456,13,20,True,True,True,1791077185
2026-10-04T01:26:36+00:00,468,15,0,True,True,True,1791077185
2026-10-04T01:26:36+00:00,453,22,11,True,True,True,1791077185
2026-10-04T01:26:36+00:00,466,2,13,True,True,True,1791077185
2026-10-04T01:26:36+00:00,469,2,28,True,True,True,1791077185
2026-10-04T01:26:36+00:00,416,1,14,True,True,True,1791077185
2026-10-04T01:26:36+00:00,391,1,12,True,True,True,1791077185
2026-10-04T01:26:36+00:00,389,1,14,True,True,True,1791077185
2026-10-04T01:26:36+00:00,470,1,13,True,True,True,1791077185
2026-10-04T01:26:36+00:00,384,15,0,True,True,True,1791077185
2026-10-04T01:26:36+00:00,425,1,6,True,True,True,1791077185
2026-10-04T01:26:36+00:00,411,3,8,True,True,True,1791077185
2026-10-04T01:26:36+00:00,598,13,20,True,True,True,1791077185
2026-10-04T01:26:36+00:00,444,16,2,True,True,True,1791077185
2026-10-04T01:26:36+00:00,447,11,19,True,True,True,1791077185
2026-10-04T01:26:36+00:00,408,2,11,True,True,True,1791077185
2026-10-04T01:26:36+00:00,737,22,1,True,True,True,1791077185
2026-10-04T01:26:36+00:00,432,1,10,True,True,True,1791077185
2026-10-04T01:26:36+00:00,401,5,0,True,True,True,1791077185
2026-10-04T01:26:36+00:00,452,3,25,True,True,True,1791077185
2026-10-04T01:26:36+00:00,392,7,0,True,True,True,1791077185
2026-10-04T01:26:36+00:00,481,8,34,True,True,True,1791077185
2026-10-04T01:26:36+00:00,495,15,26,True,True,True,1791077185
2026-10-04T01:26:36+00:00,478,2,11,True,True,True,1791077185
2026-10-04T01:26:36+00:00,414,2,9,True,True,True,1791077185
2026-10-04T01:26:36+00:00,476,15,4,True,True,True,1791077185
2026-10-04T01:26:36+00:00,445,7,11,True,True,True,1791077185
2026-10-04T01:26:36+00:00,748,10,17,True,True,True,1791077185
2026-10-04T01:26:36+00:00,473,2,5,True,True,True,1791077185
2026-10-04T01:26:36+00:00,383,0,25,True,True,True,1791077185
2026-10-04T01:26:36+00:00,480,20,4,True,True,True,1791077185
2026-10-04T01:26:36+00:00,421,14,6,True,True,True,1791077185
2026-10-04T01:26:36+00:00,746,8,3,True,True,True,1791077185
2026-10-04T01:26:36+00:00,417,1,11,True,True,True,1791077185
2026-10-04T01:26:36+00:00,427,2,12,True,True,True,1791077185
2026-10-04T01:26:36+00:00,395,5,9,True,True,True,1791077185
2026-10-04T01:26:36+00:00,418,7,20,True,True,True,1791077185
2026-10-04T01:26:36+00:00,413,2,10,True,True,True,1791077185
2026-10-04T01:26:36+00:00,486,8,14,True,True,True,1791077185
2026-10-04T01:26:36+00:00,597,13,2,True,True,True,1791077185
2026-10-04T01:26:36+00:00,422,1,10,True,True,True,1791077185
2026-10-04T01:26:36+00:00,382,1,7,True,True,True,1791077185
2026-10-04T01:26:36+00:00,396,11,10,True,True,True,1791077185
2026-10-04T01:26:36+00:00,735,13,0,True,True,True,1791077185
2026-10-04T01:26:36+00:00,437,9,15,True,True,True,1791077185
2026-10-04T01:26:36+00:00,446,5,17,True,True,True,1791077185
2026-10-04T01:26:36+00:00,424,0,6,True,True,True,1791077185
2026-10-04T01:26:36+00:00,455,12,0,True,True,True,1791077185
2026-10-04T01:26:36+00:00,457,0,10,True,True,True,1791077185
2026-10-04T01:26:36+00:00,377,5,24,True,True,True,1791077185
2026-10-04T01:26:36+00:00,738,11,1,True,True,True,1791077185
2026-10-04T01:26:36+00:00,460,10,19,True,True,True,1791077185
2026-10-04T01:26:36+00:00,744,5,4,True,True,True,1791077185
2026-10-04T01:26:36+00:00,485,5,14,True,True,True,1791077185
2026-10-04T01:41:36+00:00,6026,15,18,True,True,True,1791078088
2026-10-04T01:41:36+00:00,5431,2,19,True,True,True,1791078088
2026-10-04T01:41:36+00:00,5424,3,15,True,True,True,1791078088
2026-10-04T01:41:36+00:00,5220,0,20,True,True,True,1791078088
2026-10-04T01:41:36+00:00,5217,6,23,True,True,True,1791078088
2026-10-04T01:41:36+00:00,5113,12,3,True,True,True,1791078088
2026-10-04T01:41:36+00:00,4683,0,20,True,True,True,1791078088
2026-10-04T01:41:36+00:00,4552,7,11,True,True,True,1791078088
2026-10-04T01:41:36+00:00,3725,1,17,True,True,True,1791078088
2026-10-04T01:41:36+00:00,2358,3,9,True,True,True,1791078088
2026-10-04T01:41:36+00:00,2357,5,16,True,True,True,1791078088
2026-10-04T01:41:36+00:00,2355,0,12,True,True,True,1791078088
2026-10-04T01:41:36+00:00,2351,6,11,True,True,True,1791078088
2026-10-04T01:41:36+00:00,2350,15,8,True,True,True,1791078088
2026-10-04T01:41:36+00:00,2349,2,19,True,True,True,1791078088
2026-10-04T01:41:36+00:00,2347,10,20,True,True,True,1791078088
2026-10-04T01:41:36+00:00,2340,14,10,True,True,True,1791078088
2026-10-04T01:41:36+00:00,2339,14,14,True,True,True,1791078088
2026-10-04T01:41:36+00:00,2337,12,2,True,True,True,1791078088
2026-10-04T01:41:36+00:00,2334,1,10,True,True,True,1791078088
2026-10-04T01:41:36+00:00,2333,11,4,True,True,True,1791078088
2026-10-04T01:41:36+00:00,2332,1,8,True,True,True,1791078088
2026-10-04T01:41:36+00:00,2330,12,1,True,True,True,1791078088
2026-10-04T01:41:36+00:00,2329,13,1,True,True,True,1791078088
2026-10-04T01:41:36+00:00,2328,3,16,True,True,True,1791078088
2026-10-04T01:41:36+00:00,2315,10,8,True,True,True,1791078088
2026-10-04T01:41:36+00:00,2308,2,6,True,True,True,1791078088
2026-10-04T01:41:36+00:00,2307,7,22,True,True,True,1791078088
2026-10-04T01:41:36+00:00,2306,0,18,True,True,True,1791078088
2026-10-04T01:41:36+00:00,2305,10,4,True,True,True,1791078088
2026-10-04T01:41:36+00:00,2304,4,12,True,True,True,1791078088
2026-10-04T01:41:36+00:00,2280,6,6,True,True,True,1791078088
2026-10-04T01:41:36+00:00,2270,1,18,True,True,True,1791078088
2026-10-04T01:41:36+00:00,1919,2,4,True,True,True,1791078088
2026-10-04T01:41:36+00:00,1755,1,30,True,True,True,1791078088
2026-10-04T01:41:36+00:00,1101,5,18,True,True,True,1791078088
2026-10-04T01:41:36+00:00,1023,11,2,True,True,True,1791078088
2026-10-04T01:41:36+00:00,1009,2,8,True,True,True,1791078088
2026-10-04T01:41:36+00:00,970,4,20,True,True,True,1791078088
2026-10-04T01:41:36+00:00,787,12,0,True,True,True,1791078088
2026-10-04T01:41:36+00:00,627,3,27,True,True,True,1791078088
2026-10-04T01:41:36+00:00,623,16,3,True,True,True,1791078088
2026-10-04T01:41:36+00:00,624,6,13,True,True,True,1791078088
2026-10-04T01:41:36+00:00,626,2,20,True,True,True,1791078088
2026-10-04T01:41:36+00:00,614,5,17,True,True,True,1791078088
2026-10-04T01:41:36+00:00,616,15,0,True,True,True,1791078088
2026-10-04T01:41:36+00:00,618,7,35,True,True,True,1791078088
2026-10-04T01:41:36+00:00,621,7,19,True,True,True,1791078088
2026-10-04T01:41:36+00:00,622,1,27,True,True,True,1791078088
2026-10-04T01:41:36+00:00,613,1,15,True,True,True,1791078088
2026-10-04T01:41:36+00:00,620,23,16,True,True,True,1791078088
2026-10-04T01:41:36+00:00,596,2,15,True,True,True,1791078088
2026-10-04T01:41:36+00:00,617,7,12,True,True,True,1791078088
2026-10-04T01:41:36+00:00,609,9,18,True,True,True,1791078088
2026-10-04T01:41:36+00:00,607,7,22,True,True,True,1791078088
2026-10-04T01:41:36+00:00,603,11,6,True,True,True,1791078088
2026-10-04T01:41:36+00:00,590,8,29,True,True,True,1791078088
2026-10-04T01:41:36+00:00,610,2,17,True,True,True,1791078088
2026-10-04T01:41:36+00:00,608,3,15,True,True,True,1791078088
2026-10-04T01:41:36+00:00,593,15,14,True,True,True,1791078088
2026-10-04T01:41:36+00:00,530,6,3,True,True,True,1791078088
2026-10-04T01:41:36+00:00,463,16,1,True,True,True,1791078088
2026-10-04T01:41:36+00:00,475,20,3,True,True,True,1791078088
2026-10-04T01:41:36+00:00,439,12,12,True,True,True,1791078088
2026-10-04T01:41:36+00:00,600,9,0,True,True,True,1791078088
2026-10-04T01:41:36+00:00,440,5,10,True,True,True,1791078088
2026-10-04T01:41:36+00:00,612,3,15,True,True,True,1791078088
2026-10-04T01:41:36+00:00,491,15,3,True,True,True,1791078088
2026-10-04T01:41:36+00:00,493,23,5,True,True,True,1791078088
2026-10-04T01:41:36+00:00,410,5,20,True,True,True,1791078088
2026-10-04T01:41:36+00:00,605,4,14,True,True,True,1791078088
2026-10-04T01:41:36+00:00,388,15,1,True,True,True,1791078088
2026-10-04T01:41:36+00:00,591,21,2,True,True,True,1791078088
2026-10-04T01:41:36+00:00,592,3,15,True,True,True,1791078088
2026-10-04T01:41:36+00:00,585,0,0,True,True,True,1791078088
2026-10-04T01:41:36+00:00,565,0,18,True,True,True,1791078088
2026-10-04T01:41:36+00:00,571,15,3,True,True,True,1791078088
2026-10-04T01:41:36+00:00,568,5,10,True,True,True,1791078088
2026-10-04T01:41:36+00:00,588,5,14,True,True,True,1791078088
2026-10-04T01:41:36+00:00,584,1,33,True,True,True,1791078088
2026-10-04T01:41:36+00:00,569,11,18,True,True,True,1791078088
2026-10-04T01:41:36+00:00,577,9,20,True,True,True,1791078088
2026-10-04T01:41:36+00:00,564,0,29,True,True,True,1791078088
2026-10-04T01:41:36+00:00,570,3,12,True,True,True,1791078088
2026-10-04T01:41:36+00:00,572,8,31,True,True,True,1791078088
2026-10-04T01:41:36+00:00,586,11,14,True,True,True,1791078088
2026-10-04T01:41:36+00:00,576,10,7,True,True,True,1791078088
2026-10-04T01:41:36+00:00,566,24,0,True,True,True,1791078088
2026-10-04T01:41:36+00:00,602,6,12,True,True,True,1791078088
2026-10-04T01:41:36+00:00,575,6,23,True,True,True,1791078088
2026-10-04T01:41:36+00:00,567,20,18,True,True,True,1791078088
2026-10-04T01:41:36+00:00,582,12,12,True,True,True,1791078088
2026-10-04T01:41:36+00:00,595,23,0,True,True,True,1791078088
2026-10-04T01:41:36+00:00,542,12,6,True,True,True,1791078088
2026-10-04T01:41:36+00:00,563,7,9,True,True,True,1791078088
2026-10-04T01:41:36+00:00,558,6,9,True,True,True,1791078088
2026-10-04T01:41:36+00:00,552,6,12,True,True,True,1791078088
2026-10-04T01:41:36+00:00,555,1,12,True,True,True,1791078088
2026-10-04T01:41:36+00:00,573,4,20,True,True,True,1791078088
2026-10-04T01:41:36+00:00,561,7,15,True,True,True,1791078088
2026-10-04T01:41:36+00:00,615,5,16,True,True,True,1791078088
2026-10-04T01:41:36+00:00,543,1,18,True,True,True,1791078088
2026-10-04T01:41:36+00:00,554,0,19,True,True,True,1791078088
2026-10-04T01:41:36+00:00,574,11,0,True,True,True,1791078088
2026-10-04T01:41:36+00:00,560,1,7,True,True,True,1791078088
2026-10-04T01:41:36+00:00,548,3,14,True,True,True,1791078088
2026-10-04T01:41:36+00:00,559,5,12,True,True,True,1791078088
2026-10-04T01:41:36+00:00,545,24,15,True,True,True,1791078088
2026-10-04T01:41:36+00:00,550,3,6,True,True,True,1791078088
2026-10-04T01:41:36+00:00,541,7,3,True,True,True,1791078088
2026-10-04T01:41:36+00:00,527,9,1,True,True,True,1791078088
2026-10-04T01:41:36+00:00,529,7,14,True,True,True,1791078088
2026-10-04T01:41:36+00:00,526,12,2,True,True,True,1791078088
2026-10-04T01:41:36+00:00,537,15,4,True,True,True,1791078088
2026-10-04T01:41:36+00:00,547,20,7,True,True,True,1791078088
2026-10-04T01:41:36+00:00,601,4,14,True,True,True,1791078088
2026-10-04T01:41:36+00:00,533,2,10,True,True,True,1791078088
2026-10-04T01:41:36+00:00,535,0,25,True,True,True,1791078088
2026-10-04T01:41:36+00:00,524,5,15,True,True,True,1791078088
2026-10-04T01:41:36+00:00,519,7,15,True,True,True,1791078088
2026-10-04T01:41:36+00:00,534,8,31,True,True,True,1791078088
2026-10-04T01:41:36+00:00,521,5,8,True,True,True,1791078088
2026-10-04T01:41:36+00:00,518,1,17,True,True,True,1791078088
2026-10-04T01:41:36+00:00,556,0,18,True,True,True,1791078088
2026-10-04T01:41:36+00:00,525,1,13,True,True,True,1791078088
2026-10-04T01:41:36+00:00,517,2,15,True,True,True,1791078088
2026-10-04T01:41:36+00:00,523,8,22,True,True,True,1791078088
2026-10-04T01:41:36+00:00,522,6,3,True,True,True,1791078088
2026-10-04T01:41:36+00:00,594,3,15,True,True,True,1791078088
2026-10-04T01:41:36+00:00,532,5,15,True,True,True,1791078088
2026-10-04T01:41:36+00:00,509,8,3,True,True,True,1791078088
2026-10-04T01:41:36+00:00,531,9,9,True,True,True,1791078088
2026-10-04T01:41:36+00:00,536,0,9,True,True,True,1791078088
2026-10-04T01:41:36+00:00,562,18,21,True,True,True,1791078088
2026-10-04T01:41:36+00:00,511,8,15,True,True,True,1791078088
2026-10-04T01:41:36+00:00,505,1,20,True,True,True,1791078088
2026-10-04T01:41:36+00:00,501,1,17,True,True,True,1791078088
2026-10-04T01:41:36+00:00,514,5,7,True,True,True,1791078088
2026-10-04T01:41:36+00:00,500,7,10,True,True,True,1791078088
2026-10-04T01:41:36+00:00,503,6,22,True,True,True,1791078088
2026-10-04T01:41:36+00:00,513,3,12,True,True,True,1791078088
2026-10-04T01:41:36+00:00,498,0,12,True,True,True,1791078088
2026-10-04T01:41:36+00:00,507,16,2,True,True,True,1791078088
2026-10-04T01:41:36+00:00,512,3,24,True,True,True,1791078088
2026-10-04T01:41:36+00:00,619,21,21,True,True,True,1791078088
2026-10-04T01:41:36+00:00,474,32,10,True,True,True,1791078088
2026-10-04T01:41:36+00:00,580,10,35,True,True,True,1791078088
2026-10-04T01:41:36+00:00,496,21,22,True,True,True,1791078088
2026-10-04T01:41:36+00:00,482,1,16,True,True,True,1791078088
2026-10-04T01:41:36+00:00,407,2,11,True,True,True,1791078088
2026-10-04T01:41:36+00:00,409,4,21,True,True,True,1791078088
2026-10-04T01:41:36+00:00,451,3,17,True,True,True,1791078088
2026-10-04T01:41:36+00:00,402,8,10,True,True,True,1791078088
2026-10-04T01:41:36+00:00,516,3,11,True,True,True,1791078088
2026-10-04T01:41:36+00:00,625,6,34,True,True,True,1791078088
2026-10-04T01:41:36+00:00,429,4,17,True,True,True,1791078088
2026-10-04T01:41:36+00:00,380,10,14,True,True,True,1791078088
2026-10-04T01:41:36+00:00,583,6,12,True,True,True,1791078088
2026-10-04T01:41:36+00:00,398,6,11,True,True,True,1791078088
2026-10-04T01:41:36+00:00,381,13,2,True,True,True,1791078088
2026-10-04T01:41:36+00:00,464,15,28,True,True,True,1791078088
2026-10-04T01:41:36+00:00,442,16,0,True,True,True,1791078088
2026-10-04T01:41:36+00:00,483,10,10,True,True,True,1791078088
2026-10-04T01:41:36+00:00,458,2,12,True,True,True,1791078088
2026-10-04T01:41:36+00:00,499,4,11,True,True,True,1791078088
2026-10-04T01:41:36+00:00,472,11,8,True,True,True,1791078088
2026-10-04T01:41:36+00:00,506,4,20,True,True,True,1791078088
2026-10-04T01:41:36+00:00,465,7,21,True,True,True,1791078088
2026-10-04T01:41:36+00:00,611,16,21,True,True,True,1791078088
2026-10-04T01:41:36+00:00,404,12,14,True,True,True,1791078088
2026-10-04T01:41:36+00:00,579,0,17,True,True,True,1791078088
2026-10-04T01:41:36+00:00,589,3,23,True,True,True,1791078088
2026-10-04T01:41:36+00:00,434,6,14,True,True,True,1791078088
2026-10-04T01:41:36+00:00,462,3,12,True,True,True,1791078088
2026-10-04T01:41:36+00:00,578,3,19,True,True,True,1791078088
2026-10-04T01:41:36+00:00,415,1,11,True,True,True,1791078088
2026-10-04T01:41:36+00:00,423,20,0,True,True,True,1791078088
2026-10-04T01:41:36+00:00,412,6,1,True,True,True,1791078088
2026-10-04T01:41:36+00:00,387,10,4,True,True,True,1791078088
2026-10-04T01:41:36+00:00,441,0,15,True,True,True,1791078088
2026-10-04T01:41:36+00:00,454,2,20,True,True,True,1791078088
2026-10-04T01:41:36+00:00,436,0,12,True,True,True,1791078088
2026-10-04T01:41:36+00:00,394,2,16,True,True,True,1791078088
2026-10-04T01:41:36+00:00,497,14,13,True,True,True,1791078088
2026-10-04T01:41:36+00:00,581,6,17,True,True,True,1791078088
2026-10-04T01:41:36+00:00,461,1,17,True,True,True,1791078088
2026-10-04T01:41:36+00:00,599,24,21,True,True,True,1791078088
2026-10-04T01:41:36+00:00,428,6,17,True,True,True,1791078088
2026-10-04T01:41:36+00:00,400,3,21,True,True,True,1791078088
2026-10-04T01:41:36+00:00,487,0,21,True,True,True,1791078088
2026-10-04T01:41:36+00:00,438,23,16,True,True,True,1791078088
2026-10-04T01:41:36+00:00,459,2,10,True,True,True,1791078088
2026-10-04T01:41:36+00:00,433,2,15,True,True,True,1791078088
2026-10-04T01:41:36+00:00,399,5,25,True,True,True,1791078088
2026-10-04T01:41:36+00:00,489,18,9,True,True,True,1791078088
2026-10-04T01:41:36+00:00,742,17,10,True,True,True,1791078088
2026-10-04T01:41:36+00:00,551,24,7,True,True,True,1791078088
2026-10-04T01:41:36+00:00,406,10,1,True,True,True,1791078088
2026-10-04T01:41:36+00:00,488,5,17,True,True,True,1791078088
2026-10-04T01:41:36+00:00,540,18,16,True,True,True,1791078088
2026-10-04T01:41:36+00:00,431,3,17,True,True,True,1791078088
2026-10-04T01:41:36+00:00,393,10,10,True,True,True,1791078088
2026-10-04T01:41:36+00:00,420,17,0,True,True,True,1791078088
2026-10-04T01:41:36+00:00,397,1,27,True,True,True,1791078088
2026-10-04T01:41:36+00:00,390,17,12,True,True,True,1791078088
2026-10-04T01:41:36+00:00,449,11,13,True,True,True,1791078088
2026-10-04T01:41:36+00:00,430,9,33,True,True,True,1791078088
2026-10-04T01:41:36+00:00,484,10,24,True,True,True,1791078088
2026-10-04T01:41:36+00:00,479,8,22,True,True,True,1791078088
2026-10-04T01:41:36+00:00,403,2,12,True,True,True,1791078088
2026-10-04T01:41:36+00:00,435,2,28,True,True,True,1791078088
2026-10-04T01:41:36+00:00,426,10,10,True,True,True,1791078088
2026-10-04T01:41:36+00:00,450,8,6,True,True,True,1791078088
2026-10-04T01:41:36+00:00,456,13,20,True,True,True,1791078088
2026-10-04T01:41:36+00:00,468,15,0,True,True,True,1791078088
2026-10-04T01:41:36+00:00,453,22,11,True,True,True,1791078088
2026-10-04T01:41:36+00:00,466,2,13,True,True,True,1791078088
2026-10-04T01:41:36+00:00,469,2,28,True,True,True,1791078088
2026-10-04T01:41:36+00:00,416,1,14,True,True,True,1791078088
2026-10-04T01:41:36+00:00,391,1,12,True,True,True,1791078088
2026-10-04T01:41:36+00:00,389,1,14,True,True,True,1791078088
2026-10-04T01:41:36+00:00,470,1,13,True,True,True,1791078088
2026-10-04T01:41:36+00:00,384,15,0,True,True,True,1791078088
2026-10-04T01:41:36+00:00,425,1,6,True,True,True,1791078088
2026-10-04T01:41:36+00:00,411,3,8,True,True,True,1791078088
2026-10-04T01:41:36+00:00,598,13,20,True,True,True,1791078088
2026-10-04T01:41:36+00:00,444,16,2,True,True,True,1791078088
2026-10-04T01:41:36+00:00,447,11,19,True,True,True,1791078088
2026-10-04T01:41:36+00:00,408,2,11,True,True,True,1791078088
2026-10-04T01:41:36+00:00,737,22,1,True,True,True,1791078088
2026-10-04T01:41:36+00:00,432,1,10,True,True,True,1791078088
2026-10-04T01:41:36+00:00,401,5,0,True,True,True,1791078088
2026-10-04T01:41:36+00:00,452,3,25,True,True,True,1791078088
2026-10-04T01:41:36+00:00,392,7,0,True,True,True,1791078088
2026-10-04T01:41:36+00:00,481,8,34,True,True,True,1791078088
2026-10-04T01:41:36+00:00,495,15,26,True,True,True,1791078088
2026-10-04T01:41:36+00:00,478,2,11,True,True,True,1791078088
2026-10-04T01:41:36+00:00,414,2,9,True,True,True,1791078088
2026-10-04T01:41:36+00:00,476,15,4,True,True,True,1791078088
2026-10-04T01:41:36+00:00,445,7,11,True,True,True,1791078088
2026-10-04T01:41:36+00:00,748,10,17,True,True,True,1791078088
2026-10-04T01:41:36+00:00,473,2,5,True,True,True,1791078088
2026-10-04T01:41:36+00:00,383,0,25,True,True,True,1791078088
2026-10-04T01:41:36+00:00,480,20,4,True,True,True,1791078088
2026-10-04T01:41:36+00:00,421,14,6,True,True,True,1791078088
2026-10-04T01:41:36+00:00,746,8,3,True,True,True,1791078088
2026-10-04T01:41:36+00:00,417,1,11,True,True,True,1791078088
2026-10-04T01:41:36+00:00,427,2,12,True,True,True,1791078088
2026-10-04T01:41:36+00:00,395,5,9,True,True,True,1791078088
2026-10-04T01:41:36+00:00,418,7,20,True,True,True,1791078088
2026-10-04T01:41:36+00:00,413,2,10,True,True,True,1791078088
2026-10-04T01:41:36+00:00,486,8,14,True,True,True,1791078088
2026-10-04T01:41:36+00:00,597,13,2,True,True,True,1791078088
2026-10-04T01:41:36+00:00,422,1,10,True,True,True,1791078088
2026-10-04T01:41:36+00:00,382,1,7,True,True,True,1791078088
2026-10-04T01:41:36+00:00,396,11,10,True,True,True,1791078088
2026-10-04T01:41:36+00:00,735,13,0,True,True,True,1791078088
2026-10-04T01:41:36+00:00,437,9,15,True,True,True,1791078088
2026-10-04T01:41:36+00:00,446,5,17,True,True,True,1791078088
2026-10-04T01:41:36+00:00,424,0,6,True,True,True,1791078088
2026-10-04T01:41:36+00:00,455,12,0,True,True,True,1791078088
2026-10-04T01:41:36+00:00,457,0,10,True,True,True,1791078088
2026-10-04T01:41:36+00:00,377,5,24,True,True,True,1791078088
2026-10-04T01:41:36+00:00,738,11,1,True,True,True,1791078088
2026-10-04T01:41:36+00:00,460,10,19,True,True,True,1791078088
2026-10-04T01:41:36+00:00,744,5,4,True,True,True,1791078088
2026-10-04T01:41:36+00:00,485,5,14,True,True,True,1791078088
2026-10-04T01:56:36+00:00,6026,15,18,True,True,True,1791078991
2026-10-04T01:56:36+00:00,5431,2,19,True,True,True,1791078991
2026-10-04T01:56:36+00:00,5424,3,15,True,True,True,1791078991
2026-10-04T01:56:36+00:00,5220,0,20,True,True,True,1791078991
2026-10-04T01:56:36+00:00,5217,6,23,True,True,True,1791078991
2026-10-04T01:56:36+00:00,5113,12,3,True,True,True,1791078991
2026-10-04T01:56:36+00:00,4683,0,20,True,True,True,1791078991
2026-10-04T01:56:36+00:00,4552,7,11,True,True,True,1791078991
2026-10-04T01:56:36+00:00,3725,1,17,True,True,True,1791078991
2026-10-04T01:56:36+00:00,2358,3,9,True,True,True,1791078991
2026-10-04T01:56:36+00:00,2357,5,16,True,True,True,1791078991
2026-10-04T01:56:36+00:00,2355,0,12,True,True,True,1791078991
2026-10-04T01:56:36+00:00,2351,6,11,True,True,True,1791078991
2026-10-04T01:56:36+00:00,2350,15,8,True,True,True,1791078991
2026-10-04T01:56:36+00:00,2349,2,19,True,True,True,1791078991
2026-10-04T01:56:36+00:00,2347,10,20,True,True,True,1791078991
2026-10-04T01:56:36+00:00,2340,14,10,True,True,True,1791078991
2026-10-04T01:56:36+00:00,2339,14,14,True,True,True,1791078991
2026-10-04T01:56:36+00:00,2337,12,2,True,True,True,1791078991
2026-10-04T01:56:36+00:00,2334,1,10,True,True,True,1791078991
2026-10-04T01:56:36+00:00,2333,11,4,True,True,True,1791078991
2026-10-04T01:56:36+00:00,2332,1,8,True,True,True,1791078991
2026-10-04T01:56:36+00:00,2330,12,1,True,True,True,1791078991
2026-10-04T01:56:36+00:00,2329,13,1,True,True,True,1791078991
2026-10-04T01:56:36+00:00,2328,3,16,True,True,True,1791078991
2026-10-04T01:56:36+00:00,2315,10,8,True,True,True,1791078991
2026-10-04T01:56:36+00:00,2308,2,6,True,True,True,1791078991
2026-10-04T01:56:36+00:00,2307,7,22,True,True,True,1791078991
2026-10-04T01:56:36+00:00,2306,0,18,True,True,True,1791078991
2026-10-04T01:56:36+00:00,2305,10,4,True,True,True,1791078991
2026-10-04T01:56:36+00:00,2304,4,12,True,True,True,1791078991
2026-10-04T01:56:36+00:00,2280,6,6,True,True,True,1791078991
2026-10-04T01:56:36+00:00,2270,1,18,True,True,True,1791078991
2026-10-04T01:56:36+00:00,1919,2,4,True,True,True,1791078991
2026-10-04T01:56:36+00:00,1755,1,30,True,True,True,1791078991
2026-10-04T01:56:36+00:00,1101,5,18,True,True,True,1791078991
2026-10-04T01:56:36+00:00,1023,11,2,True,True,True,1791078991
2026-10-04T01:56:36+00:00,1009,2,8,True,True,True,1791078991
2026-10-04T01:56:36+00:00,970,4,20,True,True,True,1791078991
2026-10-04T01:56:36+00:00,787,12,0,True,True,True,1791078991
2026-10-04T01:56:36+00:00,627,3,27,True,True,True,1791078991
2026-10-04T01:56:36+00:00,623,16,3,True,True,True,1791078991
2026-10-04T01:56:36+00:00,624,6,13,True,True,True,1791078991
2026-10-04T01:56:36+00:00,626,2,20,True,True,True,1791078991
2026-10-04T01:56:36+00:00,614,5,17,True,True,True,1791078991
2026-10-04T01:56:36+00:00,616,15,0,True,True,True,1791078991
2026-10-04T01:56:36+00:00,618,7,35,True,True,True,1791078991
2026-10-04T01:56:36+00:00,621,7,19,True,True,True,1791078991
2026-10-04T01:56:36+00:00,622,1,27,True,True,True,1791078991
2026-10-04T01:56:36+00:00,613,1,15,True,True,True,1791078991
2026-10-04T01:56:36+00:00,620,23,16,True,True,True,1791078991
2026-10-04T01:56:36+00:00,596,2,15,True,True,True,1791078991
2026-10-04T01:56:36+00:00,617,7,12,True,True,True,1791078991
2026-10-04T01:56:36+00:00,609,9,18,True,True,True,1791078991
2026-10-04T01:56:36+00:00,607,7,22,True,True,True,1791078991
2026-10-04T01:56:36+00:00,603,11,6,True,True,True,1791078991
2026-10-04T01:56:36+00:00,590,8,29,True,True,True,1791078991
2026-10-04T01:56:36+00:00,610,2,17,True,True,True,1791078991
2026-10-04T01:56:36+00:00,608,3,15,True,True,True,1791078991
2026-10-04T01:56:36+00:00,593,15,14,True,True,True,1791078991
2026-10-04T01:56:36+00:00,530,6,3,True,True,True,1791078991
2026-10-04T01:56:36+00:00,463,16,1,True,True,True,1791078991
2026-10-04T01:56:36+00:00,475,20,3,True,True,True,1791078991
2026-10-04T01:56:36+00:00,439,12,12,True,True,True,1791078991
2026-10-04T01:56:36+00:00,600,9,0,True,True,True,1791078991
2026-10-04T01:56:36+00:00,440,5,10,True,True,True,1791078991
2026-10-04T01:56:36+00:00,612,3,15,True,True,True,1791078991
2026-10-04T01:56:36+00:00,491,15,3,True,True,True,1791078991
2026-10-04T01:56:36+00:00,493,23,5,True,True,True,1791078991
2026-10-04T01:56:36+00:00,410,5,20,True,True,True,1791078991
2026-10-04T01:56:36+00:00,605,4,14,True,True,True,1791078991
2026-10-04T01:56:36+00:00,388,15,1,True,True,True,1791078991
2026-10-04T01:56:36+00:00,591,21,2,True,True,True,1791078991
2026-10-04T01:56:36+00:00,592,3,15,True,True,True,1791078991
2026-10-04T01:56:36+00:00,585,0,0,True,True,True,1791078991
2026-10-04T01:56:36+00:00,565,0,18,True,True,True,1791078991
2026-10-04T01:56:36+00:00,571,15,3,True,True,True,1791078991
2026-10-04T01:56:36+00:00,568,5,10,True,True,True,1791078991
2026-10-04T01:56:36+00:00,588,5,14,True,True,True,1791078991
2026-10-04T01:56:36+00:00,584,1,33,True,True,True,1791078991
2026-10-04T01:56:36+00:00,569,11,18,True,True,True,1791078991
2026-10-04T01:56:36+00:00,577,9,20,True,True,True,1791078991
2026-10-04T01:56:36+00:00,564,0,29,True,True,True,1791078991
2026-10-04T01:56:36+00:00,570,3,12,True,True,True,1791078991
2026-10-04T01:56:36+00:00,572,8,31,True,True,True,1791078991
2026-10-04T01:56:36+00:00,586,11,14,True,True,True,1791078991
2026-10-04T01:56:36+00:00,576,10,7,True,True,True,1791078991
2026-10-04T01:56:36+00:00,566,24,0,True,True,True,1791078991
2026-10-04T01:56:36+00:00,602,6,12,True,True,True,1791078991
2026-10-04T01:56:36+00:00,575,6,23,True,True,True,1791078991
2026-10-04T01:56:36+00:00,567,20,18,True,True,True,1791078991
2026-10-04T01:56:36+00:00,582,12,12,True,True,True,1791078991
2026-10-04T01:56:36+00:00,595,23,0,True,True,True,1791078991
2026-10-04T01:56:36+00:00,542,12,6,True,True,True,1791078991
2026-10-04T01:56:36+00:00,563,7,9,True,True,True,1791078991
2026-10-04T01:56:36+00:00,558,6,9,True,True,True,1791078991
2026-10-04T01:56:36+00:00,552,6,12,True,True,True,1791078991
2026-10-04T01:56:36+00:00,555,1,12,True,True,True,1791078991
2026-10-04T01:56:36+00:00,573,4,20,True,True,True,1791078991
2026-10-04T01:56:36+00:00,561,7,15,True,True,True,1791078991
2026-10-04T01:56:36+00:00,615,5,16,True,True,True,1791078991
2026-10-04T01:56:36+00:00,543,1,18,True,True,True,1791078991
2026-10-04T01:56:36+00:00,554,0,19,True,True,True,1791078991
2026-10-04T01:56:36+00:00,574,11,0,True,True,True,1791078991
2026-10-04T01:56:36+00:00,560,1,7,True,True,True,1791078991
2026-10-04T01:56:36+00:00,548,3,14,True,True,True,1791078991
2026-10-04T01:56:36+00:00,559,5,12,True,True,True,1791078991
2026-10-04T01:56:36+00:00,545,24,15,True,True,True,1791078991
2026-10-04T01:56:36+00:00,550,3,6,True,True,True,1791078991
2026-10-04T01:56:36+00:00,541,7,3,True,True,True,1791078991
2026-10-04T01:56:36+00:00,527,9,1,True,True,True,1791078991
2026-10-04T01:56:36+00:00,529,7,14,True,True,True,1791078991
2026-10-04T01:56:36+00:00,526,12,2,True,True,True,1791078991
2026-10-04T01:56:36+00:00,537,15,4,True,True,True,1791078991
2026-10-04T01:56:36+00:00,547,20,7,True,True,True,1791078991
2026-10-04T01:56:36+00:00,601,4,14,True,True,True,1791078991
2026-10-04T01:56:36+00:00,533,2,10,True,True,True,1791078991
2026-10-04T01:56:36+00:00,535,0,25,True,True,True,1791078991
2026-10-04T01:56:36+00:00,524,5,15,True,True,True,1791078991
2026-10-04T01:56:36+00:00,519,7,15,True,True,True,1791078991
2026-10-04T01:56:36+00:00,534,8,31,True,True,True,1791078991
2026-10-04T01:56:36+00:00,521,5,8,True,True,True,1791078991
2026-10-04T01:56:36+00:00,518,1,17,True,True,True,1791078991
2026-10-04T01:56:36+00:00,556,0,18,True,True,True,1791078991
2026-10-04T01:56:36+00:00,525,1,13,True,True,True,1791078991
2026-10-04T01:56:36+00:00,517,2,15,True,True,True,1791078991
2026-10-04T01:56:36+00:00,523,8,22,True,True,True,1791078991
2026-10-04T01:56:36+00:00,522,6,3,True,True,True,1791078991
2026-10-04T01:56:36+00:00,594,3,15,True,True,True,1791078991
2026-10-04T01:56:36+00:00,532,5,15,True,True,True,1791078991
2026-10-04T01:56:36+00:00,509,8,3,True,True,True,1791078991
2026-10-04T01:56:36+00:00,531,9,9,True,True,True,1791078991
2026-10-04T01:56:36+00:00,536,0,9,True,True,True,1791078991
2026-10-04T01:56:36+00:00,562,18,21,True,True,True,1791078991
2026-10-04T01:56:36+00:00,511,8,15,True,True,True,1791078991
2026-10-04T01:56:36+00:00,505,1,20,True,True,True,1791078991
2026-10-04T01:56:36+00:00,501,1,17,True,True,True,1791078991
2026-10-04T01:56:36+00:00,514,5,7,True,True,True,1791078991
2026-10-04T01:56:36+00:00,500,7,10,True,True,True,1791078991
2026-10-04T01:56:36+00:00,503,6,22,True,True,True,1791078991
2026-10-04T01:56:36+00:00,513,3,12,True,True,True,1791078991
2026-10-04T01:56:36+00:00,498,0,12,True,True,True,1791078991
2026-10-04T01:56:36+00:00,507,16,2,True,True,True,1791078991
2026-10-04T01:56:36+00:00,512,3,24,True,True,True,1791078991
2026-10-04T01:56:36+00:00,619,21,21,True,True,True,1791078991
2026-10-04T01:56:36+00:00,474,32,10,True,True,True,1791078991
2026-10-04T01:56:36+00:00,580,10,35,True,True,True,1791078991
2026-10-04T01:56:36+00:00,496,21,22,True,True,True,1791078991
2026-10-04T01:56:36+00:00,482,1,16,True,True,True,1791078991
2026-10-04T01:56:36+00:00,407,2,11,True,True,True,1791078991
2026-10-04T01:56:36+00:00,409,4,21,True,True,True,1791078991
2026-10-04T01:56:36+00:00,451,3,17,True,True,True,1791078991
2026-10-04T01:56:36+00:00,402,9,10,True,True,True,1791078991
2026-10-04T01:56:36+00:00,516,3,11,True,True,True,1791078991
2026-10-04T01:56:36+00:00,625,6,34,True,True,True,1791078991
2026-10-04T01:56:36+00:00,429,4,17,True,True,True,1791078991
2026-10-04T01:56:36+00:00,380,10,14,True,True,True,1791078991
2026-10-04T01:56:36+00:00,583,6,12,True,True,True,1791078991
2026-10-04T01:56:36+00:00,398,6,11,True,True,True,1791078991
2026-10-04T01:56:36+00:00,381,13,2,True,True,True,1791078991
2026-10-04T01:56:36+00:00,464,15,28,True,True,True,1791078991
2026-10-04T01:56:36+00:00,442,16,0,True,True,True,1791078991
2026-10-04T01:56:36+00:00,483,10,10,True,True,True,1791078991
2026-10-04T01:56:36+00:00,458,2,12,True,True,True,1791078991
2026-10-04T01:56:36+00:00,499,4,11,True,True,True,1791078991
2026-10-04T01:56:36+00:00,472,11,8,True,True,True,1791078991
2026-10-04T01:56:36+00:00,506,4,20,True,True,True,1791078991
2026-10-04T01:56:36+00:00,465,7,21,True,True,True,1791078991
2026-10-04T01:56:36+00:00,611,16,21,True,True,True,1791078991
2026-10-04T01:56:36+00:00,404,12,14,True,True,True,1791078991
2026-10-04T01:56:36+00:00,579,0,17,True,True,True,1791078991
2026-10-04T01:56:36+00:00,589,3,23,True,True,True,1791078991
2026-10-04T01:56:36+00:00,434,6,14,True,True,True,1791078991
2026-10-04T01:56:36+00:00,462,3,12,True,True,True,1791078991
2026-10-04T01:56:36+00:00,578,3,19,True,True,True,1791078991
2026-10-04T01:56:36+00:00,415,1,11,True,True,True,1791078991
2026-10-04T01:56:36+00:00,423,20,0,True,True,True,1791078991
2026-10-04T01:56:36+00:00,412,6,1,True,True,True,1791078991
2026-10-04T01:56:36+00:00,387,10,4,True,True,True,1791078991
2026-10-04T01:56:36+00:00,441,0,15,True,True,True,1791078991
2026-10-04T01:56:36+00:00,454,2,20,True,True,True,1791078991
2026-10-04T01:56:36+00:00,436,0,12,True,True,True,1791078991
2026-10-04T01:56:36+00:00,394,2,16,True,True,True,1791078991
2026-10-04T01:56:36+00:00,497,14,13,True,True,True,1791078991
2026-10-04T01:56:36+00:00,581,6,17,True,True,True,1791078991
2026-10-04T01:56:36+00:00,461,1,17,True,True,True,1791078991
2026-10-04T01:56:36+00:00,599,24,21,True,True,True,1791078991
2026-10-04T01:56:36+00:00,428,6,17,True,True,True,1791078991
2026-10-04T01:56:36+00:00,400,3,21,True,True,True,1791078991
2026-10-04T01:56:36+00:00,487,0,21,True,True,True,1791078991
2026-10-04T01:56:36+00:00,438,23,16,True,True,True,1791078991
2026-10-04T01:56:36+00:00,459,2,10,True,True,True,1791078991
2026-10-04T01:56:36+00:00,433,2,15,True,True,True,1791078991
2026-10-04T01:56:36+00:00,399,5,25,True,True,True,1791078991
2026-10-04T01:56:36+00:00,489,18,9,True,True,True,1791078991
2026-10-04T01:56:36+00:00,742,17,10,True,True,True,1791078991
2026-10-04T01:56:36+00:00,551,24,7,True,True,True,1791078991
2026-10-04T01:56:36+00:00,406,10,1,True,True,True,1791078991
2026-10-04T01:56:36+00:00,488,5,17,True,True,True,1791078991
2026-10-04T01:56:36+00:00,540,18,16,True,True,True,1791078991
2026-10-04T01:56:36+00:00,431,3,17,True,True,True,1791078991
2026-10-04T01:56:36+00:00,393,10,10,True,True,True,1791078991
2026-10-04T01:56:36+00:00,420,17,0,True,True,True,1791078991
2026-10-04T01:56:36+00:00,397,1,27,True,True,True,1791078991
2026-10-04T01:56:36+00:00,390,17,12,True,True,True,1791078991
2026-10-04T01:56:36+00:00,449,11,13,True,True,True,1791078991
2026-10-04T01:56:36+00:00,430,9,33,True,True,True,1791078991
2026-10-04T01:56:36+00:00,484,10,24,True,True,True,1791078991
2026-10-04T01:56:36+00:00,479,8,22,True,True,True,1791078991
2026-10-04T01:56:36+00:00,403,2,12,True,True,True,1791078991
2026-10-04T01:56:36+00:00,435,2,28,True,True,True,1791078991
2026-10-04T01:56:36+00:00,426,9,10,True,True,True,1791078991
2026-10-04T01:56:36+00:00,450,8,6,True,True,True,1791078991
2026-10-04T01:56:36+00:00,456,13,20,True,True,True,1791078991
2026-10-04T01:56:36+00:00,468,15,0,True,True,True,1791078991
2026-10-04T01:56:36+00:00,453,22,11,True,True,True,1791078991
2026-10-04T01:56:36+00:00,466,2,13,True,True,True,1791078991
2026-10-04T01:56:36+00:00,469,2,28,True,True,True,1791078991
2026-10-04T01:56:36+00:00,416,1,14,True,True,True,1791078991
2026-10-04T01:56:36+00:00,391,1,12,True,True,True,1791078991
2026-10-04T01:56:36+00:00,389,1,14,True,True,True,1791078991
2026-10-04T01:56:36+00:00,470,1,13,True,True,True,1791078991
2026-10-04T01:56:36+00:00,384,15,0,True,True,True,1791078991
2026-10-04T01:56:36+00:00,425,1,6,True,True,True,1791078991
2026-10-04T01:56:36+00:00,411,3,8,True,True,True,1791078991
2026-10-04T01:56:36+00:00,598,13,20,True,True,True,1791078991
2026-10-04T01:56:36+00:00,444,16,2,True,True,True,1791078991
2026-10-04T01:56:36+00:00,447,11,19,True,True,True,1791078991
2026-10-04T01:56:36+00:00,408,2,11,True,True,True,1791078991
2026-10-04T01:56:36+00:00,737,22,1,True,True,True,1791078991
2026-10-04T01:56:36+00:00,432,1,10,True,True,True,1791078991
2026-10-04T01:56:36+00:00,401,5,0,True,True,True,1791078991
2026-10-04T01:56:36+00:00,452,3,25,True,True,True,1791078991
2026-10-04T01:56:36+00:00,392,7,0,True,True,True,1791078991
2026-10-04T01:56:36+00:00,481,8,34,True,True,True,1791078991
2026-10-04T01:56:36+00:00,495,15,26,True,True,True,1791078991
2026-10-04T01:56:36+00:00,478,2,11,True,True,True,1791078991
2026-10-04T01:56:36+00:00,414,2,9,True,True,True,1791078991
2026-10-04T01:56:36+00:00,476,15,4,True,True,True,1791078991
2026-10-04T01:56:36+00:00,445,7,11,True,True,True,1791078991
2026-10-04T01:56:36+00:00,748,10,17,True,True,True,1791078991
2026-10-04T01:56:36+00:00,473,2,5,True,True,True,1791078991
2026-10-04T01:56:36+00:00,383,0,25,True,True,True,1791078991
2026-10-04T01:56:36+00:00,480,20,4,True,True,True,1791078991
2026-10-04T01:56:36+00:00,421,14,6,True,True,True,1791078991
2026-10-04T01:56:36+00:00,746,8,3,True,True,True,1791078991
2026-10-04T01:56:36+00:00,417,1,11,True,True,True,1791078991
2026-10-04T01:56:36+00:00,427,2,12,True,True,True,1791078991
2026-10-04T01:56:36+00:00,395,5,9,True,True,True,1791078991
2026-10-04T01:56:36+00:00,418,7,20,True,True,True,1791078991
2026-10-04T01:56:36+00:00,413,2,10,True,True,True,1791078991
2026-10-04T01:56:36+00:00,486,8,14,True,True,True,1791078991
2026-10-04T01:56:36+00:00,597,13,2,True,True,True,1791078991
2026-10-04T01:56:36+00:00,422,1,10,True,True,True,1791078991
2026-10-04T01:56:36+00:00,382,1,7,True,True,True,1791078991
2026-10-04T01:56:36+00:00,396,11,10,True,True,True,1791078991
2026-10-04T01:56:36+00:00,735,13,0,True,True,True,1791078991
2026-10-04T01:56:36+00:00,437,9,15,True,True,True,1791078991
2026-10-04T01:56:36+00:00,446,5,17,True,True,True,1791078991
2026-10-04T01:56:36+00:00,424,0,6,True,True,True,1791078991
2026-10-04T01:56:36+00:00,455,12,0,True,True,True,1791078991
2026-10-04T01:56:36+00:00,457,0,10,True,True,True,1791078991
2026-10-04T01:56:36+00:00,377,5,24,True,True,True,1791078991
2026-10-04T01:56:36+00:00,738,11,1,True,True,True,1791078991
2026-10-04T01:56:36+00:00,460,10,19,True,True,True,1791078991
2026-10-04T01:56:36+00:00,744,5,4,True,True,True,1791078991
2026-10-04T01:56:36+00:00,485,5,14,True,True,True,1791078991
2026-10-04T02:11:36+00:00,6026,15,18,True,True,True,1791079894
2026-10-04T02:11:36+00:00,5431,2,19,True,True,True,1791079894
2026-10-04T02:11:36+00:00,5424,3,15,True,True,True,1791079894
2026-10-04T02:11:36+00:00,5220,0,20,True,True,True,1791079894
2026-10-04T02:11:36+00:00,5217,6,23,True,True,True,1791079894
2026-10-04T02:11:36+00:00,5113,12,3,True,True,True,1791079894
2026-10-04T02:11:36+00:00,4683,0,20,True,True,True,1791079894
2026-10-04T02:11:36+00:00,4552,7,11,True,True,True,1791079894
2026-10-04T02:11:36+00:00,3725,1,17,True,True,True,1791079894
2026-10-04T02:11:36+00:00,2358,3,9,True,True,True,1791079894
2026-10-04T02:11:36+00:00,2357,5,16,True,True,True,1791079894
2026-10-04T02:11:36+00:00,2355,0,12,True,True,True,1791079894
2026-10-04T02:11:36+00:00,2351,6,11,True,True,True,1791079894
2026-10-04T02:11:36+00:00,2350,15,8,True,True,True,1791079894
2026-10-04T02:11:36+00:00,2349,2,19,True,True,True,1791079894
2026-10-04T02:11:36+00:00,2347,10,20,True,True,True,1791079894
2026-10-04T02:11:36+00:00,2340,14,10,True,True,True,1791079894
2026-10-04T02:11:36+00:00,2339,14,14,True,True,True,1791079894
2026-10-04T02:11:36+00:00,2337,12,2,True,True,True,1791079894
2026-10-04T02:11:36+00:00,2334,1,10,True,True,True,1791079894
2026-10-04T02:11:36+00:00,2333,11,4,True,True,True,1791079894
2026-10-04T02:11:36+00:00,2332,1,8,True,True,True,1791079894
2026-10-04T02:11:36+00:00,2330,12,1,True,True,True,1791079894
2026-10-04T02:11:36+00:00,2329,13,1,True,True,True,1791079894
2026-10-04T02:11:36+00:00,2328,3,16,True,True,True,1791079894
2026-10-04T02:11:36+00:00,2315,10,8,True,True,True,1791079894
2026-10-04T02:11:36+00:00,2308,2,6,True,True,True,1791079894
2026-10-04T02:11:36+00:00,2307,7,22,True,True,True,1791079894
2026-10-04T02:11:36+00:00,2306,0,18,True,True,True,1791079894
2026-10-04T02:11:36+00:00,2305,10,4,True,True,True,1791079894
2026-10-04T02:11:36+00:00,2304,4,12,True,True,True,1791079894
2026-10-04T02:11:36+00:00,2280,6,6,True,True,True,1791079894
2026-10-04T02:11:36+00:00,2270,1,18,True,True,True,1791079894
2026-10-04T02:11:36+00:00,1919,2,4,True,True,True,1791079894
2026-10-04T02:11:36+00:00,1755,1,30,True,True,True,1791079894
2026-10-04T02:11:36+00:00,1101,5,18,True,True,True,1791079894
2026-10-04T02:11:36+00:00,1023,11,2,True,True,True,1791079894
2026-10-04T02:11:36+00:00,1009,2,8,True,True,True,1791079894
2026-10-04T02:11:36+00:00,970,4,20,True,True,True,1791079894
2026-10-04T02:11:36+00:00,787,12,0,True,True,True,1791079894
2026-10-04T02:11:36+00:00,627,3,27,True,True,True,1791079894
2026-10-04T02:11:36+00:00,623,16,3,True,True,True,1791079894
2026-10-04T02:11:36+00:00,624,6,13,True,True,True,1791079894
2026-10-04T02:11:36+00:00,626,2,20,True,True,True,1791079894
2026-10-04T02:11:36+00:00,614,5,17,True,True,True,1791079894
2026-10-04T02:11:36+00:00,616,15,0,True,True,True,1791079894
2026-10-04T02:11:36+00:00,618,7,35,True,True,True,1791079894
2026-10-04T02:11:36+00:00,621,7,19,True,True,True,1791079894
2026-10-04T02:11:36+00:00,622,1,27,True,True,True,1791079894
2026-10-04T02:11:36+00:00,613,1,15,True,True,True,1791079894
2026-10-04T02:11:36+00:00,620,23,16,True,True,True,1791079894
2026-10-04T02:11:36+00:00,596,2,15,True,True,True,1791079894
2026-10-04T02:11:36+00:00,617,7,12,True,True,True,1791079894
2026-10-04T02:11:36+00:00,609,9,18,True,True,True,1791079894
2026-10-04T02:11:36+00:00,607,7,22,True,True,True,1791079894
2026-10-04T02:11:36+00:00,603,11,6,True,True,True,1791079894
2026-10-04T02:11:36+00:00,590,8,29,True,True,True,1791079894
2026-10-04T02:11:36+00:00,610,2,17,True,True,True,1791079894
2026-10-04T02:11:36+00:00,608,3,15,True,True,True,1791079894
2026-10-04T02:11:36+00:00,593,15,14,True,True,True,1791079894
2026-10-04T02:11:36+00:00,530,6,3,True,True,True,1791079894
2026-10-04T02:11:36+00:00,463,16,1,True,True,True,1791079894
2026-10-04T02:11:36+00:00,475,20,3,True,True,True,1791079894
2026-10-04T02:11:36+00:00,439,12,12,True,True,True,1791079894
2026-10-04T02:11:36+00:00,600,9,0,True,True,True,1791079894
2026-10-04T02:11:36+00:00,440,5,10,True,True,True,1791079894
2026-10-04T02:11:36+00:00,612,3,15,True,True,True,1791079894
2026-10-04T02:11:36+00:00,491,15,3,True,True,True,1791079894
2026-10-04T02:11:36+00:00,493,23,5,True,True,True,1791079894
2026-10-04T02:11:36+00:00,410,5,20,True,True,True,1791079894
2026-10-04T02:11:36+00:00,605,4,14,True,True,True,1791079894
2026-10-04T02:11:36+00:00,388,15,1,True,True,True,1791079894
2026-10-04T02:11:36+00:00,591,21,2,True,True,True,1791079894
2026-10-04T02:11:36+00:00,592,3,15,True,True,True,1791079894
2026-10-04T02:11:36+00:00,585,0,0,True,True,True,1791079894
2026-10-04T02:11:36+00:00,565,0,18,True,True,True,1791079894
2026-10-04T02:11:36+00:00,571,15,3,True,True,True,1791079894
2026-10-04T02:11:36+00:00,568,5,10,True,True,True,1791079894
2026-10-04T02:11:36+00:00,588,5,14,True,True,True,1791079894
2026-10-04T02:11:36+00:00,584,1,33,True,True,True,1791079894
2026-10-04T02:11:36+00:00,569,11,18,True,True,True,1791079894
2026-10-04T02:11:36+00:00,577,9,20,True,True,True,1791079894
2026-10-04T02:11:36+00:00,564,0,29,True,True,True,1791079894
2026-10-04T02:11:36+00:00,570,3,12,True,True,True,1791079894
2026-10-04T02:11:36+00:00,572,8,31,True,True,True,1791079894
2026-10-04T02:11:36+00:00,586,11,14,True,True,True,1791079894
2026-10-04T02:11:36+00:00,576,10,7,True,True,True,1791079894
2026-10-04T02:11:36+00:00,566,24,0,True,True,True,1791079894
2026-10-04T02:11:36+00:00,602,6,12,True,True,True,1791079894
2026-10-04T02:11:36+00:00,575,6,23,True,True,True,1791079894
2026-10-04T02:11:36+00:00,567,20,18,True,True,True,1791079894
2026-10-04T02:11:36+00:00,582,12,12,True,True,True,1791079894
2026-10-04T02:11:36+00:00,595,23,0,True,True,True,1791079894
2026-10-04T02:11:36+00:00,542,12,6,True,True,True,1791079894
2026-10-04T02:11:36+00:00,563,7,9,True,True,True,1791079894
2026-10-04T02:11:36+00:00,558,6,9,True,True,True,1791079894
2026-10-04T02:11:36+00:00,552,6,12,True,True,True,1791079894
2026-10-04T02:11:36+00:00,555,1,12,True,True,True,1791079894
2026-10-04T02:11:36+00:00,573,4,20,True,True,True,1791079894
2026-10-04T02:11:36+00:00,561,7,15,True,True,True,1791079894
2026-10-04T02:11:36+00:00,615,5,16,True,True,True,1791079894
2026-10-04T02:11:36+00:00,543,1,18,True,True,True,1791079894
2026-10-04T02:11:36+00:00,554,0,19,True,True,True,1791079894
2026-10-04T02:11:36+00:00,574,11,0,True,True,True,1791079894
2026-10-04T02:11:36+00:00,560,1,7,True,True,True,1791079894
2026-10-04T02:11:36+00:00,548,3,14,True,True,True,1791079894
2026-10-04T02:11:36+00:00,559,5,12,True,True,True,1791079894
2026-10-04T02:11:36+00:00,545,24,15,True,True,True,1791079894
2026-10-04T02:11:36+00:00,550,3,6,True,True,True,1791079894
2026-10-04T02:11:36+00:00,541,7,3,True,True,True,1791079894
2026-10-04T02:11:36+00:00,527,9,1,True,True,True,1791079894
2026-10-04T02:11:36+00:00,529,7,14,True,True,True,1791079894
2026-10-04T02:11:36+00:00,526,12,2,True,True,True,1791079894
2026-10-04T02:11:36+00:00,537,15,4,True,True,True,1791079894
2026-10-04T02:11:36+00:00,547,20,7,True,True,True,1791079894
2026-10-04T02:11:36+00:00,601,4,14,True,True,True,1791079894
2026-10-04T02:11:36+00:00,533,2,10,True,True,True,1791079894
2026-10-04T02:11:36+00:00,535,0,25,True,True,True,1791079894
2026-10-04T02:11:36+00:00,524,5,15,True,True,True,1791079894
2026-10-04T02:11:36+00:00,519,7,15,True,True,True,1791079894
2026-10-04T02:11:36+00:00,534,8,31,True,True,True,1791079894
2026-10-04T02:11:36+00:00,521,5,8,True,True,True,1791079894
2026-10-04T02:11:36+00:00,518,1,17,True,True,True,1791079894
2026-10-04T02:11:36+00:00,556,0,18,True,True,True,1791079894
2026-10-04T02:11:36+00:00,525,1,13,True,True,True,1791079894
2026-10-04T02:11:36+00:00,517,2,15,True,True,True,1791079894
2026-10-04T02:11:36+00:00,523,8,22,True,True,True,1791079894
2026-10-04T02:11:36+00:00,522,6,3,True,True,True,1791079894
2026-10-04T02:11:36+00:00,594,3,15,True,True,True,1791079894
2026-10-04T02:11:36+00:00,532,5,15,True,True,True,1791079894
2026-10-04T02:11:36+00:00,509,8,3,True,True,True,1791079894
2026-10-04T02:11:36+00:00,531,9,9,True,True,True,1791079894
2026-10-04T02:11:36+00:00,536,0,9,True,True,True,1791079894
2026-10-04T02:11:36+00:00,562,18,21,True,True,True,1791079894
2026-10-04T02:11:36+00:00,511,8,15,True,True,True,1791079894
2026-10-04T02:11:36+00:00,505,1,20,True,True,True,1791079894
2026-10-04T02:11:36+00:00,501,1,17,True,True,True,1791079894
2026-10-04T02:11:36+00:00,514,5,7,True,True,True,1791079894
2026-10-04T02:11:36+00:00,500,7,10,True,True,True,1791079894
2026-10-04T02:11:36+00:00,503,6,22,True,True,True,1791079894
2026-10-04T02:11:36+00:00,513,3,12,True,True,True,1791079894
2026-10-04T02:11:36+00:00,498,0,12,True,True,True,1791079894
2026-10-04T02:11:36+00:00,507,16,2,True,True,True,1791079894
2026-10-04T02:11:36+00:00,512,3,24,True,True,True,1791079894
2026-10-04T02:11:36+00:00,619,21,21,True,True,True,1791079894
2026-10-04T02:11:36+00:00,474,32,10,True,True,True,1791079894
2026-10-04T02:11:36+00:00,580,10,35,True,True,True,1791079894
2026-10-04T02:11:36+00:00,496,21,22,True,True,True,1791079894
2026-10-04T02:11:36+00:00,482,1,16,True,True,True,1791079894
2026-10-04T02:11:36+00:00,407,2,11,True,True,True,1791079894
2026-10-04T02:11:36+00:00,409,4,21,True,True,True,1791079894
2026-10-04T02:11:36+00:00,451,3,17,True,True,True,1791079894
2026-10-04T02:11:36+00:00,402,9,10,True,True,True,1791079894
2026-10-04T02:11:36+00:00,516,3,11,True,True,True,1791079894
2026-10-04T02:11:36+00:00,625,6,34,True,True,True,1791079894
2026-10-04T02:11:36+00:00,429,4,17,True,True,True,1791079894
2026-10-04T02:11:36+00:00,380,10,14,True,True,True,1791079894
2026-10-04T02:11:36+00:00,583,6,12,True,True,True,1791079894
2026-10-04T02:11:36+00:00,398,6,11,True,True,True,1791079894
2026-10-04T02:11:36+00:00,381,13,2,True,True,True,1791079894
2026-10-04T02:11:36+00:00,464,15,28,True,True,True,1791079894
2026-10-04T02:11:36+00:00,442,16,0,True,True,True,1791079894
2026-10-04T02:11:36+00:00,483,10,10,True,True,True,1791079894
2026-10-04T02:11:36+00:00,458,2,12,True,True,True,1791079894
2026-10-04T02:11:36+00:00,499,4,11,True,True,True,1791079894
2026-10-04T02:11:36+00:00,472,11,8,True,True,True,1791079894
2026-10-04T02:11:36+00:00,506,4,20,True,True,True,1791079894
2026-10-04T02:11:36+00:00,465,7,21,True,True,True,1791079894
2026-10-04T02:11:36+00:00,611,16,21,True,True,True,1791079894
2026-10-04T02:11:36+00:00,404,12,14,True,True,True,1791079894
2026-10-04T02:11:36+00:00,579,0,17,True,True,True,1791079894
2026-10-04T02:11:36+00:00,589,3,23,True,True,True,1791079894
2026-10-04T02:11:36+00:00,434,6,14,True,True,True,1791079894
2026-10-04T02:11:36+00:00,462,3,12,True,True,True,1791079894
2026-10-04T02:11:36+00:00,578,3,19,True,True,True,1791079894
2026-10-04T02:11:36+00:00,415,1,11,True,True,True,1791079894
2026-10-04T02:11:36+00:00,423,20,0,True,True,True,1791079894
2026-10-04T02:11:36+00:00,412,6,1,True,True,True,1791079894
2026-10-04T02:11:36+00:00,387,10,4,True,True,True,1791079894
2026-10-04T02:11:36+00:00,441,0,15,True,True,True,1791079894
2026-10-04T02:11:36+00:00,454,2,20,True,True,True,1791079894
2026-10-04T02:11:36+00:00,436,0,12,True,True,True,1791079894
2026-10-04T02:11:36+00:00,394,2,16,True,True,True,1791079894
2026-10-04T02:11:36+00:00,497,14,13,True,True,True,1791079894
2026-10-04T02:11:36+00:00,581,6,17,True,True,True,1791079894
2026-10-04T02:11:36+00:00,461,1,17,True,True,True,1791079894
2026-10-04T02:11:36+00:00,599,24,21,True,True,True,1791079894
2026-10-04T02:11:36+00:00,428,6,17,True,True,True,1791079894
2026-10-04T02:11:36+00:00,400,3,21,True,True,True,1791079894
2026-10-04T02:11:36+00:00,487,0,21,True,True,True,1791079894
2026-10-04T02:11:36+00:00,438,23,16,True,True,True,1791079894
2026-10-04T02:11:36+00:00,459,2,10,True,True,True,1791079894
2026-10-04T02:11:36+00:00,433,2,15,True,True,True,1791079894
2026-10-04T02:11:36+00:00,399,5,25,True,True,True,1791079894
2026-10-04T02:11:36+00:00,489,18,9,True,True,True,1791079894
2026-10-04T02:11:36+00:00,742,17,10,True,True,True,1791079894
2026-10-04T02:11:36+00:00,551,24,7,True,True,True,1791079894
2026-10-04T02:11:36+00:00,406,10,1,True,True,True,1791079894
2026-10-04T02:11:36+00:00,488,5,17,True,True,True,1791079894
2026-10-04T02:11:36+00:00,540,18,16,True,True,True,1791079894
2026-10-04T02:11:36+00:00,431,3,17,True,True,True,1791079894
2026-10-04T02:11:36+00:00,393,10,10,True,True,True,1791079894
2026-10-04T02:11:36+00:00,420,17,0,True,True,True,1791079894
2026-10-04T02:11:36+00:00,397,1,27,True,True,True,1791079894
2026-10-04T02:11:36+00:00,390,17,12,True,True,True,1791079894
2026-10-04T02:11:36+00:00,449,11,13,True,True,True,1791079894
2026-10-04T02:11:36+00:00,430,9,33,True,True,True,1791079894
2026-10-04T02:11:36+00:00,484,10,24,True,True,True,1791079894
2026-10-04T02:11:36+00:00,479,8,22,True,True,True,1791079894
2026-10-04T02:11:36+00:00,403,2,12,True,True,True,1791079894
2026-10-04T02:11:36+00:00,435,2,28,True,True,True,1791079894
2026-10-04T02:11:36+00:00,426,10,10,True,True,True,1791079894
2026-10-04T02:11:36+00:00,450,8,6,True,True,True,1791079894
2026-10-04T02:11:36+00:00,456,13,20,True,True,True,1791079894
2026-10-04T02:11:36+00:00,468,15,0,True,True,True,1791079894
2026-10-04T02:11:36+00:00,453,22,11,True,True,True,1791079894
2026-10-04T02:11:36+00:00,466,2,13,True,True,True,1791079894
2026-10-04T02:11:36+00:00,469,2,28,True,True,True,1791079894
2026-10-04T02:11:36+00:00,416,1,14,True,True,True,1791079894
2026-10-04T02:11:36+00:00,391,1,12,True,True,True,1791079894
2026-10-04T02:11:36+00:00,389,1,14,True,True,True,1791079894
2026-10-04T02:11:36+00:00,470,1,13,True,True,True,1791079894
2026-10-04T02:11:36+00:00,384,15,0,True,True,True,1791079894
2026-10-04T02:11:36+00:00,425,1,6,True,True,True,1791079894
2026-10-04T02:11:36+00:00,411,3,8,True,True,True,1791079894
2026-10-04T02:11:36+00:00,598,13,20,True,True,True,1791079894
2026-10-04T02:11:36+00:00,444,16,2,True,True,True,1791079894
2026-10-04T02:11:36+00:00,447,11,19,True,True,True,1791079894
2026-10-04T02:11:36+00:00,408,2,11,True,True,True,1791079894
2026-10-04T02:11:36+00:00,737,22,1,True,True,True,1791079894
2026-10-04T02:11:36+00:00,432,1,10,True,True,True,1791079894
2026-10-04T02:11:36+00:00,401,5,0,True,True,True,1791079894
2026-10-04T02:11:36+00:00,452,3,25,True,True,True,1791079894
2026-10-04T02:11:36+00:00,392,7,0,True,True,True,1791079894
2026-10-04T02:11:36+00:00,481,8,34,True,True,True,1791079894
2026-10-04T02:11:36+00:00,495,15,26,True,True,True,1791079894
2026-10-04T02:11:36+00:00,478,2,11,True,True,True,1791079894
2026-10-04T02:11:36+00:00,414,2,9,True,True,True,1791079894
2026-10-04T02:11:36+00:00,476,15,4,True,True,True,1791079894
2026-10-04T02:11:36+00:00,445,7,11,True,True,True,1791079894
2026-10-04T02:11:36+00:00,748,10,17,True,True,True,1791079894
2026-10-04T02:11:36+00:00,473,2,5,True,True,True,1791079894
2026-10-04T02:11:36+00:00,383,0,25,True,True,True,1791079894
2026-10-04T02:11:36+00:00,480,20,4,True,True,True,1791079894
2026-10-04T02:11:36+00:00,421,14,6,True,True,True,1791079894
2026-10-04T02:11:36+00:00,746,8,3,True,True,True,1791079894
2026-10-04T02:11:36+00:00,417,1,11,True,True,True,1791079894
2026-10-04T02:11:36+00:00,427,2,12,True,True,True,1791079894
2026-10-04T02:11:36+00:00,395,5,9,True,True,True,1791079894
2026-10-04T02:11:36+00:00,418,7,20,True,True,True,1791079894
2026-10-04T02:11:36+00:00,413,2,10,True,True,True,1791079894
2026-10-04T02:11:36+00:00,486,8,14,True,True,True,1791079894
2026-10-04T02:11:36+00:00,597,13,2,True,True,True,1791079894
2026-10-04T02:11:36+00:00,422,1,10,True,True,True,1791079894
2026-10-04T02:11:36+00:00,382,1,7,True,True,True,1791079894
2026-10-04T02:11:36+00:00,396,11,10,True,True,True,1791079894
2026-10-04T02:11:36+00:00,735,13,0,True,True,True,1791079894
2026-10-04T02:11:36+00:00,437,9,15,True,True,True,1791079894
2026-10-04T02:11:36+00:00,446,5,17,True,True,True,1791079894
2026-10-04T02:11:36+00:00,424,0,6,True,True,True,1791079894
2026-10-04T02:11:36+00:00,455,12,0,True,True,True,1791079894
2026-10-04T02:11:36+00:00,457,0,10,True,True,True,1791079894
2026-10-04T02:11:36+00:00,377,5,24,True,True,True,1791079894
2026-10-04T02:11:36+00:00,738,11,1,True,True,True,1791079894
2026-10-04T02:11:36+00:00,460,10,19,True,True,True,1791079894
2026-10-04T02:11:36+00:00,744,5,4,True,True,True,1791079894
2026-10-04T02:11:36+00:00,485,5,14,True,True,True,1791079894
2026-10-04T02:26:36+00:00,6026,15,18,True,True,True,1791080783
2026-10-04T02:26:36+00:00,5431,2,19,True,True,True,1791080783
2026-10-04T02:26:36+00:00,5424,3,15,True,True,True,1791080783
2026-10-04T02:26:36+00:00,5220,0,20,True,True,True,1791080783
2026-10-04T02:26:36+00:00,5217,6,23,True,True,True,1791080783
2026-10-04T02:26:36+00:00,5113,12,3,True,True,True,1791080783
2026-10-04T02:26:36+00:00,4683,0,20,True,True,True,1791080783
2026-10-04T02:26:36+00:00,4552,7,11,True,True,True,1791080783
2026-10-04T02:26:36+00:00,3725,1,17,True,True,True,1791080783
2026-10-04T02:26:36+00:00,2358,3,9,True,True,True,1791080783
2026-10-04T02:26:36+00:00,2357,5,16,True,True,True,1791080783
2026-10-04T02:26:36+00:00,2355,0,12,True,True,True,1791080783
2026-10-04T02:26:36+00:00,2351,6,11,True,True,True,1791080783
2026-10-04T02:26:36+00:00,2350,15,8,True,True,True,1791080783
2026-10-04T02:26:36+00:00,2349,2,19,True,True,True,1791080783
2026-10-04T02:26:36+00:00,2347,10,20,True,True,True,1791080783
2026-10-04T02:26:36+00:00,2340,14,10,True,True,True,1791080783
2026-10-04T02:26:36+00:00,2339,14,14,True,True,True,1791080783
2026-10-04T02:26:36+00:00,2337,12,2,True,True,True,1791080783
2026-10-04T02:26:36+00:00,2334,1,10,True,True,True,1791080783
2026-10-04T02:26:36+00:00,2333,11,4,True,True,True,1791080783
2026-10-04T02:26:36+00:00,2332,1,8,True,True,True,1791080783
2026-10-04T02:26:36+00:00,2330,12,1,True,True,True,1791080783
2026-10-04T02:26:36+00:00,2329,13,1,True,True,True,1791080783
2026-10-04T02:26:36+00:00,2328,3,16,True,True,True,1791080783
2026-10-04T02:26:36+00:00,2315,10,8,True,True,True,1791080783
2026-10-04T02:26:36+00:00,2308,2,6,True,True,True,1791080783
2026-10-04T02:26:36+00:00,2307,7,22,True,True,True,1791080783
2026-10-04T02:26:36+00:00,2306,0,18,True,True,True,1791080783
2026-10-04T02:26:36+00:00,2305,10,4,True,True,True,1791080783
2026-10-04T02:26:36+00:00,2304,4,12,True,True,True,1791080783
2026-10-04T02:26:36+00:00,2280,6,6,True,True,True,1791080783
2026-10-04T02:26:36+00:00,2270,1,18,True,True,True,1791080783
2026-10-04T02:26:36+00:00,1919,2,4,True,True,True,1791080783
2026-10-04T02:26:36+00:00,1755,1,30,True,True,True,1791080783
2026-10-04T02:26:36+00:00,1101,5,18,True,True,True,1791080783
2026-10-04T02:26:36+00:00,1023,11,2,True,True,True,1791080783
2026-10-04T02:26:36+00:00,1009,2,8,True,True,True,1791080783
2026-10-04T02:26:36+00:00,970,4,20,True,True,True,1791080783
2026-10-04T02:26:36+00:00,787,12,0,True,True,True,1791080783
2026-10-04T02:26:36+00:00,627,3,27,True,True,True,1791080783
2026-10-04T02:26:36+00:00,623,16,3,True,True,True,1791080783
2026-10-04T02:26:36+00:00,624,6,13,True,True,True,1791080783
2026-10-04T02:26:36+00:00,626,2,20,True,True,True,1791080783
2026-10-04T02:26:36+00:00,614,5,17,True,True,True,1791080783
2026-10-04T02:26:36+00:00,616,15,0,True,True,True,1791080783
2026-10-04T02:26:36+00:00,618,7,35,True,True,True,1791080783
2026-10-04T02:26:36+00:00,621,7,19,True,True,True,1791080783
2026-10-04T02:26:36+00:00,622,1,27,True,True,True,1791080783
2026-10-04T02:26:36+00:00,613,1,15,True,True,True,1791080783
2026-10-04T02:26:36+00:00,620,23,16,True,True,True,1791080783
2026-10-04T02:26:36+00:00,596,2,15,True,True,True,1791080783
2026-10-04T02:26:36+00:00,617,7,12,True,True,True,1791080783
2026-10-04T02:26:36+00:00,609,9,18,True,True,True,1791080783
2026-10-04T02:26:36+00:00,607,7,22,True,True,True,1791080783
2026-10-04T02:26:36+00:00,603,11,6,True,True,True,1791080783
2026-10-04T02:26:36+00:00,590,8,29,True,True,True,1791080783
2026-10-04T02:26:36+00:00,610,2,17,True,True,True,1791080783
2026-10-04T02:26:36+00:00,608,3,15,True,True,True,1791080783
2026-10-04T02:26:36+00:00,593,15,14,True,True,True,1791080783
2026-10-04T02:26:36+00:00,530,6,3,True,True,True,1791080783
2026-10-04T02:26:36+00:00,463,16,1,True,True,True,1791080783
2026-10-04T02:26:36+00:00,475,20,3,True,True,True,1791080783
2026-10-04T02:26:36+00:00,439,12,12,True,True,True,1791080783
2026-10-04T02:26:36+00:00,600,9,0,True,True,True,1791080783
2026-10-04T02:26:36+00:00,440,5,10,True,True,True,1791080783
2026-10-04T02:26:36+00:00,612,3,15,True,True,True,1791080783
2026-10-04T02:26:36+00:00,491,15,3,True,True,True,1791080783
2026-10-04T02:26:36+00:00,493,23,5,True,True,True,1791080783
2026-10-04T02:26:36+00:00,410,5,20,True,True,True,1791080783
2026-10-04T02:26:36+00:00,605,4,14,True,True,True,1791080783
2026-10-04T02:26:36+00:00,388,15,1,True,True,True,1791080783
2026-10-04T02:26:36+00:00,591,21,2,True,True,True,1791080783
2026-10-04T02:26:36+00:00,592,3,15,True,True,True,1791080783
2026-10-04T02:26:36+00:00,585,0,0,True,True,True,1791080783
2026-10-04T02:26:36+00:00,565,0,18,True,True,True,1791080783
2026-10-04T02:26:36+00:00,571,15,3,True,True,True,1791080783
2026-10-04T02:26:36+00:00,568,5,10,True,True,True,1791080783
2026-10-04T02:26:36+00:00,588,5,14,True,True,True,1791080783
2026-10-04T02:26:36+00:00,584,1,33,True,True,True,1791080783
2026-10-04T02:26:36+00:00,569,11,18,True,True,True,1791080783
2026-10-04T02:26:36+00:00,577,9,20,True,True,True,1791080783
2026-10-04T02:26:36+00:00,564,0,29,True,True,True,1791080783
2026-10-04T02:26:36+00:00,570,3,12,True,True,True,1791080783
2026-10-04T02:26:36+00:00,572,8,31,True,True,True,1791080783
2026-10-04T02:26:36+00:00,586,11,14,True,True,True,1791080783
2026-10-04T02:26:36+00:00,576,10,7,True,True,True,1791080783
2026-10-04T02:26:36+00:00,566,24,0,True,True,True,1791080783
2026-10-04T02:26:36+00:00,602,6,12,True,True,True,1791080783
2026-10-04T02:26:36+00:00,575,6,23,True,True,True,1791080783
2026-10-04T02:26:36+00:00,567,20,18,True,True,True,1791080783
2026-10-04T02:26:36+00:00,582,12,12,True,True,True,1791080783
2026-10-04T02:26:36+00:00,595,23,0,True,True,True,1791080783
2026-10-04T02:26:36+00:00,542,12,6,True,True,True,1791080783
2026-10-04T02:26:36+00:00,563,7,9,True,True,True,1791080783
2026-10-04T02:26:36+00:00,558,6,9,True,True,True,1791080783
2026-10-04T02:26:36+00:00,552,6,12,True,True,True,1791080783
2026-10-04T02:26:36+00:00,555,1,12,True,True,True,1791080783
2026-10-04T02:26:36+00:00,573,4,20,True,True,True,1791080783
2026-10-04T02:26:36+00:00,561,7,15,True,True,True,1791080783
2026-10-04T02:26:36+00:00,615,5,16,True,True,True,1791080783
2026-10-04T02:26:36+00:00,543,1,18,True,True,True,1791080783
2026-10-04T02:26:36+00:00,554,0,19,True,True,True,1791080783
2026-10-04T02:26:36+00:00,574,11,0,True,True,True,1791080783
2026-10-04T02:26:36+00:00,560,1,7,True,True,True,1791080783
2026-10-04T02:26:36+00:00,548,3,14,True,True,True,1791080783
2026-10-04T02:26:36+00:00,559,5,12,True,True,True,1791080783
2026-10-04T02:26:36+00:00,545,24,15,True,True,True,1791080783
2026-10-04T02:26:36+00:00,550,3,6,True,True,True,1791080783
2026-10-04T02:26:36+00:00,541,7,3,True,True,True,1791080783
2026-10-04T02:26:36+00:00,527,9,1,True,True,True,1791080783
2026-10-04T02:26:36+00:00,529,7,14,True,True,True,1791080783
2026-10-04T02:26:36+00:00,526,12,2,True,True,True,1791080783
2026-10-04T02:26:36+00:00,537,15,4,True,True,True,1791080783
2026-10-04T02:26:36+00:00,547,20,7,True,True,True,1791080783
2026-10-04T02:26:36+00:00,601,4,14,True,True,True,1791080783
2026-10-04T02:26:36+00:00,533,2,10,True,True,True,1791080783
2026-10-04T02:26:36+00:00,535,0,25,True,True,True,1791080783
2026-10-04T02:26:36+00:00,524,5,15,True,True,True,1791080783
2026-10-04T02:26:36+00:00,519,7,15,True,True,True,1791080783
2026-10-04T02:26:36+00:00,534,8,31,True,True,True,1791080783
2026-10-04T02:26:36+00:00,521,5,8,True,True,True,1791080783
2026-10-04T02:26:36+00:00,518,1,17,True,True,True,1791080783
2026-10-04T02:26:36+00:00,556,0,18,True,True,True,1791080783
2026-10-04T02:26:36+00:00,525,1,13,True,True,True,1791080783
2026-10-04T02:26:36+00:00,517,2,15,True,True,True,1791080783
2026-10-04T02:26:36+00:00,523,8,22,True,True,True,1791080783
2026-10-04T02:26:36+00:00,522,6,3,True,True,True,1791080783
2026-10-04T02:26:36+00:00,594,3,15,True,True,True,1791080783
2026-10-04T02:26:36+00:00,532,5,15,True,True,True,1791080783
2026-10-04T02:26:36+00:00,509,8,3,True,True,True,1791080783
2026-10-04T02:26:36+00:00,531,9,9,True,True,True,1791080783
2026-10-04T02:26:36+00:00,536,0,9,True,True,True,1791080783
2026-10-04T02:26:36+00:00,562,18,21,True,True,True,1791080783
2026-10-04T02:26:36+00:00,511,8,15,True,True,True,1791080783
2026-10-04T02:26:36+00:00,505,1,20,True,True,True,1791080783
2026-10-04T02:26:36+00:00,501,1,17,True,True,True,1791080783
2026-10-04T02:26:36+00:00,514,5,7,True,True,True,1791080783
2026-10-04T02:26:36+00:00,500,7,10,True,True,True,1791080783
2026-10-04T02:26:36+00:00,503,6,22,True,True,True,1791080783
2026-10-04T02:26:36+00:00,513,3,12,True,True,True,1791080783
2026-10-04T02:26:36+00:00,498,0,12,True,True,True,1791080783
2026-10-04T02:26:36+00:00,507,16,2,True,True,True,1791080783
2026-10-04T02:26:36+00:00,512,3,24,True,True,True,1791080783
2026-10-04T02:26:36+00:00,619,21,21,True,True,True,1791080783
2026-10-04T02:26:36+00:00,474,32,10,True,True,True,1791080783
2026-10-04T02:26:36+00:00,580,10,35,True,True,True,1791080783
2026-10-04T02:26:36+00:00,496,21,22,True,True,True,1791080783
2026-10-04T02:26:36+00:00,482,1,16,True,True,True,1791080783
2026-10-04T02:26:36+00:00,407,2,11,True,True,True,1791080783
2026-10-04T02:26:36+00:00,409,4,21,True,True,True,1791080783
2026-10-04T02:26:36+00:00,451,3,17,True,True,True,1791080783
2026-10-04T02:26:36+00:00,402,9,10,True,True,True,1791080783
2026-10-04T02:26:36+00:00,516,3,11,True,True,True,1791080783
2026-10-04T02:26:36+00:00,625,6,34,True,True,True,1791080783
2026-10-04T02:26:36+00:00,429,4,17,True,True,True,1791080783
2026-10-04T02:26:36+00:00,380,10,14,True,True,True,1791080783
2026-10-04T02:26:36+00:00,583,6,12,True,True,True,1791080783
2026-10-04T02:26:36+00:00,398,6,11,True,True,True,1791080783
2026-10-04T02:26:36+00:00,381,13,2,True,True,True,1791080783
2026-10-04T02:26:36+00:00,464,15,28,True,True,True,1791080783
2026-10-04T02:26:36+00:00,442,16,0,True,True,True,1791080783
2026-10-04T02:26:36+00:00,483,10,10,True,True,True,1791080783
2026-10-04T02:26:36+00:00,458,2,12,True,True,True,1791080783
2026-10-04T02:26:36+00:00,499,4,11,True,True,True,1791080783
2026-10-04T02:26:36+00:00,472,11,8,True,True,True,1791080783
2026-10-04T02:26:36+00:00,506,4,20,True,True,True,1791080783
2026-10-04T02:26:36+00:00,465,7,21,True,True,True,1791080783
2026-10-04T02:26:36+00:00,611,16,21,True,True,True,1791080783
2026-10-04T02:26:36+00:00,404,12,14,True,True,True,1791080783
2026-10-04T02:26:36+00:00,579,0,17,True,True,True,1791080783
2026-10-04T02:26:36+00:00,589,3,23,True,True,True,1791080783
2026-10-04T02:26:36+00:00,434,6,14,True,True,True,1791080783
2026-10-04T02:26:36+00:00,462,3,12,True,True,True,1791080783
2026-10-04T02:26:36+00:00,578,3,19,True,True,True,1791080783
2026-10-04T02:26:36+00:00,415,1,11,True,True,True,1791080783
2026-10-04T02:26:36+00:00,423,20,0,True,True,True,1791080783
2026-10-04T02:26:36+00:00,412,6,1,True,True,True,1791080783
2026-10-04T02:26:36+00:00,387,10,4,True,True,True,1791080783
2026-10-04T02:26:36+00:00,441,0,15,True,True,True,1791080783
2026-10-04T02:26:36+00:00,454,2,20,True,True,True,1791080783
2026-10-04T02:26:36+00:00,436,0,12,True,True,True,1791080783
2026-10-04T02:26:36+00:00,394,2,16,True,True,True,1791080783
2026-10-04T02:26:36+00:00,497,14,13,True,True,True,1791080783
2026-10-04T02:26:36+00:00,581,6,17,True,True,True,1791080783
2026-10-04T02:26:36+00:00,461,1,17,True,True,True,1791080783
2026-10-04T02:26:36+00:00,599,24,21,True,True,True,1791080783
2026-10-04T02:26:36+00:00,428,6,17,True,True,True,1791080783
2026-10-04T02:26:36+00:00,400,3,21,True,True,True,1791080783
2026-10-04T02:26:36+00:00,487,0,21,True,True,True,1791080783
2026-10-04T02:26:36+00:00,438,23,16,True,True,True,1791080783
2026-10-04T02:26:36+00:00,459,2,10,True,True,True,1791080783
2026-10-04T02:26:36+00:00,433,2,15,True,True,True,1791080783
2026-10-04T02:26:36+00:00,399,5,25,True,True,True,1791080783
2026-10-04T02:26:36+00:00,489,18,9,True,True,True,1791080783
2026-10-04T02:26:36+00:00,742,17,10,True,True,True,1791080783
2026-10-04T02:26:36+00:00,551,24,7,True,True,True,1791080783
2026-10-04T02:26:36+00:00,406,10,1,True,True,True,1791080783
2026-10-04T02:26:36+00:00,488,5,17,True,True,True,1791080783
2026-10-04T02:26:36+00:00,540,18,16,True,True,True,1791080783
2026-10-04T02:26:36+00:00,431,3,17,True,True,True,1791080783
2026-10-04T02:26:36+00:00,393,10,10,True,True,True,1791080783
2026-10-04T02:26:36+00:00,420,17,0,True,True,True,1791080783
2026-10-04T02:26:36+00:00,397,1,27,True,True,True,1791080783
2026-10-04T02:26:36+00:00,390,17,12,True,True,True,1791080783
2026-10-04T02:26:36+00:00,449,11,13,True,True,True,1791080783
2026-10-04T02:26:36+00:00,430,9,33,True,True,True,1791080783
2026-10-04T02:26:36+00:00,484,10,24,True,True,True,1791080783
2026-10-04T02:26:36+00:00,479,8,22,True,True,True,1791080783
2026-10-04T02:26:36+00:00,403,2,12,True,True,True,1791080783
2026-10-04T02:26:36+00:00,435,2,28,True,True,True,1791080783
2026-10-04T02:26:36+00:00,426,10,10,True,True,True,1791080783
2026-10-04T02:26:36+00:00,450,8,6,True,True,True,1791080783
2026-10-04T02:26:36+00:00,456,13,20,True,True,True,1791080783
2026-10-04T02:26:36+00:00,468,15,0,True,True,True,1791080783
2026-10-04T02:26:36+00:00,453,22,11,True,True,True,1791080783
2026-10-04T02:26:36+00:00,466,2,13,True,True,True,1791080783
2026-10-04T02:26:36+00:00,469,2,28,True,True,True,1791080783
2026-10-04T02:26:36+00:00,416,1,14,True,True,True,1791080783
2026-10-04T02:26:36+00:00,391,1,12,True,True,True,1791080783
2026-10-04T02:26:36+00:00,389,1,14,True,True,True,1791080783
2026-10-04T02:26:36+00:00,470,1,13,True,True,True,1791080783
2026-10-04T02:26:36+00:00,384,15,0,True,True,True,1791080783
2026-10-04T02:26:36+00:00,425,1,6,True,True,True,1791080783
2026-10-04T02:26:36+00:00,411,3,8,True,True,True,1791080783
2026-10-04T02:26:36+00:00,598,13,20,True,True,True,1791080783
2026-10-04T02:26:36+00:00,444,16,2,True,True,True,1791080783
2026-10-04T02:26:36+00:00,447,11,19,True,True,True,1791080783
2026-10-04T02:26:36+00:00,408,2,11,True,True,True,1791080783
2026-10-04T02:26:36+00:00,737,22,1,True,True,True,1791080783
2026-10-04T02:26:36+00:00,432,1,10,True,True,True,1791080783
2026-10-04T02:26:36+00:00,401,5,0,True,True,True,1791080783
2026-10-04T02:26:36+00:00,452,3,25,True,True,True,1791080783
2026-10-04T02:26:36+00:00,392,7,0,True,True,True,1791080783
2026-10-04T02:26:36+00:00,481,8,34,True,True,True,1791080783
2026-10-04T02:26:36+00:00,495,15,26,True,True,True,1791080783
2026-10-04T02:26:36+00:00,478,2,11,True,True,True,1791080783
2026-10-04T02:26:36+00:00,414,2,9,True,True,True,1791080783
2026-10-04T02:26:36+00:00,476,15,4,True,True,True,1791080783
2026-10-04T02:26:36+00:00,445,7,11,True,True,True,1791080783
2026-10-04T02:26:36+00:00,748,10,17,True,True,True,1791080783
2026-10-04T02:26:36+00:00,473,2,5,True,True,True,1791080783
2026-10-04T02:26:36+00:00,383,0,25,True,True,True,1791080783
2026-10-04T02:26:36+00:00,480,20,4,True,True,True,1791080783
2026-10-04T02:26:36+00:00,421,14,6,True,True,True,1791080783
2026-10-04T02:26:36+00:00,746,8,3,True,True,True,1791080783
2026-10-04T02:26:36+00:00,417,1,11,True,True,True,1791080783
2026-10-04T02:26:36+00:00,427,2,12,True,True,True,1791080783
2026-10-04T02:26:36+00:00,395,5,9,True,True,True,1791080783
2026-10-04T02:26:36+00:00,418,7,20,True,True,True,1791080783
2026-10-04T02:26:36+00:00,413,2,10,True,True,True,1791080783
2026-10-04T02:26:36+00:00,486,8,14,True,True,True,1791080783
2026-10-04T02:26:36+00:00,597,13,2,True,True,True,1791080783
2026-10-04T02:26:36+00:00,422,1,10,True,True,True,1791080783
2026-10-04T02:26:36+00:00,382,1,7,True,True,True,1791080783
2026-10-04T02:26:36+00:00,396,11,10,True,True,True,1791080783
2026-10-04T02:26:36+00:00,735,13,0,True,True,True,1791080783
2026-10-04T02:26:36+00:00,437,9,15,True,True,True,1791080783
2026-10-04T02:26:36+00:00,446,5,17,True,True,True,1791080783
2026-10-04T02:26:36+00:00,424,0,6,True,True,True,1791080783
2026-10-04T02:26:36+00:00,455,12,0,True,True,True,1791080783
2026-10-04T02:26:36+00:00,457,0,10,True,True,True,1791080783
2026-10-04T02:26:36+00:00,377,5,24,True,True,True,1791080783
2026-10-04T02:26:36+00:00,738,11,1,True,True,True,1791080783
2026-10-04T02:26:36+00:00,460,10,19,True,True,True,1791080783
2026-10-04T02:26:36+00:00,744,5,4,True,True,True,1791080783
2026-10-04T02:26:36+00:00,485,5,14,True,True,True,1791080783
2026-10-04T02:41:36+00:00,6026,15,18,True,True,True,1791081689
2026-10-04T02:41:36+00:00,5431,2,19,True,True,True,1791081689
2026-10-04T02:41:36+00:00,5424,3,15,True,True,True,1791081689
2026-10-04T02:41:36+00:00,5220,0,20,True,True,True,1791081689
2026-10-04T02:41:36+00:00,5217,6,23,True,True,True,1791081689
2026-10-04T02:41:36+00:00,5113,12,3,True,True,True,1791081689
2026-10-04T02:41:36+00:00,4683,0,20,True,True,True,1791081689
2026-10-04T02:41:36+00:00,4552,7,11,True,True,True,1791081689
2026-10-04T02:41:36+00:00,3725,1,17,True,True,True,1791081689
2026-10-04T02:41:36+00:00,2358,3,9,True,True,True,1791081689
2026-10-04T02:41:36+00:00,2357,5,16,True,True,True,1791081689
2026-10-04T02:41:36+00:00,2355,0,12,True,True,True,1791081689
2026-10-04T02:41:36+00:00,2351,6,11,True,True,True,1791081689
2026-10-04T02:41:36+00:00,2350,15,8,True,True,True,1791081689
2026-10-04T02:41:36+00:00,2349,2,19,True,True,True,1791081689
2026-10-04T02:41:36+00:00,2347,10,20,True,True,True,1791081689
2026-10-04T02:41:36+00:00,2340,14,10,True,True,True,1791081689
2026-10-04T02:41:36+00:00,2339,14,14,True,True,True,1791081689
2026-10-04T02:41:36+00:00,2337,12,2,True,True,True,1791081689
2026-10-04T02:41:36+00:00,2334,1,10,True,True,True,1791081689
2026-10-04T02:41:36+00:00,2333,11,4,True,True,True,1791081689
2026-10-04T02:41:36+00:00,2332,1,8,True,True,True,1791081689
2026-10-04T02:41:36+00:00,2330,12,1,True,True,True,1791081689
2026-10-04T02:41:36+00:00,2329,13,1,True,True,True,1791081689
2026-10-04T02:41:36+00:00,2328,3,16,True,True,True,1791081689
2026-10-04T02:41:36+00:00,2315,10,8,True,True,True,1791081689
2026-10-04T02:41:36+00:00,2308,2,6,True,True,True,1791081689
2026-10-04T02:41:36+00:00,2307,7,22,True,True,True,1791081689
2026-10-04T02:41:36+00:00,2306,0,18,True,True,True,1791081689
2026-10-04T02:41:36+00:00,2305,10,4,True,True,True,1791081689
2026-10-04T02:41:36+00:00,2304,4,12,True,True,True,1791081689
2026-10-04T02:41:36+00:00,2280,6,6,True,True,True,1791081689
2026-10-04T02:41:36+00:00,2270,1,18,True,True,True,1791081689
2026-10-04T02:41:36+00:00,1919,2,4,True,True,True,1791081689
2026-10-04T02:41:36+00:00,1755,1,30,True,True,True,1791081689
2026-10-04T02:41:36+00:00,1101,5,18,True,True,True,1791081689
2026-10-04T02:41:36+00:00,1023,11,2,True,True,True,1791081689
2026-10-04T02:41:36+00:00,1009,2,8,True,True,True,1791081689
2026-10-04T02:41:36+00:00,970,4,20,True,True,True,1791081689
2026-10-04T02:41:36+00:00,787,12,0,True,True,True,1791081689
2026-10-04T02:41:36+00:00,627,3,27,True,True,True,1791081689
2026-10-04T02:41:36+00:00,623,16,3,True,True,True,1791081689
2026-10-04T02:41:36+00:00,624,6,13,True,True,True,1791081689
2026-10-04T02:41:36+00:00,626,2,20,True,True,True,1791081689
2026-10-04T02:41:36+00:00,614,5,17,True,True,True,1791081689
2026-10-04T02:41:36+00:00,616,15,0,True,True,True,1791081689
2026-10-04T02:41:36+00:00,618,7,35,True,True,True,1791081689
2026-10-04T02:41:36+00:00,621,7,19,True,True,True,1791081689
2026-10-04T02:41:36+00:00,622,1,27,True,True,True,1791081689
2026-10-04T02:41:36+00:00,613,1,15,True,True,True,1791081689
2026-10-04T02:41:36+00:00,620,23,16,True,True,True,1791081689
2026-10-04T02:41:36+00:00,596,2,15,True,True,True,1791081689
2026-10-04T02:41:36+00:00,617,7,12,True,True,True,1791081689
2026-10-04T02:41:36+00:00,609,9,18,True,True,True,1791081689
2026-10-04T02:41:36+00:00,607,7,22,True,True,True,1791081689
2026-10-04T02:41:36+00:00,603,11,6,True,True,True,1791081689
2026-10-04T02:41:36+00:00,590,8,29,True,True,True,1791081689
2026-10-04T02:41:36+00:00,610,2,17,True,True,True,1791081689
2026-10-04T02:41:36+00:00,608,3,15,True,True,True,1791081689
2026-10-04T02:41:36+00:00,593,15,14,True,True,True,1791081689
2026-10-04T02:41:36+00:00,530,6,3,True,True,True,1791081689
2026-10-04T02:41:36+00:00,463,16,1,True,True,True,1791081689
2026-10-04T02:41:36+00:00,475,20,3,True,True,True,1791081689
2026-10-04T02:41:36+00:00,439,12,12,True,True,True,1791081689
2026-10-04T02:41:36+00:00,600,9,0,True,True,True,1791081689
2026-10-04T02:41:36+00:00,440,5,10,True,True,True,1791081689
2026-10-04T02:41:36+00:00,612,3,15,True,True,True,1791081689
2026-10-04T02:41:36+00:00,491,15,3,True,True,True,1791081689
2026-10-04T02:41:36+00:00,493,23,5,True,True,True,1791081689
2026-10-04T02:41:36+00:00,410,5,20,True,True,True,1791081689
2026-10-04T02:41:36+00:00,605,4,14,True,True,True,1791081689
2026-10-04T02:41:36+00:00,388,15,1,True,True,True,1791081689
2026-10-04T02:41:36+00:00,591,20,2,True,True,True,1791081689
2026-10-04T02:41:36+00:00,592,3,15,True,True,True,1791081689
2026-10-04T02:41:36+00:00,585,0,0,True,True,True,1791081689
2026-10-04T02:41:36+00:00,565,0,18,True,True,True,1791081689
2026-10-04T02:41:36+00:00,571,15,3,True,True,True,1791081689
2026-10-04T02:41:36+00:00,568,5,10,True,True,True,1791081689
2026-10-04T02:41:36+00:00,588,5,14,True,True,True,1791081689
2026-10-04T02:41:36+00:00,584,1,33,True,True,True,1791081689
2026-10-04T02:41:36+00:00,569,11,18,True,True,True,1791081689
2026-10-04T02:41:36+00:00,577,9,20,True,True,True,1791081689
2026-10-04T02:41:36+00:00,564,0,29,True,True,True,1791081689
2026-10-04T02:41:36+00:00,570,3,12,True,True,True,1791081689
2026-10-04T02:41:36+00:00,572,8,31,True,True,True,1791081689
2026-10-04T02:41:36+00:00,586,11,14,True,True,True,1791081689
2026-10-04T02:41:36+00:00,576,10,7,True,True,True,1791081689
2026-10-04T02:41:36+00:00,566,24,0,True,True,True,1791081689
2026-10-04T02:41:36+00:00,602,6,12,True,True,True,1791081689
2026-10-04T02:41:36+00:00,575,6,23,True,True,True,1791081689
2026-10-04T02:41:36+00:00,567,20,18,True,True,True,1791081689
2026-10-04T02:41:36+00:00,582,12,12,True,True,True,1791081689
2026-10-04T02:41:36+00:00,595,23,0,True,True,True,1791081689
2026-10-04T02:41:36+00:00,542,12,6,True,True,True,1791081689
2026-10-04T02:41:36+00:00,563,7,9,True,True,True,1791081689
2026-10-04T02:41:36+00:00,558,6,9,True,True,True,1791081689
2026-10-04T02:41:36+00:00,552,6,12,True,True,True,1791081689
2026-10-04T02:41:36+00:00,555,1,12,True,True,True,1791081689
2026-10-04T02:41:36+00:00,573,4,20,True,True,True,1791081689
2026-10-04T02:41:36+00:00,561,7,15,True,True,True,1791081689
2026-10-04T02:41:36+00:00,615,5,16,True,True,True,1791081689
2026-10-04T02:41:36+00:00,543,1,18,True,True,True,1791081689
2026-10-04T02:41:36+00:00,554,0,19,True,True,True,1791081689
2026-10-04T02:41:36+00:00,574,11,0,True,True,True,1791081689
2026-10-04T02:41:36+00:00,560,1,7,True,True,True,1791081689
2026-10-04T02:41:36+00:00,548,3,14,True,True,True,1791081689
2026-10-04T02:41:36+00:00,559,5,12,True,True,True,1791081689
2026-10-04T02:41:36+00:00,545,24,15,True,True,True,1791081689
2026-10-04T02:41:36+00:00,550,3,6,True,True,True,1791081689
2026-10-04T02:41:36+00:00,541,7,3,True,True,True,1791081689
2026-10-04T02:41:36+00:00,527,9,1,True,True,True,1791081689
2026-10-04T02:41:36+00:00,529,7,14,True,True,True,1791081689
2026-10-04T02:41:36+00:00,526,12,2,True,True,True,1791081689
2026-10-04T02:41:36+00:00,537,15,4,True,True,True,1791081689
2026-10-04T02:41:36+00:00,547,20,7,True,True,True,1791081689
2026-10-04T02:41:36+00:00,601,4,14,True,True,True,1791081689
2026-10-04T02:41:36+00:00,533,2,10,True,True,True,1791081689
2026-10-04T02:41:36+00:00,535,0,25,True,True,True,1791081689
2026-10-04T02:41:36+00:00,524,5,15,True,True,True,1791081689
2026-10-04T02:41:36+00:00,519,7,15,True,True,True,1791081689
2026-10-04T02:41:36+00:00,534,8,31,True,True,True,1791081689
2026-10-04T02:41:36+00:00,521,5,8,True,True,True,1791081689
2026-10-04T02:41:36+00:00,518,1,17,True,True,True,1791081689
2026-10-04T02:41:36+00:00,556,0,18,True,True,True,1791081689
2026-10-04T02:41:36+00:00,525,1,13,True,True,True,1791081689
2026-10-04T02:41:36+00:00,517,2,15,True,True,True,1791081689
2026-10-04T02:41:36+00:00,523,8,22,True,True,True,1791081689
2026-10-04T02:41:36+00:00,522,6,3,True,True,True,1791081689
2026-10-04T02:41:36+00:00,594,3,15,True,True,True,1791081689
2026-10-04T02:41:36+00:00,532,5,15,True,True,True,1791081689
2026-10-04T02:41:36+00:00,509,8,3,True,True,True,1791081689
2026-10-04T02:41:36+00:00,531,9,9,True,True,True,1791081689
2026-10-04T02:41:36+00:00,536,0,9,True,True,True,1791081689
2026-10-04T02:41:36+00:00,562,18,21,True,True,True,1791081689
2026-10-04T02:41:36+00:00,511,8,15,True,True,True,1791081689
2026-10-04T02:41:36+00:00,505,1,20,True,True,True,1791081689
2026-10-04T02:41:36+00:00,501,1,17,True,True,True,1791081689
2026-10-04T02:41:36+00:00,514,5,7,True,True,True,1791081689
2026-10-04T02:41:36+00:00,500,7,10,True,True,True,1791081689
2026-10-04T02:41:36+00:00,503,6,22,True,True,True,1791081689
2026-10-04T02:41:36+00:00,513,3,12,True,True,True,1791081689
2026-10-04T02:41:36+00:00,498,0,12,True,True,True,1791081689
2026-10-04T02:41:36+00:00,507,16,2,True,True,True,1791081689
2026-10-04T02:41:36+00:00,512,3,24,True,True,True,1791081689
2026-10-04T02:41:36+00:00,619,21,21,True,True,True,1791081689
2026-10-04T02:41:36+00:00,474,32,10,True,True,True,1791081689
2026-10-04T02:41:36+00:00,580,10,35,True,True,True,1791081689
2026-10-04T02:41:36+00:00,496,21,22,True,True,True,1791081689
2026-10-04T02:41:36+00:00,482,1,16,True,True,True,1791081689
2026-10-04T02:41:36+00:00,407,2,11,True,True,True,1791081689
2026-10-04T02:41:36+00:00,409,4,21,True,True,True,1791081689
2026-10-04T02:41:36+00:00,451,3,17,True,True,True,1791081689
2026-10-04T02:41:36+00:00,402,9,10,True,True,True,1791081689
2026-10-04T02:41:36+00:00,516,3,11,True,True,True,1791081689
2026-10-04T02:41:36+00:00,625,6,34,True,True,True,1791081689
2026-10-04T02:41:36+00:00,429,4,17,True,True,True,1791081689
2026-10-04T02:41:36+00:00,380,10,14,True,True,True,1791081689
2026-10-04T02:41:36+00:00,583,6,12,True,True,True,1791081689
2026-10-04T02:41:36+00:00,398,6,11,True,True,True,1791081689
2026-10-04T02:41:36+00:00,381,13,2,True,True,True,1791081689
2026-10-04T02:41:36+00:00,464,15,28,True,True,True,1791081689
2026-10-04T02:41:36+00:00,442,16,0,True,True,True,1791081689
2026-10-04T02:41:36+00:00,483,10,10,True,True,True,1791081689
2026-10-04T02:41:36+00:00,458,2,12,True,True,True,1791081689
2026-10-04T02:41:36+00:00,499,4,11,True,True,True,1791081689
2026-10-04T02:41:36+00:00,472,11,8,True,True,True,1791081689
2026-10-04T02:41:36+00:00,506,4,20,True,True,True,1791081689
2026-10-04T02:41:36+00:00,465,7,21,True,True,True,1791081689
2026-10-04T02:41:36+00:00,611,16,21,True,True,True,1791081689
2026-10-04T02:41:36+00:00,404,12,14,True,True,True,1791081689
2026-10-04T02:41:36+00:00,579,0,17,True,True,True,1791081689
2026-10-04T02:41:36+00:00,589,3,23,True,True,True,1791081689
2026-10-04T02:41:36+00:00,434,6,14,True,True,True,1791081689
2026-10-04T02:41:36+00:00,462,3,12,True,True,True,1791081689
2026-10-04T02:41:36+00:00,578,3,19,True,True,True,1791081689
2026-10-04T02:41:36+00:00,415,1,11,True,True,True,1791081689
2026-10-04T02:41:36+00:00,423,20,0,True,True,True,1791081689
2026-10-04T02:41:36+00:00,412,6,1,True,True,True,1791081689
2026-10-04T02:41:36+00:00,387,10,4,True,True,True,1791081689
2026-10-04T02:41:36+00:00,441,0,15,True,True,True,1791081689
2026-10-04T02:41:36+00:00,454,2,20,True,True,True,1791081689
2026-10-04T02:41:36+00:00,436,0,12,True,True,True,1791081689
2026-10-04T02:41:36+00:00,394,2,16,True,True,True,1791081689
2026-10-04T02:41:36+00:00,497,14,13,True,True,True,1791081689
2026-10-04T02:41:36+00:00,581,6,17,True,True,True,1791081689
2026-10-04T02:41:36+00:00,461,1,17,True,True,True,1791081689
2026-10-04T02:41:36+00:00,599,24,21,True,True,True,1791081689
2026-10-04T02:41:36+00:00,428,6,17,True,True,True,1791081689
2026-10-04T02:41:36+00:00,400,3,21,True,True,True,1791081689
2026-10-04T02:41:36+00:00,487,0,21,True,True,True,1791081689
2026-10-04T02:41:36+00:00,438,23,16,True,True,True,1791081689
2026-10-04T02:41:36+00:00,459,2,10,True,True,True,1791081689
2026-10-04T02:41:36+00:00,433,2,15,True,True,True,1791081689
2026-10-04T02:41:36+00:00,399,4,25,True,True,True,1791081689
2026-10-04T02:41:36+00:00,489,18,9,True,True,True,1791081689
2026-10-04T02:41:36+00:00,742,17,10,True,True,True,1791081689
2026-10-04T02:41:36+00:00,551,24,7,True,True,True,1791081689
2026-10-04T02:41:36+00:00,406,10,1,True,True,True,1791081689
2026-10-04T02:41:36+00:00,488,5,17,True,True,True,1791081689
2026-10-04T02:41:36+00:00,540,18,16,True,True,True,1791081689
2026-10-04T02:41:36+00:00,431,3,17,True,True,True,1791081689
2026-10-04T02:41:36+00:00,393,10,10,True,True,True,1791081689
2026-10-04T02:41:36+00:00,420,17,0,True,True,True,1791081689
2026-10-04T02:41:36+00:00,397,1,27,True,True,True,1791081689
2026-10-04T02:41:36+00:00,390,17,12,True,True,True,1791081689
2026-10-04T02:41:36+00:00,449,11,13,True,True,True,1791081689
2026-10-04T02:41:36+00:00,430,9,33,True,True,True,1791081689
2026-10-04T02:41:36+00:00,484,10,24,True,True,True,1791081689
2026-10-04T02:41:36+00:00,479,8,22,True,True,True,1791081689
2026-10-04T02:41:36+00:00,403,2,12,True,True,True,1791081689
2026-10-04T02:41:36+00:00,435,2,28,True,True,True,1791081689
2026-10-04T02:41:36+00:00,426,9,10,True,True,True,1791081689
2026-10-04T02:41:36+00:00,450,8,6,True,True,True,1791081689
2026-10-04T02:41:36+00:00,456,13,20,True,True,True,1791081689
2026-10-04T02:41:36+00:00,468,15,0,True,True,True,1791081689
2026-10-04T02:41:36+00:00,453,22,11,True,True,True,1791081689
2026-10-04T02:41:36+00:00,466,2,13,True,True,True,1791081689
2026-10-04T02:41:36+00:00,469,2,28,True,True,True,1791081689
2026-10-04T02:41:36+00:00,416,1,14,True,True,True,1791081689
2026-10-04T02:41:36+00:00,391,1,12,True,True,True,1791081689
2026-10-04T02:41:36+00:00,389,1,14,True,True,True,1791081689
2026-10-04T02:41:36+00:00,470,1,13,True,True,True,1791081689
2026-10-04T02:41:36+00:00,384,15,0,True,True,True,1791081689
2026-10-04T02:41:36+00:00,425,1,6,True,True,True,1791081689
2026-10-04T02:41:36+00:00,411,3,8,True,True,True,1791081689
2026-10-04T02:41:36+00:00,598,13,20,True,True,True,1791081689
2026-10-04T02:41:36+00:00,444,16,2,True,True,True,1791081689
2026-10-04T02:41:36+00:00,447,11,19,True,True,True,1791081689
2026-10-04T02:41:36+00:00,408,2,11,True,True,True,1791081689
2026-10-04T02:41:36+00:00,737,22,1,True,True,True,1791081689
2026-10-04T02:41:36+00:00,432,1,10,True,True,True,1791081689
2026-10-04T02:41:36+00:00,401,5,0,True,True,True,1791081689
2026-10-04T02:41:36+00:00,452,3,25,True,True,True,1791081689
2026-10-04T02:41:36+00:00,392,7,0,True,True,True,1791081689
2026-10-04T02:41:36+00:00,481,8,34,True,True,True,1791081689
2026-10-04T02:41:36+00:00,495,15,26,True,True,True,1791081689
2026-10-04T02:41:36+00:00,478,2,11,True,True,True,1791081689
2026-10-04T02:41:36+00:00,414,2,9,True,True,True,1791081689
2026-10-04T02:41:36+00:00,476,15,4,True,True,True,1791081689
2026-10-04T02:41:36+00:00,445,7,11,True,True,True,1791081689
2026-10-04T02:41:36+00:00,748,10,17,True,True,True,1791081689
2026-10-04T02:41:36+00:00,473,2,5,True,True,True,1791081689
2026-10-04T02:41:36+00:00,383,0,25,True,True,True,1791081689
2026-10-04T02:41:36+00:00,480,20,4,True,True,True,1791081689
2026-10-04T02:41:36+00:00,421,14,6,True,True,True,1791081689
2026-10-04T02:41:36+00:00,746,8,3,True,True,True,1791081689
2026-10-04T02:41:36+00:00,417,1,11,True,True,True,1791081689
2026-10-04T02:41:36+00:00,427,2,12,True,True,True,1791081689
2026-10-04T02:41:36+00:00,395,5,9,True,True,True,1791081689
2026-10-04T02:41:36+00:00,418,7,20,True,True,True,1791081689
2026-10-04T02:41:36+00:00,413,2,10,True,True,True,1791081689
2026-10-04T02:41:36+00:00,486,8,14,True,True,True,1791081689
2026-10-04T02:41:36+00:00,597,13,2,True,True,True,1791081689
2026-10-04T02:41:36+00:00,422,1,10,True,True,True,1791081689
2026-10-04T02:41:36+00:00,382,1,7,True,True,True,1791081689
2026-10-04T02:41:36+00:00,396,11,10,True,True,True,1791081689
2026-10-04T02:41:36+00:00,735,13,0,True,True,True,1791081689
2026-10-04T02:41:36+00:00,437,9,15,True,True,True,1791081689
2026-10-04T02:41:36+00:00,446,5,17,True,True,True,1791081689
2026-10-04T02:41:36+00:00,424,0,6,True,True,True,1791081689
2026-10-04T02:41:36+00:00,455,12,0,True,True,True,1791081689
2026-10-04T02:41:36+00:00,457,0,10,True,True,True,1791081689
2026-10-04T02:41:36+00:00,377,5,24,True,True,True,1791081689
2026-10-04T02:41:36+00:00,738,11,1,True,True,True,1791081689
2026-10-04T02:41:36+00:00,460,10,19,True,True,True,1791081689
2026-10-04T02:41:36+00:00,744,5,4,True,True,True,1791081689
2026-10-04T02:41:36+00:00,485,5,14,True,True,True,1791081689
2026-10-04T02:56:36+00:00,6026,15,18,True,True,True,1791082595
2026-10-04T02:56:36+00:00,5431,2,19,True,True,True,1791082595
2026-10-04T02:56:36+00:00,5424,3,15,True,True,True,1791082595
2026-10-04T02:56:36+00:00,5220,0,20,True,True,True,1791082595
2026-10-04T02:56:36+00:00,5217,6,23,True,True,True,1791082595
2026-10-04T02:56:36+00:00,5113,12,3,True,True,True,1791082595
2026-10-04T02:56:36+00:00,4683,0,20,True,True,True,1791082595
2026-10-04T02:56:36+00:00,4552,7,11,True,True,True,1791082595
2026-10-04T02:56:36+00:00,3725,1,17,True,True,True,1791082595
2026-10-04T02:56:36+00:00,2358,3,9,True,True,True,1791082595
2026-10-04T02:56:36+00:00,2357,5,16,True,True,True,1791082595
2026-10-04T02:56:36+00:00,2355,0,12,True,True,True,1791082595
2026-10-04T02:56:36+00:00,2351,6,11,True,True,True,1791082595
2026-10-04T02:56:36+00:00,2350,15,8,True,True,True,1791082595
2026-10-04T02:56:36+00:00,2349,2,19,True,True,True,1791082595
2026-10-04T02:56:36+00:00,2347,10,20,True,True,True,1791082595
2026-10-04T02:56:36+00:00,2340,14,10,True,True,True,1791082595
2026-10-04T02:56:36+00:00,2339,14,14,True,True,True,1791082595
2026-10-04T02:56:36+00:00,2337,12,2,True,True,True,1791082595
2026-10-04T02:56:36+00:00,2334,1,10,True,True,True,1791082595
2026-10-04T02:56:36+00:00,2333,11,4,True,True,True,1791082595
2026-10-04T02:56:36+00:00,2332,1,8,True,True,True,1791082595
2026-10-04T02:56:36+00:00,2330,12,1,True,True,True,1791082595
2026-10-04T02:56:36+00:00,2329,13,1,True,True,True,1791082595
2026-10-04T02:56:36+00:00,2328,3,16,True,True,True,1791082595
2026-10-04T02:56:36+00:00,2315,10,8,True,True,True,1791082595
2026-10-04T02:56:36+00:00,2308,2,6,True,True,True,1791082595
2026-10-04T02:56:36+00:00,2307,7,22,True,True,True,1791082595
2026-10-04T02:56:36+00:00,2306,0,18,True,True,True,1791082595
2026-10-04T02:56:36+00:00,2305,10,4,True,True,True,1791082595
2026-10-04T02:56:36+00:00,2304,4,12,True,True,True,1791082595
2026-10-04T02:56:36+00:00,2280,6,6,True,True,True,1791082595
2026-10-04T02:56:36+00:00,2270,1,18,True,True,True,1791082595
2026-10-04T02:56:36+00:00,1919,2,4,True,True,True,1791082595
2026-10-04T02:56:36+00:00,1755,1,30,True,True,True,1791082595
2026-10-04T02:56:36+00:00,1101,5,18,True,True,True,1791082595
2026-10-04T02:56:36+00:00,1023,11,2,True,True,True,1791082595
2026-10-04T02:56:36+00:00,1009,2,8,True,True,True,1791082595
2026-10-04T02:56:36+00:00,970,4,20,True,True,True,1791082595
2026-10-04T02:56:36+00:00,787,12,0,True,True,True,1791082595
2026-10-04T02:56:36+00:00,627,3,27,True,True,True,1791082595
2026-10-04T02:56:36+00:00,623,16,3,True,True,True,1791082595
2026-10-04T02:56:36+00:00,624,6,13,True,True,True,1791082595
2026-10-04T02:56:36+00:00,626,2,20,True,True,True,1791082595
2026-10-04T02:56:36+00:00,614,5,17,True,True,True,1791082595
2026-10-04T02:56:36+00:00,616,15,0,True,True,True,1791082595
2026-10-04T02:56:36+00:00,618,7,35,True,True,True,1791082595
2026-10-04T02:56:36+00:00,621,7,19,True,True,True,1791082595
2026-10-04T02:56:36+00:00,622,1,27,True,True,True,1791082595
2026-10-04T02:56:36+00:00,613,1,15,True,True,True,1791082595
2026-10-04T02:56:36+00:00,620,23,16,True,True,True,1791082595
2026-10-04T02:56:36+00:00,596,2,15,True,True,True,1791082595
2026-10-04T02:56:36+00:00,617,7,12,True,True,True,1791082595
2026-10-04T02:56:36+00:00,609,9,18,True,True,True,1791082595
2026-10-04T02:56:36+00:00,607,7,22,True,True,True,1791082595
2026-10-04T02:56:36+00:00,603,11,6,True,True,True,1791082595
2026-10-04T02:56:36+00:00,590,8,29,True,True,True,1791082595
2026-10-04T02:56:36+00:00,610,2,17,True,True,True,1791082595
2026-10-04T02:56:36+00:00,608,3,15,True,True,True,1791082595
2026-10-04T02:56:36+00:00,593,15,14,True,True,True,1791082595
2026-10-04T02:56:36+00:00,530,6,3,True,True,True,1791082595
2026-10-04T02:56:36+00:00,463,16,1,True,True,True,1791082595
2026-10-04T02:56:36+00:00,475,20,3,True,True,True,1791082595
2026-10-04T02:56:36+00:00,439,12,12,True,True,True,1791082595
2026-10-04T02:56:36+00:00,600,9,0,True,True,True,1791082595
2026-10-04T02:56:36+00:00,440,5,10,True,True,True,1791082595
2026-10-04T02:56:36+00:00,612,3,15,True,True,True,1791082595
2026-10-04T02:56:36+00:00,491,15,3,True,True,True,1791082595
2026-10-04T02:56:36+00:00,493,23,5,True,True,True,1791082595
2026-10-04T02:56:36+00:00,410,5,20,True,True,True,1791082595
2026-10-04T02:56:36+00:00,605,4,14,True,True,True,1791082595
2026-10-04T02:56:36+00:00,388,15,1,True,True,True,1791082595
2026-10-04T02:56:36+00:00,591,20,2,True,True,True,1791082595
2026-10-04T02:56:36+00:00,592,3,15,True,True,True,1791082595
2026-10-04T02:56:36+00:00,585,0,0,True,True,True,1791082595
2026-10-04T02:56:36+00:00,565,0,18,True,True,True,1791082595
2026-10-04T02:56:36+00:00,571,15,3,True,True,True,1791082595
2026-10-04T02:56:36+00:00,568,5,10,True,True,True,1791082595
2026-10-04T02:56:36+00:00,588,5,14,True,True,True,1791082595
2026-10-04T02:56:36+00:00,584,1,33,True,True,True,1791082595
2026-10-04T02:56:36+00:00,569,11,18,True,True,True,1791082595
2026-10-04T02:56:36+00:00,577,9,20,True,True,True,1791082595
2026-10-04T02:56:36+00:00,564,0,29,True,True,True,1791082595
2026-10-04T02:56:36+00:00,570,3,12,True,True,True,1791082595
2026-10-04T02:56:36+00:00,572,8,31,True,True,True,1791082595
2026-10-04T02:56:36+00:00,586,11,14,True,True,True,1791082595
2026-10-04T02:56:36+00:00,576,10,7,True,True,True,1791082595
2026-10-04T02:56:36+00:00,566,24,0,True,True,True,1791082595
2026-10-04T02:56:36+00:00,602,6,12,True,True,True,1791082595
2026-10-04T02:56:36+00:00,575,6,23,True,True,True,1791082595
2026-10-04T02:56:36+00:00,567,20,18,True,True,True,1791082595
2026-10-04T02:56:36+00:00,582,12,12,True,True,True,1791082595
2026-10-04T02:56:36+00:00,595,23,0,True,True,True,1791082595
2026-10-04T02:56:36+00:00,542,12,6,True,True,True,1791082595
2026-10-04T02:56:36+00:00,563,7,9,True,True,True,1791082595
2026-10-04T02:56:36+00:00,558,6,9,True,True,True,1791082595
2026-10-04T02:56:36+00:00,552,6,12,True,True,True,1791082595
2026-10-04T02:56:36+00:00,555,1,12,True,True,True,1791082595
2026-10-04T02:56:36+00:00,573,4,20,True,True,True,1791082595
2026-10-04T02:56:36+00:00,561,7,15,True,True,True,1791082595
2026-10-04T02:56:36+00:00,615,5,16,True,True,True,1791082595
2026-10-04T02:56:36+00:00,543,1,18,True,True,True,1791082595
2026-10-04T02:56:36+00:00,554,0,19,True,True,True,1791082595
2026-10-04T02:56:36+00:00,574,11,0,True,True,True,1791082595
2026-10-04T02:56:36+00:00,560,1,7,True,True,True,1791082595
2026-10-04T02:56:36+00:00,548,3,14,True,True,True,1791082595
2026-10-04T02:56:36+00:00,559,5,12,True,True,True,1791082595
2026-10-04T02:56:36+00:00,545,24,15,True,True,True,1791082595
2026-10-04T02:56:36+00:00,550,3,6,True,True,True,1791082595
2026-10-04T02:56:36+00:00,541,7,3,True,True,True,1791082595
2026-10-04T02:56:36+00:00,527,9,1,True,True,True,1791082595
2026-10-04T02:56:36+00:00,529,7,14,True,True,True,1791082595
2026-10-04T02:56:36+00:00,526,12,2,True,True,True,1791082595
2026-10-04T02:56:36+00:00,537,15,4,True,True,True,1791082595
2026-10-04T02:56:36+00:00,547,20,7,True,True,True,1791082595
2026-10-04T02:56:36+00:00,601,4,14,True,True,True,1791082595
2026-10-04T02:56:36+00:00,533,2,10,True,True,True,1791082595
2026-10-04T02:56:36+00:00,535,0,25,True,True,True,1791082595
2026-10-04T02:56:36+00:00,524,5,15,True,True,True,1791082595
2026-10-04T02:56:36+00:00,519,7,15,True,True,True,1791082595
2026-10-04T02:56:36+00:00,534,8,31,True,True,True,1791082595
2026-10-04T02:56:36+00:00,521,5,8,True,True,True,1791082595
2026-10-04T02:56:36+00:00,518,1,17,True,True,True,1791082595
2026-10-04T02:56:36+00:00,556,0,18,True,True,True,1791082595
2026-10-04T02:56:36+00:00,525,1,13,True,True,True,1791082595
2026-10-04T02:56:36+00:00,517,2,15,True,True,True,1791082595
2026-10-04T02:56:36+00:00,523,8,22,True,True,True,1791082595
2026-10-04T02:56:36+00:00,522,6,3,True,True,True,1791082595
2026-10-04T02:56:36+00:00,594,3,15,True,True,True,1791082595
2026-10-04T02:56:36+00:00,532,5,15,True,True,True,1791082595
2026-10-04T02:56:36+00:00,509,8,3,True,True,True,1791082595
2026-10-04T02:56:36+00:00,531,9,9,True,True,True,1791082595
2026-10-04T02:56:36+00:00,536,0,9,True,True,True,1791082595
2026-10-04T02:56:36+00:00,562,18,21,True,True,True,1791082595
2026-10-04T02:56:36+00:00,511,8,15,True,True,True,1791082595
2026-10-04T02:56:36+00:00,505,1,20,True,True,True,1791082595
2026-10-04T02:56:36+00:00,501,1,17,True,True,True,1791082595
2026-10-04T02:56:36+00:00,514,5,7,True,True,True,1791082595
2026-10-04T02:56:36+00:00,500,7,10,True,True,True,1791082595
2026-10-04T02:56:36+00:00,503,6,22,True,True,True,1791082595
2026-10-04T02:56:36+00:00,513,3,12,True,True,True,1791082595
2026-10-04T02:56:36+00:00,498,0,12,True,True,True,1791082595
2026-10-04T02:56:36+00:00,507,16,2,True,True,True,1791082595
2026-10-04T02:56:36+00:00,512,3,24,True,True,True,1791082595
2026-10-04T02:56:36+00:00,619,21,21,True,True,True,1791082595
2026-10-04T02:56:36+00:00,474,32,10,True,True,True,1791082595
2026-10-04T02:56:36+00:00,580,10,35,True,True,True,1791082595
2026-10-04T02:56:36+00:00,496,21,22,True,True,True,1791082595
2026-10-04T02:56:36+00:00,482,1,16,True,True,True,1791082595
2026-10-04T02:56:36+00:00,407,2,11,True,True,True,1791082595
2026-10-04T02:56:36+00:00,409,4,21,True,True,True,1791082595
2026-10-04T02:56:36+00:00,451,3,17,True,True,True,1791082595
2026-10-04T02:56:36+00:00,402,9,10,True,True,True,1791082595
2026-10-04T02:56:36+00:00,516,3,11,True,True,True,1791082595
2026-10-04T02:56:36+00:00,625,6,34,True,True,True,1791082595
2026-10-04T02:56:36+00:00,429,4,17,True,True,True,1791082595
2026-10-04T02:56:36+00:00,380,10,14,True,True,True,1791082595
2026-10-04T02:56:36+00:00,583,6,12,True,True,True,1791082595
2026-10-04T02:56:36+00:00,398,6,11,True,True,True,1791082595
2026-10-04T02:56:36+00:00,381,13,2,True,True,True,1791082595
2026-10-04T02:56:36+00:00,464,15,28,True,True,True,1791082595
2026-10-04T02:56:36+00:00,442,16,0,True,True,True,1791082595
2026-10-04T02:56:36+00:00,483,10,10,True,True,True,1791082595
2026-10-04T02:56:36+00:00,458,2,12,True,True,True,1791082595
2026-10-04T02:56:36+00:00,499,4,11,True,True,True,1791082595
2026-10-04T02:56:36+00:00,472,11,8,True,True,True,1791082595
2026-10-04T02:56:36+00:00,506,4,20,True,True,True,1791082595
2026-10-04T02:56:36+00:00,465,7,21,True,True,True,1791082595
2026-10-04T02:56:36+00:00,611,16,21,True,True,True,1791082595
2026-10-04T02:56:36+00:00,404,12,14,True,True,True,1791082595
2026-10-04T02:56:36+00:00,579,0,17,True,True,True,1791082595
2026-10-04T02:56:36+00:00,589,3,23,True,True,True,1791082595
2026-10-04T02:56:36+00:00,434,6,14,True,True,True,1791082595
2026-10-04T02:56:36+00:00,462,3,12,True,True,True,1791082595
2026-10-04T02:56:36+00:00,578,3,19,True,True,True,1791082595
2026-10-04T02:56:36+00:00,415,1,11,True,True,True,1791082595
2026-10-04T02:56:36+00:00,423,20,0,True,True,True,1791082595
2026-10-04T02:56:36+00:00,412,6,1,True,True,True,1791082595
2026-10-04T02:56:36+00:00,387,10,4,True,True,True,1791082595
2026-10-04T02:56:36+00:00,441,0,15,True,True,True,1791082595
2026-10-04T02:56:36+00:00,454,2,20,True,True,True,1791082595
2026-10-04T02:56:36+00:00,436,0,12,True,True,True,1791082595
2026-10-04T02:56:36+00:00,394,2,16,True,True,True,1791082595
2026-10-04T02:56:36+00:00,497,14,13,True,True,True,1791082595
2026-10-04T02:56:36+00:00,581,6,17,True,True,True,1791082595
2026-10-04T02:56:36+00:00,461,1,17,True,True,True,1791082595
2026-10-04T02:56:36+00:00,599,24,21,True,True,True,1791082595
2026-10-04T02:56:36+00:00,428,6,17,True,True,True,1791082595
2026-10-04T02:56:36+00:00,400,3,21,True,True,True,1791082595
2026-10-04T02:56:36+00:00,487,0,21,True,True,True,1791082595
2026-10-04T02:56:36+00:00,438,23,16,True,True,True,1791082595
2026-10-04T02:56:36+00:00,459,2,10,True,True,True,1791082595
2026-10-04T02:56:36+00:00,433,2,15,True,True,True,1791082595
2026-10-04T02:56:36+00:00,399,5,25,True,True,True,1791082595
2026-10-04T02:56:36+00:00,489,18,9,True,True,True,1791082595
2026-10-04T02:56:36+00:00,742,17,10,True,True,True,1791082595
2026-10-04T02:56:36+00:00,551,24,7,True,True,True,1791082595
2026-10-04T02:56:36+00:00,406,10,1,True,True,True,1791082595
2026-10-04T02:56:36+00:00,488,5,17,True,True,True,1791082595
2026-10-04T02:56:36+00:00,540,18,16,True,True,True,1791082595
2026-10-04T02:56:36+00:00,431,3,17,True,True,True,1791082595
2026-10-04T02:56:36+00:00,393,10,10,True,True,True,1791082595
2026-10-04T02:56:36+00:00,420,17,0,True,True,True,1791082595
2026-10-04T02:56:36+00:00,397,1,27,True,True,True,1791082595
2026-10-04T02:56:36+00:00,390,17,12,True,True,True,1791082595
2026-10-04T02:56:36+00:00,449,11,13,True,True,True,1791082595
2026-10-04T02:56:36+00:00,430,9,33,True,True,True,1791082595
2026-10-04T02:56:36+00:00,484,10,24,True,True,True,1791082595
2026-10-04T02:56:36+00:00,479,8,22,True,True,True,1791082595
2026-10-04T02:56:36+00:00,403,2,12,True,True,True,1791082595
2026-10-04T02:56:36+00:00,435,2,28,True,True,True,1791082595
2026-10-04T02:56:36+00:00,426,10,10,True,True,True,1791082595
2026-10-04T02:56:36+00:00,450,8,6,True,True,True,1791082595
2026-10-04T02:56:36+00:00,456,13,20,True,True,True,1791082595
2026-10-04T02:56:36+00:00,468,15,0,True,True,True,1791082595
2026-10-04T02:56:36+00:00,453,22,11,True,True,True,1791082595
2026-10-04T02:56:36+00:00,466,2,13,True,True,True,1791082595
2026-10-04T02:56:36+00:00,469,2,28,True,True,True,1791082595
2026-10-04T02:56:36+00:00,416,1,14,True,True,True,1791082595
2026-10-04T02:56:36+00:00,391,1,12,True,True,True,1791082595
2026-10-04T02:56:36+00:00,389,1,14,True,True,True,1791082595
2026-10-04T02:56:36+00:00,470,1,13,True,True,True,1791082595
2026-10-04T02:56:36+00:00,384,15,0,True,True,True,1791082595
2026-10-04T02:56:36+00:00,425,1,6,True,True,True,1791082595
2026-10-04T02:56:36+00:00,411,3,8,True,True,True,1791082595
2026-10-04T02:56:36+00:00,598,13,20,True,True,True,1791082595
2026-10-04T02:56:36+00:00,444,16,2,True,True,True,1791082595
2026-10-04T02:56:36+00:00,447,11,19,True,True,True,1791082595
2026-10-04T02:56:36+00:00,408,2,11,True,True,True,1791082595
2026-10-04T02:56:36+00:00,737,22,1,True,True,True,1791082595
2026-10-04T02:56:36+00:00,432,1,10,True,True,True,1791082595
2026-10-04T02:56:36+00:00,401,5,0,True,True,True,1791082595
2026-10-04T02:56:36+00:00,452,3,25,True,True,True,1791082595
2026-10-04T02:56:36+00:00,392,7,0,True,True,True,1791082595
2026-10-04T02:56:36+00:00,481,8,34,True,True,True,1791082595
2026-10-04T02:56:36+00:00,495,15,26,True,True,True,1791082595
2026-10-04T02:56:36+00:00,478,2,11,True,True,True,1791082595
2026-10-04T02:56:36+00:00,414,2,9,True,True,True,1791082595
2026-10-04T02:56:36+00:00,476,14,4,True,True,True,1791082595
2026-10-04T02:56:36+00:00,445,7,11,True,True,True,1791082595
2026-10-04T02:56:36+00:00,748,10,17,True,True,True,1791082595
2026-10-04T02:56:36+00:00,473,2,5,True,True,True,1791082595
2026-10-04T02:56:36+00:00,383,0,25,True,True,True,1791082595
2026-10-04T02:56:36+00:00,480,20,4,True,True,True,1791082595
2026-10-04T02:56:36+00:00,421,14,6,True,True,True,1791082595
2026-10-04T02:56:36+00:00,746,8,3,True,True,True,1791082595
2026-10-04T02:56:36+00:00,417,1,11,True,True,True,1791082595
2026-10-04T02:56:36+00:00,427,2,12,True,True,True,1791082595
2026-10-04T02:56:36+00:00,395,5,9,True,True,True,1791082595
2026-10-04T02:56:36+00:00,418,7,20,True,True,True,1791082595
2026-10-04T02:56:36+00:00,413,2,10,True,True,True,1791082595
2026-10-04T02:56:36+00:00,486,8,14,True,True,True,1791082595
2026-10-04T02:56:36+00:00,597,13,2,True,True,True,1791082595
2026-10-04T02:56:36+00:00,422,1,10,True,True,True,1791082595
2026-10-04T02:56:36+00:00,382,1,7,True,True,True,1791082595
2026-10-04T02:56:36+00:00,396,11,10,True,True,True,1791082595
2026-10-04T02:56:36+00:00,735,13,0,True,True,True,1791082595
2026-10-04T02:56:36+00:00,437,9,15,True,True,True,1791082595
2026-10-04T02:56:36+00:00,446,5,17,True,True,True,1791082595
2026-10-04T02:56:36+00:00,424,0,6,True,True,True,1791082595
2026-10-04T02:56:36+00:00,455,12,0,True,True,True,1791082595
2026-10-04T02:56:36+00:00,457,0,10,True,True,True,1791082595
2026-10-04T02:56:36+00:00,377,5,24,True,True,True,1791082595
2026-10-04T02:56:36+00:00,738,11,1,True,True,True,1791082595
2026-10-04T02:56:36+00:00,460,10,19,True,True,True,1791082595
2026-10-04T02:56:36+00:00,744,5,4,True,True,True,1791082595
2026-10-04T02:56:36+00:00,485,5,14,True,True,True,1791082595
2026-10-04T03:11:36+00:00,6026,15,18,True,True,True,1791083482
2026-10-04T03:11:36+00:00,5431,2,19,True,True,True,1791083482
2026-10-04T03:11:36+00:00,5424,3,15,True,True,True,1791083482
2026-10-04T03:11:36+00:00,5220,0,20,True,True,True,1791083482
2026-10-04T03:11:36+00:00,5217,6,23,True,True,True,1791083482
2026-10-04T03:11:36+00:00,5113,12,3,True,True,True,1791083482
2026-10-04T03:11:36+00:00,4683,0,20,True,True,True,1791083482
2026-10-04T03:11:36+00:00,4552,7,11,True,True,True,1791083482
2026-10-04T03:11:36+00:00,3725,1,17,True,True,True,1791083482
2026-10-04T03:11:36+00:00,2358,3,9,True,True,True,1791083482
2026-10-04T03:11:36+00:00,2357,5,16,True,True,True,1791083482
2026-10-04T03:11:36+00:00,2355,0,12,True,True,True,1791083482
2026-10-04T03:11:36+00:00,2351,6,11,True,True,True,1791083482
2026-10-04T03:11:36+00:00,2350,15,8,True,True,True,1791083482
2026-10-04T03:11:36+00:00,2349,2,19,True,True,True,1791083482
2026-10-04T03:11:36+00:00,2347,10,20,True,True,True,1791083482
2026-10-04T03:11:36+00:00,2340,14,10,True,True,True,1791083482
2026-10-04T03:11:36+00:00,2339,14,14,True,True,True,1791083482
2026-10-04T03:11:36+00:00,2337,12,2,True,True,True,1791083482
2026-10-04T03:11:36+00:00,2334,1,10,True,True,True,1791083482
2026-10-04T03:11:36+00:00,2333,11,4,True,True,True,1791083482
2026-10-04T03:11:36+00:00,2332,1,8,True,True,True,1791083482
2026-10-04T03:11:36+00:00,2330,12,1,True,True,True,1791083482
2026-10-04T03:11:36+00:00,2329,13,1,True,True,True,1791083482
2026-10-04T03:11:36+00:00,2328,4,15,True,True,True,1791083482
2026-10-04T03:11:36+00:00,2315,10,8,True,True,True,1791083482
2026-10-04T03:11:36+00:00,2308,2,6,True,True,True,1791083482
2026-10-04T03:11:36+00:00,2307,7,22,True,True,True,1791083482
2026-10-04T03:11:36+00:00,2306,0,18,True,True,True,1791083482
2026-10-04T03:11:36+00:00,2305,10,4,True,True,True,1791083482
2026-10-04T03:11:36+00:00,2304,4,12,True,True,True,1791083482
2026-10-04T03:11:36+00:00,2280,6,6,True,True,True,1791083482
2026-10-04T03:11:36+00:00,2270,1,18,True,True,True,1791083482
2026-10-04T03:11:36+00:00,1919,2,4,True,True,True,1791083482
2026-10-04T03:11:36+00:00,1755,1,30,True,True,True,1791083482
2026-10-04T03:11:36+00:00,1101,5,18,True,True,True,1791083482
2026-10-04T03:11:36+00:00,1023,11,2,True,True,True,1791083482
2026-10-04T03:11:36+00:00,1009,2,8,True,True,True,1791083482
2026-10-04T03:11:36+00:00,970,4,20,True,True,True,1791083482
2026-10-04T03:11:36+00:00,787,12,0,True,True,True,1791083482
2026-10-04T03:11:36+00:00,627,3,27,True,True,True,1791083482
2026-10-04T03:11:36+00:00,623,16,3,True,True,True,1791083482
2026-10-04T03:11:36+00:00,624,6,13,True,True,True,1791083482
2026-10-04T03:11:36+00:00,626,2,20,True,True,True,1791083482
2026-10-04T03:11:36+00:00,614,5,17,True,True,True,1791083482
2026-10-04T03:11:36+00:00,616,15,0,True,True,True,1791083482
2026-10-04T03:11:36+00:00,618,7,35,True,True,True,1791083482
2026-10-04T03:11:36+00:00,621,7,19,True,True,True,1791083482
2026-10-04T03:11:36+00:00,622,1,27,True,True,True,1791083482
2026-10-04T03:11:36+00:00,613,1,15,True,True,True,1791083482
2026-10-04T03:11:36+00:00,620,23,16,True,True,True,1791083482
2026-10-04T03:11:36+00:00,596,2,15,True,True,True,1791083482
2026-10-04T03:11:36+00:00,617,7,12,True,True,True,1791083482
2026-10-04T03:11:36+00:00,609,9,18,True,True,True,1791083482
2026-10-04T03:11:36+00:00,607,7,22,True,True,True,1791083482
2026-10-04T03:11:36+00:00,603,11,6,True,True,True,1791083482
2026-10-04T03:11:36+00:00,590,8,29,True,True,True,1791083482
2026-10-04T03:11:36+00:00,610,2,17,True,True,True,1791083482
2026-10-04T03:11:36+00:00,608,3,15,True,True,True,1791083482
2026-10-04T03:11:36+00:00,593,15,14,True,True,True,1791083482
2026-10-04T03:11:36+00:00,530,6,3,True,True,True,1791083482
2026-10-04T03:11:36+00:00,463,16,1,True,True,True,1791083482
2026-10-04T03:11:36+00:00,475,20,3,True,True,True,1791083482
2026-10-04T03:11:36+00:00,439,12,12,True,True,True,1791083482
2026-10-04T03:11:36+00:00,600,9,0,True,True,True,1791083482
2026-10-04T03:11:36+00:00,440,4,11,True,True,True,1791083482
2026-10-04T03:11:36+00:00,612,3,15,True,True,True,1791083482
2026-10-04T03:11:36+00:00,491,15,3,True,True,True,1791083482
2026-10-04T03:11:36+00:00,493,23,5,True,True,True,1791083482
2026-10-04T03:11:36+00:00,410,5,20,True,True,True,1791083482
2026-10-04T03:11:36+00:00,605,4,14,True,True,True,1791083482
2026-10-04T03:11:36+00:00,388,15,1,True,True,True,1791083482
2026-10-04T03:11:36+00:00,591,21,2,True,True,True,1791083482
2026-10-04T03:11:36+00:00,592,3,15,True,True,True,1791083482
2026-10-04T03:11:36+00:00,585,0,0,True,True,True,1791083482
2026-10-04T03:11:36+00:00,565,0,18,True,True,True,1791083482
2026-10-04T03:11:36+00:00,571,15,3,True,True,True,1791083482
2026-10-04T03:11:36+00:00,568,5,10,True,True,True,1791083482
2026-10-04T03:11:36+00:00,588,5,14,True,True,True,1791083482
2026-10-04T03:11:36+00:00,584,1,33,True,True,True,1791083482
2026-10-04T03:11:36+00:00,569,11,18,True,True,True,1791083482
2026-10-04T03:11:36+00:00,577,9,20,True,True,True,1791083482
2026-10-04T03:11:36+00:00,564,0,29,True,True,True,1791083482
2026-10-04T03:11:36+00:00,570,3,12,True,True,True,1791083482
2026-10-04T03:11:36+00:00,572,8,31,True,True,True,1791083482
2026-10-04T03:11:36+00:00,586,11,14,True,True,True,1791083482
2026-10-04T03:11:36+00:00,576,10,7,True,True,True,1791083482
2026-10-04T03:11:36+00:00,566,24,0,True,True,True,1791083482
2026-10-04T03:11:36+00:00,602,6,12,True,True,True,1791083482
2026-10-04T03:11:36+00:00,575,6,23,True,True,True,1791083482
2026-10-04T03:11:36+00:00,567,20,18,True,True,True,1791083482
2026-10-04T03:11:36+00:00,582,12,12,True,True,True,1791083482
2026-10-04T03:11:36+00:00,595,23,0,True,True,True,1791083482
2026-10-04T03:11:36+00:00,542,12,6,True,True,True,1791083482
2026-10-04T03:11:36+00:00,563,7,9,True,True,True,1791083482
2026-10-04T03:11:36+00:00,558,6,9,True,True,True,1791083482
2026-10-04T03:11:36+00:00,552,6,12,True,True,True,1791083482
2026-10-04T03:11:36+00:00,555,1,12,True,True,True,1791083482
2026-10-04T03:11:36+00:00,573,4,20,True,True,True,1791083482
2026-10-04T03:11:36+00:00,561,7,15,True,True,True,1791083482
2026-10-04T03:11:36+00:00,615,5,16,True,True,True,1791083482
2026-10-04T03:11:36+00:00,543,1,18,True,True,True,1791083482
2026-10-04T03:11:36+00:00,554,0,19,True,True,True,1791083482
2026-10-04T03:11:36+00:00,574,11,0,True,True,True,1791083482
2026-10-04T03:11:36+00:00,560,1,7,True,True,True,1791083482
2026-10-04T03:11:36+00:00,548,3,14,True,True,True,1791083482
2026-10-04T03:11:36+00:00,559,5,12,True,True,True,1791083482
2026-10-04T03:11:36+00:00,545,24,15,True,True,True,1791083482
2026-10-04T03:11:36+00:00,550,3,6,True,True,True,1791083482
2026-10-04T03:11:36+00:00,541,7,3,True,True,True,1791083482
2026-10-04T03:11:36+00:00,527,9,1,True,True,True,1791083482
2026-10-04T03:11:36+00:00,529,7,14,True,True,True,1791083482
2026-10-04T03:11:36+00:00,526,12,2,True,True,True,1791083482
2026-10-04T03:11:36+00:00,537,15,4,True,True,True,1791083482
2026-10-04T03:11:36+00:00,547,20,7,True,True,True,1791083482
2026-10-04T03:11:36+00:00,601,4,14,True,True,True,1791083482
2026-10-04T03:11:36+00:00,533,2,10,True,True,True,1791083482
2026-10-04T03:11:36+00:00,535,0,25,True,True,True,1791083482
2026-10-04T03:11:36+00:00,524,5,15,True,True,True,1791083482
2026-10-04T03:11:36+00:00,519,7,15,True,True,True,1791083482
2026-10-04T03:11:36+00:00,534,8,31,True,True,True,1791083482
2026-10-04T03:11:36+00:00,521,5,8,True,True,True,1791083482
2026-10-04T03:11:36+00:00,518,1,17,True,True,True,1791083482
2026-10-04T03:11:36+00:00,556,0,18,True,True,True,1791083482
2026-10-04T03:11:36+00:00,525,1,13,True,True,True,1791083482
2026-10-04T03:11:36+00:00,517,2,15,True,True,True,1791083482
2026-10-04T03:11:36+00:00,523,8,22,True,True,True,1791083482
2026-10-04T03:11:36+00:00,522,6,3,True,True,True,1791083482
2026-10-04T03:11:36+00:00,594,3,15,True,True,True,1791083482
2026-10-04T03:11:36+00:00,532,5,15,True,True,True,1791083482
2026-10-04T03:11:36+00:00,509,8,3,True,True,True,1791083482
2026-10-04T03:11:36+00:00,531,9,9,True,True,True,1791083482
2026-10-04T03:11:36+00:00,536,0,9,True,True,True,1791083482
2026-10-04T03:11:36+00:00,562,18,21,True,True,True,1791083482
2026-10-04T03:11:36+00:00,511,8,15,True,True,True,1791083482
2026-10-04T03:11:36+00:00,505,1,20,True,True,True,1791083482
2026-10-04T03:11:36+00:00,501,1,17,True,True,True,1791083482
2026-10-04T03:11:36+00:00,514,5,7,True,True,True,1791083482
2026-10-04T03:11:36+00:00,500,7,10,True,True,True,1791083482
2026-10-04T03:11:36+00:00,503,6,22,True,True,True,1791083482
2026-10-04T03:11:36+00:00,513,3,12,True,True,True,1791083482
2026-10-04T03:11:36+00:00,498,0,12,True,True,True,1791083482
2026-10-04T03:11:36+00:00,507,16,2,True,True,True,1791083482
2026-10-04T03:11:36+00:00,512,3,24,True,True,True,1791083482
2026-10-04T03:11:36+00:00,619,21,21,True,True,True,1791083482
2026-10-04T03:11:36+00:00,474,32,10,True,True,True,1791083482
2026-10-04T03:11:36+00:00,580,10,35,True,True,True,1791083482
2026-10-04T03:11:36+00:00,496,21,22,True,True,True,1791083482
2026-10-04T03:11:36+00:00,482,1,16,True,True,True,1791083482
2026-10-04T03:11:36+00:00,407,2,11,True,True,True,1791083482
2026-10-04T03:11:36+00:00,409,4,21,True,True,True,1791083482
2026-10-04T03:11:36+00:00,451,3,17,True,True,True,1791083482
2026-10-04T03:11:36+00:00,402,9,10,True,True,True,1791083482
2026-10-04T03:11:36+00:00,516,3,11,True,True,True,1791083482
2026-10-04T03:11:36+00:00,625,6,34,True,True,True,1791083482
2026-10-04T03:11:36+00:00,429,4,17,True,True,True,1791083482
2026-10-04T03:11:36+00:00,380,10,14,True,True,True,1791083482
2026-10-04T03:11:36+00:00,583,6,12,True,True,True,1791083482
2026-10-04T03:11:36+00:00,398,6,11,True,True,True,1791083482
2026-10-04T03:11:36+00:00,381,13,2,True,True,True,1791083482
2026-10-04T03:11:36+00:00,464,15,28,True,True,True,1791083482
2026-10-04T03:11:36+00:00,442,16,0,True,True,True,1791083482
2026-10-04T03:11:36+00:00,483,10,10,True,True,True,1791083482
2026-10-04T03:11:36+00:00,458,2,12,True,True,True,1791083482
2026-10-04T03:11:36+00:00,499,4,11,True,True,True,1791083482
2026-10-04T03:11:36+00:00,472,11,8,True,True,True,1791083482
2026-10-04T03:11:36+00:00,506,4,20,True,True,True,1791083482
2026-10-04T03:11:36+00:00,465,7,21,True,True,True,1791083482
2026-10-04T03:11:36+00:00,611,16,21,True,True,True,1791083482
2026-10-04T03:11:36+00:00,404,12,14,True,True,True,1791083482
2026-10-04T03:11:36+00:00,579,0,17,True,True,True,1791083482
2026-10-04T03:11:36+00:00,589,3,23,True,True,True,1791083482
2026-10-04T03:11:36+00:00,434,6,14,True,True,True,1791083482
2026-10-04T03:11:36+00:00,462,3,12,True,True,True,1791083482
2026-10-04T03:11:36+00:00,578,3,19,True,True,True,1791083482
2026-10-04T03:11:36+00:00,415,1,11,True,True,True,1791083482
2026-10-04T03:11:36+00:00,423,20,0,True,True,True,1791083482
2026-10-04T03:11:36+00:00,412,6,1,True,True,True,1791083482
2026-10-04T03:11:36+00:00,387,10,4,True,True,True,1791083482
2026-10-04T03:11:36+00:00,441,0,15,True,True,True,1791083482
2026-10-04T03:11:36+00:00,454,2,20,True,True,True,1791083482
2026-10-04T03:11:36+00:00,436,0,12,True,True,True,1791083482
2026-10-04T03:11:36+00:00,394,2,16,True,True,True,1791083482
2026-10-04T03:11:36+00:00,497,14,13,True,True,True,1791083482
2026-10-04T03:11:36+00:00,581,6,17,True,True,True,1791083482
2026-10-04T03:11:36+00:00,461,1,17,True,True,True,1791083482
2026-10-04T03:11:36+00:00,599,24,21,True,True,True,1791083482
2026-10-04T03:11:36+00:00,428,6,17,True,True,True,1791083482
2026-10-04T03:11:36+00:00,400,3,21,True,True,True,1791083482
2026-10-04T03:11:36+00:00,487,0,21,True,True,True,1791083482
2026-10-04T03:11:36+00:00,438,23,16,True,True,True,1791083482
2026-10-04T03:11:36+00:00,459,2,10,True,True,True,1791083482
2026-10-04T03:11:36+00:00,433,2,15,True,True,True,1791083482
2026-10-04T03:11:36+00:00,399,5,25,True,True,True,1791083482
2026-10-04T03:11:36+00:00,489,18,9,True,True,True,1791083482
2026-10-04T03:11:36+00:00,742,17,10,True,True,True,1791083482
2026-10-04T03:11:36+00:00,551,24,7,True,True,True,1791083482
2026-10-04T03:11:36+00:00,406,10,1,True,True,True,1791083482
2026-10-04T03:11:36+00:00,488,5,17,True,True,True,1791083482
2026-10-04T03:11:36+00:00,540,18,16,True,True,True,1791083482
2026-10-04T03:11:36+00:00,431,3,17,True,True,True,1791083482
2026-10-04T03:11:36+00:00,393,10,10,True,True,True,1791083482
2026-10-04T03:11:36+00:00,420,17,0,True,True,True,1791083482
2026-10-04T03:11:36+00:00,397,1,27,True,True,True,1791083482
2026-10-04T03:11:36+00:00,390,17,12,True,True,True,1791083482
2026-10-04T03:11:36+00:00,449,11,13,True,True,True,1791083482
2026-10-04T03:11:36+00:00,430,9,33,True,True,True,1791083482
2026-10-04T03:11:36+00:00,484,10,24,True,True,True,1791083482
2026-10-04T03:11:36+00:00,479,8,22,True,True,True,1791083482
2026-10-04T03:11:36+00:00,403,2,12,True,True,True,1791083482
2026-10-04T03:11:36+00:00,435,2,28,True,True,True,1791083482
2026-10-04T03:11:36+00:00,426,10,10,True,True,True,1791083482
2026-10-04T03:11:36+00:00,450,8,6,True,True,True,1791083482
2026-10-04T03:11:36+00:00,456,13,20,True,True,True,1791083482
2026-10-04T03:11:36+00:00,468,15,0,True,True,True,1791083482
2026-10-04T03:11:36+00:00,453,22,11,True,True,True,1791083482
2026-10-04T03:11:36+00:00,466,2,13,True,True,True,1791083482
2026-10-04T03:11:36+00:00,469,2,28,True,True,True,1791083482
2026-10-04T03:11:36+00:00,416,1,14,True,True,True,1791083482
2026-10-04T03:11:36+00:00,391,1,12,True,True,True,1791083482
2026-10-04T03:11:36+00:00,389,1,14,True,True,True,1791083482
2026-10-04T03:11:36+00:00,470,1,13,True,True,True,1791083482
2026-10-04T03:11:36+00:00,384,15,0,True,True,True,1791083482
2026-10-04T03:11:36+00:00,425,1,6,True,True,True,1791083482
2026-10-04T03:11:36+00:00,411,3,8,True,True,True,1791083482
2026-10-04T03:11:36+00:00,598,13,20,True,True,True,1791083482
2026-10-04T03:11:36+00:00,444,16,2,True,True,True,1791083482
2026-10-04T03:11:36+00:00,447,11,19,True,True,True,1791083482
2026-10-04T03:11:36+00:00,408,2,11,True,True,True,1791083482
2026-10-04T03:11:36+00:00,737,22,1,True,True,True,1791083482
2026-10-04T03:11:36+00:00,432,1,10,True,True,True,1791083482
2026-10-04T03:11:36+00:00,401,5,0,True,True,True,1791083482
2026-10-04T03:11:36+00:00,452,3,25,True,True,True,1791083482
2026-10-04T03:11:36+00:00,392,7,0,True,True,True,1791083482
2026-10-04T03:11:36+00:00,481,8,34,True,True,True,1791083482
2026-10-04T03:11:36+00:00,495,15,26,True,True,True,1791083482
2026-10-04T03:11:36+00:00,478,2,11,True,True,True,1791083482
2026-10-04T03:11:36+00:00,414,2,9,True,True,True,1791083482
2026-10-04T03:11:36+00:00,476,14,4,True,True,True,1791083482
2026-10-04T03:11:36+00:00,445,7,11,True,True,True,1791083482
2026-10-04T03:11:36+00:00,748,10,17,True,True,True,1791083482
2026-10-04T03:11:36+00:00,473,2,5,True,True,True,1791083482
2026-10-04T03:11:36+00:00,383,0,25,True,True,True,1791083482
2026-10-04T03:11:36+00:00,480,20,4,True,True,True,1791083482
2026-10-04T03:11:36+00:00,421,14,6,True,True,True,1791083482
2026-10-04T03:11:36+00:00,746,8,3,True,True,True,1791083482
2026-10-04T03:11:36+00:00,417,1,11,True,True,True,1791083482
2026-10-04T03:11:36+00:00,427,2,12,True,True,True,1791083482
2026-10-04T03:11:36+00:00,395,5,9,True,True,True,1791083482
2026-10-04T03:11:36+00:00,418,7,20,True,True,True,1791083482
2026-10-04T03:11:36+00:00,413,2,10,True,True,True,1791083482
2026-10-04T03:11:36+00:00,486,8,14,True,True,True,1791083482
2026-10-04T03:11:36+00:00,597,13,2,True,True,True,1791083482
2026-10-04T03:11:36+00:00,422,1,10,True,True,True,1791083482
2026-10-04T03:11:36+00:00,382,1,7,True,True,True,1791083482
2026-10-04T03:11:36+00:00,396,11,10,True,True,True,1791083482
2026-10-04T03:11:36+00:00,735,13,0,True,True,True,1791083482
2026-10-04T03:11:36+00:00,437,9,15,True,True,True,1791083482
2026-10-04T03:11:36+00:00,446,5,17,True,True,True,1791083482
2026-10-04T03:11:36+00:00,424,0,6,True,True,True,1791083482
2026-10-04T03:11:36+00:00,455,12,0,True,True,True,1791083482
2026-10-04T03:11:36+00:00,457,0,10,True,True,True,1791083482
2026-10-04T03:11:36+00:00,377,5,24,True,True,True,1791083482
2026-10-04T03:11:36+00:00,738,11,1,True,True,True,1791083482
2026-10-04T03:11:36+00:00,460,10,19,True,True,True,1791083482
2026-10-04T03:11:36+00:00,744,5,4,True,True,True,1791083482
2026-10-04T03:11:36+00:00,485,5,14,True,True,True,1791083482
2026-10-04T03:26:36+00:00,6026,15,18,True,True,True,1791084382
2026-10-04T03:26:36+00:00,5431,2,19,True,True,True,1791084382
2026-10-04T03:26:36+00:00,5424,3,15,True,True,True,1791084382
2026-10-04T03:26:36+00:00,5220,0,20,True,True,True,1791084382
2026-10-04T03:26:36+00:00,5217,6,23,True,True,True,1791084382
2026-10-04T03:26:36+00:00,5113,12,3,True,True,True,1791084382
2026-10-04T03:26:36+00:00,4683,0,20,True,True,True,1791084382
2026-10-04T03:26:36+00:00,4552,7,11,True,True,True,1791084382
2026-10-04T03:26:36+00:00,3725,1,17,True,True,True,1791084382
2026-10-04T03:26:36+00:00,2358,3,9,True,True,True,1791084382
2026-10-04T03:26:36+00:00,2357,5,16,True,True,True,1791084382
2026-10-04T03:26:36+00:00,2355,0,12,True,True,True,1791084382
2026-10-04T03:26:36+00:00,2351,6,11,True,True,True,1791084382
2026-10-04T03:26:36+00:00,2350,15,8,True,True,True,1791084382
2026-10-04T03:26:36+00:00,2349,2,19,True,True,True,1791084382
2026-10-04T03:26:36+00:00,2347,10,20,True,True,True,1791084382
2026-10-04T03:26:36+00:00,2340,14,10,True,True,True,1791084382
2026-10-04T03:26:36+00:00,2339,14,14,True,True,True,1791084382
2026-10-04T03:26:36+00:00,2337,12,2,True,True,True,1791084382
2026-10-04T03:26:36+00:00,2334,1,10,True,True,True,1791084382
2026-10-04T03:26:36+00:00,2333,11,4,True,True,True,1791084382
2026-10-04T03:26:36+00:00,2332,1,8,True,True,True,1791084382
2026-10-04T03:26:36+00:00,2330,12,1,True,True,True,1791084382
2026-10-04T03:26:36+00:00,2329,13,1,True,True,True,1791084382
2026-10-04T03:26:36+00:00,2328,4,15,True,True,True,1791084382
2026-10-04T03:26:36+00:00,2315,10,8,True,True,True,1791084382
2026-10-04T03:26:36+00:00,2308,2,6,True,True,True,1791084382
2026-10-04T03:26:36+00:00,2307,7,22,True,True,True,1791084382
2026-10-04T03:26:36+00:00,2306,0,18,True,True,True,1791084382
2026-10-04T03:26:36+00:00,2305,10,4,True,True,True,1791084382
2026-10-04T03:26:36+00:00,2304,4,12,True,True,True,1791084382
2026-10-04T03:26:36+00:00,2280,6,6,True,True,True,1791084382
2026-10-04T03:26:36+00:00,2270,1,18,True,True,True,1791084382
2026-10-04T03:26:36+00:00,1919,2,4,True,True,True,1791084382
2026-10-04T03:26:36+00:00,1755,1,30,True,True,True,1791084382
2026-10-04T03:26:36+00:00,1101,5,18,True,True,True,1791084382
2026-10-04T03:26:36+00:00,1023,11,2,True,True,True,1791084382
2026-10-04T03:26:36+00:00,1009,2,8,True,True,True,1791084382
2026-10-04T03:26:36+00:00,970,4,20,True,True,True,1791084382
2026-10-04T03:26:36+00:00,787,12,0,True,True,True,1791084382
2026-10-04T03:26:36+00:00,627,3,27,True,True,True,1791084382
2026-10-04T03:26:36+00:00,623,16,3,True,True,True,1791084382
2026-10-04T03:26:36+00:00,624,6,13,True,True,True,1791084382
2026-10-04T03:26:36+00:00,626,2,20,True,True,True,1791084382
2026-10-04T03:26:36+00:00,614,5,17,True,True,True,1791084382
2026-10-04T03:26:36+00:00,616,15,0,True,True,True,1791084382
2026-10-04T03:26:36+00:00,618,7,35,True,True,True,1791084382
2026-10-04T03:26:36+00:00,621,7,19,True,True,True,1791084382
2026-10-04T03:26:36+00:00,622,1,27,True,True,True,1791084382
2026-10-04T03:26:36+00:00,613,1,15,True,True,True,1791084382
2026-10-04T03:26:36+00:00,620,23,16,True,True,True,1791084382
2026-10-04T03:26:36+00:00,596,2,15,True,True,True,1791084382
2026-10-04T03:26:36+00:00,617,7,12,True,True,True,1791084382
2026-10-04T03:26:36+00:00,609,9,18,True,True,True,1791084382
2026-10-04T03:26:36+00:00,607,7,22,True,True,True,1791084382
2026-10-04T03:26:36+00:00,603,11,6,True,True,True,1791084382
2026-10-04T03:26:36+00:00,590,8,29,True,True,True,1791084382
2026-10-04T03:26:36+00:00,610,2,17,True,True,True,1791084382
2026-10-04T03:26:36+00:00,608,3,15,True,True,True,1791084382
2026-10-04T03:26:36+00:00,593,15,14,True,True,True,1791084382
2026-10-04T03:26:36+00:00,530,6,3,True,True,True,1791084382
2026-10-04T03:26:36+00:00,463,16,1,True,True,True,1791084382
2026-10-04T03:26:36+00:00,475,20,3,True,True,True,1791084382
2026-10-04T03:26:36+00:00,439,12,12,True,True,True,1791084382
2026-10-04T03:26:36+00:00,600,9,0,True,True,True,1791084382
2026-10-04T03:26:36+00:00,440,4,11,True,True,True,1791084382
2026-10-04T03:26:36+00:00,612,3,15,True,True,True,1791084382
2026-10-04T03:26:36+00:00,491,15,3,True,True,True,1791084382
2026-10-04T03:26:36+00:00,493,23,5,True,True,True,1791084382
2026-10-04T03:26:36+00:00,410,5,20,True,True,True,1791084382
2026-10-04T03:26:36+00:00,605,4,14,True,True,True,1791084382
2026-10-04T03:26:36+00:00,388,15,1,True,True,True,1791084382
2026-10-04T03:26:36+00:00,591,21,2,True,True,True,1791084382
2026-10-04T03:26:36+00:00,592,3,15,True,True,True,1791084382
2026-10-04T03:26:36+00:00,585,0,0,True,True,True,1791084382
2026-10-04T03:26:36+00:00,565,0,18,True,True,True,1791084382
2026-10-04T03:26:36+00:00,571,15,3,True,True,True,1791084382
2026-10-04T03:26:36+00:00,568,5,10,True,True,True,1791084382
2026-10-04T03:26:36+00:00,588,5,14,True,True,True,1791084382
2026-10-04T03:26:36+00:00,584,1,33,True,True,True,1791084382
2026-10-04T03:26:36+00:00,569,11,18,True,True,True,1791084382
2026-10-04T03:26:36+00:00,577,9,20,True,True,True,1791084382
2026-10-04T03:26:36+00:00,564,0,29,True,True,True,1791084382
2026-10-04T03:26:36+00:00,570,3,12,True,True,True,1791084382
2026-10-04T03:26:36+00:00,572,8,31,True,True,True,1791084382
2026-10-04T03:26:36+00:00,586,11,14,True,True,True,1791084382
2026-10-04T03:26:36+00:00,576,10,7,True,True,True,1791084382
2026-10-04T03:26:36+00:00,566,24,0,True,True,True,1791084382
2026-10-04T03:26:36+00:00,602,6,12,True,True,True,1791084382
2026-10-04T03:26:36+00:00,575,6,23,True,True,True,1791084382
2026-10-04T03:26:36+00:00,567,20,18,True,True,True,1791084382
2026-10-04T03:26:36+00:00,582,12,12,True,True,True,1791084382
2026-10-04T03:26:36+00:00,595,23,0,True,True,True,1791084382
2026-10-04T03:26:36+00:00,542,12,6,True,True,True,1791084382
2026-10-04T03:26:36+00:00,563,7,9,True,True,True,1791084382
2026-10-04T03:26:36+00:00,558,6,9,True,True,True,1791084382
2026-10-04T03:26:36+00:00,552,6,12,True,True,True,1791084382
2026-10-04T03:26:36+00:00,555,1,12,True,True,True,1791084382
2026-10-04T03:26:36+00:00,573,4,20,True,True,True,1791084382
2026-10-04T03:26:36+00:00,561,7,15,True,True,True,1791084382
2026-10-04T03:26:36+00:00,615,5,16,True,True,True,1791084382
2026-10-04T03:26:36+00:00,543,1,18,True,True,True,1791084382
2026-10-04T03:26:36+00:00,554,0,19,True,True,True,1791084382
2026-10-04T03:26:36+00:00,574,11,0,True,True,True,1791084382
2026-10-04T03:26:36+00:00,560,1,7,True,True,True,1791084382
2026-10-04T03:26:36+00:00,548,3,14,True,True,True,1791084382
2026-10-04T03:26:36+00:00,559,5,12,True,True,True,1791084382
2026-10-04T03:26:36+00:00,545,24,15,True,True,True,1791084382
2026-10-04T03:26:36+00:00,550,3,6,True,True,True,1791084382
2026-10-04T03:26:36+00:00,541,7,3,True,True,True,1791084382
2026-10-04T03:26:36+00:00,527,9,1,True,True,True,1791084382
2026-10-04T03:26:36+00:00,529,7,14,True,True,True,1791084382
2026-10-04T03:26:36+00:00,526,12,2,True,True,True,1791084382
2026-10-04T03:26:36+00:00,537,15,4,True,True,True,1791084382
2026-10-04T03:26:36+00:00,547,20,7,True,True,True,1791084382
2026-10-04T03:26:36+00:00,601,4,14,True,True,True,1791084382
2026-10-04T03:26:36+00:00,533,2,10,True,True,True,1791084382
2026-10-04T03:26:36+00:00,535,0,25,True,True,True,1791084382
2026-10-04T03:26:36+00:00,524,5,15,True,True,True,1791084382
2026-10-04T03:26:36+00:00,519,7,15,True,True,True,1791084382
2026-10-04T03:26:36+00:00,534,8,31,True,True,True,1791084382
2026-10-04T03:26:36+00:00,521,5,8,True,True,True,1791084382
2026-10-04T03:26:36+00:00,518,1,17,True,True,True,1791084382
2026-10-04T03:26:36+00:00,556,0,18,True,True,True,1791084382
2026-10-04T03:26:36+00:00,525,1,13,True,True,True,1791084382
2026-10-04T03:26:36+00:00,517,2,15,True,True,True,1791084382
2026-10-04T03:26:36+00:00,523,8,22,True,True,True,1791084382
2026-10-04T03:26:36+00:00,522,6,3,True,True,True,1791084382
2026-10-04T03:26:36+00:00,594,3,15,True,True,True,1791084382
2026-10-04T03:26:36+00:00,532,5,15,True,True,True,1791084382
2026-10-04T03:26:36+00:00,509,8,3,True,True,True,1791084382
2026-10-04T03:26:36+00:00,531,9,9,True,True,True,1791084382
2026-10-04T03:26:36+00:00,536,0,9,True,True,True,1791084382
2026-10-04T03:26:36+00:00,562,18,21,True,True,True,1791084382
2026-10-04T03:26:36+00:00,511,8,15,True,True,True,1791084382
2026-10-04T03:26:36+00:00,505,1,20,True,True,True,1791084382
2026-10-04T03:26:36+00:00,501,1,17,True,True,True,1791084382
2026-10-04T03:26:36+00:00,514,5,7,True,True,True,1791084382
2026-10-04T03:26:36+00:00,500,7,10,True,True,True,1791084382
2026-10-04T03:26:36+00:00,503,6,22,True,True,True,1791084382
2026-10-04T03:26:36+00:00,513,3,12,True,True,True,1791084382
2026-10-04T03:26:36+00:00,498,0,12,True,True,True,1791084382
2026-10-04T03:26:36+00:00,507,16,2,True,True,True,1791084382
2026-10-04T03:26:36+00:00,512,3,24,True,True,True,1791084382
2026-10-04T03:26:36+00:00,619,21,21,True,True,True,1791084382
2026-10-04T03:26:36+00:00,474,32,10,True,True,True,1791084382
2026-10-04T03:26:36+00:00,580,10,35,True,True,True,1791084382
2026-10-04T03:26:36+00:00,496,21,22,True,True,True,1791084382
2026-10-04T03:26:36+00:00,482,1,16,True,True,True,1791084382
2026-10-04T03:26:36+00:00,407,2,11,True,True,True,1791084382
2026-10-04T03:26:36+00:00,409,4,21,True,True,True,1791084382
2026-10-04T03:26:36+00:00,451,3,17,True,True,True,1791084382
2026-10-04T03:26:36+00:00,402,9,10,True,True,True,1791084382
2026-10-04T03:26:36+00:00,516,3,11,True,True,True,1791084382
2026-10-04T03:26:36+00:00,625,6,34,True,True,True,1791084382
2026-10-04T03:26:36+00:00,429,4,17,True,True,True,1791084382
2026-10-04T03:26:36+00:00,380,10,14,True,True,True,1791084382
2026-10-04T03:26:36+00:00,583,6,12,True,True,True,1791084382
2026-10-04T03:26:36+00:00,398,6,11,True,True,True,1791084382
2026-10-04T03:26:36+00:00,381,13,2,True,True,True,1791084382
2026-10-04T03:26:36+00:00,464,15,28,True,True,True,1791084382
2026-10-04T03:26:36+00:00,442,16,0,True,True,True,1791084382
2026-10-04T03:26:36+00:00,483,10,10,True,True,True,1791084382
2026-10-04T03:26:36+00:00,458,2,12,True,True,True,1791084382
2026-10-04T03:26:36+00:00,499,4,11,True,True,True,1791084382
2026-10-04T03:26:36+00:00,472,11,8,True,True,True,1791084382
2026-10-04T03:26:36+00:00,506,4,20,True,True,True,1791084382
2026-10-04T03:26:36+00:00,465,7,21,True,True,True,1791084382
2026-10-04T03:26:36+00:00,611,16,21,True,True,True,1791084382
2026-10-04T03:26:36+00:00,404,12,14,True,True,True,1791084382
2026-10-04T03:26:36+00:00,579,0,17,True,True,True,1791084382
2026-10-04T03:26:36+00:00,589,3,23,True,True,True,1791084382
2026-10-04T03:26:36+00:00,434,6,14,True,True,True,1791084382
2026-10-04T03:26:36+00:00,462,3,12,True,True,True,1791084382
2026-10-04T03:26:36+00:00,578,3,19,True,True,True,1791084382
2026-10-04T03:26:36+00:00,415,1,11,True,True,True,1791084382
2026-10-04T03:26:36+00:00,423,20,0,True,True,True,1791084382
2026-10-04T03:26:36+00:00,412,6,1,True,True,True,1791084382
2026-10-04T03:26:36+00:00,387,10,4,True,True,True,1791084382
2026-10-04T03:26:36+00:00,441,0,15,True,True,True,1791084382
2026-10-04T03:26:36+00:00,454,2,20,True,True,True,1791084382
2026-10-04T03:26:36+00:00,436,0,12,True,True,True,1791084382
2026-10-04T03:26:36+00:00,394,2,16,True,True,True,1791084382
2026-10-04T03:26:36+00:00,497,14,13,True,True,True,1791084382
2026-10-04T03:26:36+00:00,581,6,17,True,True,True,1791084382
2026-10-04T03:26:36+00:00,461,1,17,True,True,True,1791084382
2026-10-04T03:26:36+00:00,599,24,21,True,True,True,1791084382
2026-10-04T03:26:36+00:00,428,6,17,True,True,True,1791084382
2026-10-04T03:26:36+00:00,400,3,21,True,True,True,1791084382
2026-10-04T03:26:36+00:00,487,0,21,True,True,True,1791084382
2026-10-04T03:26:36+00:00,438,23,16,True,True,True,1791084382
2026-10-04T03:26:36+00:00,459,2,10,True,True,True,1791084382
2026-10-04T03:26:36+00:00,433,2,15,True,True,True,1791084382
2026-10-04T03:26:36+00:00,399,5,25,True,True,True,1791084382
2026-10-04T03:26:36+00:00,489,18,9,True,True,True,1791084382
2026-10-04T03:26:36+00:00,742,17,10,True,True,True,1791084382
2026-10-04T03:26:36+00:00,551,24,7,True,True,True,1791084382
2026-10-04T03:26:36+00:00,406,10,1,True,True,True,1791084382
2026-10-04T03:26:36+00:00,488,5,17,True,True,True,1791084382
2026-10-04T03:26:36+00:00,540,18,16,True,True,True,1791084382
2026-10-04T03:26:36+00:00,431,3,17,True,True,True,1791084382
2026-10-04T03:26:36+00:00,393,10,10,True,True,True,1791084382
2026-10-04T03:26:36+00:00,420,17,0,True,True,True,1791084382
2026-10-04T03:26:36+00:00,397,1,27,True,True,True,1791084382
2026-10-04T03:26:36+00:00,390,17,12,True,True,True,1791084382
2026-10-04T03:26:36+00:00,449,11,13,True,True,True,1791084382
2026-10-04T03:26:36+00:00,430,9,33,True,True,True,1791084382
2026-10-04T03:26:36+00:00,484,10,24,True,True,True,1791084382
2026-10-04T03:26:36+00:00,479,8,22,True,True,True,1791084382
2026-10-04T03:26:36+00:00,403,2,12,True,True,True,1791084382
2026-10-04T03:26:36+00:00,435,2,28,True,True,True,1791084382
2026-10-04T03:26:36+00:00,426,8,11,True,True,True,1791084382
2026-10-04T03:26:36+00:00,450,8,6,True,True,True,1791084382
2026-10-04T03:26:36+00:00,456,13,20,True,True,True,1791084382
2026-10-04T03:26:36+00:00,468,15,0,True,True,True,1791084382
2026-10-04T03:26:36+00:00,453,22,11,True,True,True,1791084382
2026-10-04T03:26:36+00:00,466,2,13,True,True,True,1791084382
2026-10-04T03:26:36+00:00,469,2,28,True,True,True,1791084382
2026-10-04T03:26:36+00:00,416,1,14,True,True,True,1791084382
2026-10-04T03:26:36+00:00,391,1,12,True,True,True,1791084382
2026-10-04T03:26:36+00:00,389,1,14,True,True,True,1791084382
2026-10-04T03:26:36+00:00,470,1,13,True,True,True,1791084382
2026-10-04T03:26:36+00:00,384,15,0,True,True,True,1791084382
2026-10-04T03:26:36+00:00,425,1,6,True,True,True,1791084382
2026-10-04T03:26:36+00:00,411,3,8,True,True,True,1791084382
2026-10-04T03:26:36+00:00,598,13,20,True,True,True,1791084382
2026-10-04T03:26:36+00:00,444,16,2,True,True,True,1791084382
2026-10-04T03:26:36+00:00,447,11,19,True,True,True,1791084382
2026-10-04T03:26:36+00:00,408,2,11,True,True,True,1791084382
2026-10-04T03:26:36+00:00,737,22,1,True,True,True,1791084382
2026-10-04T03:26:36+00:00,432,1,10,True,True,True,1791084382
2026-10-04T03:26:36+00:00,401,5,0,True,True,True,1791084382
2026-10-04T03:26:36+00:00,452,3,25,True,True,True,1791084382
2026-10-04T03:26:36+00:00,392,7,0,True,True,True,1791084382
2026-10-04T03:26:36+00:00,481,8,34,True,True,True,1791084382
2026-10-04T03:26:36+00:00,495,15,26,True,True,True,1791084382
2026-10-04T03:26:36+00:00,478,2,11,True,True,True,1791084382
2026-10-04T03:26:36+00:00,414,2,9,True,True,True,1791084382
2026-10-04T03:26:36+00:00,476,14,4,True,True,True,1791084382
2026-10-04T03:26:36+00:00,445,7,11,True,True,True,1791084382
2026-10-04T03:26:36+00:00,748,10,17,True,True,True,1791084382
2026-10-04T03:26:36+00:00,473,2,5,True,True,True,1791084382
2026-10-04T03:26:36+00:00,383,0,25,True,True,True,1791084382
2026-10-04T03:26:36+00:00,480,20,4,True,True,True,1791084382
2026-10-04T03:26:36+00:00,421,14,6,True,True,True,1791084382
2026-10-04T03:26:36+00:00,746,8,3,True,True,True,1791084382
2026-10-04T03:26:36+00:00,417,1,11,True,True,True,1791084382
2026-10-04T03:26:36+00:00,427,2,12,True,True,True,1791084382
2026-10-04T03:26:36+00:00,395,5,9,True,True,True,1791084382
2026-10-04T03:26:36+00:00,418,7,20,True,True,True,1791084382
2026-10-04T03:26:36+00:00,413,2,10,True,True,True,1791084382
2026-10-04T03:26:36+00:00,486,8,14,True,True,True,1791084382
2026-10-04T03:26:36+00:00,597,13,2,True,True,True,1791084382
2026-10-04T03:26:36+00:00,422,1,10,True,True,True,1791084382
2026-10-04T03:26:36+00:00,382,1,7,True,True,True,1791084382
2026-10-04T03:26:36+00:00,396,11,10,True,True,True,1791084382
2026-10-04T03:26:36+00:00,735,13,0,True,True,True,1791084382
2026-10-04T03:26:36+00:00,437,9,15,True,True,True,1791084382
2026-10-04T03:26:36+00:00,446,5,17,True,True,True,1791084382
2026-10-04T03:26:36+00:00,424,0,6,True,True,True,1791084382
2026-10-04T03:26:36+00:00,455,12,0,True,True,True,1791084382
2026-10-04T03:26:36+00:00,457,0,10,True,True,True,1791084382
2026-10-04T03:26:36+00:00,377,5,24,True,True,True,1791084382
2026-10-04T03:26:36+00:00,738,11,1,True,True,True,1791084382
2026-10-04T03:26:36+00:00,460,10,19,True,True,True,1791084382
2026-10-04T03:26:36+00:00,744,5,4,True,True,True,1791084382
2026-10-04T03:26:36+00:00,485,5,14,True,True,True,1791084382
2026-10-04T09:16:56+00:00,6026,26,7,True,True,True,1791105404
2026-10-04T09:16:56+00:00,5431,2,19,True,True,True,1791105404
2026-10-04T09:16:56+00:00,5424,2,16,True,True,True,1791105404
2026-10-04T09:16:56+00:00,5220,0,19,True,True,True,1791105404
2026-10-04T09:16:56+00:00,5217,6,23,True,True,True,1791105404
2026-10-04T09:16:56+00:00,5113,11,4,True,True,True,1791105404
2026-10-04T09:16:56+00:00,4683,0,20,True,True,True,1791105404
2026-10-04T09:16:56+00:00,4552,4,14,True,True,True,1791105404
2026-10-04T09:16:56+00:00,3725,1,17,True,True,True,1791105404
2026-10-04T09:16:56+00:00,2358,3,9,True,True,True,1791105404
2026-10-04T09:16:56+00:00,2357,6,15,True,True,True,1791105404
2026-10-04T09:16:56+00:00,2355,0,12,True,True,True,1791105404
2026-10-04T09:16:56+00:00,2351,6,11,True,True,True,1791105404
2026-10-04T09:16:56+00:00,2350,16,7,True,True,True,1791105404
2026-10-04T09:16:56+00:00,2349,2,19,True,True,True,1791105404
2026-10-04T09:16:56+00:00,2347,6,24,True,True,True,1791105404
2026-10-04T09:16:56+00:00,2340,13,11,True,True,True,1791105404
2026-10-04T09:16:56+00:00,2339,17,11,True,True,True,1791105404
2026-10-04T09:16:56+00:00,2337,13,1,True,True,True,1791105404
2026-10-04T09:16:56+00:00,2334,1,10,True,True,True,1791105404
2026-10-04T09:16:56+00:00,2333,15,0,True,True,True,1791105404
2026-10-04T09:16:56+00:00,2332,1,8,True,True,True,1791105404
2026-10-04T09:16:56+00:00,2330,13,0,True,True,True,1791105404
2026-10-04T09:16:56+00:00,2329,14,0,True,True,True,1791105404
2026-10-04T09:16:56+00:00,2328,10,9,True,True,True,1791105404
2026-10-04T09:16:56+00:00,2315,10,8,True,True,True,1791105404
2026-10-04T09:16:56+00:00,2308,2,6,True,True,True,1791105404
2026-10-04T09:16:56+00:00,2307,7,22,True,True,True,1791105404
2026-10-04T09:16:56+00:00,2306,0,18,True,True,True,1791105404
2026-10-04T09:16:56+00:00,2305,7,7,True,True,True,1791105404
2026-10-04T09:16:56+00:00,2304,4,12,True,True,True,1791105404
2026-10-04T09:16:56+00:00,2280,6,6,True,True,True,1791105404
2026-10-04T09:16:56+00:00,2270,1,18,True,True,True,1791105404
2026-10-04T09:16:56+00:00,1919,1,5,True,True,True,1791105404
2026-10-04T09:16:56+00:00,1755,7,24,True,True,True,1791105404
2026-10-04T09:16:56+00:00,1101,5,18,True,True,True,1791105404
2026-10-04T09:16:56+00:00,1023,12,0,True,True,True,1791105404
2026-10-04T09:16:56+00:00,1009,2,8,True,True,True,1791105404
2026-10-04T09:16:56+00:00,970,4,20,True,True,True,1791105404
2026-10-04T09:16:56+00:00,787,12,0,True,True,True,1791105404
2026-10-04T09:16:56+00:00,627,3,27,True,True,True,1791105404
2026-10-04T09:16:56+00:00,623,18,1,True,True,True,1791105404
2026-10-04T09:16:56+00:00,624,2,17,True,True,True,1791105404
2026-10-04T09:16:56+00:00,626,4,18,True,True,True,1791105404
2026-10-04T09:16:56+00:00,614,4,18,True,True,True,1791105404
2026-10-04T09:16:56+00:00,616,15,0,True,True,True,1791105404
2026-10-04T09:16:56+00:00,618,7,35,True,True,True,1791105404
2026-10-04T09:16:56+00:00,621,6,20,True,True,True,1791105404
2026-10-04T09:16:56+00:00,622,0,28,True,True,True,1791105404
2026-10-04T09:16:56+00:00,613,1,15,True,True,True,1791105404
2026-10-04T09:16:56+00:00,620,24,15,True,True,True,1791105404
2026-10-04T09:16:56+00:00,596,1,16,True,True,True,1791105404
2026-10-04T09:16:56+00:00,617,9,10,True,True,True,1791105404
2026-10-04T09:16:56+00:00,609,7,20,True,True,True,1791105404
2026-10-04T09:16:56+00:00,607,5,24,True,True,True,1791105404
2026-10-04T09:16:56+00:00,603,11,6,True,True,True,1791105404
2026-10-04T09:16:56+00:00,590,5,32,True,True,True,1791105404
2026-10-04T09:16:56+00:00,610,2,17,True,True,True,1791105404
2026-10-04T09:16:56+00:00,608,2,16,True,True,True,1791105404
2026-10-04T09:16:56+00:00,593,12,17,True,True,True,1791105404
2026-10-04T09:16:56+00:00,530,6,3,True,True,True,1791105404
2026-10-04T09:16:56+00:00,463,15,2,True,True,True,1791105404
2026-10-04T09:16:56+00:00,475,20,3,True,True,True,1791105404
2026-10-04T09:16:56+00:00,439,12,12,True,True,True,1791105404
2026-10-04T09:16:56+00:00,600,9,0,True,True,True,1791105404
2026-10-04T09:16:56+00:00,440,5,10,True,True,True,1791105404
2026-10-04T09:16:56+00:00,612,2,16,True,True,True,1791105404
2026-10-04T09:16:56+00:00,491,15,3,True,True,True,1791105404
2026-10-04T09:16:56+00:00,493,20,7,True,True,True,1791105404
2026-10-04T09:16:56+00:00,410,6,19,True,True,True,1791105404
2026-10-04T09:16:56+00:00,605,5,13,True,True,True,1791105404
2026-10-04T09:16:56+00:00,388,15,1,True,True,True,1791105404
2026-10-04T09:16:56+00:00,591,21,2,True,True,True,1791105404
2026-10-04T09:16:56+00:00,592,2,16,True,True,True,1791105404
2026-10-04T09:16:56+00:00,585,0,0,True,True,True,1791105404
2026-10-04T09:16:56+00:00,565,0,18,True,True,True,1791105404
2026-10-04T09:16:56+00:00,571,15,3,True,True,True,1791105404
2026-10-04T09:16:56+00:00,568,3,12,True,True,True,1791105404
2026-10-04T09:16:56+00:00,588,5,14,True,True,True,1791105404
2026-10-04T09:16:56+00:00,584,2,32,True,True,True,1791105404
2026-10-04T09:16:56+00:00,569,10,19,True,True,True,1791105404
2026-10-04T09:16:56+00:00,577,7,22,True,True,True,1791105404
2026-10-04T09:16:56+00:00,564,1,28,True,True,True,1791105404
2026-10-04T09:16:56+00:00,570,1,14,True,True,True,1791105404
2026-10-04T09:16:56+00:00,572,10,29,True,True,True,1791105404
2026-10-04T09:16:56+00:00,586,11,14,True,True,True,1791105404
2026-10-04T09:16:56+00:00,576,11,6,True,True,True,1791105404
2026-10-04T09:16:56+00:00,566,24,0,True,True,True,1791105404
2026-10-04T09:16:56+00:00,602,6,12,True,True,True,1791105404
2026-10-04T09:16:56+00:00,575,6,23,True,True,True,1791105404
2026-10-04T09:16:56+00:00,567,21,17,True,True,True,1791105404
2026-10-04T09:16:56+00:00,582,10,14,True,True,True,1791105404
2026-10-04T09:16:56+00:00,595,20,3,True,True,True,1791105404
2026-10-04T09:16:56+00:00,542,10,8,True,True,True,1791105404
2026-10-04T09:16:56+00:00,563,6,10,True,True,True,1791105404
2026-10-04T09:16:56+00:00,558,6,9,True,True,True,1791105404
2026-10-04T09:16:56+00:00,552,8,10,True,True,True,1791105404
2026-10-04T09:16:56+00:00,555,0,13,True,True,True,1791105404
2026-10-04T09:16:56+00:00,573,4,20,True,True,True,1791105404
2026-10-04T09:16:56+00:00,561,7,15,True,True,True,1791105404
2026-10-04T09:16:56+00:00,615,7,14,True,True,True,1791105404
2026-10-04T09:16:56+00:00,543,1,18,True,True,True,1791105404
2026-10-04T09:16:56+00:00,554,1,18,True,True,True,1791105404
2026-10-04T09:16:56+00:00,574,11,0,True,True,True,1791105404
2026-10-04T09:16:56+00:00,560,1,7,True,True,True,1791105404
2026-10-04T09:16:56+00:00,548,2,15,True,True,True,1791105404
2026-10-04T09:16:56+00:00,559,4,13,True,True,True,1791105404
2026-10-04T09:16:56+00:00,545,24,15,True,True,True,1791105404
2026-10-04T09:16:56+00:00,550,2,7,True,True,True,1791105404
2026-10-04T09:16:56+00:00,541,7,3,True,True,True,1791105404
2026-10-04T09:16:56+00:00,527,10,0,True,True,True,1791105404
2026-10-04T09:16:56+00:00,529,8,13,True,True,True,1791105404
2026-10-04T09:16:56+00:00,526,9,5,True,True,True,1791105404
2026-10-04T09:16:56+00:00,537,15,4,True,True,True,1791105404
2026-10-04T09:16:56+00:00,547,19,8,True,True,True,1791105404
2026-10-04T09:16:56+00:00,601,3,15,True,True,True,1791105404
2026-10-04T09:16:56+00:00,533,2,10,True,True,True,1791105404
2026-10-04T09:16:56+00:00,535,0,25,True,True,True,1791105404
2026-10-04T09:16:56+00:00,524,5,15,True,True,True,1791105404
2026-10-04T09:16:56+00:00,519,7,15,True,True,True,1791105404
2026-10-04T09:16:56+00:00,534,10,29,True,True,True,1791105404
2026-10-04T09:16:56+00:00,521,3,10,True,True,True,1791105404
2026-10-04T09:16:56+00:00,518,0,18,True,True,True,1791105404
2026-10-04T09:16:56+00:00,556,0,18,True,True,True,1791105404
2026-10-04T09:16:56+00:00,525,3,11,True,True,True,1791105404
2026-10-04T09:16:56+00:00,517,2,15,True,True,True,1791105404
2026-10-04T09:16:56+00:00,523,10,20,True,True,True,1791105404
2026-10-04T09:16:56+00:00,522,5,4,True,True,True,1791105404
2026-10-04T09:16:56+00:00,594,5,12,True,True,True,1791105404
2026-10-04T09:16:56+00:00,532,5,15,True,True,True,1791105404
2026-10-04T09:16:56+00:00,509,8,3,True,True,True,1791105404
2026-10-04T09:16:56+00:00,531,7,10,True,True,True,1791105404
2026-10-04T09:16:56+00:00,536,0,9,True,True,True,1791105404
2026-10-04T09:16:56+00:00,562,18,21,True,True,True,1791105404
2026-10-04T09:16:56+00:00,511,5,18,True,True,True,1791105404
2026-10-04T09:16:56+00:00,505,0,21,True,True,True,1791105404
2026-10-04T09:16:56+00:00,501,0,18,True,True,True,1791105404
2026-10-04T09:16:56+00:00,514,2,10,True,True,True,1791105404
2026-10-04T09:16:56+00:00,500,8,9,True,True,True,1791105404
2026-10-04T09:16:56+00:00,503,6,22,True,True,True,1791105404
2026-10-04T09:16:56+00:00,513,3,12,True,True,True,1791105404
2026-10-04T09:16:56+00:00,498,0,12,True,True,True,1791105404
2026-10-04T09:16:56+00:00,507,14,4,True,True,True,1791105404
2026-10-04T09:16:56+00:00,512,3,24,True,True,True,1791105404
2026-10-04T09:16:56+00:00,619,21,21,True,True,True,1791105404
2026-10-04T09:16:56+00:00,474,30,12,True,True,True,1791105404
2026-10-04T09:16:56+00:00,580,13,32,True,True,True,1791105404
2026-10-04T09:16:56+00:00,496,21,22,True,True,True,1791105404
2026-10-04T09:16:56+00:00,482,1,16,True,True,True,1791105404
2026-10-04T09:16:56+00:00,407,0,13,True,True,True,1791105404
2026-10-04T09:16:56+00:00,409,4,21,True,True,True,1791105404
2026-10-04T09:16:56+00:00,451,2,18,True,True,True,1791105404
2026-10-04T09:16:56+00:00,402,7,11,True,True,True,1791105404
2026-10-04T09:16:56+00:00,516,2,12,True,True,True,1791105404
2026-10-04T09:16:56+00:00,625,8,32,True,True,True,1791105404
2026-10-04T09:16:56+00:00,429,5,16,True,True,True,1791105404
2026-10-04T09:16:56+00:00,380,3,20,True,True,True,1791105404
2026-10-04T09:16:56+00:00,583,5,13,True,True,True,1791105404
2026-10-04T09:16:56+00:00,398,7,10,True,True,True,1791105404
2026-10-04T09:16:56+00:00,381,14,1,True,True,True,1791105404
2026-10-04T09:16:56+00:00,464,18,25,True,True,True,1791105404
2026-10-04T09:16:56+00:00,442,15,1,True,True,True,1791105404
2026-10-04T09:16:56+00:00,483,9,11,True,True,True,1791105404
2026-10-04T09:16:56+00:00,458,2,12,True,True,True,1791105404
2026-10-04T09:16:56+00:00,499,3,12,True,True,True,1791105404
2026-10-04T09:16:56+00:00,472,8,11,True,True,True,1791105404
2026-10-04T09:16:56+00:00,506,7,17,True,True,True,1791105404
2026-10-04T09:16:56+00:00,465,10,18,True,True,True,1791105404
2026-10-04T09:16:56+00:00,611,16,21,True,True,True,1791105404
2026-10-04T09:16:56+00:00,404,11,15,True,True,True,1791105404
2026-10-04T09:16:56+00:00,579,0,17,True,True,True,1791105404
2026-10-04T09:16:56+00:00,589,2,24,True,True,True,1791105404
2026-10-04T09:16:56+00:00,434,8,12,True,True,True,1791105404
2026-10-04T09:16:56+00:00,462,1,13,True,True,True,1791105404
2026-10-04T09:16:56+00:00,578,1,21,True,True,True,1791105404
2026-10-04T09:16:56+00:00,415,1,11,True,True,True,1791105404
2026-10-04T09:16:56+00:00,423,18,2,True,True,True,1791105404
2026-10-04T09:16:56+00:00,412,6,1,True,True,True,1791105404
2026-10-04T09:16:56+00:00,387,10,4,True,True,True,1791105404
2026-10-04T09:16:56+00:00,441,0,15,True,True,True,1791105404
2026-10-04T09:16:56+00:00,454,2,20,True,True,True,1791105404
2026-10-04T09:16:56+00:00,436,0,12,True,True,True,1791105404
2026-10-04T09:16:56+00:00,394,0,18,True,True,True,1791105404
2026-10-04T09:16:56+00:00,497,14,13,True,True,True,1791105404
2026-10-04T09:16:56+00:00,581,5,18,True,True,True,1791105404
2026-10-04T09:16:56+00:00,461,3,15,True,True,True,1791105404
2026-10-04T09:16:56+00:00,599,31,14,True,True,True,1791105404
2026-10-04T09:16:56+00:00,428,4,19,True,True,True,1791105404
2026-10-04T09:16:56+00:00,400,4,20,True,True,True,1791105404
2026-10-04T09:16:56+00:00,487,0,21,True,True,True,1791105404
2026-10-04T09:16:56+00:00,438,26,13,True,True,True,1791105404
2026-10-04T09:16:56+00:00,459,3,9,True,True,True,1791105404
2026-10-04T09:16:56+00:00,433,0,17,True,True,True,1791105404
2026-10-04T09:16:56+00:00,399,5,25,True,True,True,1791105404
2026-10-04T09:16:56+00:00,489,13,14,True,True,True,1791105404
2026-10-04T09:16:56+00:00,742,16,11,True,True,True,1791105404
2026-10-04T09:16:56+00:00,551,26,5,True,True,True,1791105404
2026-10-04T09:16:56+00:00,406,10,1,True,True,True,1791105404
2026-10-04T09:16:56+00:00,488,3,19,True,True,True,1791105404
2026-10-04T09:16:56+00:00,540,16,18,True,True,True,1791105404
2026-10-04T09:16:56+00:00,431,2,18,True,True,True,1791105404
2026-10-04T09:16:56+00:00,393,6,14,True,True,True,1791105404
2026-10-04T09:16:56+00:00,420,15,2,True,True,True,1791105404
2026-10-04T09:16:56+00:00,397,1,27,True,True,True,1791105404
2026-10-04T09:16:56+00:00,390,18,11,True,True,True,1791105404
2026-10-04T09:16:56+00:00,449,11,13,True,True,True,1791105404
2026-10-04T09:16:56+00:00,430,9,33,True,True,True,1791105404
2026-10-04T09:16:56+00:00,484,11,23,True,True,True,1791105404
2026-10-04T09:16:56+00:00,479,9,21,True,True,True,1791105404
2026-10-04T09:16:56+00:00,403,0,14,True,True,True,1791105404
2026-10-04T09:16:56+00:00,435,2,28,True,True,True,1791105404
2026-10-04T09:16:56+00:00,426,8,11,True,True,True,1791105404
2026-10-04T09:16:56+00:00,450,8,6,True,True,True,1791105404
2026-10-04T09:16:56+00:00,456,18,15,True,True,True,1791105404
2026-10-04T09:16:56+00:00,468,14,1,True,True,True,1791105404
2026-10-04T09:16:56+00:00,453,22,11,True,True,True,1791105404
2026-10-04T09:16:56+00:00,466,1,14,True,True,True,1791105404
2026-10-04T09:16:56+00:00,469,3,27,True,True,True,1791105404
2026-10-04T09:16:56+00:00,416,2,13,True,True,True,1791105404
2026-10-04T09:16:56+00:00,391,0,13,True,True,True,1791105404
2026-10-04T09:16:56+00:00,389,2,13,True,True,True,1791105404
2026-10-04T09:16:56+00:00,470,2,12,True,True,True,1791105404
2026-10-04T09:16:56+00:00,384,11,4,True,True,True,1791105404
2026-10-04T09:16:56+00:00,425,1,6,True,True,True,1791105404
2026-10-04T09:16:56+00:00,411,4,7,True,True,True,1791105404
2026-10-04T09:16:56+00:00,598,11,22,True,True,True,1791105404
2026-10-04T09:16:56+00:00,444,16,2,True,True,True,1791105404
2026-10-04T09:16:56+00:00,447,7,23,True,True,True,1791105404
2026-10-04T09:16:56+00:00,408,7,6,True,True,True,1791105404
2026-10-04T09:16:56+00:00,737,23,0,True,True,True,1791105404
2026-10-04T09:16:56+00:00,432,1,10,True,True,True,1791105404
2026-10-04T09:16:56+00:00,401,4,1,True,True,True,1791105404
2026-10-04T09:16:56+00:00,452,3,25,True,True,True,1791105404
2026-10-04T09:16:56+00:00,392,6,1,True,True,True,1791105404
2026-10-04T09:16:56+00:00,481,10,32,True,True,True,1791105404
2026-10-04T09:16:56+00:00,495,19,22,True,True,True,1791105404
2026-10-04T09:16:56+00:00,478,8,5,True,True,True,1791105404
2026-10-04T09:16:56+00:00,414,2,9,True,True,True,1791105404
2026-10-04T09:16:56+00:00,476,16,3,True,True,True,1791105404
2026-10-04T09:16:56+00:00,445,7,11,True,True,True,1791105404
2026-10-04T09:16:56+00:00,748,10,17,True,True,True,1791105404
2026-10-04T09:16:56+00:00,473,1,6,True,True,True,1791105404
2026-10-04T09:16:56+00:00,383,1,24,True,True,True,1791105404
2026-10-04T09:16:56+00:00,480,22,2,True,True,True,1791105404
2026-10-04T09:16:56+00:00,421,6,14,True,True,True,1791105404
2026-10-04T09:16:56+00:00,746,9,2,True,True,True,1791105404
2026-10-04T09:16:56+00:00,417,0,12,True,True,True,1791105404
2026-10-04T09:16:56+00:00,427,4,10,True,True,True,1791105404
2026-10-04T09:16:56+00:00,395,5,9,True,True,True,1791105404
2026-10-04T09:16:56+00:00,418,8,19,True,True,True,1791105404
2026-10-04T09:16:56+00:00,413,3,9,True,True,True,1791105404
2026-10-04T09:16:56+00:00,486,6,16,True,True,True,1791105404
2026-10-04T09:16:56+00:00,597,12,3,True,True,True,1791105404
2026-10-04T09:16:56+00:00,422,2,9,True,True,True,1791105404
2026-10-04T09:16:56+00:00,382,0,7,True,True,True,1791105404
2026-10-04T09:16:56+00:00,396,13,8,True,True,True,1791105404
2026-10-04T09:16:56+00:00,735,13,0,True,True,True,1791105404
2026-10-04T09:16:56+00:00,437,9,15,True,True,True,1791105404
2026-10-04T09:16:56+00:00,446,5,17,True,True,True,1791105404
2026-10-04T09:16:56+00:00,424,2,4,True,True,True,1791105404
2026-10-04T09:16:56+00:00,455,12,0,True,True,True,1791105404
2026-10-04T09:16:56+00:00,457,0,10,True,True,True,1791105404
2026-10-04T09:16:56+00:00,377,6,23,True,True,True,1791105404
2026-10-04T09:16:56+00:00,738,8,4,True,True,True,1791105404
2026-10-04T09:16:56+00:00,460,6,23,True,True,True,1791105404
2026-10-04T09:16:56+00:00,744,3,6,True,True,True,1791105404
2026-10-04T09:16:56+00:00,485,5,14,True,True,True,1791105404
2026-10-04T09:31:56+00:00,6026,26,7,True,True,True,1791106304
2026-10-04T09:31:56+00:00,5431,2,19,True,True,True,1791106304
2026-10-04T09:31:56+00:00,5424,2,16,True,True,True,1791106304
2026-10-04T09:31:56+00:00,5220,0,19,True,True,True,1791106304
2026-10-04T09:31:56+00:00,5217,6,23,True,True,True,1791106304
2026-10-04T09:31:56+00:00,5113,11,4,True,True,True,1791106304
2026-10-04T09:31:56+00:00,4683,0,20,True,True,True,1791106304
2026-10-04T09:31:56+00:00,4552,4,14,True,True,True,1791106304
2026-10-04T09:31:56+00:00,3725,1,17,True,True,True,1791106304
2026-10-04T09:31:56+00:00,2358,3,9,True,True,True,1791106304
2026-10-04T09:31:56+00:00,2357,7,14,True,True,True,1791106304
2026-10-04T09:31:56+00:00,2355,0,12,True,True,True,1791106304
2026-10-04T09:31:56+00:00,2351,7,10,True,True,True,1791106304
2026-10-04T09:31:56+00:00,2350,16,7,True,True,True,1791106304
2026-10-04T09:31:56+00:00,2349,4,17,True,True,True,1791106304
2026-10-04T09:31:56+00:00,2347,7,23,True,True,True,1791106304
2026-10-04T09:31:56+00:00,2340,13,11,True,True,True,1791106304
2026-10-04T09:31:56+00:00,2339,17,11,True,True,True,1791106304
2026-10-04T09:31:56+00:00,2337,13,1,True,True,True,1791106304
2026-10-04T09:31:56+00:00,2334,1,10,True,True,True,1791106304
2026-10-04T09:31:56+00:00,2333,15,0,True,True,True,1791106304
2026-10-04T09:31:56+00:00,2332,2,7,True,True,True,1791106304
2026-10-04T09:31:56+00:00,2330,13,0,True,True,True,1791106304
2026-10-04T09:31:56+00:00,2329,14,0,True,True,True,1791106304
2026-10-04T09:31:56+00:00,2328,9,10,True,True,True,1791106304
2026-10-04T09:31:56+00:00,2315,9,9,True,True,True,1791106304
2026-10-04T09:31:56+00:00,2308,2,6,True,True,True,1791106304
2026-10-04T09:31:56+00:00,2307,7,22,True,True,True,1791106304
2026-10-04T09:31:56+00:00,2306,0,18,True,True,True,1791106304
2026-10-04T09:31:56+00:00,2305,7,7,True,True,True,1791106304
2026-10-04T09:31:56+00:00,2304,4,12,True,True,True,1791106304
2026-10-04T09:31:56+00:00,2280,6,6,True,True,True,1791106304
2026-10-04T09:31:56+00:00,2270,0,18,True,True,True,1791106304
2026-10-04T09:31:56+00:00,1919,2,4,True,True,True,1791106304
2026-10-04T09:31:56+00:00,1755,7,24,True,True,True,1791106304
2026-10-04T09:31:56+00:00,1101,5,18,True,True,True,1791106304
2026-10-04T09:31:56+00:00,1023,12,0,True,True,True,1791106304
2026-10-04T09:31:56+00:00,1009,2,8,True,True,True,1791106304
2026-10-04T09:31:56+00:00,970,4,20,True,True,True,1791106304
2026-10-04T09:31:56+00:00,787,12,0,True,True,True,1791106304
2026-10-04T09:31:56+00:00,627,3,27,True,True,True,1791106304
2026-10-04T09:31:56+00:00,623,18,1,True,True,True,1791106304
2026-10-04T09:31:56+00:00,624,2,16,True,True,True,1791106304
2026-10-04T09:31:56+00:00,626,4,18,True,True,True,1791106304
2026-10-04T09:31:56+00:00,614,4,18,True,True,True,1791106304
2026-10-04T09:31:56+00:00,616,15,0,True,True,True,1791106304
2026-10-04T09:31:56+00:00,618,8,34,True,True,True,1791106304
2026-10-04T09:31:56+00:00,621,6,20,True,True,True,1791106304
2026-10-04T09:31:56+00:00,622,0,28,True,True,True,1791106304
2026-10-04T09:31:56+00:00,613,1,15,True,True,True,1791106304
2026-10-04T09:31:56+00:00,620,24,15,True,True,True,1791106304
2026-10-04T09:31:56+00:00,596,1,16,True,True,True,1791106304
2026-10-04T09:31:56+00:00,617,9,10,True,True,True,1791106304
2026-10-04T09:31:56+00:00,609,7,20,True,True,True,1791106304
2026-10-04T09:31:56+00:00,607,4,25,True,True,True,1791106304
2026-10-04T09:31:56+00:00,603,10,7,True,True,True,1791106304
2026-10-04T09:31:56+00:00,590,5,32,True,True,True,1791106304
2026-10-04T09:31:56+00:00,610,2,17,True,True,True,1791106304
2026-10-04T09:31:56+00:00,608,2,16,True,True,True,1791106304
2026-10-04T09:31:56+00:00,593,11,18,True,True,True,1791106304
2026-10-04T09:31:56+00:00,530,6,3,True,True,True,1791106304
2026-10-04T09:31:56+00:00,463,15,1,True,True,True,1791106304
2026-10-04T09:31:56+00:00,475,20,3,True,True,True,1791106304
2026-10-04T09:31:56+00:00,439,12,12,True,True,True,1791106304
2026-10-04T09:31:56+00:00,600,9,0,True,True,True,1791106304
2026-10-04T09:31:56+00:00,440,5,10,True,True,True,1791106304
2026-10-04T09:31:56+00:00,612,2,16,True,True,True,1791106304
2026-10-04T09:31:56+00:00,491,15,3,True,True,True,1791106304
2026-10-04T09:31:56+00:00,493,20,7,True,True,True,1791106304
2026-10-04T09:31:56+00:00,410,6,19,True,True,True,1791106304
2026-10-04T09:31:56+00:00,605,5,13,True,True,True,1791106304
2026-10-04T09:31:56+00:00,388,14,2,True,True,True,1791106304
2026-10-04T09:31:56+00:00,591,20,2,True,True,True,1791106304
2026-10-04T09:31:56+00:00,592,2,16,True,True,True,1791106304
2026-10-04T09:31:56+00:00,585,0,0,True,True,True,1791106304
2026-10-04T09:31:56+00:00,565,0,18,True,True,True,1791106304
2026-10-04T09:31:56+00:00,571,15,3,True,True,True,1791106304
2026-10-04T09:31:56+00:00,568,2,13,True,True,True,1791106304
2026-10-04T09:31:56+00:00,588,5,14,True,True,True,1791106304
2026-10-04T09:31:56+00:00,584,1,33,True,True,True,1791106304
2026-10-04T09:31:56+00:00,569,10,19,True,True,True,1791106304
2026-10-04T09:31:56+00:00,577,7,22,True,True,True,1791106304
2026-10-04T09:31:56+00:00,564,1,28,True,True,True,1791106304
2026-10-04T09:31:56+00:00,570,1,14,True,True,True,1791106304
2026-10-04T09:31:56+00:00,572,9,30,True,True,True,1791106304
2026-10-04T09:31:56+00:00,586,9,16,True,True,True,1791106304
2026-10-04T09:31:56+00:00,576,11,6,True,True,True,1791106304
2026-10-04T09:31:56+00:00,566,24,0,True,True,True,1791106304
2026-10-04T09:31:56+00:00,602,6,12,True,True,True,1791106304
2026-10-04T09:31:56+00:00,575,6,23,True,True,True,1791106304
2026-10-04T09:31:56+00:00,567,21,17,True,True,True,1791106304
2026-10-04T09:31:56+00:00,582,10,14,True,True,True,1791106304
2026-10-04T09:31:56+00:00,595,20,3,True,True,True,1791106304
2026-10-04T09:31:56+00:00,542,10,8,True,True,True,1791106304
2026-10-04T09:31:56+00:00,563,6,10,True,True,True,1791106304
2026-10-04T09:31:56+00:00,558,6,9,True,True,True,1791106304
2026-10-04T09:31:56+00:00,552,8,10,True,True,True,1791106304
2026-10-04T09:31:56+00:00,555,0,13,True,True,True,1791106304
2026-10-04T09:31:56+00:00,573,4,20,True,True,True,1791106304
2026-10-04T09:31:56+00:00,561,7,15,True,True,True,1791106304
2026-10-04T09:31:56+00:00,615,7,14,True,True,True,1791106304
2026-10-04T09:31:56+00:00,543,1,18,True,True,True,1791106304
2026-10-04T09:31:56+00:00,554,1,18,True,True,True,1791106304
2026-10-04T09:31:56+00:00,574,11,0,True,True,True,1791106304
2026-10-04T09:31:56+00:00,560,1,7,True,True,True,1791106304
2026-10-04T09:31:56+00:00,548,2,15,True,True,True,1791106304
2026-10-04T09:31:56+00:00,559,4,13,True,True,True,1791106304
2026-10-04T09:31:56+00:00,545,23,15,True,True,True,1791106304
2026-10-04T09:31:56+00:00,550,2,7,True,True,True,1791106304
2026-10-04T09:31:56+00:00,541,7,3,True,True,True,1791106304
2026-10-04T09:31:56+00:00,527,10,0,True,True,True,1791106304
2026-10-04T09:31:56+00:00,529,8,13,True,True,True,1791106304
2026-10-04T09:31:56+00:00,526,9,5,True,True,True,1791106304
2026-10-04T09:31:56+00:00,537,15,4,True,True,True,1791106304
2026-10-04T09:31:56+00:00,547,19,8,True,True,True,1791106304
2026-10-04T09:31:56+00:00,601,3,15,True,True,True,1791106304
2026-10-04T09:31:56+00:00,533,2,10,True,True,True,1791106304
2026-10-04T09:31:56+00:00,535,0,25,True,True,True,1791106304
2026-10-04T09:31:56+00:00,524,5,15,True,True,True,1791106304
2026-10-04T09:31:56+00:00,519,7,15,True,True,True,1791106304
2026-10-04T09:31:56+00:00,534,11,28,True,True,True,1791106304
2026-10-04T09:31:56+00:00,521,2,11,True,True,True,1791106304
2026-10-04T09:31:56+00:00,518,0,18,True,True,True,1791106304
2026-10-04T09:31:56+00:00,556,0,18,True,True,True,1791106304
2026-10-04T09:31:56+00:00,525,2,12,True,True,True,1791106304
2026-10-04T09:31:56+00:00,517,2,15,True,True,True,1791106304
2026-10-04T09:31:56+00:00,523,10,20,True,True,True,1791106304
2026-10-04T09:31:56+00:00,522,4,5,True,True,True,1791106304
2026-10-04T09:31:56+00:00,594,5,12,True,True,True,1791106304
2026-10-04T09:31:56+00:00,532,5,15,True,True,True,1791106304
2026-10-04T09:31:56+00:00,509,8,3,True,True,True,1791106304
2026-10-04T09:31:56+00:00,531,7,10,True,True,True,1791106304
2026-10-04T09:31:56+00:00,536,0,9,True,True,True,1791106304
2026-10-04T09:31:56+00:00,562,18,21,True,True,True,1791106304
2026-10-04T09:31:56+00:00,511,6,17,True,True,True,1791106304
2026-10-04T09:31:56+00:00,505,0,21,True,True,True,1791106304
2026-10-04T09:31:56+00:00,501,0,18,True,True,True,1791106304
2026-10-04T09:31:56+00:00,514,2,10,True,True,True,1791106304
2026-10-04T09:31:56+00:00,500,8,9,True,True,True,1791106304
2026-10-04T09:31:56+00:00,503,7,21,True,True,True,1791106304
2026-10-04T09:31:56+00:00,513,2,13,True,True,True,1791106304
2026-10-04T09:31:56+00:00,498,0,12,True,True,True,1791106304
2026-10-04T09:31:56+00:00,507,14,4,True,True,True,1791106304
2026-10-04T09:31:56+00:00,512,3,24,True,True,True,1791106304
2026-10-04T09:31:56+00:00,619,21,21,True,True,True,1791106304
2026-10-04T09:31:56+00:00,474,30,12,True,True,True,1791106304
2026-10-04T09:31:56+00:00,580,13,32,True,True,True,1791106304
2026-10-04T09:31:56+00:00,496,21,22,True,True,True,1791106304
2026-10-04T09:31:56+00:00,482,1,16,True,True,True,1791106304
2026-10-04T09:31:56+00:00,407,1,12,True,True,True,1791106304
2026-10-04T09:31:56+00:00,409,4,21,True,True,True,1791106304
2026-10-04T09:31:56+00:00,451,2,18,True,True,True,1791106304
2026-10-04T09:31:56+00:00,402,8,11,True,True,True,1791106304
2026-10-04T09:31:56+00:00,516,2,12,True,True,True,1791106304
2026-10-04T09:31:56+00:00,625,9,31,True,True,True,1791106304
2026-10-04T09:31:56+00:00,429,5,16,True,True,True,1791106304
2026-10-04T09:31:56+00:00,380,0,23,True,True,True,1791106304
2026-10-04T09:31:56+00:00,583,5,13,True,True,True,1791106304
2026-10-04T09:31:56+00:00,398,7,10,True,True,True,1791106304
2026-10-04T09:31:56+00:00,381,13,2,True,True,True,1791106304
2026-10-04T09:31:56+00:00,464,17,26,True,True,True,1791106304
2026-10-04T09:31:56+00:00,442,15,1,True,True,True,1791106304
2026-10-04T09:31:56+00:00,483,9,11,True,True,True,1791106304
2026-10-04T09:31:56+00:00,458,2,12,True,True,True,1791106304
2026-10-04T09:31:56+00:00,499,3,12,True,True,True,1791106304
2026-10-04T09:31:56+00:00,472,9,10,True,True,True,1791106304
2026-10-04T09:31:56+00:00,506,7,17,True,True,True,1791106304
2026-10-04T09:31:56+00:00,465,10,18,True,True,True,1791106304
2026-10-04T09:31:56+00:00,611,16,21,True,True,True,1791106304
2026-10-04T09:31:56+00:00,404,11,15,True,True,True,1791106304
2026-10-04T09:31:56+00:00,579,0,17,True,True,True,1791106304
2026-10-04T09:31:56+00:00,589,2,24,True,True,True,1791106304
2026-10-04T09:31:56+00:00,434,8,12,True,True,True,1791106304
2026-10-04T09:31:56+00:00,462,1,13,True,True,True,1791106304
2026-10-04T09:31:56+00:00,578,2,20,True,True,True,1791106304
2026-10-04T09:31:56+00:00,415,1,11,True,True,True,1791106304
2026-10-04T09:31:56+00:00,423,18,2,True,True,True,1791106304
2026-10-04T09:31:56+00:00,412,6,1,True,True,True,1791106304
2026-10-04T09:31:56+00:00,387,10,4,True,True,True,1791106304
2026-10-04T09:31:56+00:00,441,0,15,True,True,True,1791106304
2026-10-04T09:31:56+00:00,454,2,20,True,True,True,1791106304
2026-10-04T09:31:56+00:00,436,0,12,True,True,True,1791106304
2026-10-04T09:31:56+00:00,394,0,18,True,True,True,1791106304
2026-10-04T09:31:56+00:00,497,14,13,True,True,True,1791106304
2026-10-04T09:31:56+00:00,581,5,18,True,True,True,1791106304
2026-10-04T09:31:56+00:00,461,3,15,True,True,True,1791106304
2026-10-04T09:31:56+00:00,599,31,14,True,True,True,1791106304
2026-10-04T09:31:56+00:00,428,5,18,True,True,True,1791106304
2026-10-04T09:31:56+00:00,400,4,20,True,True,True,1791106304
2026-10-04T09:31:56+00:00,487,0,21,True,True,True,1791106304
2026-10-04T09:31:56+00:00,438,25,14,True,True,True,1791106304
2026-10-04T09:31:56+00:00,459,1,11,True,True,True,1791106304
2026-10-04T09:31:56+00:00,433,0,17,True,True,True,1791106304
2026-10-04T09:31:56+00:00,399,5,25,True,True,True,1791106304
2026-10-04T09:31:56+00:00,489,13,14,True,True,True,1791106304
2026-10-04T09:31:56+00:00,742,16,11,True,True,True,1791106304
2026-10-04T09:31:56+00:00,551,26,5,True,True,True,1791106304
2026-10-04T09:31:56+00:00,406,11,0,True,True,True,1791106304
2026-10-04T09:31:56+00:00,488,3,19,True,True,True,1791106304
2026-10-04T09:31:56+00:00,540,16,18,True,True,True,1791106304
2026-10-04T09:31:56+00:00,431,1,19,True,True,True,1791106304
2026-10-04T09:31:56+00:00,393,6,14,True,True,True,1791106304
2026-10-04T09:31:56+00:00,420,13,4,True,True,True,1791106304
2026-10-04T09:31:56+00:00,397,1,27,True,True,True,1791106304
2026-10-04T09:31:56+00:00,390,18,11,True,True,True,1791106304
2026-10-04T09:31:56+00:00,449,11,13,True,True,True,1791106304
2026-10-04T09:31:56+00:00,430,9,33,True,True,True,1791106304
2026-10-04T09:31:56+00:00,484,11,23,True,True,True,1791106304
2026-10-04T09:31:56+00:00,479,9,21,True,True,True,1791106304
2026-10-04T09:31:56+00:00,403,0,14,True,True,True,1791106304
2026-10-04T09:31:56+00:00,435,2,28,True,True,True,1791106304
2026-10-04T09:31:56+00:00,426,9,11,True,True,True,1791106304
2026-10-04T09:31:56+00:00,450,7,7,True,True,True,1791106304
2026-10-04T09:31:56+00:00,456,18,15,True,True,True,1791106304
2026-10-04T09:31:56+00:00,468,14,1,True,True,True,1791106304
2026-10-04T09:31:56+00:00,453,23,10,True,True,True,1791106304
2026-10-04T09:31:56+00:00,466,1,14,True,True,True,1791106304
2026-10-04T09:31:56+00:00,469,3,27,True,True,True,1791106304
2026-10-04T09:31:56+00:00,416,2,13,True,True,True,1791106304
2026-10-04T09:31:56+00:00,391,0,13,True,True,True,1791106304
2026-10-04T09:31:56+00:00,389,2,13,True,True,True,1791106304
2026-10-04T09:31:56+00:00,470,2,12,True,True,True,1791106304
2026-10-04T09:31:56+00:00,384,11,4,True,True,True,1791106304
2026-10-04T09:31:56+00:00,425,1,6,True,True,True,1791106304
2026-10-04T09:31:56+00:00,411,4,7,True,True,True,1791106304
2026-10-04T09:31:56+00:00,598,11,22,True,True,True,1791106304
2026-10-04T09:31:56+00:00,444,16,2,True,True,True,1791106304
2026-10-04T09:31:56+00:00,447,7,23,True,True,True,1791106304
2026-10-04T09:31:56+00:00,408,9,4,True,True,True,1791106304
2026-10-04T09:31:56+00:00,737,23,0,True,True,True,1791106304
2026-10-04T09:31:56+00:00,432,1,10,True,True,True,1791106304
2026-10-04T09:31:56+00:00,401,5,0,True,True,True,1791106304
2026-10-04T09:31:56+00:00,452,3,25,True,True,True,1791106304
2026-10-04T09:31:56+00:00,392,4,3,True,True,True,1791106304
2026-10-04T09:31:56+00:00,481,10,32,True,True,True,1791106304
2026-10-04T09:31:56+00:00,495,19,22,True,True,True,1791106304
2026-10-04T09:31:56+00:00,478,8,5,True,True,True,1791106304
2026-10-04T09:31:56+00:00,414,2,9,True,True,True,1791106304
2026-10-04T09:31:56+00:00,476,16,3,True,True,True,1791106304
2026-10-04T09:31:56+00:00,445,7,11,True,True,True,1791106304
2026-10-04T09:31:56+00:00,748,10,17,True,True,True,1791106304
2026-10-04T09:31:56+00:00,473,1,6,True,True,True,1791106304
2026-10-04T09:31:56+00:00,383,1,24,True,True,True,1791106304
2026-10-04T09:31:56+00:00,480,22,2,True,True,True,1791106304
2026-10-04T09:31:56+00:00,421,5,15,True,True,True,1791106304
2026-10-04T09:31:56+00:00,746,9,2,True,True,True,1791106304
2026-10-04T09:31:56+00:00,417,0,12,True,True,True,1791106304
2026-10-04T09:31:56+00:00,427,4,10,True,True,True,1791106304
2026-10-04T09:31:56+00:00,395,5,9,True,True,True,1791106304
2026-10-04T09:31:56+00:00,418,8,19,True,True,True,1791106304
2026-10-04T09:31:56+00:00,413,3,9,True,True,True,1791106304
2026-10-04T09:31:56+00:00,486,7,15,True,True,True,1791106304
2026-10-04T09:31:56+00:00,597,12,3,True,True,True,1791106304
2026-10-04T09:31:56+00:00,422,3,8,True,True,True,1791106304
2026-10-04T09:31:56+00:00,382,0,7,True,True,True,1791106304
2026-10-04T09:31:56+00:00,396,13,8,True,True,True,1791106304
2026-10-04T09:31:56+00:00,735,13,0,True,True,True,1791106304
2026-10-04T09:31:56+00:00,437,8,16,True,True,True,1791106304
2026-10-04T09:31:56+00:00,446,3,19,True,True,True,1791106304
2026-10-04T09:31:56+00:00,424,1,5,True,True,True,1791106304
2026-10-04T09:31:56+00:00,455,12,0,True,True,True,1791106304
2026-10-04T09:31:56+00:00,457,0,10,True,True,True,1791106304
2026-10-04T09:31:56+00:00,377,6,23,True,True,True,1791106304
2026-10-04T09:31:56+00:00,738,8,4,True,True,True,1791106304
2026-10-04T09:31:56+00:00,460,4,25,True,True,True,1791106304
2026-10-04T09:31:56+00:00,744,4,5,True,True,True,1791106304
2026-10-04T09:31:56+00:00,485,5,14,True,True,True,1791106304
2026-10-04T09:46:56+00:00,6026,26,7,True,True,True,1791107211
2026-10-04T09:46:56+00:00,5431,2,19,True,True,True,1791107211
2026-10-04T09:46:56+00:00,5424,2,16,True,True,True,1791107211
2026-10-04T09:46:56+00:00,5220,0,19,True,True,True,1791107211
2026-10-04T09:46:56+00:00,5217,6,23,True,True,True,1791107211
2026-10-04T09:46:56+00:00,5113,11,4,True,True,True,1791107211
2026-10-04T09:46:56+00:00,4683,0,20,True,True,True,1791107211
2026-10-04T09:46:56+00:00,4552,4,14,True,True,True,1791107211
2026-10-04T09:46:56+00:00,3725,1,17,True,True,True,1791107211
2026-10-04T09:46:56+00:00,2358,3,9,True,True,True,1791107211
2026-10-04T09:46:56+00:00,2357,7,14,True,True,True,1791107211
2026-10-04T09:46:56+00:00,2355,0,12,True,True,True,1791107211
2026-10-04T09:46:56+00:00,2351,7,10,True,True,True,1791107211
2026-10-04T09:46:56+00:00,2350,16,7,True,True,True,1791107211
2026-10-04T09:46:56+00:00,2349,4,17,True,True,True,1791107211
2026-10-04T09:46:56+00:00,2347,7,23,True,True,True,1791107211
2026-10-04T09:46:56+00:00,2340,12,12,True,True,True,1791107211
2026-10-04T09:46:56+00:00,2339,17,11,True,True,True,1791107211
2026-10-04T09:46:56+00:00,2337,13,1,True,True,True,1791107211
2026-10-04T09:46:56+00:00,2334,1,10,True,True,True,1791107211
2026-10-04T09:46:56+00:00,2333,15,0,True,True,True,1791107211
2026-10-04T09:46:56+00:00,2332,1,8,True,True,True,1791107211
2026-10-04T09:46:56+00:00,2330,13,0,True,True,True,1791107211
2026-10-04T09:46:56+00:00,2329,14,0,True,True,True,1791107211
2026-10-04T09:46:56+00:00,2328,8,11,True,True,True,1791107211
2026-10-04T09:46:56+00:00,2315,9,9,True,True,True,1791107211
2026-10-04T09:46:56+00:00,2308,2,6,True,True,True,1791107211
2026-10-04T09:46:56+00:00,2307,7,22,True,True,True,1791107211
2026-10-04T09:46:56+00:00,2306,0,18,True,True,True,1791107211
2026-10-04T09:46:56+00:00,2305,7,7,True,True,True,1791107211
2026-10-04T09:46:56+00:00,2304,4,12,True,True,True,1791107211
2026-10-04T09:46:56+00:00,2280,6,6,True,True,True,1791107211
2026-10-04T09:46:56+00:00,2270,0,19,True,True,True,1791107211
2026-10-04T09:46:56+00:00,1919,2,4,True,True,True,1791107211
2026-10-04T09:46:56+00:00,1755,7,24,True,True,True,1791107211
2026-10-04T09:46:56+00:00,1101,6,17,True,True,True,1791107211
2026-10-04T09:46:56+00:00,1023,11,1,True,True,True,1791107211
2026-10-04T09:46:56+00:00,1009,2,8,True,True,True,1791107211
2026-10-04T09:46:56+00:00,970,4,20,True,True,True,1791107211
2026-10-04T09:46:56+00:00,787,12,0,True,True,True,1791107211
2026-10-04T09:46:56+00:00,627,3,27,True,True,True,1791107211
2026-10-04T09:46:56+00:00,623,18,1,True,True,True,1791107211
2026-10-04T09:46:56+00:00,624,2,16,True,True,True,1791107211
2026-10-04T09:46:56+00:00,626,3,19,True,True,True,1791107211
2026-10-04T09:46:56+00:00,614,4,18,True,True,True,1791107211
2026-10-04T09:46:56+00:00,616,15,0,True,True,True,1791107211
2026-10-04T09:46:56+00:00,618,8,34,True,True,True,1791107211
2026-10-04T09:46:56+00:00,621,6,20,True,True,True,1791107211
2026-10-04T09:46:56+00:00,622,1,27,True,True,True,1791107211
2026-10-04T09:46:56+00:00,613,1,15,True,True,True,1791107211
2026-10-04T09:46:56+00:00,620,23,16,True,True,True,1791107211
2026-10-04T09:46:56+00:00,596,1,16,True,True,True,1791107211
2026-10-04T09:46:56+00:00,617,7,12,True,True,True,1791107211
2026-10-04T09:46:56+00:00,609,6,21,True,True,True,1791107211
2026-10-04T09:46:56+00:00,607,4,25,True,True,True,1791107211
2026-10-04T09:46:56+00:00,603,10,7,True,True,True,1791107211
2026-10-04T09:46:56+00:00,590,4,33,True,True,True,1791107211
2026-10-04T09:46:56+00:00,610,3,16,True,True,True,1791107211
2026-10-04T09:46:56+00:00,608,2,16,True,True,True,1791107211
2026-10-04T09:46:56+00:00,593,10,19,True,True,True,1791107211
2026-10-04T09:46:56+00:00,530,6,3,True,True,True,1791107211
2026-10-04T09:46:56+00:00,463,15,2,True,True,True,1791107211
2026-10-04T09:46:56+00:00,475,20,3,True,True,True,1791107211
2026-10-04T09:46:56+00:00,439,12,12,True,True,True,1791107211
2026-10-04T09:46:56+00:00,600,9,0,True,True,True,1791107211
2026-10-04T09:46:56+00:00,440,5,10,True,True,True,1791107211
2026-10-04T09:46:56+00:00,612,2,16,True,True,True,1791107211
2026-10-04T09:46:56+00:00,491,15,3,True,True,True,1791107211
2026-10-04T09:46:56+00:00,493,18,8,True,True,True,1791107211
2026-10-04T09:46:56+00:00,410,6,19,True,True,True,1791107211
2026-10-04T09:46:56+00:00,605,5,13,True,True,True,1791107211
2026-10-04T09:46:56+00:00,388,12,4,True,True,True,1791107211
2026-10-04T09:46:56+00:00,591,20,2,True,True,True,1791107211
2026-10-04T09:46:56+00:00,592,2,16,True,True,True,1791107211
2026-10-04T09:46:56+00:00,585,0,0,True,True,True,1791107211
2026-10-04T09:46:56+00:00,565,0,18,True,True,True,1791107211
2026-10-04T09:46:56+00:00,571,15,3,True,True,True,1791107211
2026-10-04T09:46:56+00:00,568,2,13,True,True,True,1791107211
2026-10-04T09:46:56+00:00,588,5,14,True,True,True,1791107211
2026-10-04T09:46:56+00:00,584,1,33,True,True,True,1791107211
2026-10-04T09:46:56+00:00,569,10,19,True,True,True,1791107211
2026-10-04T09:46:56+00:00,577,7,22,True,True,True,1791107211
2026-10-04T09:46:56+00:00,564,1,28,True,True,True,1791107211
2026-10-04T09:46:56+00:00,570,1,14,True,True,True,1791107211
2026-10-04T09:46:56+00:00,572,9,30,True,True,True,1791107211
2026-10-04T09:46:56+00:00,586,9,16,True,True,True,1791107211
2026-10-04T09:46:56+00:00,576,11,6,True,True,True,1791107211
2026-10-04T09:46:56+00:00,566,24,0,True,True,True,1791107211
2026-10-04T09:46:56+00:00,602,6,12,True,True,True,1791107211
2026-10-04T09:46:56+00:00,575,6,23,True,True,True,1791107211
2026-10-04T09:46:56+00:00,567,21,17,True,True,True,1791107211
2026-10-04T09:46:56+00:00,582,10,14,True,True,True,1791107211
2026-10-04T09:46:56+00:00,595,20,3,True,True,True,1791107211
2026-10-04T09:46:56+00:00,542,11,7,True,True,True,1791107211
2026-10-04T09:46:56+00:00,563,6,10,True,True,True,1791107211
2026-10-04T09:46:56+00:00,558,6,9,True,True,True,1791107211
2026-10-04T09:46:56+00:00,552,8,10,True,True,True,1791107211
2026-10-04T09:46:56+00:00,555,0,13,True,True,True,1791107211
2026-10-04T09:46:56+00:00,573,4,20,True,True,True,1791107211
2026-10-04T09:46:56+00:00,561,7,15,True,True,True,1791107211
2026-10-04T09:46:56+00:00,615,7,14,True,True,True,1791107211
2026-10-04T09:46:56+00:00,543,1,18,True,True,True,1791107211
2026-10-04T09:46:56+00:00,554,1,18,True,True,True,1791107211
2026-10-04T09:46:56+00:00,574,11,0,True,True,True,1791107211
2026-10-04T09:46:56+00:00,560,1,7,True,True,True,1791107211
2026-10-04T09:46:56+00:00,548,2,15,True,True,True,1791107211
2026-10-04T09:46:56+00:00,559,4,13,True,True,True,1791107211
2026-10-04T09:46:56+00:00,545,23,15,True,True,True,1791107211
2026-10-04T09:46:56+00:00,550,2,7,True,True,True,1791107211
2026-10-04T09:46:56+00:00,541,7,3,True,True,True,1791107211
2026-10-04T09:46:56+00:00,527,10,0,True,True,True,1791107211
2026-10-04T09:46:56+00:00,529,8,13,True,True,True,1791107211
2026-10-04T09:46:56+00:00,526,9,5,True,True,True,1791107211
2026-10-04T09:46:56+00:00,537,15,4,True,True,True,1791107211
2026-10-04T09:46:56+00:00,547,17,10,True,True,True,1791107211
2026-10-04T09:46:56+00:00,601,3,15,True,True,True,1791107211
2026-10-04T09:46:56+00:00,533,2,10,True,True,True,1791107211
2026-10-04T09:46:56+00:00,535,0,25,True,True,True,1791107211
2026-10-04T09:46:56+00:00,524,5,15,True,True,True,1791107211
2026-10-04T09:46:56+00:00,519,6,16,True,True,True,1791107211
2026-10-04T09:46:56+00:00,534,11,28,True,True,True,1791107211
2026-10-04T09:46:56+00:00,521,3,10,True,True,True,1791107211
2026-10-04T09:46:56+00:00,518,0,18,True,True,True,1791107211
2026-10-04T09:46:56+00:00,556,0,18,True,True,True,1791107211
2026-10-04T09:46:56+00:00,525,1,13,True,True,True,1791107211
2026-10-04T09:46:56+00:00,517,1,16,True,True,True,1791107211
2026-10-04T09:46:56+00:00,523,10,20,True,True,True,1791107211
2026-10-04T09:46:56+00:00,522,4,5,True,True,True,1791107211
2026-10-04T09:46:56+00:00,594,5,12,True,True,True,1791107211
2026-10-04T09:46:56+00:00,532,5,15,True,True,True,1791107211
2026-10-04T09:46:56+00:00,509,8,3,True,True,True,1791107211
2026-10-04T09:46:56+00:00,531,7,10,True,True,True,1791107211
2026-10-04T09:46:56+00:00,536,0,9,True,True,True,1791107211
2026-10-04T09:46:56+00:00,562,18,21,True,True,True,1791107211
2026-10-04T09:46:56+00:00,511,6,17,True,True,True,1791107211
2026-10-04T09:46:56+00:00,505,0,21,True,True,True,1791107211
2026-10-04T09:46:56+00:00,501,0,18,True,True,True,1791107211
2026-10-04T09:46:56+00:00,514,2,10,True,True,True,1791107211
2026-10-04T09:46:56+00:00,500,8,9,True,True,True,1791107211
2026-10-04T09:46:56+00:00,503,7,21,True,True,True,1791107211
2026-10-04T09:46:56+00:00,513,2,13,True,True,True,1791107211
2026-10-04T09:46:56+00:00,498,0,12,True,True,True,1791107211
2026-10-04T09:46:56+00:00,507,14,4,True,True,True,1791107211
2026-10-04T09:46:56+00:00,512,3,24,True,True,True,1791107211
2026-10-04T09:46:56+00:00,619,21,21,True,True,True,1791107211
2026-10-04T09:46:56+00:00,474,30,12,True,True,True,1791107211
2026-10-04T09:46:56+00:00,580,13,32,True,True,True,1791107211
2026-10-04T09:46:56+00:00,496,21,22,True,True,True,1791107211
2026-10-04T09:46:56+00:00,482,1,16,True,True,True,1791107211
2026-10-04T09:46:56+00:00,407,1,12,True,True,True,1791107211
2026-10-04T09:46:56+00:00,409,4,21,True,True,True,1791107211
2026-10-04T09:46:56+00:00,451,2,18,True,True,True,1791107211
2026-10-04T09:46:56+00:00,402,8,11,True,True,True,1791107211
2026-10-04T09:46:56+00:00,516,2,12,True,True,True,1791107211
2026-10-04T09:46:56+00:00,625,9,31,True,True,True,1791107211
2026-10-04T09:46:56+00:00,429,6,15,True,True,True,1791107211
2026-10-04T09:46:56+00:00,380,0,23,True,True,True,1791107211
2026-10-04T09:46:56+00:00,583,5,13,True,True,True,1791107211
2026-10-04T09:46:56+00:00,398,6,11,True,True,True,1791107211
2026-10-04T09:46:56+00:00,381,13,2,True,True,True,1791107211
2026-10-04T09:46:56+00:00,464,15,28,True,True,True,1791107211
2026-10-04T09:46:56+00:00,442,16,0,True,True,True,1791107211
2026-10-04T09:46:56+00:00,483,9,11,True,True,True,1791107211
2026-10-04T09:46:56+00:00,458,1,13,True,True,True,1791107211
2026-10-04T09:46:56+00:00,499,3,12,True,True,True,1791107211
2026-10-04T09:46:56+00:00,472,9,10,True,True,True,1791107211
2026-10-04T09:46:56+00:00,506,7,17,True,True,True,1791107211
2026-10-04T09:46:56+00:00,465,11,17,True,True,True,1791107211
2026-10-04T09:46:56+00:00,611,16,21,True,True,True,1791107211
2026-10-04T09:46:56+00:00,404,11,15,True,True,True,1791107211
2026-10-04T09:46:56+00:00,579,0,17,True,True,True,1791107211
2026-10-04T09:46:56+00:00,589,2,24,True,True,True,1791107211
2026-10-04T09:46:56+00:00,434,8,12,True,True,True,1791107211
2026-10-04T09:46:56+00:00,462,2,12,True,True,True,1791107211
2026-10-04T09:46:56+00:00,578,1,21,True,True,True,1791107211
2026-10-04T09:46:56+00:00,415,1,11,True,True,True,1791107211
2026-10-04T09:46:56+00:00,423,19,1,True,True,True,1791107211
2026-10-04T09:46:56+00:00,412,6,1,True,True,True,1791107211
2026-10-04T09:46:56+00:00,387,11,3,True,True,True,1791107211
2026-10-04T09:46:56+00:00,441,1,14,True,True,True,1791107211
2026-10-04T09:46:56+00:00,454,2,20,True,True,True,1791107211
2026-10-04T09:46:56+00:00,436,1,11,True,True,True,1791107211
2026-10-04T09:46:56+00:00,394,0,18,True,True,True,1791107211
2026-10-04T09:46:56+00:00,497,14,13,True,True,True,1791107211
2026-10-04T09:46:56+00:00,581,5,18,True,True,True,1791107211
2026-10-04T09:46:56+00:00,461,3,15,True,True,True,1791107211
2026-10-04T09:46:56+00:00,599,30,15,True,True,True,1791107211
2026-10-04T09:46:56+00:00,428,5,18,True,True,True,1791107211
2026-10-04T09:46:56+00:00,400,4,20,True,True,True,1791107211
2026-10-04T09:46:56+00:00,487,0,21,True,True,True,1791107211
2026-10-04T09:46:56+00:00,438,24,15,True,True,True,1791107211
2026-10-04T09:46:56+00:00,459,1,11,True,True,True,1791107211
2026-10-04T09:46:56+00:00,433,0,17,True,True,True,1791107211
2026-10-04T09:46:56+00:00,399,4,26,True,True,True,1791107211
2026-10-04T09:46:56+00:00,489,13,14,True,True,True,1791107211
2026-10-04T09:46:56+00:00,742,17,10,True,True,True,1791107211
2026-10-04T09:46:56+00:00,551,25,5,True,True,True,1791107211
2026-10-04T09:46:56+00:00,406,9,2,True,True,True,1791107211
2026-10-04T09:46:56+00:00,488,1,21,True,True,True,1791107211
2026-10-04T09:46:56+00:00,540,15,18,True,True,True,1791107211
2026-10-04T09:46:56+00:00,431,1,19,True,True,True,1791107211
2026-10-04T09:46:56+00:00,393,5,15,True,True,True,1791107211
2026-10-04T09:46:56+00:00,420,13,4,True,True,True,1791107211
2026-10-04T09:46:56+00:00,397,1,27,True,True,True,1791107211
2026-10-04T09:46:56+00:00,390,18,11,True,True,True,1791107211
2026-10-04T09:46:56+00:00,449,11,13,True,True,True,1791107211
2026-10-04T09:46:56+00:00,430,9,33,True,True,True,1791107211
2026-10-04T09:46:56+00:00,484,11,23,True,True,True,1791107211
2026-10-04T09:46:56+00:00,479,9,21,True,True,True,1791107211
2026-10-04T09:46:56+00:00,403,0,14,True,True,True,1791107211
2026-10-04T09:46:56+00:00,435,2,28,True,True,True,1791107211
2026-10-04T09:46:56+00:00,426,9,11,True,True,True,1791107211
2026-10-04T09:46:56+00:00,450,7,7,True,True,True,1791107211
2026-10-04T09:46:56+00:00,456,18,15,True,True,True,1791107211
2026-10-04T09:46:56+00:00,468,14,1,True,True,True,1791107211
2026-10-04T09:46:56+00:00,453,24,9,True,True,True,1791107211
2026-10-04T09:46:56+00:00,466,1,14,True,True,True,1791107211
2026-10-04T09:46:56+00:00,469,3,27,True,True,True,1791107211
2026-10-04T09:46:56+00:00,416,2,13,True,True,True,1791107211
2026-10-04T09:46:56+00:00,391,1,12,True,True,True,1791107211
2026-10-04T09:46:56+00:00,389,2,13,True,True,True,1791107211
2026-10-04T09:46:56+00:00,470,2,12,True,True,True,1791107211
2026-10-04T09:46:56+00:00,384,11,4,True,True,True,1791107211
2026-10-04T09:46:56+00:00,425,1,6,True,True,True,1791107211
2026-10-04T09:46:56+00:00,411,4,7,True,True,True,1791107211
2026-10-04T09:46:56+00:00,598,11,22,True,True,True,1791107211
2026-10-04T09:46:56+00:00,444,16,2,True,True,True,1791107211
2026-10-04T09:46:56+00:00,447,7,23,True,True,True,1791107211
2026-10-04T09:46:56+00:00,408,9,4,True,True,True,1791107211
2026-10-04T09:46:56+00:00,737,23,0,True,True,True,1791107211
2026-10-04T09:46:56+00:00,432,2,9,True,True,True,1791107211
2026-10-04T09:46:56+00:00,401,5,0,True,True,True,1791107211
2026-10-04T09:46:56+00:00,452,3,25,True,True,True,1791107211
2026-10-04T09:46:56+00:00,392,3,4,True,True,True,1791107211
2026-10-04T09:46:56+00:00,481,10,32,True,True,True,1791107211
2026-10-04T09:46:56+00:00,495,19,22,True,True,True,1791107211
2026-10-04T09:46:56+00:00,478,9,4,True,True,True,1791107211
2026-10-04T09:46:56+00:00,414,2,9,True,True,True,1791107211
2026-10-04T09:46:56+00:00,476,16,3,True,True,True,1791107211
2026-10-04T09:46:56+00:00,445,7,11,True,True,True,1791107211
2026-10-04T09:46:56+00:00,748,9,18,True,True,True,1791107211
2026-10-04T09:46:56+00:00,473,1,6,True,True,True,1791107211
2026-10-04T09:46:56+00:00,383,1,24,True,True,True,1791107211
2026-10-04T09:46:56+00:00,480,23,1,True,True,True,1791107211
2026-10-04T09:46:56+00:00,421,5,15,True,True,True,1791107211
2026-10-04T09:46:56+00:00,746,9,2,True,True,True,1791107211
2026-10-04T09:46:56+00:00,417,0,12,True,True,True,1791107211
2026-10-04T09:46:56+00:00,427,4,10,True,True,True,1791107211
2026-10-04T09:46:56+00:00,395,5,9,True,True,True,1791107211
2026-10-04T09:46:56+00:00,418,8,19,True,True,True,1791107211
2026-10-04T09:46:56+00:00,413,3,9,True,True,True,1791107211
2026-10-04T09:46:56+00:00,486,7,15,True,True,True,1791107211
2026-10-04T09:46:56+00:00,597,12,3,True,True,True,1791107211
2026-10-04T09:46:56+00:00,422,2,9,True,True,True,1791107211
2026-10-04T09:46:56+00:00,382,0,7,True,True,True,1791107211
2026-10-04T09:46:56+00:00,396,15,6,True,True,True,1791107211
2026-10-04T09:46:56+00:00,735,13,0,True,True,True,1791107211
2026-10-04T09:46:56+00:00,437,8,16,True,True,True,1791107211
2026-10-04T09:46:56+00:00,446,3,19,True,True,True,1791107211
2026-10-04T09:46:56+00:00,424,1,5,True,True,True,1791107211
2026-10-04T09:46:56+00:00,455,12,0,True,True,True,1791107211
2026-10-04T09:46:56+00:00,457,0,10,True,True,True,1791107211
2026-10-04T09:46:56+00:00,377,6,23,True,True,True,1791107211
2026-10-04T09:46:56+00:00,738,8,4,True,True,True,1791107211
2026-10-04T09:46:56+00:00,460,5,24,True,True,True,1791107211
2026-10-04T09:46:56+00:00,744,5,4,True,True,True,1791107211
2026-10-04T09:46:56+00:00,485,5,14,True,True,True,1791107211
2026-10-04T10:01:56+00:00,6026,27,6,True,True,True,1791108109
2026-10-04T10:01:56+00:00,5431,2,19,True,True,True,1791108109
2026-10-04T10:01:56+00:00,5424,2,16,True,True,True,1791108109
2026-10-04T10:01:56+00:00,5220,0,19,True,True,True,1791108109
2026-10-04T10:01:56+00:00,5217,7,22,True,True,True,1791108109
2026-10-04T10:01:56+00:00,5113,11,4,True,True,True,1791108109
2026-10-04T10:01:56+00:00,4683,0,20,True,True,True,1791108109
2026-10-04T10:01:56+00:00,4552,4,14,True,True,True,1791108109
2026-10-04T10:01:56+00:00,3725,1,17,True,True,True,1791108109
2026-10-04T10:01:56+00:00,2358,3,9,True,True,True,1791108109
2026-10-04T10:01:56+00:00,2357,11,10,True,True,True,1791108109
2026-10-04T10:01:56+00:00,2355,0,12,True,True,True,1791108109
2026-10-04T10:01:56+00:00,2351,7,10,True,True,True,1791108109
2026-10-04T10:01:56+00:00,2350,16,7,True,True,True,1791108109
2026-10-04T10:01:56+00:00,2349,4,17,True,True,True,1791108109
2026-10-04T10:01:56+00:00,2347,7,23,True,True,True,1791108109
2026-10-04T10:01:56+00:00,2340,12,12,True,True,True,1791108109
2026-10-04T10:01:56+00:00,2339,17,11,True,True,True,1791108109
2026-10-04T10:01:56+00:00,2337,13,1,True,True,True,1791108109
2026-10-04T10:01:56+00:00,2334,1,10,True,True,True,1791108109
2026-10-04T10:01:56+00:00,2333,15,0,True,True,True,1791108109
2026-10-04T10:01:56+00:00,2332,1,8,True,True,True,1791108109
2026-10-04T10:01:56+00:00,2330,13,0,True,True,True,1791108109
2026-10-04T10:01:56+00:00,2329,14,0,True,True,True,1791108109
2026-10-04T10:01:56+00:00,2328,11,8,True,True,True,1791108109
2026-10-04T10:01:56+00:00,2315,9,9,True,True,True,1791108109
2026-10-04T10:01:56+00:00,2308,2,6,True,True,True,1791108109
2026-10-04T10:01:56+00:00,2307,9,20,True,True,True,1791108109
2026-10-04T10:01:56+00:00,2306,0,18,True,True,True,1791108109
2026-10-04T10:01:56+00:00,2305,7,7,True,True,True,1791108109
2026-10-04T10:01:56+00:00,2304,4,12,True,True,True,1791108109
2026-10-04T10:01:56+00:00,2280,6,6,True,True,True,1791108109
2026-10-04T10:01:56+00:00,2270,0,19,True,True,True,1791108109
2026-10-04T10:01:56+00:00,1919,2,4,True,True,True,1791108109
2026-10-04T10:01:56+00:00,1755,7,24,True,True,True,1791108109
2026-10-04T10:01:56+00:00,1101,6,17,True,True,True,1791108109
2026-10-04T10:01:56+00:00,1023,11,1,True,True,True,1791108109
2026-10-04T10:01:56+00:00,1009,2,8,True,True,True,1791108109
2026-10-04T10:01:56+00:00,970,4,20,True,True,True,1791108109
2026-10-04T10:01:56+00:00,787,12,0,True,True,True,1791108109
2026-10-04T10:01:56+00:00,627,3,27,True,True,True,1791108109
2026-10-04T10:01:56+00:00,623,18,1,True,True,True,1791108109
2026-10-04T10:01:56+00:00,624,0,18,True,True,True,1791108109
2026-10-04T10:01:56+00:00,626,3,19,True,True,True,1791108109
2026-10-04T10:01:56+00:00,614,2,20,True,True,True,1791108109
2026-10-04T10:01:56+00:00,616,15,0,True,True,True,1791108109
2026-10-04T10:01:56+00:00,618,8,34,True,True,True,1791108109
2026-10-04T10:01:56+00:00,621,5,21,True,True,True,1791108109
2026-10-04T10:01:56+00:00,622,2,26,True,True,True,1791108109
2026-10-04T10:01:56+00:00,613,1,15,True,True,True,1791108109
2026-10-04T10:01:56+00:00,620,20,19,True,True,True,1791108109
2026-10-04T10:01:56+00:00,596,2,15,True,True,True,1791108109
2026-10-04T10:01:56+00:00,617,7,12,True,True,True,1791108109
2026-10-04T10:01:56+00:00,609,6,21,True,True,True,1791108109
2026-10-04T10:01:56+00:00,607,4,25,True,True,True,1791108109
2026-10-04T10:01:56+00:00,603,10,7,True,True,True,1791108109
2026-10-04T10:01:56+00:00,590,3,34,True,True,True,1791108109
2026-10-04T10:01:56+00:00,610,3,16,True,True,True,1791108109
2026-10-04T10:01:56+00:00,608,1,17,True,True,True,1791108109
2026-10-04T10:01:56+00:00,593,10,19,True,True,True,1791108109
2026-10-04T10:01:56+00:00,530,6,3,True,True,True,1791108109
2026-10-04T10:01:56+00:00,463,16,1,True,True,True,1791108109
2026-10-04T10:01:56+00:00,475,21,2,True,True,True,1791108109
2026-10-04T10:01:56+00:00,439,12,12,True,True,True,1791108109
2026-10-04T10:01:56+00:00,600,9,0,True,True,True,1791108109
2026-10-04T10:01:56+00:00,440,5,10,True,True,True,1791108109
2026-10-04T10:01:56+00:00,612,2,16,True,True,True,1791108109
2026-10-04T10:01:56+00:00,491,15,3,True,True,True,1791108109
2026-10-04T10:01:56+00:00,493,17,9,True,True,True,1791108109
2026-10-04T10:01:56+00:00,410,5,20,True,True,True,1791108109
2026-10-04T10:01:56+00:00,605,5,13,True,True,True,1791108109
2026-10-04T10:01:56+00:00,388,12,4,True,True,True,1791108109
2026-10-04T10:01:56+00:00,591,20,2,True,True,True,1791108109
2026-10-04T10:01:56+00:00,592,1,17,True,True,True,1791108109
2026-10-04T10:01:56+00:00,585,0,0,True,True,True,1791108109
2026-10-04T10:01:56+00:00,565,0,18,True,True,True,1791108109
2026-10-04T10:01:56+00:00,571,15,3,True,True,True,1791108109
2026-10-04T10:01:56+00:00,568,2,13,True,True,True,1791108109
2026-10-04T10:01:56+00:00,588,5,14,True,True,True,1791108109
2026-10-04T10:01:56+00:00,584,0,34,True,True,True,1791108109
2026-10-04T10:01:56+00:00,569,10,19,True,True,True,1791108109
2026-10-04T10:01:56+00:00,577,7,22,True,True,True,1791108109
2026-10-04T10:01:56+00:00,564,1,28,True,True,True,1791108109
2026-10-04T10:01:56+00:00,570,1,14,True,True,True,1791108109
2026-10-04T10:01:56+00:00,572,9,30,True,True,True,1791108109
2026-10-04T10:01:56+00:00,586,9,16,True,True,True,1791108109
2026-10-04T10:01:56+00:00,576,11,6,True,True,True,1791108109
2026-10-04T10:01:56+00:00,566,24,0,True,True,True,1791108109
2026-10-04T10:01:56+00:00,602,6,12,True,True,True,1791108109
2026-10-04T10:01:56+00:00,575,6,23,True,True,True,1791108109
2026-10-04T10:01:56+00:00,567,20,18,True,True,True,1791108109
2026-10-04T10:01:56+00:00,582,10,14,True,True,True,1791108109
2026-10-04T10:01:56+00:00,595,20,3,True,True,True,1791108109
2026-10-04T10:01:56+00:00,542,11,7,True,True,True,1791108109
2026-10-04T10:01:56+00:00,563,6,10,True,True,True,1791108109
2026-10-04T10:01:56+00:00,558,6,9,True,True,True,1791108109
2026-10-04T10:01:56+00:00,552,9,9,True,True,True,1791108109
2026-10-04T10:01:56+00:00,555,0,13,True,True,True,1791108109
2026-10-04T10:01:56+00:00,573,4,20,True,True,True,1791108109
2026-10-04T10:01:56+00:00,561,7,15,True,True,True,1791108109
2026-10-04T10:01:56+00:00,615,7,14,True,True,True,1791108109
2026-10-04T10:01:56+00:00,543,1,18,True,True,True,1791108109
2026-10-04T10:01:56+00:00,554,2,17,True,True,True,1791108109
2026-10-04T10:01:56+00:00,574,11,0,True,True,True,1791108109
2026-10-04T10:01:56+00:00,560,1,7,True,True,True,1791108109
2026-10-04T10:01:56+00:00,548,2,15,True,True,True,1791108109
2026-10-04T10:01:56+00:00,559,4,13,True,True,True,1791108109
2026-10-04T10:01:56+00:00,545,23,15,True,True,True,1791108109
2026-10-04T10:01:56+00:00,550,2,7,True,True,True,1791108109
2026-10-04T10:01:56+00:00,541,7,3,True,True,True,1791108109
2026-10-04T10:01:56+00:00,527,10,0,True,True,True,1791108109
2026-10-04T10:01:56+00:00,529,8,13,True,True,True,1791108109
2026-10-04T10:01:56+00:00,526,9,5,True,True,True,1791108109
2026-10-04T10:01:56+00:00,537,16,3,True,True,True,1791108109
2026-10-04T10:01:56+00:00,547,17,10,True,True,True,1791108109
2026-10-04T10:01:56+00:00,601,3,15,True,True,True,1791108109
2026-10-04T10:01:56+00:00,533,3,9,True,True,True,1791108109
2026-10-04T10:01:56+00:00,535,0,25,True,True,True,1791108109
2026-10-04T10:01:56+00:00,524,5,15,True,True,True,1791108109
2026-10-04T10:01:56+00:00,519,5,16,True,True,True,1791108109
2026-10-04T10:01:56+00:00,534,11,28,True,True,True,1791108109
2026-10-04T10:01:56+00:00,521,3,10,True,True,True,1791108109
2026-10-04T10:01:56+00:00,518,0,18,True,True,True,1791108109
2026-10-04T10:01:56+00:00,556,0,18,True,True,True,1791108109
2026-10-04T10:01:56+00:00,525,0,14,True,True,True,1791108109
2026-10-04T10:01:56+00:00,517,1,16,True,True,True,1791108109
2026-10-04T10:01:56+00:00,523,11,19,True,True,True,1791108109
2026-10-04T10:01:56+00:00,522,4,5,True,True,True,1791108109
2026-10-04T10:01:56+00:00,594,5,12,True,True,True,1791108109
2026-10-04T10:01:56+00:00,532,5,15,True,True,True,1791108109
2026-10-04T10:01:56+00:00,509,8,3,True,True,True,1791108109
2026-10-04T10:01:56+00:00,531,7,10,True,True,True,1791108109
2026-10-04T10:01:56+00:00,536,0,9,True,True,True,1791108109
2026-10-04T10:01:56+00:00,562,19,20,True,True,True,1791108109
2026-10-04T10:01:56+00:00,511,6,17,True,True,True,1791108109
2026-10-04T10:01:56+00:00,505,0,21,True,True,True,1791108109
2026-10-04T10:01:56+00:00,501,1,17,True,True,True,1791108109
2026-10-04T10:01:56+00:00,514,1,11,True,True,True,1791108109
2026-10-04T10:01:56+00:00,500,8,9,True,True,True,1791108109
2026-10-04T10:01:56+00:00,503,7,21,True,True,True,1791108109
2026-10-04T10:01:56+00:00,513,2,13,True,True,True,1791108109
2026-10-04T10:01:56+00:00,498,0,12,True,True,True,1791108109
2026-10-04T10:01:56+00:00,507,14,4,True,True,True,1791108109
2026-10-04T10:01:56+00:00,512,3,24,True,True,True,1791108109
2026-10-04T10:01:56+00:00,619,21,21,True,True,True,1791108109
2026-10-04T10:01:56+00:00,474,30,12,True,True,True,1791108109
2026-10-04T10:01:56+00:00,580,13,32,True,True,True,1791108109
2026-10-04T10:01:56+00:00,496,21,22,True,True,True,1791108109
2026-10-04T10:01:56+00:00,482,1,16,True,True,True,1791108109
2026-10-04T10:01:56+00:00,407,1,12,True,True,True,1791108109
2026-10-04T10:01:56+00:00,409,4,21,True,True,True,1791108109
2026-10-04T10:01:56+00:00,451,1,18,True,True,True,1791108109
2026-10-04T10:01:56+00:00,402,8,11,True,True,True,1791108109
2026-10-04T10:01:56+00:00,516,2,12,True,True,True,1791108109
2026-10-04T10:01:56+00:00,625,9,31,True,True,True,1791108109
2026-10-04T10:01:56+00:00,429,6,15,True,True,True,1791108109
2026-10-04T10:01:56+00:00,380,0,23,True,True,True,1791108109
2026-10-04T10:01:56+00:00,583,6,12,True,True,True,1791108109
2026-10-04T10:01:56+00:00,398,7,10,True,True,True,1791108109
2026-10-04T10:01:56+00:00,381,14,1,True,True,True,1791108109
2026-10-04T10:01:56+00:00,464,15,28,True,True,True,1791108109
2026-10-04T10:01:56+00:00,442,15,1,True,True,True,1791108109
2026-10-04T10:01:56+00:00,483,10,10,True,True,True,1791108109
2026-10-04T10:01:56+00:00,458,1,13,True,True,True,1791108109
2026-10-04T10:01:56+00:00,499,3,12,True,True,True,1791108109
2026-10-04T10:01:56+00:00,472,10,8,True,True,True,1791108109
2026-10-04T10:01:56+00:00,506,7,17,True,True,True,1791108109
2026-10-04T10:01:56+00:00,465,12,16,True,True,True,1791108109
2026-10-04T10:01:56+00:00,611,16,21,True,True,True,1791108109
2026-10-04T10:01:56+00:00,404,11,15,True,True,True,1791108109
2026-10-04T10:01:56+00:00,579,0,17,True,True,True,1791108109
2026-10-04T10:01:56+00:00,589,2,24,True,True,True,1791108109
2026-10-04T10:01:56+00:00,434,8,12,True,True,True,1791108109
2026-10-04T10:01:56+00:00,462,2,12,True,True,True,1791108109
2026-10-04T10:01:56+00:00,578,1,21,True,True,True,1791108109
2026-10-04T10:01:56+00:00,415,0,12,True,True,True,1791108109
2026-10-04T10:01:56+00:00,423,20,0,True,True,True,1791108109
2026-10-04T10:01:56+00:00,412,6,1,True,True,True,1791108109
2026-10-04T10:01:56+00:00,387,11,3,True,True,True,1791108109
2026-10-04T10:01:56+00:00,441,2,13,True,True,True,1791108109
2026-10-04T10:01:56+00:00,454,2,20,True,True,True,1791108109
2026-10-04T10:01:56+00:00,436,1,11,True,True,True,1791108109
2026-10-04T10:01:56+00:00,394,0,18,True,True,True,1791108109
2026-10-04T10:01:56+00:00,497,14,13,True,True,True,1791108109
2026-10-04T10:01:56+00:00,581,4,19,True,True,True,1791108109
2026-10-04T10:01:56+00:00,461,2,16,True,True,True,1791108109
2026-10-04T10:01:56+00:00,599,16,29,True,True,True,1791108109
2026-10-04T10:01:56+00:00,428,5,18,True,True,True,1791108109
2026-10-04T10:01:56+00:00,400,4,20,True,True,True,1791108109
2026-10-04T10:01:56+00:00,487,0,21,True,True,True,1791108109
2026-10-04T10:01:56+00:00,438,24,15,True,True,True,1791108109
2026-10-04T10:01:56+00:00,459,1,11,True,True,True,1791108109
2026-10-04T10:01:56+00:00,433,0,17,True,True,True,1791108109
2026-10-04T10:01:56+00:00,399,3,27,True,True,True,1791108109
2026-10-04T10:01:56+00:00,489,13,14,True,True,True,1791108109
2026-10-04T10:01:56+00:00,742,17,10,True,True,True,1791108109
2026-10-04T10:01:56+00:00,551,26,5,True,True,True,1791108109
2026-10-04T10:01:56+00:00,406,8,3,True,True,True,1791108109
2026-10-04T10:01:56+00:00,488,1,21,True,True,True,1791108109
2026-10-04T10:01:56+00:00,540,15,19,True,True,True,1791108109
2026-10-04T10:01:56+00:00,431,1,19,True,True,True,1791108109
2026-10-04T10:01:56+00:00,393,5,15,True,True,True,1791108109
2026-10-04T10:01:56+00:00,420,12,5,True,True,True,1791108109
2026-10-04T10:01:56+00:00,397,1,27,True,True,True,1791108109
2026-10-04T10:01:56+00:00,390,18,11,True,True,True,1791108109
2026-10-04T10:01:56+00:00,449,11,13,True,True,True,1791108109
2026-10-04T10:01:56+00:00,430,9,33,True,True,True,1791108109
2026-10-04T10:01:56+00:00,484,11,23,True,True,True,1791108109
2026-10-04T10:01:56+00:00,479,9,21,True,True,True,1791108109
2026-10-04T10:01:56+00:00,403,0,14,True,True,True,1791108109
2026-10-04T10:01:56+00:00,435,2,28,True,True,True,1791108109
2026-10-04T10:01:56+00:00,426,8,11,True,True,True,1791108109
2026-10-04T10:01:56+00:00,450,7,7,True,True,True,1791108109
2026-10-04T10:01:56+00:00,456,18,15,True,True,True,1791108109
2026-10-04T10:01:56+00:00,468,14,1,True,True,True,1791108109
2026-10-04T10:01:56+00:00,453,26,7,True,True,True,1791108109
2026-10-04T10:01:56+00:00,466,1,14,True,True,True,1791108109
2026-10-04T10:01:56+00:00,469,2,28,True,True,True,1791108109
2026-10-04T10:01:56+00:00,416,2,13,True,True,True,1791108109
2026-10-04T10:01:56+00:00,391,1,12,True,True,True,1791108109
2026-10-04T10:01:56+00:00,389,2,13,True,True,True,1791108109
2026-10-04T10:01:56+00:00,470,3,11,True,True,True,1791108109
2026-10-04T10:01:56+00:00,384,11,4,True,True,True,1791108109
2026-10-04T10:01:56+00:00,425,0,7,True,True,True,1791108109
2026-10-04T10:01:56+00:00,411,4,7,True,True,True,1791108109
2026-10-04T10:01:56+00:00,598,11,22,True,True,True,1791108109
2026-10-04T10:01:56+00:00,444,16,2,True,True,True,1791108109
2026-10-04T10:01:56+00:00,447,8,22,True,True,True,1791108109
2026-10-04T10:01:56+00:00,408,8,5,True,True,True,1791108109
2026-10-04T10:01:56+00:00,737,22,1,True,True,True,1791108109
2026-10-04T10:01:56+00:00,432,0,11,True,True,True,1791108109
2026-10-04T10:01:56+00:00,401,5,0,True,True,True,1791108109
2026-10-04T10:01:56+00:00,452,3,25,True,True,True,1791108109
2026-10-04T10:01:56+00:00,392,3,4,True,True,True,1791108109
2026-10-04T10:01:56+00:00,481,10,32,True,True,True,1791108109
2026-10-04T10:01:56+00:00,495,19,22,True,True,True,1791108109
2026-10-04T10:01:56+00:00,478,11,2,True,True,True,1791108109
2026-10-04T10:01:56+00:00,414,2,9,True,True,True,1791108109
2026-10-04T10:01:56+00:00,476,16,3,True,True,True,1791108109
2026-10-04T10:01:56+00:00,445,7,11,True,True,True,1791108109
2026-10-04T10:01:56+00:00,748,9,18,True,True,True,1791108109
2026-10-04T10:01:56+00:00,473,1,6,True,True,True,1791108109
2026-10-04T10:01:56+00:00,383,0,25,True,True,True,1791108109
2026-10-04T10:01:56+00:00,480,22,2,True,True,True,1791108109
2026-10-04T10:01:56+00:00,421,6,13,True,True,True,1791108109
2026-10-04T10:01:56+00:00,746,9,2,True,True,True,1791108109
2026-10-04T10:01:56+00:00,417,0,12,True,True,True,1791108109
2026-10-04T10:01:56+00:00,427,4,10,True,True,True,1791108109
2026-10-04T10:01:56+00:00,395,5,9,True,True,True,1791108109
2026-10-04T10:01:56+00:00,418,8,19,True,True,True,1791108109
2026-10-04T10:01:56+00:00,413,3,9,True,True,True,1791108109
2026-10-04T10:01:56+00:00,486,7,15,True,True,True,1791108109
2026-10-04T10:01:56+00:00,597,13,2,True,True,True,1791108109
2026-10-04T10:01:56+00:00,422,2,9,True,True,True,1791108109
2026-10-04T10:01:56+00:00,382,0,7,True,True,True,1791108109
2026-10-04T10:01:56+00:00,396,3,18,True,True,True,1791108109
2026-10-04T10:01:56+00:00,735,10,2,True,True,True,1791108109
2026-10-04T10:01:56+00:00,437,8,16,True,True,True,1791108109
2026-10-04T10:01:56+00:00,446,3,19,True,True,True,1791108109
2026-10-04T10:01:56+00:00,424,0,6,True,True,True,1791108109
2026-10-04T10:01:56+00:00,455,12,0,True,True,True,1791108109
2026-10-04T10:01:56+00:00,457,0,10,True,True,True,1791108109
2026-10-04T10:01:56+00:00,377,6,23,True,True,True,1791108109
2026-10-04T10:01:56+00:00,738,7,5,True,True,True,1791108109
2026-10-04T10:01:56+00:00,460,5,24,True,True,True,1791108109
2026-10-04T10:01:56+00:00,744,5,4,True,True,True,1791108109
2026-10-04T10:01:56+00:00,485,5,14,True,True,True,1791108109
2026-10-04T10:16:56+00:00,6026,27,6,True,True,True,1791109007
2026-10-04T10:16:56+00:00,5431,2,19,True,True,True,1791109007
2026-10-04T10:16:56+00:00,5424,2,16,True,True,True,1791109007
2026-10-04T10:16:56+00:00,5220,0,19,True,True,True,1791109007
2026-10-04T10:16:56+00:00,5217,7,22,True,True,True,1791109007
2026-10-04T10:16:56+00:00,5113,11,4,True,True,True,1791109007
2026-10-04T10:16:56+00:00,4683,0,20,True,True,True,1791109007
2026-10-04T10:16:56+00:00,4552,4,14,True,True,True,1791109007
2026-10-04T10:16:56+00:00,3725,1,17,True,True,True,1791109007
2026-10-04T10:16:56+00:00,2358,3,9,True,True,True,1791109007
2026-10-04T10:16:56+00:00,2357,12,9,True,True,True,1791109007
2026-10-04T10:16:56+00:00,2355,0,12,True,True,True,1791109007
2026-10-04T10:16:56+00:00,2351,6,11,True,True,True,1791109007
2026-10-04T10:16:56+00:00,2350,16,7,True,True,True,1791109007
2026-10-04T10:16:56+00:00,2349,4,17,True,True,True,1791109007
2026-10-04T10:16:56+00:00,2347,7,23,True,True,True,1791109007
2026-10-04T10:16:56+00:00,2340,12,12,True,True,True,1791109007
2026-10-04T10:16:56+00:00,2339,17,11,True,True,True,1791109007
2026-10-04T10:16:56+00:00,2337,13,1,True,True,True,1791109007
2026-10-04T10:16:56+00:00,2334,1,10,True,True,True,1791109007
2026-10-04T10:16:56+00:00,2333,15,0,True,True,True,1791109007
2026-10-04T10:16:56+00:00,2332,1,8,True,True,True,1791109007
2026-10-04T10:16:56+00:00,2330,13,0,True,True,True,1791109007
2026-10-04T10:16:56+00:00,2329,14,0,True,True,True,1791109007
2026-10-04T10:16:56+00:00,2328,11,8,True,True,True,1791109007
2026-10-04T10:16:56+00:00,2315,10,8,True,True,True,1791109007
2026-10-04T10:16:56+00:00,2308,2,6,True,True,True,1791109007
2026-10-04T10:16:56+00:00,2307,9,20,True,True,True,1791109007
2026-10-04T10:16:56+00:00,2306,0,18,True,True,True,1791109007
2026-10-04T10:16:56+00:00,2305,7,7,True,True,True,1791109007
2026-10-04T10:16:56+00:00,2304,4,12,True,True,True,1791109007
2026-10-04T10:16:56+00:00,2280,6,6,True,True,True,1791109007
2026-10-04T10:16:56+00:00,2270,0,19,True,True,True,1791109007
2026-10-04T10:16:56+00:00,1919,2,4,True,True,True,1791109007
2026-10-04T10:16:56+00:00,1755,8,23,True,True,True,1791109007
2026-10-04T10:16:56+00:00,1101,6,17,True,True,True,1791109007
2026-10-04T10:16:56+00:00,1023,10,2,True,True,True,1791109007
2026-10-04T10:16:56+00:00,1009,2,8,True,True,True,1791109007
2026-10-04T10:16:56+00:00,970,4,20,True,True,True,1791109007
2026-10-04T10:16:56+00:00,787,12,0,True,True,True,1791109007
2026-10-04T10:16:56+00:00,627,3,27,True,True,True,1791109007
2026-10-04T10:16:56+00:00,623,19,0,True,True,True,1791109007
2026-10-04T10:16:56+00:00,624,0,18,True,True,True,1791109007
2026-10-04T10:16:56+00:00,626,3,19,True,True,True,1791109007
2026-10-04T10:16:56+00:00,614,2,20,True,True,True,1791109007
2026-10-04T10:16:56+00:00,616,15,0,True,True,True,1791109007
2026-10-04T10:16:56+00:00,618,8,34,True,True,True,1791109007
2026-10-04T10:16:56+00:00,621,5,21,True,True,True,1791109007
2026-10-04T10:16:56+00:00,622,2,26,True,True,True,1791109007
2026-10-04T10:16:56+00:00,613,1,15,True,True,True,1791109007
2026-10-04T10:16:56+00:00,620,20,19,True,True,True,1791109007
2026-10-04T10:16:56+00:00,596,2,15,True,True,True,1791109007
2026-10-04T10:16:56+00:00,617,7,12,True,True,True,1791109007
2026-10-04T10:16:56+00:00,609,6,21,True,True,True,1791109007
2026-10-04T10:16:56+00:00,607,4,25,True,True,True,1791109007
2026-10-04T10:16:56+00:00,603,10,7,True,True,True,1791109007
2026-10-04T10:16:56+00:00,590,3,34,True,True,True,1791109007
2026-10-04T10:16:56+00:00,610,3,16,True,True,True,1791109007
2026-10-04T10:16:56+00:00,608,1,17,True,True,True,1791109007
2026-10-04T10:16:56+00:00,593,8,21,True,True,True,1791109007
2026-10-04T10:16:56+00:00,530,6,3,True,True,True,1791109007
2026-10-04T10:16:56+00:00,463,15,1,True,True,True,1791109007
2026-10-04T10:16:56+00:00,475,21,2,True,True,True,1791109007
2026-10-04T10:16:56+00:00,439,13,11,True,True,True,1791109007
2026-10-04T10:16:56+00:00,600,9,0,True,True,True,1791109007
2026-10-04T10:16:56+00:00,440,5,10,True,True,True,1791109007
2026-10-04T10:16:56+00:00,612,2,16,True,True,True,1791109007
2026-10-04T10:16:56+00:00,491,15,3,True,True,True,1791109007
2026-10-04T10:16:56+00:00,493,17,9,True,True,True,1791109007
2026-10-04T10:16:56+00:00,410,5,20,True,True,True,1791109007
2026-10-04T10:16:56+00:00,605,4,14,True,True,True,1791109007
2026-10-04T10:16:56+00:00,388,12,4,True,True,True,1791109007
2026-10-04T10:16:56+00:00,591,21,2,True,True,True,1791109007
2026-10-04T10:16:56+00:00,592,1,17,True,True,True,1791109007
2026-10-04T10:16:56+00:00,585,0,0,True,True,True,1791109007
2026-10-04T10:16:56+00:00,565,0,18,True,True,True,1791109007
2026-10-04T10:16:56+00:00,571,15,3,True,True,True,1791109007
2026-10-04T10:16:56+00:00,568,2,13,True,True,True,1791109007
2026-10-04T10:16:56+00:00,588,7,12,True,True,True,1791109007
2026-10-04T10:16:56+00:00,584,0,34,True,True,True,1791109007
2026-10-04T10:16:56+00:00,569,10,19,True,True,True,1791109007
2026-10-04T10:16:56+00:00,577,7,22,True,True,True,1791109007
2026-10-04T10:16:56+00:00,564,1,28,True,True,True,1791109007
2026-10-04T10:16:56+00:00,570,1,14,True,True,True,1791109007
2026-10-04T10:16:56+00:00,572,10,29,True,True,True,1791109007
2026-10-04T10:16:56+00:00,586,10,15,True,True,True,1791109007
2026-10-04T10:16:56+00:00,576,11,6,True,True,True,1791109007
2026-10-04T10:16:56+00:00,566,24,0,True,True,True,1791109007
2026-10-04T10:16:56+00:00,602,6,12,True,True,True,1791109007
2026-10-04T10:16:56+00:00,575,6,23,True,True,True,1791109007
2026-10-04T10:16:56+00:00,567,20,18,True,True,True,1791109007
2026-10-04T10:16:56+00:00,582,10,14,True,True,True,1791109007
2026-10-04T10:16:56+00:00,595,20,3,True,True,True,1791109007
2026-10-04T10:16:56+00:00,542,11,7,True,True,True,1791109007
2026-10-04T10:16:56+00:00,563,7,9,True,True,True,1791109007
2026-10-04T10:16:56+00:00,558,6,9,True,True,True,1791109007
2026-10-04T10:16:56+00:00,552,9,9,True,True,True,1791109007
2026-10-04T10:16:56+00:00,555,0,13,True,True,True,1791109007
2026-10-04T10:16:56+00:00,573,4,20,True,True,True,1791109007
2026-10-04T10:16:56+00:00,561,7,15,True,True,True,1791109007
2026-10-04T10:16:56+00:00,615,6,15,True,True,True,1791109007
2026-10-04T10:16:56+00:00,543,1,18,True,True,True,1791109007
2026-10-04T10:16:56+00:00,554,2,17,True,True,True,1791109007
2026-10-04T10:16:56+00:00,574,10,1,True,True,True,1791109007
2026-10-04T10:16:56+00:00,560,1,7,True,True,True,1791109007
2026-10-04T10:16:56+00:00,548,2,15,True,True,True,1791109007
2026-10-04T10:16:56+00:00,559,4,13,True,True,True,1791109007
2026-10-04T10:16:56+00:00,545,23,15,True,True,True,1791109007
2026-10-04T10:16:56+00:00,550,2,7,True,True,True,1791109007
2026-10-04T10:16:56+00:00,541,7,3,True,True,True,1791109007
2026-10-04T10:16:56+00:00,527,10,0,True,True,True,1791109007
2026-10-04T10:16:56+00:00,529,8,13,True,True,True,1791109007
2026-10-04T10:16:56+00:00,526,9,5,True,True,True,1791109007
2026-10-04T10:16:56+00:00,537,15,4,True,True,True,1791109007
2026-10-04T10:16:56+00:00,547,17,10,True,True,True,1791109007
2026-10-04T10:16:56+00:00,601,3,15,True,True,True,1791109007
2026-10-04T10:16:56+00:00,533,3,9,True,True,True,1791109007
2026-10-04T10:16:56+00:00,535,0,25,True,True,True,1791109007
2026-10-04T10:16:56+00:00,524,5,15,True,True,True,1791109007
2026-10-04T10:16:56+00:00,519,5,16,True,True,True,1791109007
2026-10-04T10:16:56+00:00,534,11,28,True,True,True,1791109007
2026-10-04T10:16:56+00:00,521,2,11,True,True,True,1791109007
2026-10-04T10:16:56+00:00,518,0,18,True,True,True,1791109007
2026-10-04T10:16:56+00:00,556,0,18,True,True,True,1791109007
2026-10-04T10:16:56+00:00,525,0,14,True,True,True,1791109007
2026-10-04T10:16:56+00:00,517,1,16,True,True,True,1791109007
2026-10-04T10:16:56+00:00,523,11,19,True,True,True,1791109007
2026-10-04T10:16:56+00:00,522,5,4,True,True,True,1791109007
2026-10-04T10:16:56+00:00,594,5,12,True,True,True,1791109007
2026-10-04T10:16:56+00:00,532,5,15,True,True,True,1791109007
2026-10-04T10:16:56+00:00,509,8,3,True,True,True,1791109007
2026-10-04T10:16:56+00:00,531,7,10,True,True,True,1791109007
2026-10-04T10:16:56+00:00,536,0,9,True,True,True,1791109007
2026-10-04T10:16:56+00:00,562,19,20,True,True,True,1791109007
2026-10-04T10:16:56+00:00,511,6,17,True,True,True,1791109007
2026-10-04T10:16:56+00:00,505,0,21,True,True,True,1791109007
2026-10-04T10:16:56+00:00,501,1,17,True,True,True,1791109007
2026-10-04T10:16:56+00:00,514,0,12,True,True,True,1791109007
2026-10-04T10:16:56+00:00,500,8,9,True,True,True,1791109007
2026-10-04T10:16:56+00:00,503,5,23,True,True,True,1791109007
2026-10-04T10:16:56+00:00,513,2,13,True,True,True,1791109007
2026-10-04T10:16:56+00:00,498,0,12,True,True,True,1791109007
2026-10-04T10:16:56+00:00,507,15,3,True,True,True,1791109007
2026-10-04T10:16:56+00:00,512,3,24,True,True,True,1791109007
2026-10-04T10:16:56+00:00,619,21,21,True,True,True,1791109007
2026-10-04T10:16:56+00:00,474,30,12,True,True,True,1791109007
2026-10-04T10:16:56+00:00,580,13,32,True,True,True,1791109007
2026-10-04T10:16:56+00:00,496,21,22,True,True,True,1791109007
2026-10-04T10:16:56+00:00,482,1,16,True,True,True,1791109007
2026-10-04T10:16:56+00:00,407,1,11,True,True,True,1791109007
2026-10-04T10:16:56+00:00,409,4,21,True,True,True,1791109007
2026-10-04T10:16:56+00:00,451,1,18,True,True,True,1791109007
2026-10-04T10:16:56+00:00,402,8,11,True,True,True,1791109007
2026-10-04T10:16:56+00:00,516,2,12,True,True,True,1791109007
2026-10-04T10:16:56+00:00,625,9,31,True,True,True,1791109007
2026-10-04T10:16:56+00:00,429,6,15,True,True,True,1791109007
2026-10-04T10:16:56+00:00,380,0,23,True,True,True,1791109007
2026-10-04T10:16:56+00:00,583,6,12,True,True,True,1791109007
2026-10-04T10:16:56+00:00,398,7,10,True,True,True,1791109007
2026-10-04T10:16:56+00:00,381,14,1,True,True,True,1791109007
2026-10-04T10:16:56+00:00,464,15,28,True,True,True,1791109007
2026-10-04T10:16:56+00:00,442,14,2,True,True,True,1791109007
2026-10-04T10:16:56+00:00,483,11,9,True,True,True,1791109007
2026-10-04T10:16:56+00:00,458,2,12,True,True,True,1791109007
2026-10-04T10:16:56+00:00,499,3,12,True,True,True,1791109007
2026-10-04T10:16:56+00:00,472,9,10,True,True,True,1791109007
2026-10-04T10:16:56+00:00,506,7,17,True,True,True,1791109007
2026-10-04T10:16:56+00:00,465,12,16,True,True,True,1791109007
2026-10-04T10:16:56+00:00,611,16,21,True,True,True,1791109007
2026-10-04T10:16:56+00:00,404,11,15,True,True,True,1791109007
2026-10-04T10:16:56+00:00,579,0,17,True,True,True,1791109007
2026-10-04T10:16:56+00:00,589,2,24,True,True,True,1791109007
2026-10-04T10:16:56+00:00,434,8,12,True,True,True,1791109007
2026-10-04T10:16:56+00:00,462,3,11,True,True,True,1791109007
2026-10-04T10:16:56+00:00,578,0,22,True,True,True,1791109007
2026-10-04T10:16:56+00:00,415,0,12,True,True,True,1791109007
2026-10-04T10:16:56+00:00,423,20,0,True,True,True,1791109007
2026-10-04T10:16:56+00:00,412,6,1,True,True,True,1791109007
2026-10-04T10:16:56+00:00,387,11,3,True,True,True,1791109007
2026-10-04T10:16:56+00:00,441,2,13,True,True,True,1791109007
2026-10-04T10:16:56+00:00,454,2,20,True,True,True,1791109007
2026-10-04T10:16:56+00:00,436,1,11,True,True,True,1791109007
2026-10-04T10:16:56+00:00,394,0,18,True,True,True,1791109007
2026-10-04T10:16:56+00:00,497,14,13,True,True,True,1791109007
2026-10-04T10:16:56+00:00,581,4,19,True,True,True,1791109007
2026-10-04T10:16:56+00:00,461,2,16,True,True,True,1791109007
2026-10-04T10:16:56+00:00,599,20,25,True,True,True,1791109007
2026-10-04T10:16:56+00:00,428,5,18,True,True,True,1791109007
2026-10-04T10:16:56+00:00,400,4,20,True,True,True,1791109007
2026-10-04T10:16:56+00:00,487,0,21,True,True,True,1791109007
2026-10-04T10:16:56+00:00,438,24,15,True,True,True,1791109007
2026-10-04T10:16:56+00:00,459,1,11,True,True,True,1791109007
2026-10-04T10:16:56+00:00,433,1,16,True,True,True,1791109007
2026-10-04T10:16:56+00:00,399,3,27,True,True,True,1791109007
2026-10-04T10:16:56+00:00,489,12,15,True,True,True,1791109007
2026-10-04T10:16:56+00:00,742,16,11,True,True,True,1791109007
2026-10-04T10:16:56+00:00,551,26,5,True,True,True,1791109007
2026-10-04T10:16:56+00:00,406,8,3,True,True,True,1791109007
2026-10-04T10:16:56+00:00,488,1,21,True,True,True,1791109007
2026-10-04T10:16:56+00:00,540,15,19,True,True,True,1791109007
2026-10-04T10:16:56+00:00,431,1,19,True,True,True,1791109007
2026-10-04T10:16:56+00:00,393,5,15,True,True,True,1791109007
2026-10-04T10:16:56+00:00,420,12,5,True,True,True,1791109007
2026-10-04T10:16:56+00:00,397,1,27,True,True,True,1791109007
2026-10-04T10:16:56+00:00,390,18,11,True,True,True,1791109007
2026-10-04T10:16:56+00:00,449,11,13,True,True,True,1791109007
2026-10-04T10:16:56+00:00,430,9,33,True,True,True,1791109007
2026-10-04T10:16:56+00:00,484,11,23,True,True,True,1791109007
2026-10-04T10:16:56+00:00,479,8,22,True,True,True,1791109007
2026-10-04T10:16:56+00:00,403,0,14,True,True,True,1791109007
2026-10-04T10:16:56+00:00,435,3,27,True,True,True,1791109007
2026-10-04T10:16:56+00:00,426,8,12,True,True,True,1791109007
2026-10-04T10:16:56+00:00,450,6,8,True,True,True,1791109007
2026-10-04T10:16:56+00:00,456,18,14,True,True,True,1791109007
2026-10-04T10:16:56+00:00,468,13,2,True,True,True,1791109007
2026-10-04T10:16:56+00:00,453,26,7,True,True,True,1791109007
2026-10-04T10:16:56+00:00,466,1,14,True,True,True,1791109007
2026-10-04T10:16:56+00:00,469,2,28,True,True,True,1791109007
2026-10-04T10:16:56+00:00,416,2,13,True,True,True,1791109007
2026-10-04T10:16:56+00:00,391,1,12,True,True,True,1791109007
2026-10-04T10:16:56+00:00,389,2,12,True,True,True,1791109007
2026-10-04T10:16:56+00:00,470,3,11,True,True,True,1791109007
2026-10-04T10:16:56+00:00,384,10,5,True,True,True,1791109007
2026-10-04T10:16:56+00:00,425,0,7,True,True,True,1791109007
2026-10-04T10:16:56+00:00,411,4,7,True,True,True,1791109007
2026-10-04T10:16:56+00:00,598,11,22,True,True,True,1791109007
2026-10-04T10:16:56+00:00,444,16,2,True,True,True,1791109007
2026-10-04T10:16:56+00:00,447,8,22,True,True,True,1791109007
2026-10-04T10:16:56+00:00,408,9,4,True,True,True,1791109007
2026-10-04T10:16:56+00:00,737,23,0,True,True,True,1791109007
2026-10-04T10:16:56+00:00,432,0,11,True,True,True,1791109007
2026-10-04T10:16:56+00:00,401,4,1,True,True,True,1791109007
2026-10-04T10:16:56+00:00,452,3,25,True,True,True,1791109007
2026-10-04T10:16:56+00:00,392,3,4,True,True,True,1791109007
2026-10-04T10:16:56+00:00,481,10,32,True,True,True,1791109007
2026-10-04T10:16:56+00:00,495,21,20,True,True,True,1791109007
2026-10-04T10:16:56+00:00,478,11,2,True,True,True,1791109007
2026-10-04T10:16:56+00:00,414,2,9,True,True,True,1791109007
2026-10-04T10:16:56+00:00,476,16,3,True,True,True,1791109007
2026-10-04T10:16:56+00:00,445,7,11,True,True,True,1791109007
2026-10-04T10:16:56+00:00,748,9,18,True,True,True,1791109007
2026-10-04T10:16:56+00:00,473,1,6,True,True,True,1791109007
2026-10-04T10:16:56+00:00,383,0,25,True,True,True,1791109007
2026-10-04T10:16:56+00:00,480,22,2,True,True,True,1791109007
2026-10-04T10:16:56+00:00,421,8,11,True,True,True,1791109007
2026-10-04T10:16:56+00:00,746,9,2,True,True,True,1791109007
2026-10-04T10:16:56+00:00,417,0,12,True,True,True,1791109007
2026-10-04T10:16:56+00:00,427,3,11,True,True,True,1791109007
2026-10-04T10:16:56+00:00,395,5,9,True,True,True,1791109007
2026-10-04T10:16:56+00:00,418,6,21,True,True,True,1791109007
2026-10-04T10:16:56+00:00,413,3,9,True,True,True,1791109007
2026-10-04T10:16:56+00:00,486,8,14,True,True,True,1791109007
2026-10-04T10:16:56+00:00,597,13,2,True,True,True,1791109007
2026-10-04T10:16:56+00:00,422,2,9,True,True,True,1791109007
2026-10-04T10:16:56+00:00,382,0,7,True,True,True,1791109007
2026-10-04T10:16:56+00:00,396,3,18,True,True,True,1791109007
2026-10-04T10:16:56+00:00,735,9,4,True,True,True,1791109007
2026-10-04T10:16:56+00:00,437,8,16,True,True,True,1791109007
2026-10-04T10:16:56+00:00,446,3,19,True,True,True,1791109007
2026-10-04T10:16:56+00:00,424,0,6,True,True,True,1791109007
2026-10-04T10:16:56+00:00,455,12,0,True,True,True,1791109007
2026-10-04T10:16:56+00:00,457,0,10,True,True,True,1791109007
2026-10-04T10:16:56+00:00,377,6,23,True,True,True,1791109007
2026-10-04T10:16:56+00:00,738,7,5,True,True,True,1791109007
2026-10-04T10:16:56+00:00,460,5,24,True,True,True,1791109007
2026-10-04T10:16:56+00:00,744,4,5,True,True,True,1791109007
2026-10-04T10:16:56+00:00,485,5,14,True,True,True,1791109007
2026-10-04T10:31:56+00:00,6026,27,6,True,True,True,1791109902
2026-10-04T10:31:56+00:00,5431,2,19,True,True,True,1791109902
2026-10-04T10:31:56+00:00,5424,2,16,True,True,True,1791109902
2026-10-04T10:31:56+00:00,5220,0,19,True,True,True,1791109902
2026-10-04T10:31:56+00:00,5217,8,21,True,True,True,1791109902
2026-10-04T10:31:56+00:00,5113,11,4,True,True,True,1791109902
2026-10-04T10:31:56+00:00,4683,0,20,True,True,True,1791109902
2026-10-04T10:31:56+00:00,4552,4,14,True,True,True,1791109902
2026-10-04T10:31:56+00:00,3725,1,17,True,True,True,1791109902
2026-10-04T10:31:56+00:00,2358,2,10,True,True,True,1791109902
2026-10-04T10:31:56+00:00,2357,12,9,True,True,True,1791109902
2026-10-04T10:31:56+00:00,2355,0,12,True,True,True,1791109902
2026-10-04T10:31:56+00:00,2351,6,11,True,True,True,1791109902
2026-10-04T10:31:56+00:00,2350,16,7,True,True,True,1791109902
2026-10-04T10:31:56+00:00,2349,4,17,True,True,True,1791109902
2026-10-04T10:31:56+00:00,2347,7,23,True,True,True,1791109902
2026-10-04T10:31:56+00:00,2340,12,12,True,True,True,1791109902
2026-10-04T10:31:56+00:00,2339,17,11,True,True,True,1791109902
2026-10-04T10:31:56+00:00,2337,13,1,True,True,True,1791109902
2026-10-04T10:31:56+00:00,2334,1,10,True,True,True,1791109902
2026-10-04T10:31:56+00:00,2333,15,0,True,True,True,1791109902
2026-10-04T10:31:56+00:00,2332,1,8,True,True,True,1791109902
2026-10-04T10:31:56+00:00,2330,13,0,True,True,True,1791109902
2026-10-04T10:31:56+00:00,2329,14,0,True,True,True,1791109902
2026-10-04T10:31:56+00:00,2328,11,8,True,True,True,1791109902
2026-10-04T10:31:56+00:00,2315,11,7,True,True,True,1791109902
2026-10-04T10:31:56+00:00,2308,3,5,True,True,True,1791109902
2026-10-04T10:31:56+00:00,2307,8,21,True,True,True,1791109902
2026-10-04T10:31:56+00:00,2306,12,6,True,True,True,1791109902
2026-10-04T10:31:56+00:00,2305,7,7,True,True,True,1791109902
2026-10-04T10:31:56+00:00,2304,4,12,True,True,True,1791109902
2026-10-04T10:31:56+00:00,2280,6,6,True,True,True,1791109902
2026-10-04T10:31:56+00:00,2270,0,19,True,True,True,1791109902
2026-10-04T10:31:56+00:00,1919,2,4,True,True,True,1791109902
2026-10-04T10:31:56+00:00,1755,8,23,True,True,True,1791109902
2026-10-04T10:31:56+00:00,1101,6,17,True,True,True,1791109902
2026-10-04T10:31:56+00:00,1023,11,1,True,True,True,1791109902
2026-10-04T10:31:56+00:00,1009,2,8,True,True,True,1791109902
2026-10-04T10:31:56+00:00,970,5,19,True,True,True,1791109902
2026-10-04T10:31:56+00:00,787,12,0,True,True,True,1791109902
2026-10-04T10:31:56+00:00,627,3,27,True,True,True,1791109902
2026-10-04T10:31:56+00:00,623,19,0,True,True,True,1791109902
2026-10-04T10:31:56+00:00,624,0,18,True,True,True,1791109902
2026-10-04T10:31:56+00:00,626,3,19,True,True,True,1791109902
2026-10-04T10:31:56+00:00,614,2,20,True,True,True,1791109902
2026-10-04T10:31:56+00:00,616,15,0,True,True,True,1791109902
2026-10-04T10:31:56+00:00,618,8,34,True,True,True,1791109902
2026-10-04T10:31:56+00:00,621,5,21,True,True,True,1791109902
2026-10-04T10:31:56+00:00,622,2,26,True,True,True,1791109902
2026-10-04T10:31:56+00:00,613,1,15,True,True,True,1791109902
2026-10-04T10:31:56+00:00,620,20,19,True,True,True,1791109902
2026-10-04T10:31:56+00:00,596,1,16,True,True,True,1791109902
2026-10-04T10:31:56+00:00,617,7,12,True,True,True,1791109902
2026-10-04T10:31:56+00:00,609,5,22,True,True,True,1791109902
2026-10-04T10:31:56+00:00,607,1,28,True,True,True,1791109902
2026-10-04T10:31:56+00:00,603,11,6,True,True,True,1791109902
2026-10-04T10:31:56+00:00,590,3,34,True,True,True,1791109902
2026-10-04T10:31:56+00:00,610,3,16,True,True,True,1791109902
2026-10-04T10:31:56+00:00,608,1,16,True,True,True,1791109902
2026-10-04T10:31:56+00:00,593,8,21,True,True,True,1791109902
2026-10-04T10:31:56+00:00,530,7,2,True,True,True,1791109902
2026-10-04T10:31:56+00:00,463,15,1,True,True,True,1791109902
2026-10-04T10:31:56+00:00,475,21,2,True,True,True,1791109902
2026-10-04T10:31:56+00:00,439,13,11,True,True,True,1791109902
2026-10-04T10:31:56+00:00,600,8,1,True,True,True,1791109902
2026-10-04T10:31:56+00:00,440,5,10,True,True,True,1791109902
2026-10-04T10:31:56+00:00,612,2,16,True,True,True,1791109902
2026-10-04T10:31:56+00:00,491,15,3,True,True,True,1791109902
2026-10-04T10:31:56+00:00,493,17,9,True,True,True,1791109902
2026-10-04T10:31:56+00:00,410,4,20,True,True,True,1791109902
2026-10-04T10:31:56+00:00,605,4,14,True,True,True,1791109902
2026-10-04T10:31:56+00:00,388,12,4,True,True,True,1791109902
2026-10-04T10:31:56+00:00,591,21,2,True,True,True,1791109902
2026-10-04T10:31:56+00:00,592,0,18,True,True,True,1791109902
2026-10-04T10:31:56+00:00,585,0,0,True,True,True,1791109902
2026-10-04T10:31:56+00:00,565,0,18,True,True,True,1791109902
2026-10-04T10:31:56+00:00,571,15,3,True,True,True,1791109902
2026-10-04T10:31:56+00:00,568,2,13,True,True,True,1791109902
2026-10-04T10:31:56+00:00,588,7,12,True,True,True,1791109902
2026-10-04T10:31:56+00:00,584,0,34,True,True,True,1791109902
2026-10-04T10:31:56+00:00,569,10,19,True,True,True,1791109902
2026-10-04T10:31:56+00:00,577,7,22,True,True,True,1791109902
2026-10-04T10:31:56+00:00,564,2,27,True,True,True,1791109902
2026-10-04T10:31:56+00:00,570,1,14,True,True,True,1791109902
2026-10-04T10:31:56+00:00,572,10,29,True,True,True,1791109902
2026-10-04T10:31:56+00:00,586,10,15,True,True,True,1791109902
2026-10-04T10:31:56+00:00,576,11,6,True,True,True,1791109902
2026-10-04T10:31:56+00:00,566,24,0,True,True,True,1791109902
2026-10-04T10:31:56+00:00,602,6,12,True,True,True,1791109902
2026-10-04T10:31:56+00:00,575,6,23,True,True,True,1791109902
2026-10-04T10:31:56+00:00,567,20,18,True,True,True,1791109902
2026-10-04T10:31:56+00:00,582,10,14,True,True,True,1791109902
2026-10-04T10:31:56+00:00,595,22,1,True,True,True,1791109902
2026-10-04T10:31:56+00:00,542,14,4,True,True,True,1791109902
2026-10-04T10:31:56+00:00,563,7,9,True,True,True,1791109902
2026-10-04T10:31:56+00:00,558,6,9,True,True,True,1791109902
2026-10-04T10:31:56+00:00,552,9,9,True,True,True,1791109902
2026-10-04T10:31:56+00:00,555,1,12,True,True,True,1791109902
2026-10-04T10:31:56+00:00,573,4,20,True,True,True,1791109902
2026-10-04T10:31:56+00:00,561,7,15,True,True,True,1791109902
2026-10-04T10:31:56+00:00,615,6,15,True,True,True,1791109902
2026-10-04T10:31:56+00:00,543,1,18,True,True,True,1791109902
2026-10-04T10:31:56+00:00,554,3,16,True,True,True,1791109902
2026-10-04T10:31:56+00:00,574,10,1,True,True,True,1791109902
2026-10-04T10:31:56+00:00,560,1,7,True,True,True,1791109902
2026-10-04T10:31:56+00:00,548,2,15,True,True,True,1791109902
2026-10-04T10:31:56+00:00,559,4,13,True,True,True,1791109902
2026-10-04T10:31:56+00:00,545,22,16,True,True,True,1791109902
2026-10-04T10:31:56+00:00,550,2,7,True,True,True,1791109902
2026-10-04T10:31:56+00:00,541,7,3,True,True,True,1791109902
2026-10-04T10:31:56+00:00,527,10,0,True,True,True,1791109902
2026-10-04T10:31:56+00:00,529,8,13,True,True,True,1791109902
2026-10-04T10:31:56+00:00,526,9,5,True,True,True,1791109902
2026-10-04T10:31:56+00:00,537,16,3,True,True,True,1791109902
2026-10-04T10:31:56+00:00,547,17,10,True,True,True,1791109902
2026-10-04T10:31:56+00:00,601,3,15,True,True,True,1791109902
2026-10-04T10:31:56+00:00,533,3,9,True,True,True,1791109902
2026-10-04T10:31:56+00:00,535,16,9,True,True,True,1791109902
2026-10-04T10:31:56+00:00,524,5,15,True,True,True,1791109902
2026-10-04T10:31:56+00:00,519,4,17,True,True,True,1791109902
2026-10-04T10:31:56+00:00,534,11,28,True,True,True,1791109902
2026-10-04T10:31:56+00:00,521,2,11,True,True,True,1791109902
2026-10-04T10:31:56+00:00,518,0,18,True,True,True,1791109902
2026-10-04T10:31:56+00:00,556,0,18,True,True,True,1791109902
2026-10-04T10:31:56+00:00,525,0,14,True,True,True,1791109902
2026-10-04T10:31:56+00:00,517,1,16,True,True,True,1791109902
2026-10-04T10:31:56+00:00,523,11,19,True,True,True,1791109902
2026-10-04T10:31:56+00:00,522,5,4,True,True,True,1791109902
2026-10-04T10:31:56+00:00,594,5,12,True,True,True,1791109902
2026-10-04T10:31:56+00:00,532,5,15,True,True,True,1791109902
2026-10-04T10:31:56+00:00,509,8,3,True,True,True,1791109902
2026-10-04T10:31:56+00:00,531,7,10,True,True,True,1791109902
2026-10-04T10:31:56+00:00,536,0,9,True,True,True,1791109902
2026-10-04T10:31:56+00:00,562,19,20,True,True,True,1791109902
2026-10-04T10:31:56+00:00,511,6,17,True,True,True,1791109902
2026-10-04T10:31:56+00:00,505,1,20,True,True,True,1791109902
2026-10-04T10:31:56+00:00,501,3,15,True,True,True,1791109902
2026-10-04T10:31:56+00:00,514,0,12,True,True,True,1791109902
2026-10-04T10:31:56+00:00,500,7,10,True,True,True,1791109902
2026-10-04T10:31:56+00:00,503,3,25,True,True,True,1791109902
2026-10-04T10:31:56+00:00,513,2,13,True,True,True,1791109902
2026-10-04T10:31:56+00:00,498,0,12,True,True,True,1791109902
2026-10-04T10:31:56+00:00,507,16,2,True,True,True,1791109902
2026-10-04T10:31:56+00:00,512,4,23,True,True,True,1791109902
2026-10-04T10:31:56+00:00,619,21,21,True,True,True,1791109902
2026-10-04T10:31:56+00:00,474,30,12,True,True,True,1791109902
2026-10-04T10:31:56+00:00,580,13,32,True,True,True,1791109902
2026-10-04T10:31:56+00:00,496,21,22,True,True,True,1791109902
2026-10-04T10:31:56+00:00,482,1,16,True,True,True,1791109902
2026-10-04T10:31:56+00:00,407,2,10,True,True,True,1791109902
2026-10-04T10:31:56+00:00,409,3,22,True,True,True,1791109902
2026-10-04T10:31:56+00:00,451,1,18,True,True,True,1791109902
2026-10-04T10:31:56+00:00,402,8,11,True,True,True,1791109902
2026-10-04T10:31:56+00:00,516,2,12,True,True,True,1791109902
2026-10-04T10:31:56+00:00,625,9,31,True,True,True,1791109902
2026-10-04T10:31:56+00:00,429,6,15,True,True,True,1791109902
2026-10-04T10:31:56+00:00,380,0,23,True,True,True,1791109902
2026-10-04T10:31:56+00:00,583,5,13,True,True,True,1791109902
2026-10-04T10:31:56+00:00,398,9,8,True,True,True,1791109902
2026-10-04T10:31:56+00:00,381,14,1,True,True,True,1791109902
2026-10-04T10:31:56+00:00,464,14,29,True,True,True,1791109902
2026-10-04T10:31:56+00:00,442,13,3,True,True,True,1791109902
2026-10-04T10:31:56+00:00,483,11,9,True,True,True,1791109902
2026-10-04T10:31:56+00:00,458,2,12,True,True,True,1791109902
2026-10-04T10:31:56+00:00,499,3,12,True,True,True,1791109902
2026-10-04T10:31:56+00:00,472,9,10,True,True,True,1791109902
2026-10-04T10:31:56+00:00,506,7,17,True,True,True,1791109902
2026-10-04T10:31:56+00:00,465,12,16,True,True,True,1791109902
2026-10-04T10:31:56+00:00,611,16,21,True,True,True,1791109902
2026-10-04T10:31:56+00:00,404,11,15,True,True,True,1791109902
2026-10-04T10:31:56+00:00,579,0,17,True,True,True,1791109902
2026-10-04T10:31:56+00:00,589,2,24,True,True,True,1791109902
2026-10-04T10:31:56+00:00,434,7,13,True,True,True,1791109902
2026-10-04T10:31:56+00:00,462,2,12,True,True,True,1791109902
2026-10-04T10:31:56+00:00,578,0,22,True,True,True,1791109902
2026-10-04T10:31:56+00:00,415,0,12,True,True,True,1791109902
2026-10-04T10:31:56+00:00,423,20,0,True,True,True,1791109902
2026-10-04T10:31:56+00:00,412,6,1,True,True,True,1791109902
2026-10-04T10:31:56+00:00,387,11,3,True,True,True,1791109902
2026-10-04T10:31:56+00:00,441,2,13,True,True,True,1791109902
2026-10-04T10:31:56+00:00,454,2,20,True,True,True,1791109902
2026-10-04T10:31:56+00:00,436,0,12,True,True,True,1791109902
2026-10-04T10:31:56+00:00,394,1,17,True,True,True,1791109902
2026-10-04T10:31:56+00:00,497,12,15,True,True,True,1791109902
2026-10-04T10:31:56+00:00,581,4,19,True,True,True,1791109902
2026-10-04T10:31:56+00:00,461,2,16,True,True,True,1791109902
2026-10-04T10:31:56+00:00,599,20,25,True,True,True,1791109902
2026-10-04T10:31:56+00:00,428,5,18,True,True,True,1791109902
2026-10-04T10:31:56+00:00,400,4,20,True,True,True,1791109902
2026-10-04T10:31:56+00:00,487,0,21,True,True,True,1791109902
2026-10-04T10:31:56+00:00,438,24,15,True,True,True,1791109902
2026-10-04T10:31:56+00:00,459,1,11,True,True,True,1791109902
2026-10-04T10:31:56+00:00,433,1,16,True,True,True,1791109902
2026-10-04T10:31:56+00:00,399,3,27,True,True,True,1791109902
2026-10-04T10:31:56+00:00,489,12,15,True,True,True,1791109902
2026-10-04T10:31:56+00:00,742,17,10,True,True,True,1791109902
2026-10-04T10:31:56+00:00,551,27,4,True,True,True,1791109902
2026-10-04T10:31:56+00:00,406,8,3,True,True,True,1791109902
2026-10-04T10:31:56+00:00,488,1,21,True,True,True,1791109902
2026-10-04T10:31:56+00:00,540,16,18,True,True,True,1791109902
2026-10-04T10:31:56+00:00,431,2,18,True,True,True,1791109902
2026-10-04T10:31:56+00:00,393,3,17,True,True,True,1791109902
2026-10-04T10:31:56+00:00,420,11,6,True,True,True,1791109902
2026-10-04T10:31:56+00:00,397,1,27,True,True,True,1791109902
2026-10-04T10:31:56+00:00,390,18,11,True,True,True,1791109902
2026-10-04T10:31:56+00:00,449,13,11,True,True,True,1791109902
2026-10-04T10:31:56+00:00,430,9,33,True,True,True,1791109902
2026-10-04T10:31:56+00:00,484,11,23,True,True,True,1791109902
2026-10-04T10:31:56+00:00,479,8,22,True,True,True,1791109902
2026-10-04T10:31:56+00:00,403,0,14,True,True,True,1791109902
2026-10-04T10:31:56+00:00,435,2,28,True,True,True,1791109902
2026-10-04T10:31:56+00:00,426,8,12,True,True,True,1791109902
2026-10-04T10:31:56+00:00,450,6,8,True,True,True,1791109902
2026-10-04T10:31:56+00:00,456,18,14,True,True,True,1791109902
2026-10-04T10:31:56+00:00,468,13,2,True,True,True,1791109902
2026-10-04T10:31:56+00:00,453,25,8,True,True,True,1791109902
2026-10-04T10:31:56+00:00,466,1,14,True,True,True,1791109902
2026-10-04T10:31:56+00:00,469,3,27,True,True,True,1791109902
2026-10-04T10:31:56+00:00,416,2,13,True,True,True,1791109902
2026-10-04T10:31:56+00:00,391,1,12,True,True,True,1791109902
2026-10-04T10:31:56+00:00,389,2,12,True,True,True,1791109902
2026-10-04T10:31:56+00:00,470,3,11,True,True,True,1791109902
2026-10-04T10:31:56+00:00,384,9,6,True,True,True,1791109902
2026-10-04T10:31:56+00:00,425,0,7,True,True,True,1791109902
2026-10-04T10:31:56+00:00,411,4,7,True,True,True,1791109902
2026-10-04T10:31:56+00:00,598,11,22,True,True,True,1791109902
2026-10-04T10:31:56+00:00,444,16,2,True,True,True,1791109902
2026-10-04T10:31:56+00:00,447,6,24,True,True,True,1791109902
2026-10-04T10:31:56+00:00,408,8,5,True,True,True,1791109902
2026-10-04T10:31:56+00:00,737,23,0,True,True,True,1791109902
2026-10-04T10:31:56+00:00,432,0,11,True,True,True,1791109902
2026-10-04T10:31:56+00:00,401,4,1,True,True,True,1791109902
2026-10-04T10:31:56+00:00,452,3,25,True,True,True,1791109902
2026-10-04T10:31:56+00:00,392,5,2,True,True,True,1791109902
2026-10-04T10:31:56+00:00,481,9,33,True,True,True,1791109902
2026-10-04T10:31:56+00:00,495,21,20,True,True,True,1791109902
2026-10-04T10:31:56+00:00,478,12,1,True,True,True,1791109902
2026-10-04T10:31:56+00:00,414,2,9,True,True,True,1791109902
2026-10-04T10:31:56+00:00,476,15,3,True,True,True,1791109902
2026-10-04T10:31:56+00:00,445,7,11,True,True,True,1791109902
2026-10-04T10:31:56+00:00,748,9,18,True,True,True,1791109902
2026-10-04T10:31:56+00:00,473,1,6,True,True,True,1791109902
2026-10-04T10:31:56+00:00,383,0,25,True,True,True,1791109902
2026-10-04T10:31:56+00:00,480,21,3,True,True,True,1791109902
2026-10-04T10:31:56+00:00,421,8,11,True,True,True,1791109902
2026-10-04T10:31:56+00:00,746,9,2,True,True,True,1791109902
2026-10-04T10:31:56+00:00,417,0,12,True,True,True,1791109902
2026-10-04T10:31:56+00:00,427,2,11,True,True,True,1791109902
2026-10-04T10:31:56+00:00,395,5,9,True,True,True,1791109902
2026-10-04T10:31:56+00:00,418,5,22,True,True,True,1791109902
2026-10-04T10:31:56+00:00,413,3,9,True,True,True,1791109902
2026-10-04T10:31:56+00:00,486,8,14,True,True,True,1791109902
2026-10-04T10:31:56+00:00,597,13,2,True,True,True,1791109902
2026-10-04T10:31:56+00:00,422,2,9,True,True,True,1791109902
2026-10-04T10:31:56+00:00,382,0,7,True,True,True,1791109902
2026-10-04T10:31:56+00:00,396,3,18,True,True,True,1791109902
2026-10-04T10:31:56+00:00,735,9,4,True,True,True,1791109902
2026-10-04T10:31:56+00:00,437,8,16,True,True,True,1791109902
2026-10-04T10:31:56+00:00,446,1,21,True,True,True,1791109902
2026-10-04T10:31:56+00:00,424,1,5,True,True,True,1791109902
2026-10-04T10:31:56+00:00,455,12,0,True,True,True,1791109902
2026-10-04T10:31:56+00:00,457,0,10,True,True,True,1791109902
2026-10-04T10:31:56+00:00,377,6,23,True,True,True,1791109902
2026-10-04T10:31:56+00:00,738,6,6,True,True,True,1791109902
2026-10-04T10:31:56+00:00,460,5,24,True,True,True,1791109902
2026-10-04T10:31:56+00:00,744,5,4,True,True,True,1791109902
2026-10-04T10:31:56+00:00,485,4,15,True,True,True,1791109902
2026-10-04T10:46:56+00:00,6026,27,6,True,True,True,1791110803
2026-10-04T10:46:56+00:00,5431,0,21,True,True,True,1791110803
2026-10-04T10:46:56+00:00,5424,2,16,True,True,True,1791110803
2026-10-04T10:46:56+00:00,5220,0,19,True,True,True,1791110803
2026-10-04T10:46:56+00:00,5217,8,21,True,True,True,1791110803
2026-10-04T10:46:56+00:00,5113,12,3,True,True,True,1791110803
2026-10-04T10:46:56+00:00,4683,0,20,True,True,True,1791110803
2026-10-04T10:46:56+00:00,4552,4,14,True,True,True,1791110803
2026-10-04T10:46:56+00:00,3725,1,17,True,True,True,1791110803
2026-10-04T10:46:56+00:00,2358,2,10,True,True,True,1791110803
2026-10-04T10:46:56+00:00,2357,13,8,True,True,True,1791110803
2026-10-04T10:46:56+00:00,2355,0,12,True,True,True,1791110803
2026-10-04T10:46:56+00:00,2351,7,10,True,True,True,1791110803
2026-10-04T10:46:56+00:00,2350,16,7,True,True,True,1791110803
2026-10-04T10:46:56+00:00,2349,4,17,True,True,True,1791110803
2026-10-04T10:46:56+00:00,2347,7,23,True,True,True,1791110803
2026-10-04T10:46:56+00:00,2340,11,13,True,True,True,1791110803
2026-10-04T10:46:56+00:00,2339,17,11,True,True,True,1791110803
2026-10-04T10:46:56+00:00,2337,13,1,True,True,True,1791110803
2026-10-04T10:46:56+00:00,2334,1,10,True,True,True,1791110803
2026-10-04T10:46:56+00:00,2333,15,0,True,True,True,1791110803
2026-10-04T10:46:56+00:00,2332,1,8,True,True,True,1791110803
2026-10-04T10:46:56+00:00,2330,13,0,True,True,True,1791110803
2026-10-04T10:46:56+00:00,2329,14,0,True,True,True,1791110803
2026-10-04T10:46:56+00:00,2328,13,6,True,True,True,1791110803
2026-10-04T10:46:56+00:00,2315,11,7,True,True,True,1791110803
2026-10-04T10:46:56+00:00,2308,3,5,True,True,True,1791110803
2026-10-04T10:46:56+00:00,2307,8,21,True,True,True,1791110803
2026-10-04T10:46:56+00:00,2306,12,6,True,True,True,1791110803
2026-10-04T10:46:56+00:00,2305,7,7,True,True,True,1791110803
2026-10-04T10:46:56+00:00,2304,4,12,True,True,True,1791110803
2026-10-04T10:46:56+00:00,2280,4,8,True,True,True,1791110803
2026-10-04T10:46:56+00:00,2270,0,19,True,True,True,1791110803
2026-10-04T10:46:56+00:00,1919,2,4,True,True,True,1791110803
2026-10-04T10:46:56+00:00,1755,8,23,True,True,True,1791110803
2026-10-04T10:46:56+00:00,1101,6,17,True,True,True,1791110803
2026-10-04T10:46:56+00:00,1023,11,1,True,True,True,1791110803
2026-10-04T10:46:56+00:00,1009,2,8,True,True,True,1791110803
2026-10-04T10:46:56+00:00,970,5,19,True,True,True,1791110803
2026-10-04T10:46:56+00:00,787,12,0,True,True,True,1791110803
2026-10-04T10:46:56+00:00,627,3,27,True,True,True,1791110803
2026-10-04T10:46:56+00:00,623,19,0,True,True,True,1791110803
2026-10-04T10:46:56+00:00,624,0,18,True,True,True,1791110803
2026-10-04T10:46:56+00:00,626,3,19,True,True,True,1791110803
2026-10-04T10:46:56+00:00,614,2,20,True,True,True,1791110803
2026-10-04T10:46:56+00:00,616,15,0,True,True,True,1791110803
2026-10-04T10:46:56+00:00,618,8,34,True,True,True,1791110803
2026-10-04T10:46:56+00:00,621,4,22,True,True,True,1791110803
2026-10-04T10:46:56+00:00,622,0,28,True,True,True,1791110803
2026-10-04T10:46:56+00:00,613,1,15,True,True,True,1791110803
2026-10-04T10:46:56+00:00,620,22,17,True,True,True,1791110803
2026-10-04T10:46:56+00:00,596,1,16,True,True,True,1791110803
2026-10-04T10:46:56+00:00,617,7,12,True,True,True,1791110803
2026-10-04T10:46:56+00:00,609,6,21,True,True,True,1791110803
2026-10-04T10:46:56+00:00,607,1,28,True,True,True,1791110803
2026-10-04T10:46:56+00:00,603,11,6,True,True,True,1791110803
2026-10-04T10:46:56+00:00,590,3,34,True,True,True,1791110803
2026-10-04T10:46:56+00:00,610,2,17,True,True,True,1791110803
2026-10-04T10:46:56+00:00,608,1,16,True,True,True,1791110803
2026-10-04T10:46:56+00:00,593,5,23,True,True,True,1791110803
2026-10-04T10:46:56+00:00,530,7,2,True,True,True,1791110803
2026-10-04T10:46:56+00:00,463,15,1,True,True,True,1791110803
2026-10-04T10:46:56+00:00,475,21,2,True,True,True,1791110803
2026-10-04T10:46:56+00:00,439,13,11,True,True,True,1791110803
2026-10-04T10:46:56+00:00,600,7,1,True,True,True,1791110803
2026-10-04T10:46:56+00:00,440,5,10,True,True,True,1791110803
2026-10-04T10:46:56+00:00,612,2,16,True,True,True,1791110803
2026-10-04T10:46:56+00:00,491,15,3,True,True,True,1791110803
2026-10-04T10:46:56+00:00,493,16,10,True,True,True,1791110803
2026-10-04T10:46:56+00:00,410,4,21,True,True,True,1791110803
2026-10-04T10:46:56+00:00,605,4,14,True,True,True,1791110803
2026-10-04T10:46:56+00:00,388,12,4,True,True,True,1791110803
2026-10-04T10:46:56+00:00,591,21,2,True,True,True,1791110803
2026-10-04T10:46:56+00:00,592,1,17,True,True,True,1791110803
2026-10-04T10:46:56+00:00,585,0,0,True,True,True,1791110803
2026-10-04T10:46:56+00:00,565,0,18,True,True,True,1791110803
2026-10-04T10:46:56+00:00,571,16,2,True,True,True,1791110803
2026-10-04T10:46:56+00:00,568,1,14,True,True,True,1791110803
2026-10-04T10:46:56+00:00,588,7,12,True,True,True,1791110803
2026-10-04T10:46:56+00:00,584,0,34,True,True,True,1791110803
2026-10-04T10:46:56+00:00,569,10,19,True,True,True,1791110803
2026-10-04T10:46:56+00:00,577,7,22,True,True,True,1791110803
2026-10-04T10:46:56+00:00,564,2,27,True,True,True,1791110803
2026-10-04T10:46:56+00:00,570,1,14,True,True,True,1791110803
2026-10-04T10:46:56+00:00,572,10,29,True,True,True,1791110803
2026-10-04T10:46:56+00:00,586,10,15,True,True,True,1791110803
2026-10-04T10:46:56+00:00,576,11,6,True,True,True,1791110803
2026-10-04T10:46:56+00:00,566,24,0,True,True,True,1791110803
2026-10-04T10:46:56+00:00,602,5,13,True,True,True,1791110803
2026-10-04T10:46:56+00:00,575,6,23,True,True,True,1791110803
2026-10-04T10:46:56+00:00,567,20,18,True,True,True,1791110803
2026-10-04T10:46:56+00:00,582,9,15,True,True,True,1791110803
2026-10-04T10:46:56+00:00,595,22,1,True,True,True,1791110803
2026-10-04T10:46:56+00:00,542,15,3,True,True,True,1791110803
2026-10-04T10:46:56+00:00,563,7,9,True,True,True,1791110803
2026-10-04T10:46:56+00:00,558,6,9,True,True,True,1791110803
2026-10-04T10:46:56+00:00,552,9,9,True,True,True,1791110803
2026-10-04T10:46:56+00:00,555,0,13,True,True,True,1791110803
2026-10-04T10:46:56+00:00,573,4,20,True,True,True,1791110803
2026-10-04T10:46:56+00:00,561,7,15,True,True,True,1791110803
2026-10-04T10:46:56+00:00,615,6,15,True,True,True,1791110803
2026-10-04T10:46:56+00:00,543,1,18,True,True,True,1791110803
2026-10-04T10:46:56+00:00,554,3,16,True,True,True,1791110803
2026-10-04T10:46:56+00:00,574,10,1,True,True,True,1791110803
2026-10-04T10:46:56+00:00,560,1,7,True,True,True,1791110803
2026-10-04T10:46:56+00:00,548,2,15,True,True,True,1791110803
2026-10-04T10:46:56+00:00,559,4,13,True,True,True,1791110803
2026-10-04T10:46:56+00:00,545,22,16,True,True,True,1791110803
2026-10-04T10:46:56+00:00,550,2,7,True,True,True,1791110803
2026-10-04T10:46:56+00:00,541,7,3,True,True,True,1791110803
2026-10-04T10:46:56+00:00,527,10,0,True,True,True,1791110803
2026-10-04T10:46:56+00:00,529,8,13,True,True,True,1791110803
2026-10-04T10:46:56+00:00,526,9,5,True,True,True,1791110803
2026-10-04T10:46:56+00:00,537,16,3,True,True,True,1791110803
2026-10-04T10:46:56+00:00,547,17,10,True,True,True,1791110803
2026-10-04T10:46:56+00:00,601,3,15,True,True,True,1791110803
2026-10-04T10:46:56+00:00,533,3,9,True,True,True,1791110803
2026-10-04T10:46:56+00:00,535,16,9,True,True,True,1791110803
2026-10-04T10:46:56+00:00,524,5,15,True,True,True,1791110803
2026-10-04T10:46:56+00:00,519,3,18,True,True,True,1791110803
2026-10-04T10:46:56+00:00,534,11,28,True,True,True,1791110803
2026-10-04T10:46:56+00:00,521,2,11,True,True,True,1791110803
2026-10-04T10:46:56+00:00,518,0,18,True,True,True,1791110803
2026-10-04T10:46:56+00:00,556,0,18,True,True,True,1791110803
2026-10-04T10:46:56+00:00,525,0,14,True,True,True,1791110803
2026-10-04T10:46:56+00:00,517,1,16,True,True,True,1791110803
2026-10-04T10:46:56+00:00,523,11,19,True,True,True,1791110803
2026-10-04T10:46:56+00:00,522,5,4,True,True,True,1791110803
2026-10-04T10:46:56+00:00,594,5,12,True,True,True,1791110803
2026-10-04T10:46:56+00:00,532,4,16,True,True,True,1791110803
2026-10-04T10:46:56+00:00,509,8,3,True,True,True,1791110803
2026-10-04T10:46:56+00:00,531,7,10,True,True,True,1791110803
2026-10-04T10:46:56+00:00,536,0,9,True,True,True,1791110803
2026-10-04T10:46:56+00:00,562,19,20,True,True,True,1791110803
2026-10-04T10:46:56+00:00,511,6,17,True,True,True,1791110803
2026-10-04T10:46:56+00:00,505,2,19,True,True,True,1791110803
2026-10-04T10:46:56+00:00,501,1,17,True,True,True,1791110803
2026-10-04T10:46:56+00:00,514,0,12,True,True,True,1791110803
2026-10-04T10:46:56+00:00,500,7,10,True,True,True,1791110803
2026-10-04T10:46:56+00:00,503,3,25,True,True,True,1791110803
2026-10-04T10:46:56+00:00,513,2,13,True,True,True,1791110803
2026-10-04T10:46:56+00:00,498,0,12,True,True,True,1791110803
2026-10-04T10:46:56+00:00,507,17,1,True,True,True,1791110803
2026-10-04T10:46:56+00:00,512,4,23,True,True,True,1791110803
2026-10-04T10:46:56+00:00,619,21,21,True,True,True,1791110803
2026-10-04T10:46:56+00:00,474,30,12,True,True,True,1791110803
2026-10-04T10:46:56+00:00,580,13,32,True,True,True,1791110803
2026-10-04T10:46:56+00:00,496,21,22,True,True,True,1791110803
2026-10-04T10:46:56+00:00,482,1,16,True,True,True,1791110803
2026-10-04T10:46:56+00:00,407,2,10,True,True,True,1791110803
2026-10-04T10:46:56+00:00,409,3,22,True,True,True,1791110803
2026-10-04T10:46:56+00:00,451,1,18,True,True,True,1791110803
2026-10-04T10:46:56+00:00,402,8,11,True,True,True,1791110803
2026-10-04T10:46:56+00:00,516,2,12,True,True,True,1791110803
2026-10-04T10:46:56+00:00,625,9,31,True,True,True,1791110803
2026-10-04T10:46:56+00:00,429,6,15,True,True,True,1791110803
2026-10-04T10:46:56+00:00,380,0,23,True,True,True,1791110803
2026-10-04T10:46:56+00:00,583,3,15,True,True,True,1791110803
2026-10-04T10:46:56+00:00,398,11,6,True,True,True,1791110803
2026-10-04T10:46:56+00:00,381,14,1,True,True,True,1791110803
2026-10-04T10:46:56+00:00,464,19,24,True,True,True,1791110803
2026-10-04T10:46:56+00:00,442,13,3,True,True,True,1791110803
2026-10-04T10:46:56+00:00,483,11,9,True,True,True,1791110803
2026-10-04T10:46:56+00:00,458,1,13,True,True,True,1791110803
2026-10-04T10:46:56+00:00,499,3,12,True,True,True,1791110803
2026-10-04T10:46:56+00:00,472,8,11,True,True,True,1791110803
2026-10-04T10:46:56+00:00,506,7,17,True,True,True,1791110803
2026-10-04T10:46:56+00:00,465,12,16,True,True,True,1791110803
2026-10-04T10:46:56+00:00,611,3,34,True,True,True,1791110803
2026-10-04T10:46:56+00:00,404,10,16,True,True,True,1791110803
2026-10-04T10:46:56+00:00,579,0,17,True,True,True,1791110803
2026-10-04T10:46:56+00:00,589,2,24,True,True,True,1791110803
2026-10-04T10:46:56+00:00,434,7,13,True,True,True,1791110803
2026-10-04T10:46:56+00:00,462,2,12,True,True,True,1791110803
2026-10-04T10:46:56+00:00,578,0,22,True,True,True,1791110803
2026-10-04T10:46:56+00:00,415,0,12,True,True,True,1791110803
2026-10-04T10:46:56+00:00,423,20,0,True,True,True,1791110803
2026-10-04T10:46:56+00:00,412,7,0,True,True,True,1791110803
2026-10-04T10:46:56+00:00,387,10,3,True,True,True,1791110803
2026-10-04T10:46:56+00:00,441,2,13,True,True,True,1791110803
2026-10-04T10:46:56+00:00,454,2,20,True,True,True,1791110803
2026-10-04T10:46:56+00:00,436,0,12,True,True,True,1791110803
2026-10-04T10:46:56+00:00,394,1,17,True,True,True,1791110803
2026-10-04T10:46:56+00:00,497,12,15,True,True,True,1791110803
2026-10-04T10:46:56+00:00,581,5,18,True,True,True,1791110803
2026-10-04T10:46:56+00:00,461,2,16,True,True,True,1791110803
2026-10-04T10:46:56+00:00,599,19,26,True,True,True,1791110803
2026-10-04T10:46:56+00:00,428,5,18,True,True,True,1791110803
2026-10-04T10:46:56+00:00,400,5,19,True,True,True,1791110803
2026-10-04T10:46:56+00:00,487,0,21,True,True,True,1791110803
2026-10-04T10:46:56+00:00,438,24,15,True,True,True,1791110803
2026-10-04T10:46:56+00:00,459,1,11,True,True,True,1791110803
2026-10-04T10:46:56+00:00,433,2,15,True,True,True,1791110803
2026-10-04T10:46:56+00:00,399,3,27,True,True,True,1791110803
2026-10-04T10:46:56+00:00,489,12,15,True,True,True,1791110803
2026-10-04T10:46:56+00:00,742,17,10,True,True,True,1791110803
2026-10-04T10:46:56+00:00,551,28,3,True,True,True,1791110803
2026-10-04T10:46:56+00:00,406,8,3,True,True,True,1791110803
2026-10-04T10:46:56+00:00,488,1,21,True,True,True,1791110803
2026-10-04T10:46:56+00:00,540,16,18,True,True,True,1791110803
2026-10-04T10:46:56+00:00,431,0,19,True,True,True,1791110803
2026-10-04T10:46:56+00:00,393,1,19,True,True,True,1791110803
2026-10-04T10:46:56+00:00,420,11,6,True,True,True,1791110803
2026-10-04T10:46:56+00:00,397,2,26,True,True,True,1791110803
2026-10-04T10:46:56+00:00,390,18,11,True,True,True,1791110803
2026-10-04T10:46:56+00:00,449,12,12,True,True,True,1791110803
2026-10-04T10:46:56+00:00,430,9,33,True,True,True,1791110803
2026-10-04T10:46:56+00:00,484,12,22,True,True,True,1791110803
2026-10-04T10:46:56+00:00,479,9,21,True,True,True,1791110803
2026-10-04T10:46:56+00:00,403,1,13,True,True,True,1791110803
2026-10-04T10:46:56+00:00,435,4,26,True,True,True,1791110803
2026-10-04T10:46:56+00:00,426,8,12,True,True,True,1791110803
2026-10-04T10:46:56+00:00,450,6,8,True,True,True,1791110803
2026-10-04T10:46:56+00:00,456,19,13,True,True,True,1791110803
2026-10-04T10:46:56+00:00,468,11,4,True,True,True,1791110803
2026-10-04T10:46:56+00:00,453,25,8,True,True,True,1791110803
2026-10-04T10:46:56+00:00,466,1,14,True,True,True,1791110803
2026-10-04T10:46:56+00:00,469,3,27,True,True,True,1791110803
2026-10-04T10:46:56+00:00,416,1,14,True,True,True,1791110803
2026-10-04T10:46:56+00:00,391,1,12,True,True,True,1791110803
2026-10-04T10:46:56+00:00,389,2,12,True,True,True,1791110803
2026-10-04T10:46:56+00:00,470,2,12,True,True,True,1791110803
2026-10-04T10:46:56+00:00,384,9,6,True,True,True,1791110803
2026-10-04T10:46:56+00:00,425,0,7,True,True,True,1791110803
2026-10-04T10:46:56+00:00,411,5,6,True,True,True,1791110803
2026-10-04T10:46:56+00:00,598,11,22,True,True,True,1791110803
2026-10-04T10:46:56+00:00,444,14,4,True,True,True,1791110803
2026-10-04T10:46:56+00:00,447,6,24,True,True,True,1791110803
2026-10-04T10:46:56+00:00,408,8,5,True,True,True,1791110803
2026-10-04T10:46:56+00:00,737,23,0,True,True,True,1791110803
2026-10-04T10:46:56+00:00,432,0,11,True,True,True,1791110803
2026-10-04T10:46:56+00:00,401,4,1,True,True,True,1791110803
2026-10-04T10:46:56+00:00,452,3,25,True,True,True,1791110803
2026-10-04T10:46:56+00:00,392,4,3,True,True,True,1791110803
2026-10-04T10:46:56+00:00,481,10,32,True,True,True,1791110803
2026-10-04T10:46:56+00:00,495,21,20,True,True,True,1791110803
2026-10-04T10:46:56+00:00,478,12,1,True,True,True,1791110803
2026-10-04T10:46:56+00:00,414,2,9,True,True,True,1791110803
2026-10-04T10:46:56+00:00,476,15,4,True,True,True,1791110803
2026-10-04T10:46:56+00:00,445,7,11,True,True,True,1791110803
2026-10-04T10:46:56+00:00,748,9,18,True,True,True,1791110803
2026-10-04T10:46:56+00:00,473,1,6,True,True,True,1791110803
2026-10-04T10:46:56+00:00,383,0,25,True,True,True,1791110803
2026-10-04T10:46:56+00:00,480,21,3,True,True,True,1791110803
2026-10-04T10:46:56+00:00,421,8,11,True,True,True,1791110803
2026-10-04T10:46:56+00:00,746,9,2,True,True,True,1791110803
2026-10-04T10:46:56+00:00,417,0,12,True,True,True,1791110803
2026-10-04T10:46:56+00:00,427,2,12,True,True,True,1791110803
2026-10-04T10:46:56+00:00,395,5,9,True,True,True,1791110803
2026-10-04T10:46:56+00:00,418,5,22,True,True,True,1791110803
2026-10-04T10:46:56+00:00,413,3,9,True,True,True,1791110803
2026-10-04T10:46:56+00:00,486,8,14,True,True,True,1791110803
2026-10-04T10:46:56+00:00,597,13,2,True,True,True,1791110803
2026-10-04T10:46:56+00:00,422,1,10,True,True,True,1791110803
2026-10-04T10:46:56+00:00,382,0,7,True,True,True,1791110803
2026-10-04T10:46:56+00:00,396,4,17,True,True,True,1791110803
2026-10-04T10:46:56+00:00,735,9,4,True,True,True,1791110803
2026-10-04T10:46:56+00:00,437,8,16,True,True,True,1791110803
2026-10-04T10:46:56+00:00,446,1,21,True,True,True,1791110803
2026-10-04T10:46:56+00:00,424,1,5,True,True,True,1791110803
2026-10-04T10:46:56+00:00,455,12,0,True,True,True,1791110803
2026-10-04T10:46:56+00:00,457,0,10,True,True,True,1791110803
2026-10-04T10:46:56+00:00,377,6,23,True,True,True,1791110803
2026-10-04T10:46:56+00:00,738,6,6,True,True,True,1791110803
2026-10-04T10:46:56+00:00,460,3,26,True,True,True,1791110803
2026-10-04T10:46:56+00:00,744,4,5,True,True,True,1791110803
2026-10-04T10:46:56+00:00,485,4,15,True,True,True,1791110803
2026-10-04T11:01:56+00:00,6026,11,22,True,True,True,1791111703
2026-10-04T11:01:56+00:00,5431,0,21,True,True,True,1791111703
2026-10-04T11:01:56+00:00,5424,2,16,True,True,True,1791111703
2026-10-04T11:01:56+00:00,5220,0,19,True,True,True,1791111703
2026-10-04T11:01:56+00:00,5217,9,20,True,True,True,1791111703
2026-10-04T11:01:56+00:00,5113,12,3,True,True,True,1791111703
2026-10-04T11:01:56+00:00,4683,0,20,True,True,True,1791111703
2026-10-04T11:01:56+00:00,4552,4,14,True,True,True,1791111703
2026-10-04T11:01:56+00:00,3725,1,17,True,True,True,1791111703
2026-10-04T11:01:56+00:00,2358,2,10,True,True,True,1791111703
2026-10-04T11:01:56+00:00,2357,14,7,True,True,True,1791111703
2026-10-04T11:01:56+00:00,2355,0,12,True,True,True,1791111703
2026-10-04T11:01:56+00:00,2351,7,10,True,True,True,1791111703
2026-10-04T11:01:56+00:00,2350,16,7,True,True,True,1791111703
2026-10-04T11:01:56+00:00,2349,4,17,True,True,True,1791111703
2026-10-04T11:01:56+00:00,2347,7,23,True,True,True,1791111703
2026-10-04T11:01:56+00:00,2340,10,14,True,True,True,1791111703
2026-10-04T11:01:56+00:00,2339,17,11,True,True,True,1791111703
2026-10-04T11:01:56+00:00,2337,13,1,True,True,True,1791111703
2026-10-04T11:01:56+00:00,2334,1,10,True,True,True,1791111703
2026-10-04T11:01:56+00:00,2333,15,0,True,True,True,1791111703
2026-10-04T11:01:56+00:00,2332,1,8,True,True,True,1791111703
2026-10-04T11:01:56+00:00,2330,13,0,True,True,True,1791111703
2026-10-04T11:01:56+00:00,2329,14,0,True,True,True,1791111703
2026-10-04T11:01:56+00:00,2328,15,4,True,True,True,1791111703
2026-10-04T11:01:56+00:00,2315,11,7,True,True,True,1791111703
2026-10-04T11:01:56+00:00,2308,4,4,True,True,True,1791111703
2026-10-04T11:01:56+00:00,2307,8,21,True,True,True,1791111703
2026-10-04T11:01:56+00:00,2306,12,6,True,True,True,1791111703
2026-10-04T11:01:56+00:00,2305,10,4,True,True,True,1791111703
2026-10-04T11:01:56+00:00,2304,4,12,True,True,True,1791111703
2026-10-04T11:01:56+00:00,2280,4,8,True,True,True,1791111703
2026-10-04T11:01:56+00:00,2270,0,19,True,True,True,1791111703
2026-10-04T11:01:56+00:00,1919,2,4,True,True,True,1791111703
2026-10-04T11:01:56+00:00,1755,8,23,True,True,True,1791111703
2026-10-04T11:01:56+00:00,1101,6,17,True,True,True,1791111703
2026-10-04T11:01:56+00:00,1023,12,0,True,True,True,1791111703
2026-10-04T11:01:56+00:00,1009,2,8,True,True,True,1791111703
2026-10-04T11:01:56+00:00,970,5,19,True,True,True,1791111703
2026-10-04T11:01:56+00:00,787,12,0,True,True,True,1791111703
2026-10-04T11:01:56+00:00,627,3,27,True,True,True,1791111703
2026-10-04T11:01:56+00:00,623,19,0,True,True,True,1791111703
2026-10-04T11:01:56+00:00,624,0,18,True,True,True,1791111703
2026-10-04T11:01:56+00:00,626,3,19,True,True,True,1791111703
2026-10-04T11:01:56+00:00,614,2,20,True,True,True,1791111703
2026-10-04T11:01:56+00:00,616,15,0,True,True,True,1791111703
2026-10-04T11:01:56+00:00,618,8,34,True,True,True,1791111703
2026-10-04T11:01:56+00:00,621,3,23,True,True,True,1791111703
2026-10-04T11:01:56+00:00,622,0,28,True,True,True,1791111703
2026-10-04T11:01:56+00:00,613,1,15,True,True,True,1791111703
2026-10-04T11:01:56+00:00,620,21,18,True,True,True,1791111703
2026-10-04T11:01:56+00:00,596,1,16,True,True,True,1791111703
2026-10-04T11:01:56+00:00,617,6,13,True,True,True,1791111703
2026-10-04T11:01:56+00:00,609,7,20,True,True,True,1791111703
2026-10-04T11:01:56+00:00,607,1,28,True,True,True,1791111703
2026-10-04T11:01:56+00:00,603,12,5,True,True,True,1791111703
2026-10-04T11:01:56+00:00,590,3,34,True,True,True,1791111703
2026-10-04T11:01:56+00:00,610,2,17,True,True,True,1791111703
2026-10-04T11:01:56+00:00,608,2,15,True,True,True,1791111703
2026-10-04T11:01:56+00:00,593,5,23,True,True,True,1791111703
2026-10-04T11:01:56+00:00,530,7,2,True,True,True,1791111703
2026-10-04T11:01:56+00:00,463,15,1,True,True,True,1791111703
2026-10-04T11:01:56+00:00,475,21,2,True,True,True,1791111703
2026-10-04T11:01:56+00:00,439,13,11,True,True,True,1791111703
2026-10-04T11:01:56+00:00,600,9,1,True,True,True,1791111703
2026-10-04T11:01:56+00:00,440,5,10,True,True,True,1791111703
2026-10-04T11:01:56+00:00,612,2,16,True,True,True,1791111703
2026-10-04T11:01:56+00:00,491,16,2,True,True,True,1791111703
2026-10-04T11:01:56+00:00,493,17,9,True,True,True,1791111703
2026-10-04T11:01:56+00:00,410,4,21,True,True,True,1791111703
2026-10-04T11:01:56+00:00,605,4,14,True,True,True,1791111703
2026-10-04T11:01:56+00:00,388,12,4,True,True,True,1791111703
2026-10-04T11:01:56+00:00,591,20,2,True,True,True,1791111703
2026-10-04T11:01:56+00:00,592,1,17,True,True,True,1791111703
2026-10-04T11:01:56+00:00,585,0,0,True,True,True,1791111703
2026-10-04T11:01:56+00:00,565,0,18,True,True,True,1791111703
2026-10-04T11:01:56+00:00,571,16,2,True,True,True,1791111703
2026-10-04T11:01:56+00:00,568,1,14,True,True,True,1791111703
2026-10-04T11:01:56+00:00,588,6,13,True,True,True,1791111703
2026-10-04T11:01:56+00:00,584,0,34,True,True,True,1791111703
2026-10-04T11:01:56+00:00,569,10,19,True,True,True,1791111703
2026-10-04T11:01:56+00:00,577,7,22,True,True,True,1791111703
2026-10-04T11:01:56+00:00,564,2,27,True,True,True,1791111703
2026-10-04T11:01:56+00:00,570,1,14,True,True,True,1791111703
2026-10-04T11:01:56+00:00,572,10,29,True,True,True,1791111703
2026-10-04T11:01:56+00:00,586,10,15,True,True,True,1791111703
2026-10-04T11:01:56+00:00,576,11,6,True,True,True,1791111703
2026-10-04T11:01:56+00:00,566,24,0,True,True,True,1791111703
2026-10-04T11:01:56+00:00,602,5,13,True,True,True,1791111703
2026-10-04T11:01:56+00:00,575,6,23,True,True,True,1791111703
2026-10-04T11:01:56+00:00,567,20,18,True,True,True,1791111703
2026-10-04T11:01:56+00:00,582,9,15,True,True,True,1791111703
2026-10-04T11:01:56+00:00,595,23,0,True,True,True,1791111703
2026-10-04T11:01:56+00:00,542,15,3,True,True,True,1791111703
2026-10-04T11:01:56+00:00,563,7,9,True,True,True,1791111703
2026-10-04T11:01:56+00:00,558,6,9,True,True,True,1791111703
2026-10-04T11:01:56+00:00,552,9,9,True,True,True,1791111703
2026-10-04T11:01:56+00:00,555,0,13,True,True,True,1791111703
2026-10-04T11:01:56+00:00,573,4,20,True,True,True,1791111703
2026-10-04T11:01:56+00:00,561,7,15,True,True,True,1791111703
2026-10-04T11:01:56+00:00,615,6,15,True,True,True,1791111703
2026-10-04T11:01:56+00:00,543,1,18,True,True,True,1791111703
2026-10-04T11:01:56+00:00,554,3,16,True,True,True,1791111703
2026-10-04T11:01:56+00:00,574,9,2,True,True,True,1791111703
2026-10-04T11:01:56+00:00,560,1,7,True,True,True,1791111703
2026-10-04T11:01:56+00:00,548,2,15,True,True,True,1791111703
2026-10-04T11:01:56+00:00,559,3,14,True,True,True,1791111703
2026-10-04T11:01:56+00:00,545,22,16,True,True,True,1791111703
2026-10-04T11:01:56+00:00,550,2,7,True,True,True,1791111703
2026-10-04T11:01:56+00:00,541,8,2,True,True,True,1791111703
2026-10-04T11:01:56+00:00,527,10,0,True,True,True,1791111703
2026-10-04T11:01:56+00:00,529,8,13,True,True,True,1791111703
2026-10-04T11:01:56+00:00,526,9,5,True,True,True,1791111703
2026-10-04T11:01:56+00:00,537,16,3,True,True,True,1791111703
2026-10-04T11:01:56+00:00,547,17,10,True,True,True,1791111703
2026-10-04T11:01:56+00:00,601,3,15,True,True,True,1791111703
2026-10-04T11:01:56+00:00,533,3,9,True,True,True,1791111703
2026-10-04T11:01:56+00:00,535,16,9,True,True,True,1791111703
2026-10-04T11:01:56+00:00,524,5,15,True,True,True,1791111703
2026-10-04T11:01:56+00:00,519,3,18,True,True,True,1791111703
2026-10-04T11:01:56+00:00,534,12,27,True,True,True,1791111703
2026-10-04T11:01:56+00:00,521,2,11,True,True,True,1791111703
2026-10-04T11:01:56+00:00,518,0,18,True,True,True,1791111703
2026-10-04T11:01:56+00:00,556,1,17,True,True,True,1791111703
2026-10-04T11:01:56+00:00,525,0,14,True,True,True,1791111703
2026-10-04T11:01:56+00:00,517,1,16,True,True,True,1791111703
2026-10-04T11:01:56+00:00,523,11,19,True,True,True,1791111703
2026-10-04T11:01:56+00:00,522,4,5,True,True,True,1791111703
2026-10-04T11:01:56+00:00,594,5,12,True,True,True,1791111703
2026-10-04T11:01:56+00:00,532,4,16,True,True,True,1791111703
2026-10-04T11:01:56+00:00,509,8,3,True,True,True,1791111703
2026-10-04T11:01:56+00:00,531,7,10,True,True,True,1791111703
2026-10-04T11:01:56+00:00,536,0,9,True,True,True,1791111703
2026-10-04T11:01:56+00:00,562,19,20,True,True,True,1791111703
2026-10-04T11:01:56+00:00,511,6,17,True,True,True,1791111703
2026-10-04T11:01:56+00:00,505,2,19,True,True,True,1791111703
2026-10-04T11:01:56+00:00,501,1,17,True,True,True,1791111703
2026-10-04T11:01:56+00:00,514,0,12,True,True,True,1791111703
2026-10-04T11:01:56+00:00,500,7,10,True,True,True,1791111703
2026-10-04T11:01:56+00:00,503,3,25,True,True,True,1791111703
2026-10-04T11:01:56+00:00,513,2,13,True,True,True,1791111703
2026-10-04T11:01:56+00:00,498,0,12,True,True,True,1791111703
2026-10-04T11:01:56+00:00,507,17,1,True,True,True,1791111703
2026-10-04T11:01:56+00:00,512,11,16,True,True,True,1791111703
2026-10-04T11:01:56+00:00,619,21,21,True,True,True,1791111703
2026-10-04T11:01:56+00:00,474,30,12,True,True,True,1791111703
2026-10-04T11:01:56+00:00,580,13,32,True,True,True,1791111703
2026-10-04T11:01:56+00:00,496,22,21,True,True,True,1791111703
2026-10-04T11:01:56+00:00,482,1,16,True,True,True,1791111703
2026-10-04T11:01:56+00:00,407,0,12,True,True,True,1791111703
2026-10-04T11:01:56+00:00,409,3,22,True,True,True,1791111703
2026-10-04T11:01:56+00:00,451,1,18,True,True,True,1791111703
2026-10-04T11:01:56+00:00,402,8,11,True,True,True,1791111703
2026-10-04T11:01:56+00:00,516,2,12,True,True,True,1791111703
2026-10-04T11:01:56+00:00,625,9,31,True,True,True,1791111703
2026-10-04T11:01:56+00:00,429,6,15,True,True,True,1791111703
2026-10-04T11:01:56+00:00,380,0,23,True,True,True,1791111703
2026-10-04T11:01:56+00:00,583,3,15,True,True,True,1791111703
2026-10-04T11:01:56+00:00,398,11,6,True,True,True,1791111703
2026-10-04T11:01:56+00:00,381,14,1,True,True,True,1791111703
2026-10-04T11:01:56+00:00,464,19,24,True,True,True,1791111703
2026-10-04T11:01:56+00:00,442,13,3,True,True,True,1791111703
2026-10-04T11:01:56+00:00,483,12,8,True,True,True,1791111703
2026-10-04T11:01:56+00:00,458,1,13,True,True,True,1791111703
2026-10-04T11:01:56+00:00,499,3,12,True,True,True,1791111703
2026-10-04T11:01:56+00:00,472,7,12,True,True,True,1791111703
2026-10-04T11:01:56+00:00,506,7,17,True,True,True,1791111703
2026-10-04T11:01:56+00:00,465,13,15,True,True,True,1791111703
2026-10-04T11:01:56+00:00,611,3,34,True,True,True,1791111703
2026-10-04T11:01:56+00:00,404,10,16,True,True,True,1791111703
2026-10-04T11:01:56+00:00,579,0,17,True,True,True,1791111703
2026-10-04T11:01:56+00:00,589,2,24,True,True,True,1791111703
2026-10-04T11:01:56+00:00,434,7,13,True,True,True,1791111703
2026-10-04T11:01:56+00:00,462,2,12,True,True,True,1791111703
2026-10-04T11:01:56+00:00,578,0,22,True,True,True,1791111703
2026-10-04T11:01:56+00:00,415,0,12,True,True,True,1791111703
2026-10-04T11:01:56+00:00,423,20,0,True,True,True,1791111703
2026-10-04T11:01:56+00:00,412,7,0,True,True,True,1791111703
2026-10-04T11:01:56+00:00,387,11,3,True,True,True,1791111703
2026-10-04T11:01:56+00:00,441,2,13,True,True,True,1791111703
2026-10-04T11:01:56+00:00,454,1,21,True,True,True,1791111703
2026-10-04T11:01:56+00:00,436,0,12,True,True,True,1791111703
2026-10-04T11:01:56+00:00,394,0,18,True,True,True,1791111703
2026-10-04T11:01:56+00:00,497,12,15,True,True,True,1791111703
2026-10-04T11:01:56+00:00,581,4,20,True,True,True,1791111703
2026-10-04T11:01:56+00:00,461,2,16,True,True,True,1791111703
2026-10-04T11:01:56+00:00,599,20,25,True,True,True,1791111703
2026-10-04T11:01:56+00:00,428,5,18,True,True,True,1791111703
2026-10-04T11:01:56+00:00,400,5,19,True,True,True,1791111703
2026-10-04T11:01:56+00:00,487,0,21,True,True,True,1791111703
2026-10-04T11:01:56+00:00,438,24,15,True,True,True,1791111703
2026-10-04T11:01:56+00:00,459,1,11,True,True,True,1791111703
2026-10-04T11:01:56+00:00,433,1,16,True,True,True,1791111703
2026-10-04T11:01:56+00:00,399,1,29,True,True,True,1791111703
2026-10-04T11:01:56+00:00,489,12,14,True,True,True,1791111703
2026-10-04T11:01:56+00:00,742,17,10,True,True,True,1791111703
2026-10-04T11:01:56+00:00,551,29,2,True,True,True,1791111703
2026-10-04T11:01:56+00:00,406,8,3,True,True,True,1791111703
2026-10-04T11:01:56+00:00,488,1,21,True,True,True,1791111703
2026-10-04T11:01:56+00:00,540,17,17,True,True,True,1791111703
2026-10-04T11:01:56+00:00,431,0,20,True,True,True,1791111703
2026-10-04T11:01:56+00:00,393,1,19,True,True,True,1791111703
2026-10-04T11:01:56+00:00,420,11,6,True,True,True,1791111703
2026-10-04T11:01:56+00:00,397,2,26,True,True,True,1791111703
2026-10-04T11:01:56+00:00,390,20,9,True,True,True,1791111703
2026-10-04T11:01:56+00:00,449,12,12,True,True,True,1791111703
2026-10-04T11:01:56+00:00,430,9,33,True,True,True,1791111703
2026-10-04T11:01:56+00:00,484,12,22,True,True,True,1791111703
2026-10-04T11:01:56+00:00,479,10,20,True,True,True,1791111703
2026-10-04T11:01:56+00:00,403,1,13,True,True,True,1791111703
2026-10-04T11:01:56+00:00,435,4,26,True,True,True,1791111703
2026-10-04T11:01:56+00:00,426,8,12,True,True,True,1791111703
2026-10-04T11:01:56+00:00,450,6,8,True,True,True,1791111703
2026-10-04T11:01:56+00:00,456,19,13,True,True,True,1791111703
2026-10-04T11:01:56+00:00,468,11,4,True,True,True,1791111703
2026-10-04T11:01:56+00:00,453,25,8,True,True,True,1791111703
2026-10-04T11:01:56+00:00,466,1,14,True,True,True,1791111703
2026-10-04T11:01:56+00:00,469,3,27,True,True,True,1791111703
2026-10-04T11:01:56+00:00,416,1,14,True,True,True,1791111703
2026-10-04T11:01:56+00:00,391,1,12,True,True,True,1791111703
2026-10-04T11:01:56+00:00,389,2,12,True,True,True,1791111703
2026-10-04T11:01:56+00:00,470,2,12,True,True,True,1791111703
2026-10-04T11:01:56+00:00,384,9,6,True,True,True,1791111703
2026-10-04T11:01:56+00:00,425,0,7,True,True,True,1791111703
2026-10-04T11:01:56+00:00,411,5,6,True,True,True,1791111703
2026-10-04T11:01:56+00:00,598,10,23,True,True,True,1791111703
2026-10-04T11:01:56+00:00,444,15,3,True,True,True,1791111703
2026-10-04T11:01:56+00:00,447,6,24,True,True,True,1791111703
2026-10-04T11:01:56+00:00,408,8,5,True,True,True,1791111703
2026-10-04T11:01:56+00:00,737,24,0,True,True,True,1791111703
2026-10-04T11:01:56+00:00,432,0,11,True,True,True,1791111703
2026-10-04T11:01:56+00:00,401,3,2,True,True,True,1791111703
2026-10-04T11:01:56+00:00,452,3,25,True,True,True,1791111703
2026-10-04T11:01:56+00:00,392,4,3,True,True,True,1791111703
2026-10-04T11:01:56+00:00,481,10,32,True,True,True,1791111703
2026-10-04T11:01:56+00:00,495,20,21,True,True,True,1791111703
2026-10-04T11:01:56+00:00,478,13,0,True,True,True,1791111703
2026-10-04T11:01:56+00:00,414,2,9,True,True,True,1791111703
2026-10-04T11:01:56+00:00,476,14,5,True,True,True,1791111703
2026-10-04T11:01:56+00:00,445,7,11,True,True,True,1791111703
2026-10-04T11:01:56+00:00,748,9,18,True,True,True,1791111703
2026-10-04T11:01:56+00:00,473,2,5,True,True,True,1791111703
2026-10-04T11:01:56+00:00,383,0,25,True,True,True,1791111703
2026-10-04T11:01:56+00:00,480,21,3,True,True,True,1791111703
2026-10-04T11:01:56+00:00,421,8,11,True,True,True,1791111703
2026-10-04T11:01:56+00:00,746,9,2,True,True,True,1791111703
2026-10-04T11:01:56+00:00,417,0,12,True,True,True,1791111703
2026-10-04T11:01:56+00:00,427,2,12,True,True,True,1791111703
2026-10-04T11:01:56+00:00,395,5,9,True,True,True,1791111703
2026-10-04T11:01:56+00:00,418,5,22,True,True,True,1791111703
2026-10-04T11:01:56+00:00,413,3,9,True,True,True,1791111703
2026-10-04T11:01:56+00:00,486,8,14,True,True,True,1791111703
2026-10-04T11:01:56+00:00,597,12,3,True,True,True,1791111703
2026-10-04T11:01:56+00:00,422,0,11,True,True,True,1791111703
2026-10-04T11:01:56+00:00,382,1,6,True,True,True,1791111703
2026-10-04T11:01:56+00:00,396,4,17,True,True,True,1791111703
2026-10-04T11:01:56+00:00,735,8,5,True,True,True,1791111703
2026-10-04T11:01:56+00:00,437,8,16,True,True,True,1791111703
2026-10-04T11:01:56+00:00,446,2,20,True,True,True,1791111703
2026-10-04T11:01:56+00:00,424,2,4,True,True,True,1791111703
2026-10-04T11:01:56+00:00,455,12,0,True,True,True,1791111703
2026-10-04T11:01:56+00:00,457,0,10,True,True,True,1791111703
2026-10-04T11:01:56+00:00,377,6,23,True,True,True,1791111703
2026-10-04T11:01:56+00:00,738,6,6,True,True,True,1791111703
2026-10-04T11:01:56+00:00,460,3,26,True,True,True,1791111703
2026-10-04T11:01:56+00:00,744,2,7,True,True,True,1791111703
2026-10-04T11:01:56+00:00,485,4,15,True,True,True,1791111703
2026-10-04T11:16:56+00:00,6026,11,22,True,True,True,1791112605
2026-10-04T11:16:56+00:00,5431,0,21,True,True,True,1791112605
2026-10-04T11:16:56+00:00,5424,2,16,True,True,True,1791112605
2026-10-04T11:16:56+00:00,5220,0,19,True,True,True,1791112605
2026-10-04T11:16:56+00:00,5217,9,20,True,True,True,1791112605
2026-10-04T11:16:56+00:00,5113,12,3,True,True,True,1791112605
2026-10-04T11:16:56+00:00,4683,0,20,True,True,True,1791112605
2026-10-04T11:16:56+00:00,4552,3,15,True,True,True,1791112605
2026-10-04T11:16:56+00:00,3725,1,17,True,True,True,1791112605
2026-10-04T11:16:56+00:00,2358,2,10,True,True,True,1791112605
2026-10-04T11:16:56+00:00,2357,14,7,True,True,True,1791112605
2026-10-04T11:16:56+00:00,2355,0,12,True,True,True,1791112605
2026-10-04T11:16:56+00:00,2351,7,10,True,True,True,1791112605
2026-10-04T11:16:56+00:00,2350,17,6,True,True,True,1791112605
2026-10-04T11:16:56+00:00,2349,4,17,True,True,True,1791112605
2026-10-04T11:16:56+00:00,2347,7,23,True,True,True,1791112605
2026-10-04T11:16:56+00:00,2340,10,14,True,True,True,1791112605
2026-10-04T11:16:56+00:00,2339,17,11,True,True,True,1791112605
2026-10-04T11:16:56+00:00,2337,13,1,True,True,True,1791112605
2026-10-04T11:16:56+00:00,2334,1,10,True,True,True,1791112605
2026-10-04T11:16:56+00:00,2333,14,1,True,True,True,1791112605
2026-10-04T11:16:56+00:00,2332,1,8,True,True,True,1791112605
2026-10-04T11:16:56+00:00,2330,13,0,True,True,True,1791112605
2026-10-04T11:16:56+00:00,2329,14,0,True,True,True,1791112605
2026-10-04T11:16:56+00:00,2328,16,3,True,True,True,1791112605
2026-10-04T11:16:56+00:00,2315,10,8,True,True,True,1791112605
2026-10-04T11:16:56+00:00,2308,4,4,True,True,True,1791112605
2026-10-04T11:16:56+00:00,2307,8,21,True,True,True,1791112605
2026-10-04T11:16:56+00:00,2306,12,6,True,True,True,1791112605
2026-10-04T11:16:56+00:00,2305,6,8,True,True,True,1791112605
2026-10-04T11:16:56+00:00,2304,4,12,True,True,True,1791112605
2026-10-04T11:16:56+00:00,2280,4,8,True,True,True,1791112605
2026-10-04T11:16:56+00:00,2270,0,19,True,True,True,1791112605
2026-10-04T11:16:56+00:00,1919,3,3,True,True,True,1791112605
2026-10-04T11:16:56+00:00,1755,7,24,True,True,True,1791112605
2026-10-04T11:16:56+00:00,1101,6,17,True,True,True,1791112605
2026-10-04T11:16:56+00:00,1023,12,1,True,True,True,1791112605
2026-10-04T11:16:56+00:00,1009,2,8,True,True,True,1791112605
2026-10-04T11:16:56+00:00,970,5,19,True,True,True,1791112605
2026-10-04T11:16:56+00:00,787,12,0,True,True,True,1791112605
2026-10-04T11:16:56+00:00,627,3,27,True,True,True,1791112605
2026-10-04T11:16:56+00:00,623,19,0,True,True,True,1791112605
2026-10-04T11:16:56+00:00,624,0,18,True,True,True,1791112605
2026-10-04T11:16:56+00:00,626,2,20,True,True,True,1791112605
2026-10-04T11:16:56+00:00,614,4,18,True,True,True,1791112605
2026-10-04T11:16:56+00:00,616,15,0,True,True,True,1791112605
2026-10-04T11:16:56+00:00,618,8,34,True,True,True,1791112605
2026-10-04T11:16:56+00:00,621,2,24,True,True,True,1791112605
2026-10-04T11:16:56+00:00,622,0,28,True,True,True,1791112605
2026-10-04T11:16:56+00:00,613,1,15,True,True,True,1791112605
2026-10-04T11:16:56+00:00,620,18,21,True,True,True,1791112605
2026-10-04T11:16:56+00:00,596,0,17,True,True,True,1791112605
2026-10-04T11:16:56+00:00,617,6,13,True,True,True,1791112605
2026-10-04T11:16:56+00:00,609,8,19,True,True,True,1791112605
2026-10-04T11:16:56+00:00,607,1,28,True,True,True,1791112605
2026-10-04T11:16:56+00:00,603,12,5,True,True,True,1791112605
2026-10-04T11:16:56+00:00,590,3,34,True,True,True,1791112605
2026-10-04T11:16:56+00:00,610,1,18,True,True,True,1791112605
2026-10-04T11:16:56+00:00,608,2,15,True,True,True,1791112605
2026-10-04T11:16:56+00:00,593,2,25,True,True,True,1791112605
2026-10-04T11:16:56+00:00,530,7,2,True,True,True,1791112605
2026-10-04T11:16:56+00:00,463,15,1,True,True,True,1791112605
2026-10-04T11:16:56+00:00,475,21,2,True,True,True,1791112605
2026-10-04T11:16:56+00:00,439,13,11,True,True,True,1791112605
2026-10-04T11:16:56+00:00,600,9,1,True,True,True,1791112605
2026-10-04T11:16:56+00:00,440,5,10,True,True,True,1791112605
2026-10-04T11:16:56+00:00,612,2,16,True,True,True,1791112605
2026-10-04T11:16:56+00:00,491,16,2,True,True,True,1791112605
2026-10-04T11:16:56+00:00,493,17,9,True,True,True,1791112605
2026-10-04T11:16:56+00:00,410,5,20,True,True,True,1791112605
2026-10-04T11:16:56+00:00,605,4,14,True,True,True,1791112605
2026-10-04T11:16:56+00:00,388,12,4,True,True,True,1791112605
2026-10-04T11:16:56+00:00,591,20,3,True,True,True,1791112605
2026-10-04T11:16:56+00:00,592,1,17,True,True,True,1791112605
2026-10-04T11:16:56+00:00,585,0,0,True,True,True,1791112605
2026-10-04T11:16:56+00:00,565,0,18,True,True,True,1791112605
2026-10-04T11:16:56+00:00,571,16,2,True,True,True,1791112605
2026-10-04T11:16:56+00:00,568,1,14,True,True,True,1791112605
2026-10-04T11:16:56+00:00,588,6,13,True,True,True,1791112605
2026-10-04T11:16:56+00:00,584,0,34,True,True,True,1791112605
2026-10-04T11:16:56+00:00,569,10,19,True,True,True,1791112605
2026-10-04T11:16:56+00:00,577,7,22,True,True,True,1791112605
2026-10-04T11:16:56+00:00,564,2,27,True,True,True,1791112605
2026-10-04T11:16:56+00:00,570,1,14,True,True,True,1791112605
2026-10-04T11:16:56+00:00,572,10,29,True,True,True,1791112605
2026-10-04T11:16:56+00:00,586,8,17,True,True,True,1791112605
2026-10-04T11:16:56+00:00,576,11,6,True,True,True,1791112605
2026-10-04T11:16:56+00:00,566,24,0,True,True,True,1791112605
2026-10-04T11:16:56+00:00,602,5,13,True,True,True,1791112605
2026-10-04T11:16:56+00:00,575,6,23,True,True,True,1791112605
2026-10-04T11:16:56+00:00,567,20,18,True,True,True,1791112605
2026-10-04T11:16:56+00:00,582,9,15,True,True,True,1791112605
2026-10-04T11:16:56+00:00,595,23,0,True,True,True,1791112605
2026-10-04T11:16:56+00:00,542,14,4,True,True,True,1791112605
2026-10-04T11:16:56+00:00,563,7,9,True,True,True,1791112605
2026-10-04T11:16:56+00:00,558,6,9,True,True,True,1791112605
2026-10-04T11:16:56+00:00,552,8,10,True,True,True,1791112605
2026-10-04T11:16:56+00:00,555,0,13,True,True,True,1791112605
2026-10-04T11:16:56+00:00,573,4,20,True,True,True,1791112605
2026-10-04T11:16:56+00:00,561,7,15,True,True,True,1791112605
2026-10-04T11:16:56+00:00,615,6,15,True,True,True,1791112605
2026-10-04T11:16:56+00:00,543,1,18,True,True,True,1791112605
2026-10-04T11:16:56+00:00,554,3,16,True,True,True,1791112605
2026-10-04T11:16:56+00:00,574,9,2,True,True,True,1791112605
2026-10-04T11:16:56+00:00,560,1,7,True,True,True,1791112605
2026-10-04T11:16:56+00:00,548,2,15,True,True,True,1791112605
2026-10-04T11:16:56+00:00,559,3,14,True,True,True,1791112605
2026-10-04T11:16:56+00:00,545,22,16,True,True,True,1791112605
2026-10-04T11:16:56+00:00,550,2,7,True,True,True,1791112605
2026-10-04T11:16:56+00:00,541,8,2,True,True,True,1791112605
2026-10-04T11:16:56+00:00,527,10,0,True,True,True,1791112605
2026-10-04T11:16:56+00:00,529,8,13,True,True,True,1791112605
2026-10-04T11:16:56+00:00,526,10,4,True,True,True,1791112605
2026-10-04T11:16:56+00:00,537,16,3,True,True,True,1791112605
2026-10-04T11:16:56+00:00,547,17,10,True,True,True,1791112605
2026-10-04T11:16:56+00:00,601,3,15,True,True,True,1791112605
2026-10-04T11:16:56+00:00,533,3,9,True,True,True,1791112605
2026-10-04T11:16:56+00:00,535,16,9,True,True,True,1791112605
2026-10-04T11:16:56+00:00,524,5,15,True,True,True,1791112605
2026-10-04T11:16:56+00:00,519,2,19,True,True,True,1791112605
2026-10-04T11:16:56+00:00,534,12,27,True,True,True,1791112605
2026-10-04T11:16:56+00:00,521,2,11,True,True,True,1791112605
2026-10-04T11:16:56+00:00,518,0,18,True,True,True,1791112605
2026-10-04T11:16:56+00:00,556,1,17,True,True,True,1791112605
2026-10-04T11:16:56+00:00,525,0,14,True,True,True,1791112605
2026-10-04T11:16:56+00:00,517,1,16,True,True,True,1791112605
2026-10-04T11:16:56+00:00,523,11,19,True,True,True,1791112605
2026-10-04T11:16:56+00:00,522,4,5,True,True,True,1791112605
2026-10-04T11:16:56+00:00,594,5,12,True,True,True,1791112605
2026-10-04T11:16:56+00:00,532,4,16,True,True,True,1791112605
2026-10-04T11:16:56+00:00,509,8,3,True,True,True,1791112605
2026-10-04T11:16:56+00:00,531,7,10,True,True,True,1791112605
2026-10-04T11:16:56+00:00,536,0,9,True,True,True,1791112605
2026-10-04T11:16:56+00:00,562,19,20,True,True,True,1791112605
2026-10-04T11:16:56+00:00,511,6,17,True,True,True,1791112605
2026-10-04T11:16:56+00:00,505,2,19,True,True,True,1791112605
2026-10-04T11:16:56+00:00,501,1,17,True,True,True,1791112605
2026-10-04T11:16:56+00:00,514,0,12,True,True,True,1791112605
2026-10-04T11:16:56+00:00,500,7,10,True,True,True,1791112605
2026-10-04T11:16:56+00:00,503,3,25,True,True,True,1791112605
2026-10-04T11:16:56+00:00,513,2,13,True,True,True,1791112605
2026-10-04T11:16:56+00:00,498,0,12,True,True,True,1791112605
2026-10-04T11:16:56+00:00,507,18,0,True,True,True,1791112605
2026-10-04T11:16:56+00:00,512,17,10,True,True,True,1791112605
2026-10-04T11:16:56+00:00,619,21,21,True,True,True,1791112605
2026-10-04T11:16:56+00:00,474,30,12,True,True,True,1791112605
2026-10-04T11:16:56+00:00,580,13,32,True,True,True,1791112605
2026-10-04T11:16:56+00:00,496,22,21,True,True,True,1791112605
2026-10-04T11:16:56+00:00,482,1,16,True,True,True,1791112605
2026-10-04T11:16:56+00:00,407,1,11,True,True,True,1791112605
2026-10-04T11:16:56+00:00,409,3,22,True,True,True,1791112605
2026-10-04T11:16:56+00:00,451,1,18,True,True,True,1791112605
2026-10-04T11:16:56+00:00,402,7,12,True,True,True,1791112605
2026-10-04T11:16:56+00:00,516,2,12,True,True,True,1791112605
2026-10-04T11:16:56+00:00,625,10,30,True,True,True,1791112605
2026-10-04T11:16:56+00:00,429,6,15,True,True,True,1791112605
2026-10-04T11:16:56+00:00,380,0,23,True,True,True,1791112605
2026-10-04T11:16:56+00:00,583,4,14,True,True,True,1791112605
2026-10-04T11:16:56+00:00,398,10,7,True,True,True,1791112605
2026-10-04T11:16:56+00:00,381,14,1,True,True,True,1791112605
2026-10-04T11:16:56+00:00,464,19,24,True,True,True,1791112605
2026-10-04T11:16:56+00:00,442,13,3,True,True,True,1791112605
2026-10-04T11:16:56+00:00,483,14,6,True,True,True,1791112605
2026-10-04T11:16:56+00:00,458,0,14,True,True,True,1791112605
2026-10-04T11:16:56+00:00,499,1,14,True,True,True,1791112605
2026-10-04T11:16:56+00:00,472,6,13,True,True,True,1791112605
2026-10-04T11:16:56+00:00,506,7,17,True,True,True,1791112605
2026-10-04T11:16:56+00:00,465,13,16,True,True,True,1791112605
2026-10-04T11:16:56+00:00,611,3,34,True,True,True,1791112605
2026-10-04T11:16:56+00:00,404,10,16,True,True,True,1791112605
2026-10-04T11:16:56+00:00,579,0,17,True,True,True,1791112605
2026-10-04T11:16:56+00:00,589,2,24,True,True,True,1791112605
2026-10-04T11:16:56+00:00,434,7,13,True,True,True,1791112605
2026-10-04T11:16:56+00:00,462,2,12,True,True,True,1791112605
2026-10-04T11:16:56+00:00,578,0,22,True,True,True,1791112605
2026-10-04T11:16:56+00:00,415,0,12,True,True,True,1791112605
2026-10-04T11:16:56+00:00,423,20,0,True,True,True,1791112605
2026-10-04T11:16:56+00:00,412,6,1,True,True,True,1791112605
2026-10-04T11:16:56+00:00,387,11,3,True,True,True,1791112605
2026-10-04T11:16:56+00:00,441,2,13,True,True,True,1791112605
2026-10-04T11:16:56+00:00,454,0,22,True,True,True,1791112605
2026-10-04T11:16:56+00:00,436,0,12,True,True,True,1791112605
2026-10-04T11:16:56+00:00,394,0,18,True,True,True,1791112605
2026-10-04T11:16:56+00:00,497,12,15,True,True,True,1791112605
2026-10-04T11:16:56+00:00,581,6,18,True,True,True,1791112605
2026-10-04T11:16:56+00:00,461,2,16,True,True,True,1791112605
2026-10-04T11:16:56+00:00,599,18,27,True,True,True,1791112605
2026-10-04T11:16:56+00:00,428,5,18,True,True,True,1791112605
2026-10-04T11:16:56+00:00,400,5,19,True,True,True,1791112605
2026-10-04T11:16:56+00:00,487,0,21,True,True,True,1791112605
2026-10-04T11:16:56+00:00,438,24,15,True,True,True,1791112605
2026-10-04T11:16:56+00:00,459,1,11,True,True,True,1791112605
2026-10-04T11:16:56+00:00,433,1,16,True,True,True,1791112605
2026-10-04T11:16:56+00:00,399,1,29,True,True,True,1791112605
2026-10-04T11:16:56+00:00,489,12,15,True,True,True,1791112605
2026-10-04T11:16:56+00:00,742,17,10,True,True,True,1791112605
2026-10-04T11:16:56+00:00,551,30,1,True,True,True,1791112605
2026-10-04T11:16:56+00:00,406,4,6,True,True,True,1791112605
2026-10-04T11:16:56+00:00,488,1,21,True,True,True,1791112605
2026-10-04T11:16:56+00:00,540,17,17,True,True,True,1791112605
2026-10-04T11:16:56+00:00,431,0,20,True,True,True,1791112605
2026-10-04T11:16:56+00:00,393,0,20,True,True,True,1791112605
2026-10-04T11:16:56+00:00,420,11,6,True,True,True,1791112605
2026-10-04T11:16:56+00:00,397,2,26,True,True,True,1791112605
2026-10-04T11:16:56+00:00,390,20,9,True,True,True,1791112605
2026-10-04T11:16:56+00:00,449,12,12,True,True,True,1791112605
2026-10-04T11:16:56+00:00,430,9,33,True,True,True,1791112605
2026-10-04T11:16:56+00:00,484,12,22,True,True,True,1791112605
2026-10-04T11:16:56+00:00,479,10,20,True,True,True,1791112605
2026-10-04T11:16:56+00:00,403,1,13,True,True,True,1791112605
2026-10-04T11:16:56+00:00,435,4,26,True,True,True,1791112605
2026-10-04T11:16:56+00:00,426,8,12,True,True,True,1791112605
2026-10-04T11:16:56+00:00,450,6,8,True,True,True,1791112605
2026-10-04T11:16:56+00:00,456,19,13,True,True,True,1791112605
2026-10-04T11:16:56+00:00,468,11,4,True,True,True,1791112605
2026-10-04T11:16:56+00:00,453,27,6,True,True,True,1791112605
2026-10-04T11:16:56+00:00,466,1,14,True,True,True,1791112605
2026-10-04T11:16:56+00:00,469,3,27,True,True,True,1791112605
2026-10-04T11:16:56+00:00,416,0,15,True,True,True,1791112605
2026-10-04T11:16:56+00:00,391,1,12,True,True,True,1791112605
2026-10-04T11:16:56+00:00,389,2,12,True,True,True,1791112605
2026-10-04T11:16:56+00:00,470,2,12,True,True,True,1791112605
2026-10-04T11:16:56+00:00,384,9,6,True,True,True,1791112605
2026-10-04T11:16:56+00:00,425,0,7,True,True,True,1791112605
2026-10-04T11:16:56+00:00,411,5,6,True,True,True,1791112605
2026-10-04T11:16:56+00:00,598,9,24,True,True,True,1791112605
2026-10-04T11:16:56+00:00,444,15,3,True,True,True,1791112605
2026-10-04T11:16:56+00:00,447,8,22,True,True,True,1791112605
2026-10-04T11:16:56+00:00,408,9,4,True,True,True,1791112605
2026-10-04T11:16:56+00:00,737,23,1,True,True,True,1791112605
2026-10-04T11:16:56+00:00,432,0,11,True,True,True,1791112605
2026-10-04T11:16:56+00:00,401,5,0,True,True,True,1791112605
2026-10-04T11:16:56+00:00,452,5,23,True,True,True,1791112605
2026-10-04T11:16:56+00:00,392,6,1,True,True,True,1791112605
2026-10-04T11:16:56+00:00,481,10,32,True,True,True,1791112605
2026-10-04T11:16:56+00:00,495,21,20,True,True,True,1791112605
2026-10-04T11:16:56+00:00,478,13,0,True,True,True,1791112605
2026-10-04T11:16:56+00:00,414,3,8,True,True,True,1791112605
2026-10-04T11:16:56+00:00,476,15,4,True,True,True,1791112605
2026-10-04T11:16:56+00:00,445,7,11,True,True,True,1791112605
2026-10-04T11:16:56+00:00,748,9,18,True,True,True,1791112605
2026-10-04T11:16:56+00:00,473,0,7,True,True,True,1791112605
2026-10-04T11:16:56+00:00,383,0,25,True,True,True,1791112605
2026-10-04T11:16:56+00:00,480,23,1,True,True,True,1791112605
2026-10-04T11:16:56+00:00,421,8,11,True,True,True,1791112605
2026-10-04T11:16:56+00:00,746,9,2,True,True,True,1791112605
2026-10-04T11:16:56+00:00,417,0,12,True,True,True,1791112605
2026-10-04T11:16:56+00:00,427,4,10,True,True,True,1791112605
2026-10-04T11:16:56+00:00,395,6,8,True,True,True,1791112605
2026-10-04T11:16:56+00:00,418,6,21,True,True,True,1791112605
2026-10-04T11:16:56+00:00,413,3,9,True,True,True,1791112605
2026-10-04T11:16:56+00:00,486,7,15,True,True,True,1791112605
2026-10-04T11:16:56+00:00,597,11,4,True,True,True,1791112605
2026-10-04T11:16:56+00:00,422,0,11,True,True,True,1791112605
2026-10-04T11:16:56+00:00,382,0,7,True,True,True,1791112605
2026-10-04T11:16:56+00:00,396,4,17,True,True,True,1791112605
2026-10-04T11:16:56+00:00,735,8,5,True,True,True,1791112605
2026-10-04T11:16:56+00:00,437,8,16,True,True,True,1791112605
2026-10-04T11:16:56+00:00,446,3,19,True,True,True,1791112605
2026-10-04T11:16:56+00:00,424,1,5,True,True,True,1791112605
2026-10-04T11:16:56+00:00,455,12,0,True,True,True,1791112605
2026-10-04T11:16:56+00:00,457,1,9,True,True,True,1791112605
2026-10-04T11:16:56+00:00,377,6,23,True,True,True,1791112605
2026-10-04T11:16:56+00:00,738,6,6,True,True,True,1791112605
2026-10-04T11:16:56+00:00,460,2,27,True,True,True,1791112605
2026-10-04T11:16:56+00:00,744,2,7,True,True,True,1791112605
2026-10-04T11:16:56+00:00,485,2,17,True,True,True,1791112605
2026-10-04T11:31:56+00:00,6026,12,21,True,True,True,1791113504
2026-10-04T11:31:56+00:00,5431,7,14,True,True,True,1791113504
2026-10-04T11:31:56+00:00,5424,2,16,True,True,True,1791113504
2026-10-04T11:31:56+00:00,5220,0,19,True,True,True,1791113504
2026-10-04T11:31:56+00:00,5217,9,20,True,True,True,1791113504
2026-10-04T11:31:56+00:00,5113,12,3,True,True,True,1791113504
2026-10-04T11:31:56+00:00,4683,1,19,True,True,True,1791113504
2026-10-04T11:31:56+00:00,4552,3,15,True,True,True,1791113504
2026-10-04T11:31:56+00:00,3725,1,17,True,True,True,1791113504
2026-10-04T11:31:56+00:00,2358,2,10,True,True,True,1791113504
2026-10-04T11:31:56+00:00,2357,12,9,True,True,True,1791113504
2026-10-04T11:31:56+00:00,2355,0,12,True,True,True,1791113504
2026-10-04T11:31:56+00:00,2351,7,10,True,True,True,1791113504
2026-10-04T11:31:56+00:00,2350,17,6,True,True,True,1791113504
2026-10-04T11:31:56+00:00,2349,4,17,True,True,True,1791113504
2026-10-04T11:31:56+00:00,2347,8,22,True,True,True,1791113504
2026-10-04T11:31:56+00:00,2340,10,14,True,True,True,1791113504
2026-10-04T11:31:56+00:00,2339,17,11,True,True,True,1791113504
2026-10-04T11:31:56+00:00,2337,13,1,True,True,True,1791113504
2026-10-04T11:31:56+00:00,2334,1,10,True,True,True,1791113504
2026-10-04T11:31:56+00:00,2333,15,0,True,True,True,1791113504
2026-10-04T11:31:56+00:00,2332,1,8,True,True,True,1791113504
2026-10-04T11:31:56+00:00,2330,13,0,True,True,True,1791113504
2026-10-04T11:31:56+00:00,2329,13,1,True,True,True,1791113504
2026-10-04T11:31:56+00:00,2328,18,1,True,True,True,1791113504
2026-10-04T11:31:56+00:00,2315,12,6,True,True,True,1791113504
2026-10-04T11:31:56+00:00,2308,4,4,True,True,True,1791113504
2026-10-04T11:31:56+00:00,2307,9,20,True,True,True,1791113504
2026-10-04T11:31:56+00:00,2306,12,6,True,True,True,1791113504
2026-10-04T11:31:56+00:00,2305,6,8,True,True,True,1791113504
2026-10-04T11:31:56+00:00,2304,4,12,True,True,True,1791113504
2026-10-04T11:31:56+00:00,2280,4,8,True,True,True,1791113504
2026-10-04T11:31:56+00:00,2270,0,19,True,True,True,1791113504
2026-10-04T11:31:56+00:00,1919,4,2,True,True,True,1791113504
2026-10-04T11:31:56+00:00,1755,7,24,True,True,True,1791113504
2026-10-04T11:31:56+00:00,1101,6,17,True,True,True,1791113504
2026-10-04T11:31:56+00:00,1023,10,3,True,True,True,1791113504
2026-10-04T11:31:56+00:00,1009,1,9,True,True,True,1791113504
2026-10-04T11:31:56+00:00,970,5,19,True,True,True,1791113504
2026-10-04T11:31:56+00:00,787,12,0,True,True,True,1791113504
2026-10-04T11:31:56+00:00,627,3,27,True,True,True,1791113504
2026-10-04T11:31:56+00:00,623,19,0,True,True,True,1791113504
2026-10-04T11:31:56+00:00,624,0,18,True,True,True,1791113504
2026-10-04T11:31:56+00:00,626,2,20,True,True,True,1791113504
2026-10-04T11:31:56+00:00,614,4,18,True,True,True,1791113504
2026-10-04T11:31:56+00:00,616,12,3,True,True,True,1791113504
2026-10-04T11:31:56+00:00,618,8,34,True,True,True,1791113504
2026-10-04T11:31:56+00:00,621,1,25,True,True,True,1791113504
2026-10-04T11:31:56+00:00,622,0,28,True,True,True,1791113504
2026-10-04T11:31:56+00:00,613,1,15,True,True,True,1791113504
2026-10-04T11:31:56+00:00,620,18,21,True,True,True,1791113504
2026-10-04T11:31:56+00:00,596,0,17,True,True,True,1791113504
2026-10-04T11:31:56+00:00,617,5,14,True,True,True,1791113504
2026-10-04T11:31:56+00:00,609,8,19,True,True,True,1791113504
2026-10-04T11:31:56+00:00,607,1,28,True,True,True,1791113504
2026-10-04T11:31:56+00:00,603,12,5,True,True,True,1791113504
2026-10-04T11:31:56+00:00,590,3,34,True,True,True,1791113504
2026-10-04T11:31:56+00:00,610,1,18,True,True,True,1791113504
2026-10-04T11:31:56+00:00,608,2,15,True,True,True,1791113504
2026-10-04T11:31:56+00:00,593,1,26,True,True,True,1791113504
2026-10-04T11:31:56+00:00,530,7,2,True,True,True,1791113504
2026-10-04T11:31:56+00:00,463,15,1,True,True,True,1791113504
2026-10-04T11:31:56+00:00,475,21,2,True,True,True,1791113504
2026-10-04T11:31:56+00:00,439,14,10,True,True,True,1791113504
2026-10-04T11:31:56+00:00,600,8,2,True,True,True,1791113504
2026-10-04T11:31:56+00:00,440,5,10,True,True,True,1791113504
2026-10-04T11:31:56+00:00,612,2,16,True,True,True,1791113504
2026-10-04T11:31:56+00:00,491,16,2,True,True,True,1791113504
2026-10-04T11:31:56+00:00,493,15,11,True,True,True,1791113504
2026-10-04T11:31:56+00:00,410,5,20,True,True,True,1791113504
2026-10-04T11:31:56+00:00,605,4,14,True,True,True,1791113504
2026-10-04T11:31:56+00:00,388,12,3,True,True,True,1791113504
2026-10-04T11:31:56+00:00,591,19,4,True,True,True,1791113504
2026-10-04T11:31:56+00:00,592,1,17,True,True,True,1791113504
2026-10-04T11:31:56+00:00,585,0,0,True,True,True,1791113504
2026-10-04T11:31:56+00:00,565,0,18,True,True,True,1791113504
2026-10-04T11:31:56+00:00,571,12,6,True,True,True,1791113504
2026-10-04T11:31:56+00:00,568,1,14,True,True,True,1791113504
2026-10-04T11:31:56+00:00,588,6,13,True,True,True,1791113504
2026-10-04T11:31:56+00:00,584,0,34,True,True,True,1791113504
2026-10-04T11:31:56+00:00,569,10,19,True,True,True,1791113504
2026-10-04T11:31:56+00:00,577,9,20,True,True,True,1791113504
2026-10-04T11:31:56+00:00,564,2,27,True,True,True,1791113504
2026-10-04T11:31:56+00:00,570,1,14,True,True,True,1791113504
2026-10-04T11:31:56+00:00,572,10,29,True,True,True,1791113504
2026-10-04T11:31:56+00:00,586,7,18,True,True,True,1791113504
2026-10-04T11:31:56+00:00,576,11,6,True,True,True,1791113504
2026-10-04T11:31:56+00:00,566,24,0,True,True,True,1791113504
2026-10-04T11:31:56+00:00,602,5,13,True,True,True,1791113504
2026-10-04T11:31:56+00:00,575,6,23,True,True,True,1791113504
2026-10-04T11:31:56+00:00,567,20,18,True,True,True,1791113504
2026-10-04T11:31:56+00:00,582,8,16,True,True,True,1791113504
2026-10-04T11:31:56+00:00,595,23,0,True,True,True,1791113504
2026-10-04T11:31:56+00:00,542,16,2,True,True,True,1791113504
2026-10-04T11:31:56+00:00,563,7,9,True,True,True,1791113504
2026-10-04T11:31:56+00:00,558,7,8,True,True,True,1791113504
2026-10-04T11:31:56+00:00,552,10,8,True,True,True,1791113504
2026-10-04T11:31:56+00:00,555,0,13,True,True,True,1791113504
2026-10-04T11:31:56+00:00,573,5,19,True,True,True,1791113504
2026-10-04T11:31:56+00:00,561,7,15,True,True,True,1791113504
2026-10-04T11:31:56+00:00,615,7,14,True,True,True,1791113504
2026-10-04T11:31:56+00:00,543,1,18,True,True,True,1791113504
2026-10-04T11:31:56+00:00,554,2,17,True,True,True,1791113504
2026-10-04T11:31:56+00:00,574,9,2,True,True,True,1791113504
2026-10-04T11:31:56+00:00,560,1,7,True,True,True,1791113504
2026-10-04T11:31:56+00:00,548,2,15,True,True,True,1791113504
2026-10-04T11:31:56+00:00,559,3,14,True,True,True,1791113504
2026-10-04T11:31:56+00:00,545,22,16,True,True,True,1791113504
2026-10-04T11:31:56+00:00,550,2,7,True,True,True,1791113504
2026-10-04T11:31:56+00:00,541,8,2,True,True,True,1791113504
2026-10-04T11:31:56+00:00,527,10,0,True,True,True,1791113504
2026-10-04T11:31:56+00:00,529,8,13,True,True,True,1791113504
2026-10-04T11:31:56+00:00,526,10,4,True,True,True,1791113504
2026-10-04T11:31:56+00:00,537,16,3,True,True,True,1791113504
2026-10-04T11:31:56+00:00,547,17,10,True,True,True,1791113504
2026-10-04T11:31:56+00:00,601,3,15,True,True,True,1791113504
2026-10-04T11:31:56+00:00,533,3,9,True,True,True,1791113504
2026-10-04T11:31:56+00:00,535,16,9,True,True,True,1791113504
2026-10-04T11:31:56+00:00,524,5,15,True,True,True,1791113504
2026-10-04T11:31:56+00:00,519,2,19,True,True,True,1791113504
2026-10-04T11:31:56+00:00,534,12,27,True,True,True,1791113504
2026-10-04T11:31:56+00:00,521,1,12,True,True,True,1791113504
2026-10-04T11:31:56+00:00,518,0,18,True,True,True,1791113504
2026-10-04T11:31:56+00:00,556,1,17,True,True,True,1791113504
2026-10-04T11:31:56+00:00,525,0,14,True,True,True,1791113504
2026-10-04T11:31:56+00:00,517,1,16,True,True,True,1791113504
2026-10-04T11:31:56+00:00,523,10,20,True,True,True,1791113504
2026-10-04T11:31:56+00:00,522,7,2,True,True,True,1791113504
2026-10-04T11:31:56+00:00,594,5,12,True,True,True,1791113504
2026-10-04T11:31:56+00:00,532,4,16,True,True,True,1791113504
2026-10-04T11:31:56+00:00,509,8,3,True,True,True,1791113504
2026-10-04T11:31:56+00:00,531,7,10,True,True,True,1791113504
2026-10-04T11:31:56+00:00,536,0,9,True,True,True,1791113504
2026-10-04T11:31:56+00:00,562,19,20,True,True,True,1791113504
2026-10-04T11:31:56+00:00,511,6,17,True,True,True,1791113504
2026-10-04T11:31:56+00:00,505,2,19,True,True,True,1791113504
2026-10-04T11:31:56+00:00,501,1,17,True,True,True,1791113504
2026-10-04T11:31:56+00:00,514,0,12,True,True,True,1791113504
2026-10-04T11:31:56+00:00,500,7,10,True,True,True,1791113504
2026-10-04T11:31:56+00:00,503,3,25,True,True,True,1791113504
2026-10-04T11:31:56+00:00,513,2,13,True,True,True,1791113504
2026-10-04T11:31:56+00:00,498,0,12,True,True,True,1791113504
2026-10-04T11:31:56+00:00,507,18,0,True,True,True,1791113504
2026-10-04T11:31:56+00:00,512,17,10,True,True,True,1791113504
2026-10-04T11:31:56+00:00,619,21,21,True,True,True,1791113504
2026-10-04T11:31:56+00:00,474,29,13,True,True,True,1791113504
2026-10-04T11:31:56+00:00,580,13,32,True,True,True,1791113504
2026-10-04T11:31:56+00:00,496,22,21,True,True,True,1791113504
2026-10-04T11:31:56+00:00,482,1,16,True,True,True,1791113504
2026-10-04T11:31:56+00:00,407,1,11,True,True,True,1791113504
2026-10-04T11:31:56+00:00,409,3,22,True,True,True,1791113504
2026-10-04T11:31:56+00:00,451,1,18,True,True,True,1791113504
2026-10-04T11:31:56+00:00,402,6,12,True,True,True,1791113504
2026-10-04T11:31:56+00:00,516,0,14,True,True,True,1791113504
2026-10-04T11:31:56+00:00,625,10,30,True,True,True,1791113504
2026-10-04T11:31:56+00:00,429,7,14,True,True,True,1791113504
2026-10-04T11:31:56+00:00,380,0,23,True,True,True,1791113504
2026-10-04T11:31:56+00:00,583,4,14,True,True,True,1791113504
2026-10-04T11:31:56+00:00,398,10,7,True,True,True,1791113504
2026-10-04T11:31:56+00:00,381,14,1,True,True,True,1791113504
2026-10-04T11:31:56+00:00,464,19,24,True,True,True,1791113504
2026-10-04T11:31:56+00:00,442,12,4,True,True,True,1791113504
2026-10-04T11:31:56+00:00,483,13,7,True,True,True,1791113504
2026-10-04T11:31:56+00:00,458,0,14,True,True,True,1791113504
2026-10-04T11:31:56+00:00,499,1,14,True,True,True,1791113504
2026-10-04T11:31:56+00:00,472,4,15,True,True,True,1791113504
2026-10-04T11:31:56+00:00,506,5,19,True,True,True,1791113504
2026-10-04T11:31:56+00:00,465,13,16,True,True,True,1791113504
2026-10-04T11:31:56+00:00,611,3,34,True,True,True,1791113504
2026-10-04T11:31:56+00:00,404,10,16,True,True,True,1791113504
2026-10-04T11:31:56+00:00,579,0,17,True,True,True,1791113504
2026-10-04T11:31:56+00:00,589,2,24,True,True,True,1791113504
2026-10-04T11:31:56+00:00,434,7,13,True,True,True,1791113504
2026-10-04T11:31:56+00:00,462,2,12,True,True,True,1791113504
2026-10-04T11:31:56+00:00,578,0,22,True,True,True,1791113504
2026-10-04T11:31:56+00:00,415,0,12,True,True,True,1791113504
2026-10-04T11:31:56+00:00,423,20,0,True,True,True,1791113504
2026-10-04T11:31:56+00:00,412,6,1,True,True,True,1791113504
2026-10-04T11:31:56+00:00,387,11,3,True,True,True,1791113504
2026-10-04T11:31:56+00:00,441,2,13,True,True,True,1791113504
2026-10-04T11:31:56+00:00,454,0,22,True,True,True,1791113504
2026-10-04T11:31:56+00:00,436,1,11,True,True,True,1791113504
2026-10-04T11:31:56+00:00,394,0,18,True,True,True,1791113504
2026-10-04T11:31:56+00:00,497,12,15,True,True,True,1791113504
2026-10-04T11:31:56+00:00,581,3,21,True,True,True,1791113504
2026-10-04T11:31:56+00:00,461,2,16,True,True,True,1791113504
2026-10-04T11:31:56+00:00,599,18,27,True,True,True,1791113504
2026-10-04T11:31:56+00:00,428,5,18,True,True,True,1791113504
2026-10-04T11:31:56+00:00,400,5,19,True,True,True,1791113504
2026-10-04T11:31:56+00:00,487,0,21,True,True,True,1791113504
2026-10-04T11:31:56+00:00,438,25,14,True,True,True,1791113504
2026-10-04T11:31:56+00:00,459,2,10,True,True,True,1791113504
2026-10-04T11:31:56+00:00,433,1,16,True,True,True,1791113504
2026-10-04T11:31:56+00:00,399,1,29,True,True,True,1791113504
2026-10-04T11:31:56+00:00,489,11,16,True,True,True,1791113504
2026-10-04T11:31:56+00:00,742,17,10,True,True,True,1791113504
2026-10-04T11:31:56+00:00,551,31,0,True,True,True,1791113504
2026-10-04T11:31:56+00:00,406,2,8,True,True,True,1791113504
2026-10-04T11:31:56+00:00,488,0,22,True,True,True,1791113504
2026-10-04T11:31:56+00:00,540,17,17,True,True,True,1791113504
2026-10-04T11:31:56+00:00,431,1,19,True,True,True,1791113504
2026-10-04T11:31:56+00:00,393,2,18,True,True,True,1791113504
2026-10-04T11:31:56+00:00,420,11,6,True,True,True,1791113504
2026-10-04T11:31:56+00:00,397,0,28,True,True,True,1791113504
2026-10-04T11:31:56+00:00,390,20,9,True,True,True,1791113504
2026-10-04T11:31:56+00:00,449,12,12,True,True,True,1791113504
2026-10-04T11:31:56+00:00,430,9,33,True,True,True,1791113504
2026-10-04T11:31:56+00:00,484,12,22,True,True,True,1791113504
2026-10-04T11:31:56+00:00,479,10,20,True,True,True,1791113504
2026-10-04T11:31:56+00:00,403,1,13,True,True,True,1791113504
2026-10-04T11:31:56+00:00,435,5,25,True,True,True,1791113504
2026-10-04T11:31:56+00:00,426,7,13,True,True,True,1791113504
2026-10-04T11:31:56+00:00,450,6,8,True,True,True,1791113504
2026-10-04T11:31:56+00:00,456,20,12,True,True,True,1791113504
2026-10-04T11:31:56+00:00,468,11,4,True,True,True,1791113504
2026-10-04T11:31:56+00:00,453,26,7,True,True,True,1791113504
2026-10-04T11:31:56+00:00,466,1,14,True,True,True,1791113504
2026-10-04T11:31:56+00:00,469,4,26,True,True,True,1791113504
2026-10-04T11:31:56+00:00,416,0,15,True,True,True,1791113504
2026-10-04T11:31:56+00:00,391,1,12,True,True,True,1791113504
2026-10-04T11:31:56+00:00,389,2,12,True,True,True,1791113504
2026-10-04T11:31:56+00:00,470,2,12,True,True,True,1791113504
2026-10-04T11:31:56+00:00,384,8,7,True,True,True,1791113504
2026-10-04T11:31:56+00:00,425,3,4,True,True,True,1791113504
2026-10-04T11:31:56+00:00,411,5,6,True,True,True,1791113504
2026-10-04T11:31:56+00:00,598,8,25,True,True,True,1791113504
2026-10-04T11:31:56+00:00,444,16,2,True,True,True,1791113504
2026-10-04T11:31:56+00:00,447,12,18,True,True,True,1791113504
2026-10-04T11:31:56+00:00,408,11,2,True,True,True,1791113504
2026-10-04T11:31:56+00:00,737,23,1,True,True,True,1791113504
2026-10-04T11:31:56+00:00,432,0,11,True,True,True,1791113504
2026-10-04T11:31:56+00:00,401,5,0,True,True,True,1791113504
2026-10-04T11:31:56+00:00,452,5,23,True,True,True,1791113504
2026-10-04T11:31:56+00:00,392,6,1,True,True,True,1791113504
2026-10-04T11:31:56+00:00,481,10,32,True,True,True,1791113504
2026-10-04T11:31:56+00:00,495,22,19,True,True,True,1791113504
2026-10-04T11:31:56+00:00,478,13,0,True,True,True,1791113504
2026-10-04T11:31:56+00:00,414,3,8,True,True,True,1791113504
2026-10-04T11:31:56+00:00,476,15,4,True,True,True,1791113504
2026-10-04T11:31:56+00:00,445,8,10,True,True,True,1791113504
2026-10-04T11:31:56+00:00,748,9,18,True,True,True,1791113504
2026-10-04T11:31:56+00:00,473,0,7,True,True,True,1791113504
2026-10-04T11:31:56+00:00,383,0,25,True,True,True,1791113504
2026-10-04T11:31:56+00:00,480,24,0,True,True,True,1791113504
2026-10-04T11:31:56+00:00,421,8,11,True,True,True,1791113504
2026-10-04T11:31:56+00:00,746,9,2,True,True,True,1791113504
2026-10-04T11:31:56+00:00,417,0,12,True,True,True,1791113504
2026-10-04T11:31:56+00:00,427,3,11,True,True,True,1791113504
2026-10-04T11:31:56+00:00,395,6,8,True,True,True,1791113504
2026-10-04T11:31:56+00:00,418,6,21,True,True,True,1791113504
2026-10-04T11:31:56+00:00,413,2,10,True,True,True,1791113504
2026-10-04T11:31:56+00:00,486,7,15,True,True,True,1791113504
2026-10-04T11:31:56+00:00,597,10,5,True,True,True,1791113504
2026-10-04T11:31:56+00:00,422,2,9,True,True,True,1791113504
2026-10-04T11:31:56+00:00,382,0,7,True,True,True,1791113504
2026-10-04T11:31:56+00:00,396,4,17,True,True,True,1791113504
2026-10-04T11:31:56+00:00,735,8,5,True,True,True,1791113504
2026-10-04T11:31:56+00:00,437,7,17,True,True,True,1791113504
2026-10-04T11:31:56+00:00,446,3,19,True,True,True,1791113504
2026-10-04T11:31:56+00:00,424,1,5,True,True,True,1791113504
2026-10-04T11:31:56+00:00,455,12,0,True,True,True,1791113504
2026-10-04T11:31:56+00:00,457,1,9,True,True,True,1791113504
2026-10-04T11:31:56+00:00,377,7,22,True,True,True,1791113504
2026-10-04T11:31:56+00:00,738,8,4,True,True,True,1791113504
2026-10-04T11:31:56+00:00,460,3,26,True,True,True,1791113504
2026-10-04T11:31:56+00:00,744,2,7,True,True,True,1791113504
2026-10-04T11:31:56+00:00,485,2,17,True,True,True,1791113504
2026-10-04T11:46:56+00:00,6026,12,21,True,True,True,1791114406
2026-10-04T11:46:56+00:00,5431,15,6,True,True,True,1791114406
2026-10-04T11:46:56+00:00,5424,2,16,True,True,True,1791114406
2026-10-04T11:46:56+00:00,5220,0,19,True,True,True,1791114406
2026-10-04T11:46:56+00:00,5217,9,20,True,True,True,1791114406
2026-10-04T11:46:56+00:00,5113,13,2,True,True,True,1791114406
2026-10-04T11:46:56+00:00,4683,1,19,True,True,True,1791114406
2026-10-04T11:46:56+00:00,4552,3,15,True,True,True,1791114406
2026-10-04T11:46:56+00:00,3725,1,17,True,True,True,1791114406
2026-10-04T11:46:56+00:00,2358,2,10,True,True,True,1791114406
2026-10-04T11:46:56+00:00,2357,12,9,True,True,True,1791114406
2026-10-04T11:46:56+00:00,2355,0,12,True,True,True,1791114406
2026-10-04T11:46:56+00:00,2351,7,10,True,True,True,1791114406
2026-10-04T11:46:56+00:00,2350,17,6,True,True,True,1791114406
2026-10-04T11:46:56+00:00,2349,4,17,True,True,True,1791114406
2026-10-04T11:46:56+00:00,2347,8,22,True,True,True,1791114406
2026-10-04T11:46:56+00:00,2340,10,14,True,True,True,1791114406
2026-10-04T11:46:56+00:00,2339,17,11,True,True,True,1791114406
2026-10-04T11:46:56+00:00,2337,13,1,True,True,True,1791114406
2026-10-04T11:46:56+00:00,2334,1,10,True,True,True,1791114406
2026-10-04T11:46:56+00:00,2333,15,0,True,True,True,1791114406
2026-10-04T11:46:56+00:00,2332,1,8,True,True,True,1791114406
2026-10-04T11:46:56+00:00,2330,13,0,True,True,True,1791114406
2026-10-04T11:46:56+00:00,2329,13,1,True,True,True,1791114406
2026-10-04T11:46:56+00:00,2328,18,1,True,True,True,1791114406
2026-10-04T11:46:56+00:00,2315,12,6,True,True,True,1791114406
2026-10-04T11:46:56+00:00,2308,4,4,True,True,True,1791114406
2026-10-04T11:46:56+00:00,2307,9,20,True,True,True,1791114406
2026-10-04T11:46:56+00:00,2306,10,7,True,True,True,1791114406
2026-10-04T11:46:56+00:00,2305,7,7,True,True,True,1791114406
2026-10-04T11:46:56+00:00,2304,4,12,True,True,True,1791114406
2026-10-04T11:46:56+00:00,2280,4,8,True,True,True,1791114406
2026-10-04T11:46:56+00:00,2270,0,19,True,True,True,1791114406
2026-10-04T11:46:56+00:00,1919,5,1,True,True,True,1791114406
2026-10-04T11:46:56+00:00,1755,7,24,True,True,True,1791114406
2026-10-04T11:46:56+00:00,1101,6,17,True,True,True,1791114406
2026-10-04T11:46:56+00:00,1023,10,3,True,True,True,1791114406
2026-10-04T11:46:56+00:00,1009,1,9,True,True,True,1791114406
2026-10-04T11:46:56+00:00,970,6,18,True,True,True,1791114406
2026-10-04T11:46:56+00:00,787,12,0,True,True,True,1791114406
2026-10-04T11:46:56+00:00,627,5,25,True,True,True,1791114406
2026-10-04T11:46:56+00:00,623,19,0,True,True,True,1791114406
2026-10-04T11:46:56+00:00,624,0,18,True,True,True,1791114406
2026-10-04T11:46:56+00:00,626,3,19,True,True,True,1791114406
2026-10-04T11:46:56+00:00,614,4,18,True,True,True,1791114406
2026-10-04T11:46:56+00:00,616,10,5,True,True,True,1791114406
2026-10-04T11:46:56+00:00,618,8,34,True,True,True,1791114406
2026-10-04T11:46:56+00:00,621,0,26,True,True,True,1791114406
2026-10-04T11:46:56+00:00,622,0,28,True,True,True,1791114406
2026-10-04T11:46:56+00:00,613,0,16,True,True,True,1791114406
2026-10-04T11:46:56+00:00,620,18,21,True,True,True,1791114406
2026-10-04T11:46:56+00:00,596,0,17,True,True,True,1791114406
2026-10-04T11:46:56+00:00,617,5,14,True,True,True,1791114406
2026-10-04T11:46:56+00:00,609,8,19,True,True,True,1791114406
2026-10-04T11:46:56+00:00,607,1,28,True,True,True,1791114406
2026-10-04T11:46:56+00:00,603,12,5,True,True,True,1791114406
2026-10-04T11:46:56+00:00,590,3,34,True,True,True,1791114406
2026-10-04T11:46:56+00:00,610,0,19,True,True,True,1791114406
2026-10-04T11:46:56+00:00,608,2,15,True,True,True,1791114406
2026-10-04T11:46:56+00:00,593,1,26,True,True,True,1791114406
2026-10-04T11:46:56+00:00,530,7,2,True,True,True,1791114406
2026-10-04T11:46:56+00:00,463,15,1,True,True,True,1791114406
2026-10-04T11:46:56+00:00,475,21,2,True,True,True,1791114406
2026-10-04T11:46:56+00:00,439,14,10,True,True,True,1791114406
2026-10-04T11:46:56+00:00,600,8,2,True,True,True,1791114406
2026-10-04T11:46:56+00:00,440,5,10,True,True,True,1791114406
2026-10-04T11:46:56+00:00,612,1,17,True,True,True,1791114406
2026-10-04T11:46:56+00:00,491,17,1,True,True,True,1791114406
2026-10-04T11:46:56+00:00,493,15,11,True,True,True,1791114406
2026-10-04T11:46:56+00:00,410,4,20,True,True,True,1791114406
2026-10-04T11:46:56+00:00,605,4,14,True,True,True,1791114406
2026-10-04T11:46:56+00:00,388,11,4,True,True,True,1791114406
2026-10-04T11:46:56+00:00,591,19,4,True,True,True,1791114406
2026-10-04T11:46:56+00:00,592,0,18,True,True,True,1791114406
2026-10-04T11:46:56+00:00,585,0,0,True,True,True,1791114406
2026-10-04T11:46:56+00:00,565,0,18,True,True,True,1791114406
2026-10-04T11:46:56+00:00,571,6,13,True,True,True,1791114406
2026-10-04T11:46:56+00:00,568,1,14,True,True,True,1791114406
2026-10-04T11:46:56+00:00,588,7,12,True,True,True,1791114406
2026-10-04T11:46:56+00:00,584,0,34,True,True,True,1791114406
2026-10-04T11:46:56+00:00,569,10,18,True,True,True,1791114406
2026-10-04T11:46:56+00:00,577,10,19,True,True,True,1791114406
2026-10-04T11:46:56+00:00,564,4,25,True,True,True,1791114406
2026-10-04T11:46:56+00:00,570,1,14,True,True,True,1791114406
2026-10-04T11:46:56+00:00,572,10,29,True,True,True,1791114406
2026-10-04T11:46:56+00:00,586,6,19,True,True,True,1791114406
2026-10-04T11:46:56+00:00,576,11,6,True,True,True,1791114406
2026-10-04T11:46:56+00:00,566,23,0,True,True,True,1791114406
2026-10-04T11:46:56+00:00,602,5,13,True,True,True,1791114406
2026-10-04T11:46:56+00:00,575,4,25,True,True,True,1791114406
2026-10-04T11:46:56+00:00,567,20,18,True,True,True,1791114406
2026-10-04T11:46:56+00:00,582,9,15,True,True,True,1791114406
2026-10-04T11:46:56+00:00,595,23,0,True,True,True,1791114406
2026-10-04T11:46:56+00:00,542,16,2,True,True,True,1791114406
2026-10-04T11:46:56+00:00,563,7,9,True,True,True,1791114406
2026-10-04T11:46:56+00:00,558,7,8,True,True,True,1791114406
2026-10-04T11:46:56+00:00,552,10,8,True,True,True,1791114406
2026-10-04T11:46:56+00:00,555,0,13,True,True,True,1791114406
2026-10-04T11:46:56+00:00,573,6,18,True,True,True,1791114406
2026-10-04T11:46:56+00:00,561,7,15,True,True,True,1791114406
2026-10-04T11:46:56+00:00,615,6,15,True,True,True,1791114406
2026-10-04T11:46:56+00:00,543,1,18,True,True,True,1791114406
2026-10-04T11:46:56+00:00,554,2,17,True,True,True,1791114406
2026-10-04T11:46:56+00:00,574,9,2,True,True,True,1791114406
2026-10-04T11:46:56+00:00,560,1,7,True,True,True,1791114406
2026-10-04T11:46:56+00:00,548,4,13,True,True,True,1791114406
2026-10-04T11:46:56+00:00,559,3,14,True,True,True,1791114406
2026-10-04T11:46:56+00:00,545,22,16,True,True,True,1791114406
2026-10-04T11:46:56+00:00,550,2,7,True,True,True,1791114406
2026-10-04T11:46:56+00:00,541,8,2,True,True,True,1791114406
2026-10-04T11:46:56+00:00,527,10,0,True,True,True,1791114406
2026-10-04T11:46:56+00:00,529,7,14,True,True,True,1791114406
2026-10-04T11:46:56+00:00,526,10,4,True,True,True,1791114406
2026-10-04T11:46:56+00:00,537,16,3,True,True,True,1791114406
2026-10-04T11:46:56+00:00,547,17,10,True,True,True,1791114406
2026-10-04T11:46:56+00:00,601,3,15,True,True,True,1791114406
2026-10-04T11:46:56+00:00,533,3,9,True,True,True,1791114406
2026-10-04T11:46:56+00:00,535,16,9,True,True,True,1791114406
2026-10-04T11:46:56+00:00,524,5,15,True,True,True,1791114406
2026-10-04T11:46:56+00:00,519,2,19,True,True,True,1791114406
2026-10-04T11:46:56+00:00,534,12,27,True,True,True,1791114406
2026-10-04T11:46:56+00:00,521,1,12,True,True,True,1791114406
2026-10-04T11:46:56+00:00,518,0,18,True,True,True,1791114406
2026-10-04T11:46:56+00:00,556,1,17,True,True,True,1791114406
2026-10-04T11:46:56+00:00,525,0,14,True,True,True,1791114406
2026-10-04T11:46:56+00:00,517,2,15,True,True,True,1791114406
2026-10-04T11:46:56+00:00,523,10,20,True,True,True,1791114406
2026-10-04T11:46:56+00:00,522,7,2,True,True,True,1791114406
2026-10-04T11:46:56+00:00,594,2,15,True,True,True,1791114406
2026-10-04T11:46:56+00:00,532,4,16,True,True,True,1791114406
2026-10-04T11:46:56+00:00,509,8,3,True,True,True,1791114406
2026-10-04T11:46:56+00:00,531,7,10,True,True,True,1791114406
2026-10-04T11:46:56+00:00,536,0,9,True,True,True,1791114406
2026-10-04T11:46:56+00:00,562,19,20,True,True,True,1791114406
2026-10-04T11:46:56+00:00,511,7,16,True,True,True,1791114406
2026-10-04T11:46:56+00:00,505,3,18,True,True,True,1791114406
2026-10-04T11:46:56+00:00,501,1,17,True,True,True,1791114406
2026-10-04T11:46:56+00:00,514,0,12,True,True,True,1791114406
2026-10-04T11:46:56+00:00,500,7,10,True,True,True,1791114406
2026-10-04T11:46:56+00:00,503,3,25,True,True,True,1791114406
2026-10-04T11:46:56+00:00,513,2,13,True,True,True,1791114406
2026-10-04T11:46:56+00:00,498,0,12,True,True,True,1791114406
2026-10-04T11:46:56+00:00,507,17,1,True,True,True,1791114406
2026-10-04T11:46:56+00:00,512,18,9,True,True,True,1791114406
2026-10-04T11:46:56+00:00,619,21,21,True,True,True,1791114406
2026-10-04T11:46:56+00:00,474,29,13,True,True,True,1791114406
2026-10-04T11:46:56+00:00,580,13,32,True,True,True,1791114406
2026-10-04T11:46:56+00:00,496,22,21,True,True,True,1791114406
2026-10-04T11:46:56+00:00,482,1,16,True,True,True,1791114406
2026-10-04T11:46:56+00:00,407,0,12,True,True,True,1791114406
2026-10-04T11:46:56+00:00,409,3,22,True,True,True,1791114406
2026-10-04T11:46:56+00:00,451,1,18,True,True,True,1791114406
2026-10-04T11:46:56+00:00,402,7,12,True,True,True,1791114406
2026-10-04T11:46:56+00:00,516,0,14,True,True,True,1791114406
2026-10-04T11:46:56+00:00,625,10,30,True,True,True,1791114406
2026-10-04T11:46:56+00:00,429,7,14,True,True,True,1791114406
2026-10-04T11:46:56+00:00,380,0,23,True,True,True,1791114406
2026-10-04T11:46:56+00:00,583,4,14,True,True,True,1791114406
2026-10-04T11:46:56+00:00,398,8,9,True,True,True,1791114406
2026-10-04T11:46:56+00:00,381,14,1,True,True,True,1791114406
2026-10-04T11:46:56+00:00,464,19,24,True,True,True,1791114406
2026-10-04T11:46:56+00:00,442,12,4,True,True,True,1791114406
2026-10-04T11:46:56+00:00,483,13,7,True,True,True,1791114406
2026-10-04T11:46:56+00:00,458,0,14,True,True,True,1791114406
2026-10-04T11:46:56+00:00,499,1,14,True,True,True,1791114406
2026-10-04T11:46:56+00:00,472,3,16,True,True,True,1791114406
2026-10-04T11:46:56+00:00,506,5,19,True,True,True,1791114406
2026-10-04T11:46:56+00:00,465,13,16,True,True,True,1791114406
2026-10-04T11:46:56+00:00,611,3,34,True,True,True,1791114406
2026-10-04T11:46:56+00:00,404,10,16,True,True,True,1791114406
2026-10-04T11:46:56+00:00,579,0,17,True,True,True,1791114406
2026-10-04T11:46:56+00:00,589,2,24,True,True,True,1791114406
2026-10-04T11:46:56+00:00,434,8,12,True,True,True,1791114406
2026-10-04T11:46:56+00:00,462,1,13,True,True,True,1791114406
2026-10-04T11:46:56+00:00,578,0,22,True,True,True,1791114406
2026-10-04T11:46:56+00:00,415,0,12,True,True,True,1791114406
2026-10-04T11:46:56+00:00,423,20,0,True,True,True,1791114406
2026-10-04T11:46:56+00:00,412,6,1,True,True,True,1791114406
2026-10-04T11:46:56+00:00,387,11,3,True,True,True,1791114406
2026-10-04T11:46:56+00:00,441,2,13,True,True,True,1791114406
2026-10-04T11:46:56+00:00,454,0,22,True,True,True,1791114406
2026-10-04T11:46:56+00:00,436,1,11,True,True,True,1791114406
2026-10-04T11:46:56+00:00,394,0,18,True,True,True,1791114406
2026-10-04T11:46:56+00:00,497,13,14,True,True,True,1791114406
2026-10-04T11:46:56+00:00,581,2,22,True,True,True,1791114406
2026-10-04T11:46:56+00:00,461,4,14,True,True,True,1791114406
2026-10-04T11:46:56+00:00,599,18,27,True,True,True,1791114406
2026-10-04T11:46:56+00:00,428,5,18,True,True,True,1791114406
2026-10-04T11:46:56+00:00,400,6,18,True,True,True,1791114406
2026-10-04T11:46:56+00:00,487,0,21,True,True,True,1791114406
2026-10-04T11:46:56+00:00,438,25,14,True,True,True,1791114406
2026-10-04T11:46:56+00:00,459,2,10,True,True,True,1791114406
2026-10-04T11:46:56+00:00,433,1,16,True,True,True,1791114406
2026-10-04T11:46:56+00:00,399,1,29,True,True,True,1791114406
2026-10-04T11:46:56+00:00,489,11,16,True,True,True,1791114406
2026-10-04T11:46:56+00:00,742,15,12,True,True,True,1791114406
2026-10-04T11:46:56+00:00,551,29,2,True,True,True,1791114406
2026-10-04T11:46:56+00:00,406,2,8,True,True,True,1791114406
2026-10-04T11:46:56+00:00,488,0,22,True,True,True,1791114406
2026-10-04T11:46:56+00:00,540,15,19,True,True,True,1791114406
2026-10-04T11:46:56+00:00,431,1,19,True,True,True,1791114406
2026-10-04T11:46:56+00:00,393,2,18,True,True,True,1791114406
2026-10-04T11:46:56+00:00,420,10,7,True,True,True,1791114406
2026-10-04T11:46:56+00:00,397,0,28,True,True,True,1791114406
2026-10-04T11:46:56+00:00,390,20,9,True,True,True,1791114406
2026-10-04T11:46:56+00:00,449,12,12,True,True,True,1791114406
2026-10-04T11:46:56+00:00,430,9,33,True,True,True,1791114406
2026-10-04T11:46:56+00:00,484,12,22,True,True,True,1791114406
2026-10-04T11:46:56+00:00,479,10,20,True,True,True,1791114406
2026-10-04T11:46:56+00:00,403,1,13,True,True,True,1791114406
2026-10-04T11:46:56+00:00,435,4,26,True,True,True,1791114406
2026-10-04T11:46:56+00:00,426,8,12,True,True,True,1791114406
2026-10-04T11:46:56+00:00,450,6,8,True,True,True,1791114406
2026-10-04T11:46:56+00:00,456,20,12,True,True,True,1791114406
2026-10-04T11:46:56+00:00,468,11,4,True,True,True,1791114406
2026-10-04T11:46:56+00:00,453,25,8,True,True,True,1791114406
2026-10-04T11:46:56+00:00,466,1,14,True,True,True,1791114406
2026-10-04T11:46:56+00:00,469,4,26,True,True,True,1791114406
2026-10-04T11:46:56+00:00,416,0,15,True,True,True,1791114406
2026-10-04T11:46:56+00:00,391,1,12,True,True,True,1791114406
2026-10-04T11:46:56+00:00,389,2,12,True,True,True,1791114406
2026-10-04T11:46:56+00:00,470,2,12,True,True,True,1791114406
2026-10-04T11:46:56+00:00,384,8,7,True,True,True,1791114406
2026-10-04T11:46:56+00:00,425,4,3,True,True,True,1791114406
2026-10-04T11:46:56+00:00,411,5,6,True,True,True,1791114406
2026-10-04T11:46:56+00:00,598,9,24,True,True,True,1791114406
2026-10-04T11:46:56+00:00,444,16,2,True,True,True,1791114406
2026-10-04T11:46:56+00:00,447,13,17,True,True,True,1791114406
2026-10-04T11:46:56+00:00,408,10,3,True,True,True,1791114406
2026-10-04T11:46:56+00:00,737,24,0,True,True,True,1791114406
2026-10-04T11:46:56+00:00,432,0,11,True,True,True,1791114406
2026-10-04T11:46:56+00:00,401,5,0,True,True,True,1791114406
2026-10-04T11:46:56+00:00,452,6,22,True,True,True,1791114406
2026-10-04T11:46:56+00:00,392,6,1,True,True,True,1791114406
2026-10-04T11:46:56+00:00,481,10,32,True,True,True,1791114406
2026-10-04T11:46:56+00:00,495,22,19,True,True,True,1791114406
2026-10-04T11:46:56+00:00,478,13,0,True,True,True,1791114406
2026-10-04T11:46:56+00:00,414,3,8,True,True,True,1791114406
2026-10-04T11:46:56+00:00,476,15,4,True,True,True,1791114406
2026-10-04T11:46:56+00:00,445,10,8,True,True,True,1791114406
2026-10-04T11:46:56+00:00,748,9,18,True,True,True,1791114406
2026-10-04T11:46:56+00:00,473,0,7,True,True,True,1791114406
2026-10-04T11:46:56+00:00,383,0,25,True,True,True,1791114406
2026-10-04T11:46:56+00:00,480,22,2,True,True,True,1791114406
2026-10-04T11:46:56+00:00,421,7,12,True,True,True,1791114406
2026-10-04T11:46:56+00:00,746,9,2,True,True,True,1791114406
2026-10-04T11:46:56+00:00,417,0,12,True,True,True,1791114406
2026-10-04T11:46:56+00:00,427,3,11,True,True,True,1791114406
2026-10-04T11:46:56+00:00,395,6,8,True,True,True,1791114406
2026-10-04T11:46:56+00:00,418,6,21,True,True,True,1791114406
2026-10-04T11:46:56+00:00,413,2,10,True,True,True,1791114406
2026-10-04T11:46:56+00:00,486,7,15,True,True,True,1791114406
2026-10-04T11:46:56+00:00,597,9,6,True,True,True,1791114406
2026-10-04T11:46:56+00:00,422,2,9,True,True,True,1791114406
2026-10-04T11:46:56+00:00,382,1,6,True,True,True,1791114406
2026-10-04T11:46:56+00:00,396,4,17,True,True,True,1791114406
2026-10-04T11:46:56+00:00,735,7,6,True,True,True,1791114406
2026-10-04T11:46:56+00:00,437,7,17,True,True,True,1791114406
2026-10-04T11:46:56+00:00,446,3,19,True,True,True,1791114406
2026-10-04T11:46:56+00:00,424,0,6,True,True,True,1791114406
2026-10-04T11:46:56+00:00,455,11,1,True,True,True,1791114406
2026-10-04T11:46:56+00:00,457,1,9,True,True,True,1791114406
2026-10-04T11:46:56+00:00,377,8,21,True,True,True,1791114406
2026-10-04T11:46:56+00:00,738,8,4,True,True,True,1791114406
2026-10-04T11:46:56+00:00,460,3,26,True,True,True,1791114406
2026-10-04T11:46:56+00:00,744,2,7,True,True,True,1791114406
2026-10-04T11:46:56+00:00,485,2,17,True,True,True,1791114406
2026-10-04T12:01:56+00:00,6026,12,21,True,True,True,1791115307
2026-10-04T12:01:56+00:00,5431,15,6,True,True,True,1791115307
2026-10-04T12:01:56+00:00,5424,2,16,True,True,True,1791115307
2026-10-04T12:01:56+00:00,5220,0,19,True,True,True,1791115307
2026-10-04T12:01:56+00:00,5217,10,19,True,True,True,1791115307
2026-10-04T12:01:56+00:00,5113,13,2,True,True,True,1791115307
2026-10-04T12:01:56+00:00,4683,1,19,True,True,True,1791115307
2026-10-04T12:01:56+00:00,4552,3,15,True,True,True,1791115307
2026-10-04T12:01:56+00:00,3725,1,17,True,True,True,1791115307
2026-10-04T12:01:56+00:00,2358,2,10,True,True,True,1791115307
2026-10-04T12:01:56+00:00,2357,10,11,True,True,True,1791115307
2026-10-04T12:01:56+00:00,2355,0,12,True,True,True,1791115307
2026-10-04T12:01:56+00:00,2351,7,10,True,True,True,1791115307
2026-10-04T12:01:56+00:00,2350,17,6,True,True,True,1791115307
2026-10-04T12:01:56+00:00,2349,4,17,True,True,True,1791115307
2026-10-04T12:01:56+00:00,2347,8,22,True,True,True,1791115307
2026-10-04T12:01:56+00:00,2340,10,14,True,True,True,1791115307
2026-10-04T12:01:56+00:00,2339,17,11,True,True,True,1791115307
2026-10-04T12:01:56+00:00,2337,13,1,True,True,True,1791115307
2026-10-04T12:01:56+00:00,2334,1,10,True,True,True,1791115307
2026-10-04T12:01:56+00:00,2333,15,0,True,True,True,1791115307
2026-10-04T12:01:56+00:00,2332,1,8,True,True,True,1791115307
2026-10-04T12:01:56+00:00,2330,13,0,True,True,True,1791115307
2026-10-04T12:01:56+00:00,2329,13,1,True,True,True,1791115307
2026-10-04T12:01:56+00:00,2328,16,3,True,True,True,1791115307
2026-10-04T12:01:56+00:00,2315,12,6,True,True,True,1791115307
2026-10-04T12:01:56+00:00,2308,3,5,True,True,True,1791115307
2026-10-04T12:01:56+00:00,2307,8,21,True,True,True,1791115307
2026-10-04T12:01:56+00:00,2306,10,8,True,True,True,1791115307
2026-10-04T12:01:56+00:00,2305,7,7,True,True,True,1791115307
2026-10-04T12:01:56+00:00,2304,4,12,True,True,True,1791115307
2026-10-04T12:01:56+00:00,2280,4,8,True,True,True,1791115307
2026-10-04T12:01:56+00:00,2270,0,19,True,True,True,1791115307
2026-10-04T12:01:56+00:00,1919,5,1,True,True,True,1791115307
2026-10-04T12:01:56+00:00,1755,10,21,True,True,True,1791115307
2026-10-04T12:01:56+00:00,1101,6,17,True,True,True,1791115307
2026-10-04T12:01:56+00:00,1023,10,3,True,True,True,1791115307
2026-10-04T12:01:56+00:00,1009,1,9,True,True,True,1791115307
2026-10-04T12:01:56+00:00,970,6,18,True,True,True,1791115307
2026-10-04T12:01:56+00:00,787,11,1,True,True,True,1791115307
2026-10-04T12:01:56+00:00,627,5,25,True,True,True,1791115307
2026-10-04T12:01:56+00:00,623,19,0,True,True,True,1791115307
2026-10-04T12:01:56+00:00,624,0,18,True,True,True,1791115307
2026-10-04T12:01:56+00:00,626,3,19,True,True,True,1791115307
2026-10-04T12:01:56+00:00,614,4,18,True,True,True,1791115307
2026-10-04T12:01:56+00:00,616,10,5,True,True,True,1791115307
2026-10-04T12:01:56+00:00,618,8,34,True,True,True,1791115307
2026-10-04T12:01:56+00:00,621,0,26,True,True,True,1791115307
2026-10-04T12:01:56+00:00,622,0,28,True,True,True,1791115307
2026-10-04T12:01:56+00:00,613,0,16,True,True,True,1791115307
2026-10-04T12:01:56+00:00,620,15,24,True,True,True,1791115307
2026-10-04T12:01:56+00:00,596,1,16,True,True,True,1791115307
2026-10-04T12:01:56+00:00,617,6,13,True,True,True,1791115307
2026-10-04T12:01:56+00:00,609,9,18,True,True,True,1791115307
2026-10-04T12:01:56+00:00,607,2,27,True,True,True,1791115307
2026-10-04T12:01:56+00:00,603,12,5,True,True,True,1791115307
2026-10-04T12:01:56+00:00,590,2,35,True,True,True,1791115307
2026-10-04T12:01:56+00:00,610,0,19,True,True,True,1791115307
2026-10-04T12:01:56+00:00,608,2,15,True,True,True,1791115307
2026-10-04T12:01:56+00:00,593,1,26,True,True,True,1791115307
2026-10-04T12:01:56+00:00,530,6,3,True,True,True,1791115307
2026-10-04T12:01:56+00:00,463,15,1,True,True,True,1791115307
2026-10-04T12:01:56+00:00,475,21,2,True,True,True,1791115307
2026-10-04T12:01:56+00:00,439,9,14,True,True,True,1791115307
2026-10-04T12:01:56+00:00,600,8,2,True,True,True,1791115307
2026-10-04T12:01:56+00:00,440,5,10,True,True,True,1791115307
2026-10-04T12:01:56+00:00,612,1,17,True,True,True,1791115307
2026-10-04T12:01:56+00:00,491,17,1,True,True,True,1791115307
2026-10-04T12:01:56+00:00,493,15,11,True,True,True,1791115307
2026-10-04T12:01:56+00:00,410,4,21,True,True,True,1791115307
2026-10-04T12:01:56+00:00,605,4,14,True,True,True,1791115307
2026-10-04T12:01:56+00:00,388,11,4,True,True,True,1791115307
2026-10-04T12:01:56+00:00,591,19,4,True,True,True,1791115307
2026-10-04T12:01:56+00:00,592,0,18,True,True,True,1791115307
2026-10-04T12:01:56+00:00,585,0,0,True,True,True,1791115307
2026-10-04T12:01:56+00:00,565,0,18,True,True,True,1791115307
2026-10-04T12:01:56+00:00,571,6,13,True,True,True,1791115307
2026-10-04T12:01:56+00:00,568,1,14,True,True,True,1791115307
2026-10-04T12:01:56+00:00,588,7,12,True,True,True,1791115307
2026-10-04T12:01:56+00:00,584,0,34,True,True,True,1791115307
2026-10-04T12:01:56+00:00,569,10,18,True,True,True,1791115307
2026-10-04T12:01:56+00:00,577,11,18,True,True,True,1791115307
2026-10-04T12:01:56+00:00,564,4,25,True,True,True,1791115307
2026-10-04T12:01:56+00:00,570,1,14,True,True,True,1791115307
2026-10-04T12:01:56+00:00,572,10,29,True,True,True,1791115307
2026-10-04T12:01:56+00:00,586,6,19,True,True,True,1791115307
2026-10-04T12:01:56+00:00,576,11,6,True,True,True,1791115307
2026-10-04T12:01:56+00:00,566,23,1,True,True,True,1791115307
2026-10-04T12:01:56+00:00,602,5,13,True,True,True,1791115307
2026-10-04T12:01:56+00:00,575,4,25,True,True,True,1791115307
2026-10-04T12:01:56+00:00,567,21,17,True,True,True,1791115307
2026-10-04T12:01:56+00:00,582,9,15,True,True,True,1791115307
2026-10-04T12:01:56+00:00,595,23,0,True,True,True,1791115307
2026-10-04T12:01:56+00:00,542,17,1,True,True,True,1791115307
2026-10-04T12:01:56+00:00,563,7,9,True,True,True,1791115307
2026-10-04T12:01:56+00:00,558,7,8,True,True,True,1791115307
2026-10-04T12:01:56+00:00,552,10,8,True,True,True,1791115307
2026-10-04T12:01:56+00:00,555,0,13,True,True,True,1791115307
2026-10-04T12:01:56+00:00,573,6,18,True,True,True,1791115307
2026-10-04T12:01:56+00:00,561,7,15,True,True,True,1791115307
2026-10-04T12:01:56+00:00,615,6,15,True,True,True,1791115307
2026-10-04T12:01:56+00:00,543,1,18,True,True,True,1791115307
2026-10-04T12:01:56+00:00,554,2,17,True,True,True,1791115307
2026-10-04T12:01:56+00:00,574,9,2,True,True,True,1791115307
2026-10-04T12:01:56+00:00,560,2,6,True,True,True,1791115307
2026-10-04T12:01:56+00:00,548,4,13,True,True,True,1791115307
2026-10-04T12:01:56+00:00,559,3,14,True,True,True,1791115307
2026-10-04T12:01:56+00:00,545,22,16,True,True,True,1791115307
2026-10-04T12:01:56+00:00,550,2,7,True,True,True,1791115307
2026-10-04T12:01:56+00:00,541,8,2,True,True,True,1791115307
2026-10-04T12:01:56+00:00,527,9,1,True,True,True,1791115307
2026-10-04T12:01:56+00:00,529,7,14,True,True,True,1791115307
2026-10-04T12:01:56+00:00,526,9,5,True,True,True,1791115307
2026-10-04T12:01:56+00:00,537,16,3,True,True,True,1791115307
2026-10-04T12:01:56+00:00,547,17,10,True,True,True,1791115307
2026-10-04T12:01:56+00:00,601,3,15,True,True,True,1791115307
2026-10-04T12:01:56+00:00,533,3,9,True,True,True,1791115307
2026-10-04T12:01:56+00:00,535,16,9,True,True,True,1791115307
2026-10-04T12:01:56+00:00,524,5,15,True,True,True,1791115307
2026-10-04T12:01:56+00:00,519,3,18,True,True,True,1791115307
2026-10-04T12:01:56+00:00,534,14,25,True,True,True,1791115307
2026-10-04T12:01:56+00:00,521,3,10,True,True,True,1791115307
2026-10-04T12:01:56+00:00,518,0,18,True,True,True,1791115307
2026-10-04T12:01:56+00:00,556,1,17,True,True,True,1791115307
2026-10-04T12:01:56+00:00,525,0,14,True,True,True,1791115307
2026-10-04T12:01:56+00:00,517,2,15,True,True,True,1791115307
2026-10-04T12:01:56+00:00,523,11,19,True,True,True,1791115307
2026-10-04T12:01:56+00:00,522,7,2,True,True,True,1791115307
2026-10-04T12:01:56+00:00,594,1,16,True,True,True,1791115307
2026-10-04T12:01:56+00:00,532,4,16,True,True,True,1791115307
2026-10-04T12:01:56+00:00,509,8,3,True,True,True,1791115307
2026-10-04T12:01:56+00:00,531,7,10,True,True,True,1791115307
2026-10-04T12:01:56+00:00,536,0,9,True,True,True,1791115307
2026-10-04T12:01:56+00:00,562,19,20,True,True,True,1791115307
2026-10-04T12:01:56+00:00,511,7,16,True,True,True,1791115307
2026-10-04T12:01:56+00:00,505,2,19,True,True,True,1791115307
2026-10-04T12:01:56+00:00,501,1,17,True,True,True,1791115307
2026-10-04T12:01:56+00:00,514,1,11,True,True,True,1791115307
2026-10-04T12:01:56+00:00,500,8,9,True,True,True,1791115307
2026-10-04T12:01:56+00:00,503,3,25,True,True,True,1791115307
2026-10-04T12:01:56+00:00,513,2,13,True,True,True,1791115307
2026-10-04T12:01:56+00:00,498,0,12,True,True,True,1791115307
2026-10-04T12:01:56+00:00,507,18,0,True,True,True,1791115307
2026-10-04T12:01:56+00:00,512,18,9,True,True,True,1791115307
2026-10-04T12:01:56+00:00,619,21,21,True,True,True,1791115307
2026-10-04T12:01:56+00:00,474,29,13,True,True,True,1791115307
2026-10-04T12:01:56+00:00,580,13,32,True,True,True,1791115307
2026-10-04T12:01:56+00:00,496,22,21,True,True,True,1791115307
2026-10-04T12:01:56+00:00,482,1,16,True,True,True,1791115307
2026-10-04T12:01:56+00:00,407,0,12,True,True,True,1791115307
2026-10-04T12:01:56+00:00,409,3,22,True,True,True,1791115307
2026-10-04T12:01:56+00:00,451,1,17,True,True,True,1791115307
2026-10-04T12:01:56+00:00,402,6,12,True,True,True,1791115307
2026-10-04T12:01:56+00:00,516,0,14,True,True,True,1791115307
2026-10-04T12:01:56+00:00,625,10,30,True,True,True,1791115307
2026-10-04T12:01:56+00:00,429,7,14,True,True,True,1791115307
2026-10-04T12:01:56+00:00,380,0,23,True,True,True,1791115307
2026-10-04T12:01:56+00:00,583,4,14,True,True,True,1791115307
2026-10-04T12:01:56+00:00,398,7,10,True,True,True,1791115307
2026-10-04T12:01:56+00:00,381,13,2,True,True,True,1791115307
2026-10-04T12:01:56+00:00,464,25,18,True,True,True,1791115307
2026-10-04T12:01:56+00:00,442,12,4,True,True,True,1791115307
2026-10-04T12:01:56+00:00,483,13,7,True,True,True,1791115307
2026-10-04T12:01:56+00:00,458,0,14,True,True,True,1791115307
2026-10-04T12:01:56+00:00,499,0,15,True,True,True,1791115307
2026-10-04T12:01:56+00:00,472,2,17,True,True,True,1791115307
2026-10-04T12:01:56+00:00,506,5,19,True,True,True,1791115307
2026-10-04T12:01:56+00:00,465,13,16,True,True,True,1791115307
2026-10-04T12:01:56+00:00,611,3,34,True,True,True,1791115307
2026-10-04T12:01:56+00:00,404,10,16,True,True,True,1791115307
2026-10-04T12:01:56+00:00,579,0,17,True,True,True,1791115307
2026-10-04T12:01:56+00:00,589,2,24,True,True,True,1791115307
2026-10-04T12:01:56+00:00,434,8,12,True,True,True,1791115307
2026-10-04T12:01:56+00:00,462,0,14,True,True,True,1791115307
2026-10-04T12:01:56+00:00,578,0,22,True,True,True,1791115307
2026-10-04T12:01:56+00:00,415,0,12,True,True,True,1791115307
2026-10-04T12:01:56+00:00,423,19,1,True,True,True,1791115307
2026-10-04T12:01:56+00:00,412,3,3,True,True,True,1791115307
2026-10-04T12:01:56+00:00,387,12,2,True,True,True,1791115307
2026-10-04T12:01:56+00:00,441,2,13,True,True,True,1791115307
2026-10-04T12:01:56+00:00,454,0,22,True,True,True,1791115307
2026-10-04T12:01:56+00:00,436,3,9,True,True,True,1791115307
2026-10-04T12:01:56+00:00,394,0,18,True,True,True,1791115307
2026-10-04T12:01:56+00:00,497,12,15,True,True,True,1791115307
2026-10-04T12:01:56+00:00,581,0,24,True,True,True,1791115307
2026-10-04T12:01:56+00:00,461,3,15,True,True,True,1791115307
2026-10-04T12:01:56+00:00,599,18,27,True,True,True,1791115307
2026-10-04T12:01:56+00:00,428,5,18,True,True,True,1791115307
2026-10-04T12:01:56+00:00,400,5,19,True,True,True,1791115307
2026-10-04T12:01:56+00:00,487,0,21,True,True,True,1791115307
2026-10-04T12:01:56+00:00,438,26,13,True,True,True,1791115307
2026-10-04T12:01:56+00:00,459,2,10,True,True,True,1791115307
2026-10-04T12:01:56+00:00,433,1,16,True,True,True,1791115307
2026-10-04T12:01:56+00:00,399,1,29,True,True,True,1791115307
2026-10-04T12:01:56+00:00,489,11,16,True,True,True,1791115307
2026-10-04T12:01:56+00:00,742,15,12,True,True,True,1791115307
2026-10-04T12:01:56+00:00,551,29,2,True,True,True,1791115307
2026-10-04T12:01:56+00:00,406,2,8,True,True,True,1791115307
2026-10-04T12:01:56+00:00,488,0,22,True,True,True,1791115307
2026-10-04T12:01:56+00:00,540,15,19,True,True,True,1791115307
2026-10-04T12:01:56+00:00,431,0,20,True,True,True,1791115307
2026-10-04T12:01:56+00:00,393,2,18,True,True,True,1791115307
2026-10-04T12:01:56+00:00,420,9,8,True,True,True,1791115307
2026-10-04T12:01:56+00:00,397,0,28,True,True,True,1791115307
2026-10-04T12:01:56+00:00,390,8,21,True,True,True,1791115307
2026-10-04T12:01:56+00:00,449,12,12,True,True,True,1791115307
2026-10-04T12:01:56+00:00,430,9,33,True,True,True,1791115307
2026-10-04T12:01:56+00:00,484,12,22,True,True,True,1791115307
2026-10-04T12:01:56+00:00,479,6,24,True,True,True,1791115307
2026-10-04T12:01:56+00:00,403,1,13,True,True,True,1791115307
2026-10-04T12:01:56+00:00,435,4,26,True,True,True,1791115307
2026-10-04T12:01:56+00:00,426,6,13,True,True,True,1791115307
2026-10-04T12:01:56+00:00,450,6,8,True,True,True,1791115307
2026-10-04T12:01:56+00:00,456,20,12,True,True,True,1791115307
2026-10-04T12:01:56+00:00,468,11,4,True,True,True,1791115307
2026-10-04T12:01:56+00:00,453,23,10,True,True,True,1791115307
2026-10-04T12:01:56+00:00,466,1,14,True,True,True,1791115307
2026-10-04T12:01:56+00:00,469,4,26,True,True,True,1791115307
2026-10-04T12:01:56+00:00,416,0,15,True,True,True,1791115307
2026-10-04T12:01:56+00:00,391,1,12,True,True,True,1791115307
2026-10-04T12:01:56+00:00,389,2,12,True,True,True,1791115307
2026-10-04T12:01:56+00:00,470,2,12,True,True,True,1791115307
2026-10-04T12:01:56+00:00,384,8,7,True,True,True,1791115307
2026-10-04T12:01:56+00:00,425,0,7,True,True,True,1791115307
2026-10-04T12:01:56+00:00,411,5,6,True,True,True,1791115307
2026-10-04T12:01:56+00:00,598,9,24,True,True,True,1791115307
2026-10-04T12:01:56+00:00,444,15,3,True,True,True,1791115307
2026-10-04T12:01:56+00:00,447,14,15,True,True,True,1791115307
2026-10-04T12:01:56+00:00,408,9,4,True,True,True,1791115307
2026-10-04T12:01:56+00:00,737,24,0,True,True,True,1791115307
2026-10-04T12:01:56+00:00,432,0,11,True,True,True,1791115307
2026-10-04T12:01:56+00:00,401,4,1,True,True,True,1791115307
2026-10-04T12:01:56+00:00,452,6,22,True,True,True,1791115307
2026-10-04T12:01:56+00:00,392,7,0,True,True,True,1791115307
2026-10-04T12:01:56+00:00,481,10,32,True,True,True,1791115307
2026-10-04T12:01:56+00:00,495,23,18,True,True,True,1791115307
2026-10-04T12:01:56+00:00,478,13,0,True,True,True,1791115307
2026-10-04T12:01:56+00:00,414,3,8,True,True,True,1791115307
2026-10-04T12:01:56+00:00,476,14,4,True,True,True,1791115307
2026-10-04T12:01:56+00:00,445,10,8,True,True,True,1791115307
2026-10-04T12:01:56+00:00,748,9,18,True,True,True,1791115307
2026-10-04T12:01:56+00:00,473,0,7,True,True,True,1791115307
2026-10-04T12:01:56+00:00,383,0,25,True,True,True,1791115307
2026-10-04T12:01:56+00:00,480,22,2,True,True,True,1791115307
2026-10-04T12:01:56+00:00,421,7,12,True,True,True,1791115307
2026-10-04T12:01:56+00:00,746,9,2,True,True,True,1791115307
2026-10-04T12:01:56+00:00,417,0,12,True,True,True,1791115307
2026-10-04T12:01:56+00:00,427,2,12,True,True,True,1791115307
2026-10-04T12:01:56+00:00,395,7,7,True,True,True,1791115307
2026-10-04T12:01:56+00:00,418,8,19,True,True,True,1791115307
2026-10-04T12:01:56+00:00,413,1,11,True,True,True,1791115307
2026-10-04T12:01:56+00:00,486,7,15,True,True,True,1791115307
2026-10-04T12:01:56+00:00,597,9,6,True,True,True,1791115307
2026-10-04T12:01:56+00:00,422,1,10,True,True,True,1791115307
2026-10-04T12:01:56+00:00,382,1,6,True,True,True,1791115307
2026-10-04T12:01:56+00:00,396,3,18,True,True,True,1791115307
2026-10-04T12:01:56+00:00,735,7,6,True,True,True,1791115307
2026-10-04T12:01:56+00:00,437,7,17,True,True,True,1791115307
2026-10-04T12:01:56+00:00,446,3,19,True,True,True,1791115307
2026-10-04T12:01:56+00:00,424,0,6,True,True,True,1791115307
2026-10-04T12:01:56+00:00,455,11,1,True,True,True,1791115307
2026-10-04T12:01:56+00:00,457,0,10,True,True,True,1791115307
2026-10-04T12:01:56+00:00,377,7,22,True,True,True,1791115307
2026-10-04T12:01:56+00:00,738,8,4,True,True,True,1791115307
2026-10-04T12:01:56+00:00,460,4,25,True,True,True,1791115307
2026-10-04T12:01:56+00:00,744,2,7,True,True,True,1791115307
2026-10-04T12:01:56+00:00,485,3,16,True,True,True,1791115307
2026-10-04T12:16:56+00:00,6026,13,20,True,True,True,1791116203
2026-10-04T12:16:56+00:00,5431,15,6,True,True,True,1791116203
2026-10-04T12:16:56+00:00,5424,2,16,True,True,True,1791116203
2026-10-04T12:16:56+00:00,5220,0,19,True,True,True,1791116203
2026-10-04T12:16:56+00:00,5217,10,19,True,True,True,1791116203
2026-10-04T12:16:56+00:00,5113,13,2,True,True,True,1791116203
2026-10-04T12:16:56+00:00,4683,1,19,True,True,True,1791116203
2026-10-04T12:16:56+00:00,4552,3,15,True,True,True,1791116203
2026-10-04T12:16:56+00:00,3725,1,17,True,True,True,1791116203
2026-10-04T12:16:56+00:00,2358,2,10,True,True,True,1791116203
2026-10-04T12:16:56+00:00,2357,11,10,True,True,True,1791116203
2026-10-04T12:16:56+00:00,2355,0,12,True,True,True,1791116203
2026-10-04T12:16:56+00:00,2351,6,11,True,True,True,1791116203
2026-10-04T12:16:56+00:00,2350,17,6,True,True,True,1791116203
2026-10-04T12:16:56+00:00,2349,4,17,True,True,True,1791116203
2026-10-04T12:16:56+00:00,2347,8,22,True,True,True,1791116203
2026-10-04T12:16:56+00:00,2340,10,14,True,True,True,1791116203
2026-10-04T12:16:56+00:00,2339,17,11,True,True,True,1791116203
2026-10-04T12:16:56+00:00,2337,14,0,True,True,True,1791116203
2026-10-04T12:16:56+00:00,2334,1,10,True,True,True,1791116203
2026-10-04T12:16:56+00:00,2333,15,0,True,True,True,1791116203
2026-10-04T12:16:56+00:00,2332,1,8,True,True,True,1791116203
2026-10-04T12:16:56+00:00,2330,13,0,True,True,True,1791116203
2026-10-04T12:16:56+00:00,2329,13,1,True,True,True,1791116203
2026-10-04T12:16:56+00:00,2328,17,2,True,True,True,1791116203
2026-10-04T12:16:56+00:00,2315,11,7,True,True,True,1791116203
2026-10-04T12:16:56+00:00,2308,3,5,True,True,True,1791116203
2026-10-04T12:16:56+00:00,2307,8,21,True,True,True,1791116203
2026-10-04T12:16:56+00:00,2306,10,8,True,True,True,1791116203
2026-10-04T12:16:56+00:00,2305,6,8,True,True,True,1791116203
2026-10-04T12:16:56+00:00,2304,4,12,True,True,True,1791116203
2026-10-04T12:16:56+00:00,2280,5,7,True,True,True,1791116203
2026-10-04T12:16:56+00:00,2270,0,19,True,True,True,1791116203
2026-10-04T12:16:56+00:00,1919,5,1,True,True,True,1791116203
2026-10-04T12:16:56+00:00,1755,12,19,True,True,True,1791116203
2026-10-04T12:16:56+00:00,1101,6,17,True,True,True,1791116203
2026-10-04T12:16:56+00:00,1023,11,2,True,True,True,1791116203
2026-10-04T12:16:56+00:00,1009,1,9,True,True,True,1791116203
2026-10-04T12:16:56+00:00,970,6,18,True,True,True,1791116203
2026-10-04T12:16:56+00:00,787,12,0,True,True,True,1791116203
2026-10-04T12:16:56+00:00,627,5,25,True,True,True,1791116203
2026-10-04T12:16:56+00:00,623,19,0,True,True,True,1791116203
2026-10-04T12:16:56+00:00,624,0,18,True,True,True,1791116203
2026-10-04T12:16:56+00:00,626,3,19,True,True,True,1791116203
2026-10-04T12:16:56+00:00,614,4,18,True,True,True,1791116203
2026-10-04T12:16:56+00:00,616,10,5,True,True,True,1791116203
2026-10-04T12:16:56+00:00,618,8,34,True,True,True,1791116203
2026-10-04T12:16:56+00:00,621,11,14,True,True,True,1791116203
2026-10-04T12:16:56+00:00,622,0,28,True,True,True,1791116203
2026-10-04T12:16:56+00:00,613,0,16,True,True,True,1791116203
2026-10-04T12:16:56+00:00,620,15,24,True,True,True,1791116203
2026-10-04T12:16:56+00:00,596,1,16,True,True,True,1791116203
2026-10-04T12:16:56+00:00,617,6,13,True,True,True,1791116203
2026-10-04T12:16:56+00:00,609,9,18,True,True,True,1791116203
2026-10-04T12:16:56+00:00,607,0,28,True,True,True,1791116203
2026-10-04T12:16:56+00:00,603,12,5,True,True,True,1791116203
2026-10-04T12:16:56+00:00,590,1,36,True,True,True,1791116203
2026-10-04T12:16:56+00:00,610,0,19,True,True,True,1791116203
2026-10-04T12:16:56+00:00,608,2,15,True,True,True,1791116203
2026-10-04T12:16:56+00:00,593,2,25,True,True,True,1791116203
2026-10-04T12:16:56+00:00,530,6,3,True,True,True,1791116203
2026-10-04T12:16:56+00:00,463,16,0,True,True,True,1791116203
2026-10-04T12:16:56+00:00,475,21,2,True,True,True,1791116203
2026-10-04T12:16:56+00:00,439,9,14,True,True,True,1791116203
2026-10-04T12:16:56+00:00,600,8,2,True,True,True,1791116203
2026-10-04T12:16:56+00:00,440,6,9,True,True,True,1791116203
2026-10-04T12:16:56+00:00,612,1,17,True,True,True,1791116203
2026-10-04T12:16:56+00:00,491,17,1,True,True,True,1791116203
2026-10-04T12:16:56+00:00,493,15,11,True,True,True,1791116203
2026-10-04T12:16:56+00:00,410,3,22,True,True,True,1791116203
2026-10-04T12:16:56+00:00,605,4,14,True,True,True,1791116203
2026-10-04T12:16:56+00:00,388,11,4,True,True,True,1791116203
2026-10-04T12:16:56+00:00,591,19,4,True,True,True,1791116203
2026-10-04T12:16:56+00:00,592,0,18,True,True,True,1791116203
2026-10-04T12:16:56+00:00,585,0,0,True,True,True,1791116203
2026-10-04T12:16:56+00:00,565,0,18,True,True,True,1791116203
2026-10-04T12:16:56+00:00,571,6,13,True,True,True,1791116203
2026-10-04T12:16:56+00:00,568,2,13,True,True,True,1791116203
2026-10-04T12:16:56+00:00,588,7,12,True,True,True,1791116203
2026-10-04T12:16:56+00:00,584,0,34,True,True,True,1791116203
2026-10-04T12:16:56+00:00,569,10,18,True,True,True,1791116203
2026-10-04T12:16:56+00:00,577,11,18,True,True,True,1791116203
2026-10-04T12:16:56+00:00,564,4,25,True,True,True,1791116203
2026-10-04T12:16:56+00:00,570,1,14,True,True,True,1791116203
2026-10-04T12:16:56+00:00,572,10,29,True,True,True,1791116203
2026-10-04T12:16:56+00:00,586,6,19,True,True,True,1791116203
2026-10-04T12:16:56+00:00,576,11,6,True,True,True,1791116203
2026-10-04T12:16:56+00:00,566,23,1,True,True,True,1791116203
2026-10-04T12:16:56+00:00,602,5,13,True,True,True,1791116203
2026-10-04T12:16:56+00:00,575,3,26,True,True,True,1791116203
2026-10-04T12:16:56+00:00,567,21,17,True,True,True,1791116203
2026-10-04T12:16:56+00:00,582,11,13,True,True,True,1791116203
2026-10-04T12:16:56+00:00,595,23,0,True,True,True,1791116203
2026-10-04T12:16:56+00:00,542,17,1,True,True,True,1791116203
2026-10-04T12:16:56+00:00,563,5,11,True,True,True,1791116203
2026-10-04T12:16:56+00:00,558,7,8,True,True,True,1791116203
2026-10-04T12:16:56+00:00,552,10,8,True,True,True,1791116203
2026-10-04T12:16:56+00:00,555,0,13,True,True,True,1791116203
2026-10-04T12:16:56+00:00,573,6,18,True,True,True,1791116203
2026-10-04T12:16:56+00:00,561,7,15,True,True,True,1791116203
2026-10-04T12:16:56+00:00,615,6,15,True,True,True,1791116203
2026-10-04T12:16:56+00:00,543,1,18,True,True,True,1791116203
2026-10-04T12:16:56+00:00,554,2,17,True,True,True,1791116203
2026-10-04T12:16:56+00:00,574,9,2,True,True,True,1791116203
2026-10-04T12:16:56+00:00,560,2,6,True,True,True,1791116203
2026-10-04T12:16:56+00:00,548,4,13,True,True,True,1791116203
2026-10-04T12:16:56+00:00,559,3,14,True,True,True,1791116203
2026-10-04T12:16:56+00:00,545,22,16,True,True,True,1791116203
2026-10-04T12:16:56+00:00,550,2,7,True,True,True,1791116203
2026-10-04T12:16:56+00:00,541,9,1,True,True,True,1791116203
2026-10-04T12:16:56+00:00,527,9,1,True,True,True,1791116203
2026-10-04T12:16:56+00:00,529,6,15,True,True,True,1791116203
2026-10-04T12:16:56+00:00,526,11,3,True,True,True,1791116203
2026-10-04T12:16:56+00:00,537,19,0,True,True,True,1791116203
2026-10-04T12:16:56+00:00,547,19,8,True,True,True,1791116203
2026-10-04T12:16:56+00:00,601,3,15,True,True,True,1791116203
2026-10-04T12:16:56+00:00,533,6,6,True,True,True,1791116203
2026-10-04T12:16:56+00:00,535,15,10,True,True,True,1791116203
2026-10-04T12:16:56+00:00,524,5,15,True,True,True,1791116203
2026-10-04T12:16:56+00:00,519,3,18,True,True,True,1791116203
2026-10-04T12:16:56+00:00,534,14,25,True,True,True,1791116203
2026-10-04T12:16:56+00:00,521,3,10,True,True,True,1791116203
2026-10-04T12:16:56+00:00,518,0,18,True,True,True,1791116203
2026-10-04T12:16:56+00:00,556,1,17,True,True,True,1791116203
2026-10-04T12:16:56+00:00,525,0,14,True,True,True,1791116203
2026-10-04T12:16:56+00:00,517,1,15,True,True,True,1791116203
2026-10-04T12:16:56+00:00,523,10,20,True,True,True,1791116203
2026-10-04T12:16:56+00:00,522,8,1,True,True,True,1791116203
2026-10-04T12:16:56+00:00,594,3,14,True,True,True,1791116203
2026-10-04T12:16:56+00:00,532,4,16,True,True,True,1791116203
2026-10-04T12:16:56+00:00,509,8,3,True,True,True,1791116203
2026-10-04T12:16:56+00:00,531,7,10,True,True,True,1791116203
2026-10-04T12:16:56+00:00,536,0,9,True,True,True,1791116203
2026-10-04T12:16:56+00:00,562,19,20,True,True,True,1791116203
2026-10-04T12:16:56+00:00,511,7,16,True,True,True,1791116203
2026-10-04T12:16:56+00:00,505,2,19,True,True,True,1791116203
2026-10-04T12:16:56+00:00,501,1,17,True,True,True,1791116203
2026-10-04T12:16:56+00:00,514,1,11,True,True,True,1791116203
2026-10-04T12:16:56+00:00,500,8,9,True,True,True,1791116203
2026-10-04T12:16:56+00:00,503,3,25,True,True,True,1791116203
2026-10-04T12:16:56+00:00,513,1,14,True,True,True,1791116203
2026-10-04T12:16:56+00:00,498,0,12,True,True,True,1791116203
2026-10-04T12:16:56+00:00,507,18,0,True,True,True,1791116203
2026-10-04T12:16:56+00:00,512,17,10,True,True,True,1791116203
2026-10-04T12:16:56+00:00,619,21,21,True,True,True,1791116203
2026-10-04T12:16:56+00:00,474,29,13,True,True,True,1791116203
2026-10-04T12:16:56+00:00,580,13,32,True,True,True,1791116203
2026-10-04T12:16:56+00:00,496,23,20,True,True,True,1791116203
2026-10-04T12:16:56+00:00,482,1,16,True,True,True,1791116203
2026-10-04T12:16:56+00:00,407,0,12,True,True,True,1791116203
2026-10-04T12:16:56+00:00,409,3,22,True,True,True,1791116203
2026-10-04T12:16:56+00:00,451,1,17,True,True,True,1791116203
2026-10-04T12:16:56+00:00,402,6,13,True,True,True,1791116203
2026-10-04T12:16:56+00:00,516,0,14,True,True,True,1791116203
2026-10-04T12:16:56+00:00,625,10,30,True,True,True,1791116203
2026-10-04T12:16:56+00:00,429,7,14,True,True,True,1791116203
2026-10-04T12:16:56+00:00,380,1,22,True,True,True,1791116203
2026-10-04T12:16:56+00:00,583,2,16,True,True,True,1791116203
2026-10-04T12:16:56+00:00,398,7,10,True,True,True,1791116203
2026-10-04T12:16:56+00:00,381,13,2,True,True,True,1791116203
2026-10-04T12:16:56+00:00,464,26,17,True,True,True,1791116203
2026-10-04T12:16:56+00:00,442,13,3,True,True,True,1791116203
2026-10-04T12:16:56+00:00,483,15,5,True,True,True,1791116203
2026-10-04T12:16:56+00:00,458,0,14,True,True,True,1791116203
2026-10-04T12:16:56+00:00,499,0,15,True,True,True,1791116203
2026-10-04T12:16:56+00:00,472,1,18,True,True,True,1791116203
2026-10-04T12:16:56+00:00,506,5,19,True,True,True,1791116203
2026-10-04T12:16:56+00:00,465,13,16,True,True,True,1791116203
2026-10-04T12:16:56+00:00,611,3,34,True,True,True,1791116203
2026-10-04T12:16:56+00:00,404,10,16,True,True,True,1791116203
2026-10-04T12:16:56+00:00,579,0,17,True,True,True,1791116203
2026-10-04T12:16:56+00:00,589,2,24,True,True,True,1791116203
2026-10-04T12:16:56+00:00,434,8,12,True,True,True,1791116203
2026-10-04T12:16:56+00:00,462,1,13,True,True,True,1791116203
2026-10-04T12:16:56+00:00,578,0,22,True,True,True,1791116203
2026-10-04T12:16:56+00:00,415,1,11,True,True,True,1791116203
2026-10-04T12:16:56+00:00,423,18,2,True,True,True,1791116203
2026-10-04T12:16:56+00:00,412,3,4,True,True,True,1791116203
2026-10-04T12:16:56+00:00,387,11,3,True,True,True,1791116203
2026-10-04T12:16:56+00:00,441,2,13,True,True,True,1791116203
2026-10-04T12:16:56+00:00,454,0,22,True,True,True,1791116203
2026-10-04T12:16:56+00:00,436,3,9,True,True,True,1791116203
2026-10-04T12:16:56+00:00,394,0,18,True,True,True,1791116203
2026-10-04T12:16:56+00:00,497,12,15,True,True,True,1791116203
2026-10-04T12:16:56+00:00,581,0,24,True,True,True,1791116203
2026-10-04T12:16:56+00:00,461,3,15,True,True,True,1791116203
2026-10-04T12:16:56+00:00,599,18,27,True,True,True,1791116203
2026-10-04T12:16:56+00:00,428,6,17,True,True,True,1791116203
2026-10-04T12:16:56+00:00,400,5,19,True,True,True,1791116203
2026-10-04T12:16:56+00:00,487,0,21,True,True,True,1791116203
2026-10-04T12:16:56+00:00,438,26,13,True,True,True,1791116203
2026-10-04T12:16:56+00:00,459,1,11,True,True,True,1791116203
2026-10-04T12:16:56+00:00,433,2,15,True,True,True,1791116203
2026-10-04T12:16:56+00:00,399,1,29,True,True,True,1791116203
2026-10-04T12:16:56+00:00,489,12,15,True,True,True,1791116203
2026-10-04T12:16:56+00:00,742,15,12,True,True,True,1791116203
2026-10-04T12:16:56+00:00,551,30,1,True,True,True,1791116203
2026-10-04T12:16:56+00:00,406,1,9,True,True,True,1791116203
2026-10-04T12:16:56+00:00,488,0,22,True,True,True,1791116203
2026-10-04T12:16:56+00:00,540,13,21,True,True,True,1791116203
2026-10-04T12:16:56+00:00,431,0,20,True,True,True,1791116203
2026-10-04T12:16:56+00:00,393,2,18,True,True,True,1791116203
2026-10-04T12:16:56+00:00,420,9,8,True,True,True,1791116203
2026-10-04T12:16:56+00:00,397,0,28,True,True,True,1791116203
2026-10-04T12:16:56+00:00,390,6,23,True,True,True,1791116203
2026-10-04T12:16:56+00:00,449,13,11,True,True,True,1791116203
2026-10-04T12:16:56+00:00,430,9,33,True,True,True,1791116203
2026-10-04T12:16:56+00:00,484,12,22,True,True,True,1791116203
2026-10-04T12:16:56+00:00,479,7,23,True,True,True,1791116203
2026-10-04T12:16:56+00:00,403,1,13,True,True,True,1791116203
2026-10-04T12:16:56+00:00,435,4,26,True,True,True,1791116203
2026-10-04T12:16:56+00:00,426,7,13,True,True,True,1791116203
2026-10-04T12:16:56+00:00,450,6,8,True,True,True,1791116203
2026-10-04T12:16:56+00:00,456,20,12,True,True,True,1791116203
2026-10-04T12:16:56+00:00,468,11,4,True,True,True,1791116203
2026-10-04T12:16:56+00:00,453,23,10,True,True,True,1791116203
2026-10-04T12:16:56+00:00,466,1,14,True,True,True,1791116203
2026-10-04T12:16:56+00:00,469,4,26,True,True,True,1791116203
2026-10-04T12:16:56+00:00,416,0,15,True,True,True,1791116203
2026-10-04T12:16:56+00:00,391,1,12,True,True,True,1791116203
2026-10-04T12:16:56+00:00,389,2,12,True,True,True,1791116203
2026-10-04T12:16:56+00:00,470,2,12,True,True,True,1791116203
2026-10-04T12:16:56+00:00,384,8,7,True,True,True,1791116203
2026-10-04T12:16:56+00:00,425,0,7,True,True,True,1791116203
2026-10-04T12:16:56+00:00,411,6,5,True,True,True,1791116203
2026-10-04T12:16:56+00:00,598,9,24,True,True,True,1791116203
2026-10-04T12:16:56+00:00,444,15,3,True,True,True,1791116203
2026-10-04T12:16:56+00:00,447,16,14,True,True,True,1791116203
2026-10-04T12:16:56+00:00,408,9,4,True,True,True,1791116203
2026-10-04T12:16:56+00:00,737,24,0,True,True,True,1791116203
2026-10-04T12:16:56+00:00,432,0,11,True,True,True,1791116203
2026-10-04T12:16:56+00:00,401,5,0,True,True,True,1791116203
2026-10-04T12:16:56+00:00,452,6,22,True,True,True,1791116203
2026-10-04T12:16:56+00:00,392,7,0,True,True,True,1791116203
2026-10-04T12:16:56+00:00,481,11,31,True,True,True,1791116203
2026-10-04T12:16:56+00:00,495,23,18,True,True,True,1791116203
2026-10-04T12:16:56+00:00,478,13,0,True,True,True,1791116203
2026-10-04T12:16:56+00:00,414,3,8,True,True,True,1791116203
2026-10-04T12:16:56+00:00,476,14,5,True,True,True,1791116203
2026-10-04T12:16:56+00:00,445,10,8,True,True,True,1791116203
2026-10-04T12:16:56+00:00,748,9,18,True,True,True,1791116203
2026-10-04T12:16:56+00:00,473,0,7,True,True,True,1791116203
2026-10-04T12:16:56+00:00,383,0,25,True,True,True,1791116203
2026-10-04T12:16:56+00:00,480,3,21,True,True,True,1791116203
2026-10-04T12:16:56+00:00,421,6,13,True,True,True,1791116203
2026-10-04T12:16:56+00:00,746,9,2,True,True,True,1791116203
2026-10-04T12:16:56+00:00,417,0,12,True,True,True,1791116203
2026-10-04T12:16:56+00:00,427,2,12,True,True,True,1791116203
2026-10-04T12:16:56+00:00,395,8,6,True,True,True,1791116203
2026-10-04T12:16:56+00:00,418,8,19,True,True,True,1791116203
2026-10-04T12:16:56+00:00,413,2,10,True,True,True,1791116203
2026-10-04T12:16:56+00:00,486,7,15,True,True,True,1791116203
2026-10-04T12:16:56+00:00,597,10,5,True,True,True,1791116203
2026-10-04T12:16:56+00:00,422,1,10,True,True,True,1791116203
2026-10-04T12:16:56+00:00,382,1,6,True,True,True,1791116203
2026-10-04T12:16:56+00:00,396,5,16,True,True,True,1791116203
2026-10-04T12:16:56+00:00,735,7,6,True,True,True,1791116203
2026-10-04T12:16:56+00:00,437,8,16,True,True,True,1791116203
2026-10-04T12:16:56+00:00,446,3,19,True,True,True,1791116203
2026-10-04T12:16:56+00:00,424,0,6,True,True,True,1791116203
2026-10-04T12:16:56+00:00,455,10,1,True,True,True,1791116203
2026-10-04T12:16:56+00:00,457,0,10,True,True,True,1791116203
2026-10-04T12:16:56+00:00,377,7,22,True,True,True,1791116203
2026-10-04T12:16:56+00:00,738,8,4,True,True,True,1791116203
2026-10-04T12:16:56+00:00,460,2,27,True,True,True,1791116203
2026-10-04T12:16:56+00:00,744,2,7,True,True,True,1791116203
2026-10-04T12:16:56+00:00,485,3,16,True,True,True,1791116203
2026-10-04T12:31:56+00:00,6026,13,20,True,True,True,1791117102
2026-10-04T12:31:56+00:00,5431,15,6,True,True,True,1791117102
2026-10-04T12:31:56+00:00,5424,2,16,True,True,True,1791117102
2026-10-04T12:31:56+00:00,5220,0,19,True,True,True,1791117102
2026-10-04T12:31:56+00:00,5217,10,19,True,True,True,1791117102
2026-10-04T12:31:56+00:00,5113,11,4,True,True,True,1791117102
2026-10-04T12:31:56+00:00,4683,1,19,True,True,True,1791117102
2026-10-04T12:31:56+00:00,4552,4,14,True,True,True,1791117102
2026-10-04T12:31:56+00:00,3725,1,17,True,True,True,1791117102
2026-10-04T12:31:56+00:00,2358,1,10,True,True,True,1791117102
2026-10-04T12:31:56+00:00,2357,10,11,True,True,True,1791117102
2026-10-04T12:31:56+00:00,2355,0,12,True,True,True,1791117102
2026-10-04T12:31:56+00:00,2351,5,12,True,True,True,1791117102
2026-10-04T12:31:56+00:00,2350,17,6,True,True,True,1791117102
2026-10-04T12:31:56+00:00,2349,4,17,True,True,True,1791117102
2026-10-04T12:31:56+00:00,2347,8,22,True,True,True,1791117102
2026-10-04T12:31:56+00:00,2340,11,13,True,True,True,1791117102
2026-10-04T12:31:56+00:00,2339,17,11,True,True,True,1791117102
2026-10-04T12:31:56+00:00,2337,14,0,True,True,True,1791117102
2026-10-04T12:31:56+00:00,2334,1,10,True,True,True,1791117102
2026-10-04T12:31:56+00:00,2333,14,1,True,True,True,1791117102
2026-10-04T12:31:56+00:00,2332,1,8,True,True,True,1791117102
2026-10-04T12:31:56+00:00,2330,13,0,True,True,True,1791117102
2026-10-04T12:31:56+00:00,2329,13,1,True,True,True,1791117102
2026-10-04T12:31:56+00:00,2328,17,2,True,True,True,1791117102
2026-10-04T12:31:56+00:00,2315,11,7,True,True,True,1791117102
2026-10-04T12:31:56+00:00,2308,2,6,True,True,True,1791117102
2026-10-04T12:31:56+00:00,2307,6,23,True,True,True,1791117102
2026-10-04T12:31:56+00:00,2306,10,8,True,True,True,1791117102
2026-10-04T12:31:56+00:00,2305,6,8,True,True,True,1791117102
2026-10-04T12:31:56+00:00,2304,4,12,True,True,True,1791117102
2026-10-04T12:31:56+00:00,2280,5,7,True,True,True,1791117102
2026-10-04T12:31:56+00:00,2270,0,19,True,True,True,1791117102
2026-10-04T12:31:56+00:00,1919,5,1,True,True,True,1791117102
2026-10-04T12:31:56+00:00,1755,12,19,True,True,True,1791117102
2026-10-04T12:31:56+00:00,1101,6,17,True,True,True,1791117102
2026-10-04T12:31:56+00:00,1023,4,9,True,True,True,1791117102
2026-10-04T12:31:56+00:00,1009,0,10,True,True,True,1791117102
2026-10-04T12:31:56+00:00,970,6,18,True,True,True,1791117102
2026-10-04T12:31:56+00:00,787,12,0,True,True,True,1791117102
2026-10-04T12:31:56+00:00,627,5,25,True,True,True,1791117102
2026-10-04T12:31:56+00:00,623,19,0,True,True,True,1791117102
2026-10-04T12:31:56+00:00,624,1,17,True,True,True,1791117102
2026-10-04T12:31:56+00:00,626,3,19,True,True,True,1791117102
2026-10-04T12:31:56+00:00,614,4,18,True,True,True,1791117102
2026-10-04T12:31:56+00:00,616,10,5,True,True,True,1791117102
2026-10-04T12:31:56+00:00,618,8,34,True,True,True,1791117102
2026-10-04T12:31:56+00:00,621,11,14,True,True,True,1791117102
2026-10-04T12:31:56+00:00,622,18,10,True,True,True,1791117102
2026-10-04T12:31:56+00:00,613,0,16,True,True,True,1791117102
2026-10-04T12:31:56+00:00,620,14,25,True,True,True,1791117102
2026-10-04T12:31:56+00:00,596,0,17,True,True,True,1791117102
2026-10-04T12:31:56+00:00,617,5,14,True,True,True,1791117102
2026-10-04T12:31:56+00:00,609,11,16,True,True,True,1791117102
2026-10-04T12:31:56+00:00,607,1,27,True,True,True,1791117102
2026-10-04T12:31:56+00:00,603,11,6,True,True,True,1791117102
2026-10-04T12:31:56+00:00,590,1,36,True,True,True,1791117102
2026-10-04T12:31:56+00:00,610,0,19,True,True,True,1791117102
2026-10-04T12:31:56+00:00,608,2,15,True,True,True,1791117102
2026-10-04T12:31:56+00:00,593,2,25,True,True,True,1791117102
2026-10-04T12:31:56+00:00,530,6,3,True,True,True,1791117102
2026-10-04T12:31:56+00:00,463,16,0,True,True,True,1791117102
2026-10-04T12:31:56+00:00,475,21,2,True,True,True,1791117102
2026-10-04T12:31:56+00:00,439,7,16,True,True,True,1791117102
2026-10-04T12:31:56+00:00,600,8,2,True,True,True,1791117102
2026-10-04T12:31:56+00:00,440,6,9,True,True,True,1791117102
2026-10-04T12:31:56+00:00,612,0,18,True,True,True,1791117102
2026-10-04T12:31:56+00:00,491,17,1,True,True,True,1791117102
2026-10-04T12:31:56+00:00,493,15,11,True,True,True,1791117102
2026-10-04T12:31:56+00:00,410,3,22,True,True,True,1791117102
2026-10-04T12:31:56+00:00,605,5,13,True,True,True,1791117102
2026-10-04T12:31:56+00:00,388,11,4,True,True,True,1791117102
2026-10-04T12:31:56+00:00,591,20,3,True,True,True,1791117102
2026-10-04T12:31:56+00:00,592,0,18,True,True,True,1791117102
2026-10-04T12:31:56+00:00,585,0,0,True,True,True,1791117102
2026-10-04T12:31:56+00:00,565,0,18,True,True,True,1791117102
2026-10-04T12:31:56+00:00,571,6,13,True,True,True,1791117102
2026-10-04T12:31:56+00:00,568,2,13,True,True,True,1791117102
2026-10-04T12:31:56+00:00,588,7,12,True,True,True,1791117102
2026-10-04T12:31:56+00:00,584,3,31,True,True,True,1791117102
2026-10-04T12:31:56+00:00,569,10,18,True,True,True,1791117102
2026-10-04T12:31:56+00:00,577,11,18,True,True,True,1791117102
2026-10-04T12:31:56+00:00,564,3,26,True,True,True,1791117102
2026-10-04T12:31:56+00:00,570,1,14,True,True,True,1791117102
2026-10-04T12:31:56+00:00,572,10,29,True,True,True,1791117102
2026-10-04T12:31:56+00:00,586,6,19,True,True,True,1791117102
2026-10-04T12:31:56+00:00,576,11,6,True,True,True,1791117102
2026-10-04T12:31:56+00:00,566,23,1,True,True,True,1791117102
2026-10-04T12:31:56+00:00,602,5,13,True,True,True,1791117102
2026-10-04T12:31:56+00:00,575,2,27,True,True,True,1791117102
2026-10-04T12:31:56+00:00,567,21,17,True,True,True,1791117102
2026-10-04T12:31:56+00:00,582,10,14,True,True,True,1791117102
2026-10-04T12:31:56+00:00,595,23,0,True,True,True,1791117102
2026-10-04T12:31:56+00:00,542,17,1,True,True,True,1791117102
2026-10-04T12:31:56+00:00,563,4,12,True,True,True,1791117102
2026-10-04T12:31:56+00:00,558,7,8,True,True,True,1791117102
2026-10-04T12:31:56+00:00,552,10,8,True,True,True,1791117102
2026-10-04T12:31:56+00:00,555,1,12,True,True,True,1791117102
2026-10-04T12:31:56+00:00,573,6,18,True,True,True,1791117102
2026-10-04T12:31:56+00:00,561,7,15,True,True,True,1791117102
2026-10-04T12:31:56+00:00,615,6,15,True,True,True,1791117102
2026-10-04T12:31:56+00:00,543,1,18,True,True,True,1791117102
2026-10-04T12:31:56+00:00,554,2,17,True,True,True,1791117102
2026-10-04T12:31:56+00:00,574,9,2,True,True,True,1791117102
2026-10-04T12:31:56+00:00,560,3,5,True,True,True,1791117102
2026-10-04T12:31:56+00:00,548,3,14,True,True,True,1791117102
2026-10-04T12:31:56+00:00,559,3,14,True,True,True,1791117102
2026-10-04T12:31:56+00:00,545,22,16,True,True,True,1791117102
2026-10-04T12:31:56+00:00,550,2,7,True,True,True,1791117102
2026-10-04T12:31:56+00:00,541,10,1,True,True,True,1791117102
2026-10-04T12:31:56+00:00,527,9,1,True,True,True,1791117102
2026-10-04T12:31:56+00:00,529,6,15,True,True,True,1791117102
2026-10-04T12:31:56+00:00,526,11,3,True,True,True,1791117102
2026-10-04T12:31:56+00:00,537,19,0,True,True,True,1791117102
2026-10-04T12:31:56+00:00,547,19,8,True,True,True,1791117102
2026-10-04T12:31:56+00:00,601,3,15,True,True,True,1791117102
2026-10-04T12:31:56+00:00,533,7,5,True,True,True,1791117102
2026-10-04T12:31:56+00:00,535,15,10,True,True,True,1791117102
2026-10-04T12:31:56+00:00,524,5,15,True,True,True,1791117102
2026-10-04T12:31:56+00:00,519,3,18,True,True,True,1791117102
2026-10-04T12:31:56+00:00,534,14,25,True,True,True,1791117102
2026-10-04T12:31:56+00:00,521,3,10,True,True,True,1791117102
2026-10-04T12:31:56+00:00,518,0,18,True,True,True,1791117102
2026-10-04T12:31:56+00:00,556,0,18,True,True,True,1791117102
2026-10-04T12:31:56+00:00,525,1,13,True,True,True,1791117102
2026-10-04T12:31:56+00:00,517,1,15,True,True,True,1791117102
2026-10-04T12:31:56+00:00,523,10,20,True,True,True,1791117102
2026-10-04T12:31:56+00:00,522,8,1,True,True,True,1791117102
2026-10-04T12:31:56+00:00,594,2,15,True,True,True,1791117102
2026-10-04T12:31:56+00:00,532,4,16,True,True,True,1791117102
2026-10-04T12:31:56+00:00,509,8,3,True,True,True,1791117102
2026-10-04T12:31:56+00:00,531,8,10,True,True,True,1791117102
2026-10-04T12:31:56+00:00,536,0,9,True,True,True,1791117102
2026-10-04T12:31:56+00:00,562,20,19,True,True,True,1791117102
2026-10-04T12:31:56+00:00,511,6,17,True,True,True,1791117102
2026-10-04T12:31:56+00:00,505,2,19,True,True,True,1791117102
2026-10-04T12:31:56+00:00,501,1,17,True,True,True,1791117102
2026-10-04T12:31:56+00:00,514,0,12,True,True,True,1791117102
2026-10-04T12:31:56+00:00,500,8,9,True,True,True,1791117102
2026-10-04T12:31:56+00:00,503,3,25,True,True,True,1791117102
2026-10-04T12:31:56+00:00,513,1,14,True,True,True,1791117102
2026-10-04T12:31:56+00:00,498,0,12,True,True,True,1791117102
2026-10-04T12:31:56+00:00,507,18,0,True,True,True,1791117102
2026-10-04T12:31:56+00:00,512,17,10,True,True,True,1791117102
2026-10-04T12:31:56+00:00,619,21,21,True,True,True,1791117102
2026-10-04T12:31:56+00:00,474,29,13,True,True,True,1791117102
2026-10-04T12:31:56+00:00,580,13,32,True,True,True,1791117102
2026-10-04T12:31:56+00:00,496,23,20,True,True,True,1791117102
2026-10-04T12:31:56+00:00,482,1,16,True,True,True,1791117102
2026-10-04T12:31:56+00:00,407,0,12,True,True,True,1791117102
2026-10-04T12:31:56+00:00,409,3,22,True,True,True,1791117102
2026-10-04T12:31:56+00:00,451,1,17,True,True,True,1791117102
2026-10-04T12:31:56+00:00,402,7,12,True,True,True,1791117102
2026-10-04T12:31:56+00:00,516,0,14,True,True,True,1791117102
2026-10-04T12:31:56+00:00,625,10,30,True,True,True,1791117102
2026-10-04T12:31:56+00:00,429,6,15,True,True,True,1791117102
2026-10-04T12:31:56+00:00,380,0,23,True,True,True,1791117102
2026-10-04T12:31:56+00:00,583,3,15,True,True,True,1791117102
2026-10-04T12:31:56+00:00,398,6,11,True,True,True,1791117102
2026-10-04T12:31:56+00:00,381,12,3,True,True,True,1791117102
2026-10-04T12:31:56+00:00,464,27,16,True,True,True,1791117102
2026-10-04T12:31:56+00:00,442,14,2,True,True,True,1791117102
2026-10-04T12:31:56+00:00,483,15,5,True,True,True,1791117102
2026-10-04T12:31:56+00:00,458,0,14,True,True,True,1791117102
2026-10-04T12:31:56+00:00,499,0,15,True,True,True,1791117102
2026-10-04T12:31:56+00:00,472,1,18,True,True,True,1791117102
2026-10-04T12:31:56+00:00,506,5,19,True,True,True,1791117102
2026-10-04T12:31:56+00:00,465,12,17,True,True,True,1791117102
2026-10-04T12:31:56+00:00,611,3,34,True,True,True,1791117102
2026-10-04T12:31:56+00:00,404,10,16,True,True,True,1791117102
2026-10-04T12:31:56+00:00,579,1,16,True,True,True,1791117102
2026-10-04T12:31:56+00:00,589,3,24,True,True,True,1791117102
2026-10-04T12:31:56+00:00,434,7,13,True,True,True,1791117102
2026-10-04T12:31:56+00:00,462,1,13,True,True,True,1791117102
2026-10-04T12:31:56+00:00,578,0,22,True,True,True,1791117102
2026-10-04T12:31:56+00:00,415,0,12,True,True,True,1791117102
2026-10-04T12:31:56+00:00,423,18,2,True,True,True,1791117102
2026-10-04T12:31:56+00:00,412,5,2,True,True,True,1791117102
2026-10-04T12:31:56+00:00,387,10,4,True,True,True,1791117102
2026-10-04T12:31:56+00:00,441,2,13,True,True,True,1791117102
2026-10-04T12:31:56+00:00,454,0,22,True,True,True,1791117102
2026-10-04T12:31:56+00:00,436,4,8,True,True,True,1791117102
2026-10-04T12:31:56+00:00,394,0,18,True,True,True,1791117102
2026-10-04T12:31:56+00:00,497,12,15,True,True,True,1791117102
2026-10-04T12:31:56+00:00,581,0,23,True,True,True,1791117102
2026-10-04T12:31:56+00:00,461,2,16,True,True,True,1791117102
2026-10-04T12:31:56+00:00,599,18,27,True,True,True,1791117102
2026-10-04T12:31:56+00:00,428,6,17,True,True,True,1791117102
2026-10-04T12:31:56+00:00,400,7,17,True,True,True,1791117102
2026-10-04T12:31:56+00:00,487,0,21,True,True,True,1791117102
2026-10-04T12:31:56+00:00,438,26,13,True,True,True,1791117102
2026-10-04T12:31:56+00:00,459,1,10,True,True,True,1791117102
2026-10-04T12:31:56+00:00,433,2,15,True,True,True,1791117102
2026-10-04T12:31:56+00:00,399,1,29,True,True,True,1791117102
2026-10-04T12:31:56+00:00,489,12,15,True,True,True,1791117102
2026-10-04T12:31:56+00:00,742,15,12,True,True,True,1791117102
2026-10-04T12:31:56+00:00,551,31,0,True,True,True,1791117102
2026-10-04T12:31:56+00:00,406,1,9,True,True,True,1791117102
2026-10-04T12:31:56+00:00,488,0,22,True,True,True,1791117102
2026-10-04T12:31:56+00:00,540,14,20,True,True,True,1791117102
2026-10-04T12:31:56+00:00,431,0,20,True,True,True,1791117102
2026-10-04T12:31:56+00:00,393,0,20,True,True,True,1791117102
2026-10-04T12:31:56+00:00,420,9,8,True,True,True,1791117102
2026-10-04T12:31:56+00:00,397,1,27,True,True,True,1791117102
2026-10-04T12:31:56+00:00,390,7,23,True,True,True,1791117102
2026-10-04T12:31:56+00:00,449,13,11,True,True,True,1791117102
2026-10-04T12:31:56+00:00,430,9,33,True,True,True,1791117102
2026-10-04T12:31:56+00:00,484,12,22,True,True,True,1791117102
2026-10-04T12:31:56+00:00,479,6,24,True,True,True,1791117102
2026-10-04T12:31:56+00:00,403,1,13,True,True,True,1791117102
2026-10-04T12:31:56+00:00,435,4,26,True,True,True,1791117102
2026-10-04T12:31:56+00:00,426,6,14,True,True,True,1791117102
2026-10-04T12:31:56+00:00,450,6,8,True,True,True,1791117102
2026-10-04T12:31:56+00:00,456,20,13,True,True,True,1791117102
2026-10-04T12:31:56+00:00,468,12,3,True,True,True,1791117102
2026-10-04T12:31:56+00:00,453,23,10,True,True,True,1791117102
2026-10-04T12:31:56+00:00,466,1,14,True,True,True,1791117102
2026-10-04T12:31:56+00:00,469,3,27,True,True,True,1791117102
2026-10-04T12:31:56+00:00,416,0,15,True,True,True,1791117102
2026-10-04T12:31:56+00:00,391,0,13,True,True,True,1791117102
2026-10-04T12:31:56+00:00,389,2,12,True,True,True,1791117102
2026-10-04T12:31:56+00:00,470,1,13,True,True,True,1791117102
2026-10-04T12:31:56+00:00,384,7,8,True,True,True,1791117102
2026-10-04T12:31:56+00:00,425,1,6,True,True,True,1791117102
2026-10-04T12:31:56+00:00,411,6,5,True,True,True,1791117102
2026-10-04T12:31:56+00:00,598,10,23,True,True,True,1791117102
2026-10-04T12:31:56+00:00,444,15,3,True,True,True,1791117102
2026-10-04T12:31:56+00:00,447,16,14,True,True,True,1791117102
2026-10-04T12:31:56+00:00,408,9,4,True,True,True,1791117102
2026-10-04T12:31:56+00:00,737,24,0,True,True,True,1791117102
2026-10-04T12:31:56+00:00,432,0,11,True,True,True,1791117102
2026-10-04T12:31:56+00:00,401,5,0,True,True,True,1791117102
2026-10-04T12:31:56+00:00,452,6,22,True,True,True,1791117102
2026-10-04T12:31:56+00:00,392,7,0,True,True,True,1791117102
2026-10-04T12:31:56+00:00,481,10,32,True,True,True,1791117102
2026-10-04T12:31:56+00:00,495,23,18,True,True,True,1791117102
2026-10-04T12:31:56+00:00,478,13,0,True,True,True,1791117102
2026-10-04T12:31:56+00:00,414,3,8,True,True,True,1791117102
2026-10-04T12:31:56+00:00,476,14,5,True,True,True,1791117102
2026-10-04T12:31:56+00:00,445,10,8,True,True,True,1791117102
2026-10-04T12:31:56+00:00,748,8,19,True,True,True,1791117102
2026-10-04T12:31:56+00:00,473,0,7,True,True,True,1791117102
2026-10-04T12:31:56+00:00,383,1,24,True,True,True,1791117102
2026-10-04T12:31:56+00:00,480,1,23,True,True,True,1791117102
2026-10-04T12:31:56+00:00,421,6,13,True,True,True,1791117102
2026-10-04T12:31:56+00:00,746,9,2,True,True,True,1791117102
2026-10-04T12:31:56+00:00,417,0,12,True,True,True,1791117102
2026-10-04T12:31:56+00:00,427,2,12,True,True,True,1791117102
2026-10-04T12:31:56+00:00,395,8,6,True,True,True,1791117102
2026-10-04T12:31:56+00:00,418,8,19,True,True,True,1791117102
2026-10-04T12:31:56+00:00,413,2,10,True,True,True,1791117102
2026-10-04T12:31:56+00:00,486,8,14,True,True,True,1791117102
2026-10-04T12:31:56+00:00,597,10,5,True,True,True,1791117102
2026-10-04T12:31:56+00:00,422,1,10,True,True,True,1791117102
2026-10-04T12:31:56+00:00,382,2,5,True,True,True,1791117102
2026-10-04T12:31:56+00:00,396,5,16,True,True,True,1791117102
2026-10-04T12:31:56+00:00,735,7,6,True,True,True,1791117102
2026-10-04T12:31:56+00:00,437,7,17,True,True,True,1791117102
2026-10-04T12:31:56+00:00,446,3,19,True,True,True,1791117102
2026-10-04T12:31:56+00:00,424,2,4,True,True,True,1791117102
2026-10-04T12:31:56+00:00,455,12,0,True,True,True,1791117102
2026-10-04T12:31:56+00:00,457,0,10,True,True,True,1791117102
2026-10-04T12:31:56+00:00,377,7,22,True,True,True,1791117102
2026-10-04T12:31:56+00:00,738,8,4,True,True,True,1791117102
2026-10-04T12:31:56+00:00,460,2,27,True,True,True,1791117102
2026-10-04T12:31:56+00:00,744,2,7,True,True,True,1791117102
2026-10-04T12:31:56+00:00,485,3,16,True,True,True,1791117102
2026-10-04T12:46:56+00:00,6026,14,19,True,True,True,1791118015
2026-10-04T12:46:56+00:00,5431,15,6,True,True,True,1791118015
2026-10-04T12:46:56+00:00,5424,2,16,True,True,True,1791118015
2026-10-04T12:46:56+00:00,5220,0,19,True,True,True,1791118015
2026-10-04T12:46:56+00:00,5217,11,18,True,True,True,1791118015
2026-10-04T12:46:56+00:00,5113,11,4,True,True,True,1791118015
2026-10-04T12:46:56+00:00,4683,1,19,True,True,True,1791118015
2026-10-04T12:46:56+00:00,4552,4,14,True,True,True,1791118015
2026-10-04T12:46:56+00:00,3725,1,17,True,True,True,1791118015
2026-10-04T12:46:56+00:00,2358,2,9,True,True,True,1791118015
2026-10-04T12:46:56+00:00,2357,11,10,True,True,True,1791118015
2026-10-04T12:46:56+00:00,2355,0,12,True,True,True,1791118015
2026-10-04T12:46:56+00:00,2351,5,12,True,True,True,1791118015
2026-10-04T12:46:56+00:00,2350,17,6,True,True,True,1791118015
2026-10-04T12:46:56+00:00,2349,4,17,True,True,True,1791118015
2026-10-04T12:46:56+00:00,2347,8,22,True,True,True,1791118015
2026-10-04T12:46:56+00:00,2340,12,12,True,True,True,1791118015
2026-10-04T12:46:56+00:00,2339,17,11,True,True,True,1791118015
2026-10-04T12:46:56+00:00,2337,14,0,True,True,True,1791118015
2026-10-04T12:46:56+00:00,2334,1,10,True,True,True,1791118015
2026-10-04T12:46:56+00:00,2333,14,1,True,True,True,1791118015
2026-10-04T12:46:56+00:00,2332,1,8,True,True,True,1791118015
2026-10-04T12:46:56+00:00,2330,13,0,True,True,True,1791118015
2026-10-04T12:46:56+00:00,2329,13,1,True,True,True,1791118015
2026-10-04T12:46:56+00:00,2328,17,2,True,True,True,1791118015
2026-10-04T12:46:56+00:00,2315,11,7,True,True,True,1791118015
2026-10-04T12:46:56+00:00,2308,2,6,True,True,True,1791118015
2026-10-04T12:46:56+00:00,2307,7,22,True,True,True,1791118015
2026-10-04T12:46:56+00:00,2306,10,8,True,True,True,1791118015
2026-10-04T12:46:56+00:00,2305,6,8,True,True,True,1791118015
2026-10-04T12:46:56+00:00,2304,3,13,True,True,True,1791118015
2026-10-04T12:46:56+00:00,2280,5,7,True,True,True,1791118015
2026-10-04T12:46:56+00:00,2270,1,18,True,True,True,1791118015
2026-10-04T12:46:56+00:00,1919,5,1,True,True,True,1791118015
2026-10-04T12:46:56+00:00,1755,11,20,True,True,True,1791118015
2026-10-04T12:46:56+00:00,1101,6,17,True,True,True,1791118015
2026-10-04T12:46:56+00:00,1023,5,8,True,True,True,1791118015
2026-10-04T12:46:56+00:00,1009,0,10,True,True,True,1791118015
2026-10-04T12:46:56+00:00,970,7,17,True,True,True,1791118015
2026-10-04T12:46:56+00:00,787,12,0,True,True,True,1791118015
2026-10-04T12:46:56+00:00,627,5,25,True,True,True,1791118015
2026-10-04T12:46:56+00:00,623,18,1,True,True,True,1791118015
2026-10-04T12:46:56+00:00,624,1,17,True,True,True,1791118015
2026-10-04T12:46:56+00:00,626,4,18,True,True,True,1791118015
2026-10-04T12:46:56+00:00,614,4,18,True,True,True,1791118015
2026-10-04T12:46:56+00:00,616,10,5,True,True,True,1791118015
2026-10-04T12:46:56+00:00,618,8,34,True,True,True,1791118015
2026-10-04T12:46:56+00:00,621,11,14,True,True,True,1791118015
2026-10-04T12:46:56+00:00,622,19,9,True,True,True,1791118015
2026-10-04T12:46:56+00:00,613,1,15,True,True,True,1791118015
2026-10-04T12:46:56+00:00,620,17,22,True,True,True,1791118015
2026-10-04T12:46:56+00:00,596,0,17,True,True,True,1791118015
2026-10-04T12:46:56+00:00,617,5,14,True,True,True,1791118015
2026-10-04T12:46:56+00:00,609,11,16,True,True,True,1791118015
2026-10-04T12:46:56+00:00,607,21,7,True,True,True,1791118015
2026-10-04T12:46:56+00:00,603,12,5,True,True,True,1791118015
2026-10-04T12:46:56+00:00,590,1,36,True,True,True,1791118015
2026-10-04T12:46:56+00:00,610,0,19,True,True,True,1791118015
2026-10-04T12:46:56+00:00,608,2,15,True,True,True,1791118015
2026-10-04T12:46:56+00:00,593,2,25,True,True,True,1791118015
2026-10-04T12:46:56+00:00,530,6,3,True,True,True,1791118015
2026-10-04T12:46:56+00:00,463,16,0,True,True,True,1791118015
2026-10-04T12:46:56+00:00,475,21,2,True,True,True,1791118015
2026-10-04T12:46:56+00:00,439,7,16,True,True,True,1791118015
2026-10-04T12:46:56+00:00,600,8,2,True,True,True,1791118015
2026-10-04T12:46:56+00:00,440,6,9,True,True,True,1791118015
2026-10-04T12:46:56+00:00,612,0,18,True,True,True,1791118015
2026-10-04T12:46:56+00:00,491,17,1,True,True,True,1791118015
2026-10-04T12:46:56+00:00,493,15,11,True,True,True,1791118015
2026-10-04T12:46:56+00:00,410,2,23,True,True,True,1791118015
2026-10-04T12:46:56+00:00,605,5,13,True,True,True,1791118015
2026-10-04T12:46:56+00:00,388,11,4,True,True,True,1791118015
2026-10-04T12:46:56+00:00,591,20,3,True,True,True,1791118015
2026-10-04T12:46:56+00:00,592,0,18,True,True,True,1791118015
2026-10-04T12:46:56+00:00,585,0,0,True,True,True,1791118015
2026-10-04T12:46:56+00:00,565,0,18,True,True,True,1791118015
2026-10-04T12:46:56+00:00,571,6,13,True,True,True,1791118015
2026-10-04T12:46:56+00:00,568,2,13,True,True,True,1791118015
2026-10-04T12:46:56+00:00,588,5,14,True,True,True,1791118015
2026-10-04T12:46:56+00:00,584,2,32,True,True,True,1791118015
2026-10-04T12:46:56+00:00,569,10,18,True,True,True,1791118015
2026-10-04T12:46:56+00:00,577,11,18,True,True,True,1791118015
2026-10-04T12:46:56+00:00,564,3,26,True,True,True,1791118015
2026-10-04T12:46:56+00:00,570,1,14,True,True,True,1791118015
2026-10-04T12:46:56+00:00,572,10,29,True,True,True,1791118015
2026-10-04T12:46:56+00:00,586,6,19,True,True,True,1791118015
2026-10-04T12:46:56+00:00,576,11,6,True,True,True,1791118015
2026-10-04T12:46:56+00:00,566,23,1,True,True,True,1791118015
2026-10-04T12:46:56+00:00,602,5,13,True,True,True,1791118015
2026-10-04T12:46:56+00:00,575,2,27,True,True,True,1791118015
2026-10-04T12:46:56+00:00,567,21,17,True,True,True,1791118015
2026-10-04T12:46:56+00:00,582,11,13,True,True,True,1791118015
2026-10-04T12:46:56+00:00,595,23,0,True,True,True,1791118015
2026-10-04T12:46:56+00:00,542,17,1,True,True,True,1791118015
2026-10-04T12:46:56+00:00,563,4,12,True,True,True,1791118015
2026-10-04T12:46:56+00:00,558,7,8,True,True,True,1791118015
2026-10-04T12:46:56+00:00,552,12,6,True,True,True,1791118015
2026-10-04T12:46:56+00:00,555,0,13,True,True,True,1791118015
2026-10-04T12:46:56+00:00,573,6,18,True,True,True,1791118015
2026-10-04T12:46:56+00:00,561,7,15,True,True,True,1791118015
2026-10-04T12:46:56+00:00,615,6,15,True,True,True,1791118015
2026-10-04T12:46:56+00:00,543,1,18,True,True,True,1791118015
2026-10-04T12:46:56+00:00,554,0,19,True,True,True,1791118015
2026-10-04T12:46:56+00:00,574,9,2,True,True,True,1791118015
2026-10-04T12:46:56+00:00,560,3,5,True,True,True,1791118015
2026-10-04T12:46:56+00:00,548,3,14,True,True,True,1791118015
2026-10-04T12:46:56+00:00,559,3,14,True,True,True,1791118015
2026-10-04T12:46:56+00:00,545,22,16,True,True,True,1791118015
2026-10-04T12:46:56+00:00,550,2,7,True,True,True,1791118015
2026-10-04T12:46:56+00:00,541,11,0,True,True,True,1791118015
2026-10-04T12:46:56+00:00,527,9,1,True,True,True,1791118015
2026-10-04T12:46:56+00:00,529,6,15,True,True,True,1791118015
2026-10-04T12:46:56+00:00,526,10,4,True,True,True,1791118015
2026-10-04T12:46:56+00:00,537,19,0,True,True,True,1791118015
2026-10-04T12:46:56+00:00,547,19,8,True,True,True,1791118015
2026-10-04T12:46:56+00:00,601,3,15,True,True,True,1791118015
2026-10-04T12:46:56+00:00,533,7,5,True,True,True,1791118015
2026-10-04T12:46:56+00:00,535,14,11,True,True,True,1791118015
2026-10-04T12:46:56+00:00,524,4,16,True,True,True,1791118015
2026-10-04T12:46:56+00:00,519,4,18,True,True,True,1791118015
2026-10-04T12:46:56+00:00,534,14,25,True,True,True,1791118015
2026-10-04T12:46:56+00:00,521,5,8,True,True,True,1791118015
2026-10-04T12:46:56+00:00,518,0,18,True,True,True,1791118015
2026-10-04T12:46:56+00:00,556,0,18,True,True,True,1791118015
2026-10-04T12:46:56+00:00,525,1,13,True,True,True,1791118015
2026-10-04T12:46:56+00:00,517,1,15,True,True,True,1791118015
2026-10-04T12:46:56+00:00,523,10,20,True,True,True,1791118015
2026-10-04T12:46:56+00:00,522,8,1,True,True,True,1791118015
2026-10-04T12:46:56+00:00,594,3,14,True,True,True,1791118015
2026-10-04T12:46:56+00:00,532,2,18,True,True,True,1791118015
2026-10-04T12:46:56+00:00,509,8,3,True,True,True,1791118015
2026-10-04T12:46:56+00:00,531,8,10,True,True,True,1791118015
2026-10-04T12:46:56+00:00,536,1,8,True,True,True,1791118015
2026-10-04T12:46:56+00:00,562,20,19,True,True,True,1791118015
2026-10-04T12:46:56+00:00,511,6,17,True,True,True,1791118015
2026-10-04T12:46:56+00:00,505,4,17,True,True,True,1791118015
2026-10-04T12:46:56+00:00,501,1,17,True,True,True,1791118015
2026-10-04T12:46:56+00:00,514,0,12,True,True,True,1791118015
2026-10-04T12:46:56+00:00,500,8,9,True,True,True,1791118015
2026-10-04T12:46:56+00:00,503,2,26,True,True,True,1791118015
2026-10-04T12:46:56+00:00,513,1,14,True,True,True,1791118015
2026-10-04T12:46:56+00:00,498,0,12,True,True,True,1791118015
2026-10-04T12:46:56+00:00,507,18,0,True,True,True,1791118015
2026-10-04T12:46:56+00:00,512,17,10,True,True,True,1791118015
2026-10-04T12:46:56+00:00,619,20,22,True,True,True,1791118015
2026-10-04T12:46:56+00:00,474,30,12,True,True,True,1791118015
2026-10-04T12:46:56+00:00,580,13,32,True,True,True,1791118015
2026-10-04T12:46:56+00:00,496,24,19,True,True,True,1791118015
2026-10-04T12:46:56+00:00,482,1,16,True,True,True,1791118015
2026-10-04T12:46:56+00:00,407,0,12,True,True,True,1791118015
2026-10-04T12:46:56+00:00,409,3,22,True,True,True,1791118015
2026-10-04T12:46:56+00:00,451,1,17,True,True,True,1791118015
2026-10-04T12:46:56+00:00,402,5,14,True,True,True,1791118015
2026-10-04T12:46:56+00:00,516,0,14,True,True,True,1791118015
2026-10-04T12:46:56+00:00,625,10,30,True,True,True,1791118015
2026-10-04T12:46:56+00:00,429,5,16,True,True,True,1791118015
2026-10-04T12:46:56+00:00,380,0,23,True,True,True,1791118015
2026-10-04T12:46:56+00:00,583,3,15,True,True,True,1791118015
2026-10-04T12:46:56+00:00,398,6,11,True,True,True,1791118015
2026-10-04T12:46:56+00:00,381,10,5,True,True,True,1791118015
2026-10-04T12:46:56+00:00,464,25,17,True,True,True,1791118015
2026-10-04T12:46:56+00:00,442,13,3,True,True,True,1791118015
2026-10-04T12:46:56+00:00,483,15,5,True,True,True,1791118015
2026-10-04T12:46:56+00:00,458,1,13,True,True,True,1791118015
2026-10-04T12:46:56+00:00,499,0,15,True,True,True,1791118015
2026-10-04T12:46:56+00:00,472,0,19,True,True,True,1791118015
2026-10-04T12:46:56+00:00,506,5,19,True,True,True,1791118015
2026-10-04T12:46:56+00:00,465,14,15,True,True,True,1791118015
2026-10-04T12:46:56+00:00,611,2,34,True,True,True,1791118015
2026-10-04T12:46:56+00:00,404,10,16,True,True,True,1791118015
2026-10-04T12:46:56+00:00,579,1,16,True,True,True,1791118015
2026-10-04T12:46:56+00:00,589,3,24,True,True,True,1791118015
2026-10-04T12:46:56+00:00,434,6,14,True,True,True,1791118015
2026-10-04T12:46:56+00:00,462,0,14,True,True,True,1791118015
2026-10-04T12:46:56+00:00,578,0,22,True,True,True,1791118015
2026-10-04T12:46:56+00:00,415,0,12,True,True,True,1791118015
2026-10-04T12:46:56+00:00,423,20,0,True,True,True,1791118015
2026-10-04T12:46:56+00:00,412,5,2,True,True,True,1791118015
2026-10-04T12:46:56+00:00,387,11,3,True,True,True,1791118015
2026-10-04T12:46:56+00:00,441,2,13,True,True,True,1791118015
2026-10-04T12:46:56+00:00,454,0,22,True,True,True,1791118015
2026-10-04T12:46:56+00:00,436,4,8,True,True,True,1791118015
2026-10-04T12:46:56+00:00,394,0,18,True,True,True,1791118015
2026-10-04T12:46:56+00:00,497,12,15,True,True,True,1791118015
2026-10-04T12:46:56+00:00,581,0,23,True,True,True,1791118015
2026-10-04T12:46:56+00:00,461,2,16,True,True,True,1791118015
2026-10-04T12:46:56+00:00,599,19,26,True,True,True,1791118015
2026-10-04T12:46:56+00:00,428,6,17,True,True,True,1791118015
2026-10-04T12:46:56+00:00,400,6,18,True,True,True,1791118015
2026-10-04T12:46:56+00:00,487,0,21,True,True,True,1791118015
2026-10-04T12:46:56+00:00,438,27,12,True,True,True,1791118015
2026-10-04T12:46:56+00:00,459,1,10,True,True,True,1791118015
2026-10-04T12:46:56+00:00,433,4,13,True,True,True,1791118015
2026-10-04T12:46:56+00:00,399,1,29,True,True,True,1791118015
2026-10-04T12:46:56+00:00,489,13,14,True,True,True,1791118015
2026-10-04T12:46:56+00:00,742,14,13,True,True,True,1791118015
2026-10-04T12:46:56+00:00,551,30,1,True,True,True,1791118015
2026-10-04T12:46:56+00:00,406,2,8,True,True,True,1791118015
2026-10-04T12:46:56+00:00,488,0,22,True,True,True,1791118015
2026-10-04T12:46:56+00:00,540,10,24,True,True,True,1791118015
2026-10-04T12:46:56+00:00,431,0,20,True,True,True,1791118015
2026-10-04T12:46:56+00:00,393,0,20,True,True,True,1791118015
2026-10-04T12:46:56+00:00,420,9,8,True,True,True,1791118015
2026-10-04T12:46:56+00:00,397,1,27,True,True,True,1791118015
2026-10-04T12:46:56+00:00,390,7,23,True,True,True,1791118015
2026-10-04T12:46:56+00:00,449,13,11,True,True,True,1791118015
2026-10-04T12:46:56+00:00,430,9,33,True,True,True,1791118015
2026-10-04T12:46:56+00:00,484,12,22,True,True,True,1791118015
2026-10-04T12:46:56+00:00,479,6,24,True,True,True,1791118015
2026-10-04T12:46:56+00:00,403,1,13,True,True,True,1791118015
2026-10-04T12:46:56+00:00,435,4,26,True,True,True,1791118015
2026-10-04T12:46:56+00:00,426,5,14,True,True,True,1791118015
2026-10-04T12:46:56+00:00,450,6,8,True,True,True,1791118015
2026-10-04T12:46:56+00:00,456,19,14,True,True,True,1791118015
2026-10-04T12:46:56+00:00,468,12,3,True,True,True,1791118015
2026-10-04T12:46:56+00:00,453,23,10,True,True,True,1791118015
2026-10-04T12:46:56+00:00,466,0,15,True,True,True,1791118015
2026-10-04T12:46:56+00:00,469,3,27,True,True,True,1791118015
2026-10-04T12:46:56+00:00,416,0,15,True,True,True,1791118015
2026-10-04T12:46:56+00:00,391,0,13,True,True,True,1791118015
2026-10-04T12:46:56+00:00,389,2,12,True,True,True,1791118015
2026-10-04T12:46:56+00:00,470,1,13,True,True,True,1791118015
2026-10-04T12:46:56+00:00,384,6,9,True,True,True,1791118015
2026-10-04T12:46:56+00:00,425,1,6,True,True,True,1791118015
2026-10-04T12:46:56+00:00,411,6,5,True,True,True,1791118015
2026-10-04T12:46:56+00:00,598,10,23,True,True,True,1791118015
2026-10-04T12:46:56+00:00,444,15,3,True,True,True,1791118015
2026-10-04T12:46:56+00:00,447,12,18,True,True,True,1791118015
2026-10-04T12:46:56+00:00,408,8,5,True,True,True,1791118015
2026-10-04T12:46:56+00:00,737,24,0,True,True,True,1791118015
2026-10-04T12:46:56+00:00,432,0,11,True,True,True,1791118015
2026-10-04T12:46:56+00:00,401,5,0,True,True,True,1791118015
2026-10-04T12:46:56+00:00,452,6,22,True,True,True,1791118015
2026-10-04T12:46:56+00:00,392,7,0,True,True,True,1791118015
2026-10-04T12:46:56+00:00,481,10,32,True,True,True,1791118015
2026-10-04T12:46:56+00:00,495,23,18,True,True,True,1791118015
2026-10-04T12:46:56+00:00,478,13,0,True,True,True,1791118015
2026-10-04T12:46:56+00:00,414,4,7,True,True,True,1791118015
2026-10-04T12:46:56+00:00,476,14,5,True,True,True,1791118015
2026-10-04T12:46:56+00:00,445,10,8,True,True,True,1791118015
2026-10-04T12:46:56+00:00,748,8,19,True,True,True,1791118015
2026-10-04T12:46:56+00:00,473,0,7,True,True,True,1791118015
2026-10-04T12:46:56+00:00,383,1,24,True,True,True,1791118015
2026-10-04T12:46:56+00:00,480,0,24,True,True,True,1791118015
2026-10-04T12:46:56+00:00,421,6,13,True,True,True,1791118015
2026-10-04T12:46:56+00:00,746,9,2,True,True,True,1791118015
2026-10-04T12:46:56+00:00,417,2,12,True,True,True,1791118015
2026-10-04T12:46:56+00:00,427,2,12,True,True,True,1791118015
2026-10-04T12:46:56+00:00,395,8,6,True,True,True,1791118015
2026-10-04T12:46:56+00:00,418,8,19,True,True,True,1791118015
2026-10-04T12:46:56+00:00,413,2,10,True,True,True,1791118015
2026-10-04T12:46:56+00:00,486,8,14,True,True,True,1791118015
2026-10-04T12:46:56+00:00,597,10,5,True,True,True,1791118015
2026-10-04T12:46:56+00:00,422,0,11,True,True,True,1791118015
2026-10-04T12:46:56+00:00,382,2,5,True,True,True,1791118015
2026-10-04T12:46:56+00:00,396,5,16,True,True,True,1791118015
2026-10-04T12:46:56+00:00,735,7,6,True,True,True,1791118015
2026-10-04T12:46:56+00:00,437,7,17,True,True,True,1791118015
2026-10-04T12:46:56+00:00,446,0,22,True,True,True,1791118015
2026-10-04T12:46:56+00:00,424,2,4,True,True,True,1791118015
2026-10-04T12:46:56+00:00,455,12,0,True,True,True,1791118015
2026-10-04T12:46:56+00:00,457,2,8,True,True,True,1791118015
2026-10-04T12:46:56+00:00,377,7,22,True,True,True,1791118015
2026-10-04T12:46:56+00:00,738,8,4,True,True,True,1791118015
2026-10-04T12:46:56+00:00,460,3,26,True,True,True,1791118015
2026-10-04T12:46:56+00:00,744,2,7,True,True,True,1791118015
2026-10-04T12:46:56+00:00,485,4,15,True,True,True,1791118015
2026-10-04T13:01:56+00:00,6026,18,14,True,True,True,1791118901
2026-10-04T13:01:56+00:00,5431,15,6,True,True,True,1791118901
2026-10-04T13:01:56+00:00,5424,2,16,True,True,True,1791118901
2026-10-04T13:01:56+00:00,5220,0,19,True,True,True,1791118901
2026-10-04T13:01:56+00:00,5217,11,18,True,True,True,1791118901
2026-10-04T13:01:56+00:00,5113,13,2,True,True,True,1791118901
2026-10-04T13:01:56+00:00,4683,1,19,True,True,True,1791118901
2026-10-04T13:01:56+00:00,4552,4,14,True,True,True,1791118901
2026-10-04T13:01:56+00:00,3725,2,16,True,True,True,1791118901
2026-10-04T13:01:56+00:00,2358,2,9,True,True,True,1791118901
2026-10-04T13:01:56+00:00,2357,12,9,True,True,True,1791118901
2026-10-04T13:01:56+00:00,2355,0,12,True,True,True,1791118901
2026-10-04T13:01:56+00:00,2351,4,13,True,True,True,1791118901
2026-10-04T13:01:56+00:00,2350,17,6,True,True,True,1791118901
2026-10-04T13:01:56+00:00,2349,4,17,True,True,True,1791118901
2026-10-04T13:01:56+00:00,2347,8,22,True,True,True,1791118901
2026-10-04T13:01:56+00:00,2340,12,12,True,True,True,1791118901
2026-10-04T13:01:56+00:00,2339,17,11,True,True,True,1791118901
2026-10-04T13:01:56+00:00,2337,14,0,True,True,True,1791118901
2026-10-04T13:01:56+00:00,2334,1,10,True,True,True,1791118901
2026-10-04T13:01:56+00:00,2333,13,2,True,True,True,1791118901
2026-10-04T13:01:56+00:00,2332,1,8,True,True,True,1791118901
2026-10-04T13:01:56+00:00,2330,13,0,True,True,True,1791118901
2026-10-04T13:01:56+00:00,2329,13,1,True,True,True,1791118901
2026-10-04T13:01:56+00:00,2328,18,1,True,True,True,1791118901
2026-10-04T13:01:56+00:00,2315,11,7,True,True,True,1791118901
2026-10-04T13:01:56+00:00,2308,2,6,True,True,True,1791118901
2026-10-04T13:01:56+00:00,2307,7,22,True,True,True,1791118901
2026-10-04T13:01:56+00:00,2306,10,8,True,True,True,1791118901
2026-10-04T13:01:56+00:00,2305,6,8,True,True,True,1791118901
2026-10-04T13:01:56+00:00,2304,3,13,True,True,True,1791118901
2026-10-04T13:01:56+00:00,2280,6,6,True,True,True,1791118901
2026-10-04T13:01:56+00:00,2270,5,12,True,True,True,1791118901
2026-10-04T13:01:56+00:00,1919,5,1,True,True,True,1791118901
2026-10-04T13:01:56+00:00,1755,12,19,True,True,True,1791118901
2026-10-04T13:01:56+00:00,1101,6,17,True,True,True,1791118901
2026-10-04T13:01:56+00:00,1023,5,8,True,True,True,1791118901
2026-10-04T13:01:56+00:00,1009,1,9,True,True,True,1791118901
2026-10-04T13:01:56+00:00,970,7,17,True,True,True,1791118901
2026-10-04T13:01:56+00:00,787,12,0,True,True,True,1791118901
2026-10-04T13:01:56+00:00,627,5,25,True,True,True,1791118901
2026-10-04T13:01:56+00:00,623,18,1,True,True,True,1791118901
2026-10-04T13:01:56+00:00,624,2,16,True,True,True,1791118901
2026-10-04T13:01:56+00:00,626,4,18,True,True,True,1791118901
2026-10-04T13:01:56+00:00,614,4,18,True,True,True,1791118901
2026-10-04T13:01:56+00:00,616,10,5,True,True,True,1791118901
2026-10-04T13:01:56+00:00,618,8,34,True,True,True,1791118901
2026-10-04T13:01:56+00:00,621,11,14,True,True,True,1791118901
2026-10-04T13:01:56+00:00,622,19,9,True,True,True,1791118901
2026-10-04T13:01:56+00:00,613,0,16,True,True,True,1791118901
2026-10-04T13:01:56+00:00,620,16,23,True,True,True,1791118901
2026-10-04T13:01:56+00:00,596,0,17,True,True,True,1791118901
2026-10-04T13:01:56+00:00,617,4,15,True,True,True,1791118901
2026-10-04T13:01:56+00:00,609,12,15,True,True,True,1791118901
2026-10-04T13:01:56+00:00,607,21,7,True,True,True,1791118901
2026-10-04T13:01:56+00:00,603,12,5,True,True,True,1791118901
2026-10-04T13:01:56+00:00,590,1,36,True,True,True,1791118901
2026-10-04T13:01:56+00:00,610,0,19,True,True,True,1791118901
2026-10-04T13:01:56+00:00,608,2,15,True,True,True,1791118901
2026-10-04T13:01:56+00:00,593,3,24,True,True,True,1791118901
2026-10-04T13:01:56+00:00,530,6,3,True,True,True,1791118901
2026-10-04T13:01:56+00:00,463,16,0,True,True,True,1791118901
2026-10-04T13:01:56+00:00,475,21,2,True,True,True,1791118901
2026-10-04T13:01:56+00:00,439,7,16,True,True,True,1791118901
2026-10-04T13:01:56+00:00,600,8,2,True,True,True,1791118901
2026-10-04T13:01:56+00:00,440,6,9,True,True,True,1791118901
2026-10-04T13:01:56+00:00,612,0,18,True,True,True,1791118901
2026-10-04T13:01:56+00:00,491,17,1,True,True,True,1791118901
2026-10-04T13:01:56+00:00,493,16,10,True,True,True,1791118901
2026-10-04T13:01:56+00:00,410,2,23,True,True,True,1791118901
2026-10-04T13:01:56+00:00,605,5,13,True,True,True,1791118901
2026-10-04T13:01:56+00:00,388,12,4,True,True,True,1791118901
2026-10-04T13:01:56+00:00,591,20,3,True,True,True,1791118901
2026-10-04T13:01:56+00:00,592,0,18,True,True,True,1791118901
2026-10-04T13:01:56+00:00,585,0,0,True,True,True,1791118901
2026-10-04T13:01:56+00:00,565,0,18,True,True,True,1791118901
2026-10-04T13:01:56+00:00,571,6,13,True,True,True,1791118901
2026-10-04T13:01:56+00:00,568,2,13,True,True,True,1791118901
2026-10-04T13:01:56+00:00,588,5,14,True,True,True,1791118901
2026-10-04T13:01:56+00:00,584,2,32,True,True,True,1791118901
2026-10-04T13:01:56+00:00,569,10,18,True,True,True,1791118901
2026-10-04T13:01:56+00:00,577,11,18,True,True,True,1791118901
2026-10-04T13:01:56+00:00,564,3,26,True,True,True,1791118901
2026-10-04T13:01:56+00:00,570,1,14,True,True,True,1791118901
2026-10-04T13:01:56+00:00,572,10,29,True,True,True,1791118901
2026-10-04T13:01:56+00:00,586,6,19,True,True,True,1791118901
2026-10-04T13:01:56+00:00,576,11,6,True,True,True,1791118901
2026-10-04T13:01:56+00:00,566,23,1,True,True,True,1791118901
2026-10-04T13:01:56+00:00,602,6,12,True,True,True,1791118901
2026-10-04T13:01:56+00:00,575,2,27,True,True,True,1791118901
2026-10-04T13:01:56+00:00,567,21,17,True,True,True,1791118901
2026-10-04T13:01:56+00:00,582,11,13,True,True,True,1791118901
2026-10-04T13:01:56+00:00,595,23,0,True,True,True,1791118901
2026-10-04T13:01:56+00:00,542,17,1,True,True,True,1791118901
2026-10-04T13:01:56+00:00,563,5,11,True,True,True,1791118901
2026-10-04T13:01:56+00:00,558,7,8,True,True,True,1791118901
2026-10-04T13:01:56+00:00,552,12,6,True,True,True,1791118901
2026-10-04T13:01:56+00:00,555,1,12,True,True,True,1791118901
2026-10-04T13:01:56+00:00,573,6,18,True,True,True,1791118901
2026-10-04T13:01:56+00:00,561,7,15,True,True,True,1791118901
2026-10-04T13:01:56+00:00,615,6,15,True,True,True,1791118901
2026-10-04T13:01:56+00:00,543,1,18,True,True,True,1791118901
2026-10-04T13:01:56+00:00,554,0,19,True,True,True,1791118901
2026-10-04T13:01:56+00:00,574,9,2,True,True,True,1791118901
2026-10-04T13:01:56+00:00,560,3,5,True,True,True,1791118901
2026-10-04T13:01:56+00:00,548,3,14,True,True,True,1791118901
2026-10-04T13:01:56+00:00,559,3,14,True,True,True,1791118901
2026-10-04T13:01:56+00:00,545,22,16,True,True,True,1791118901
2026-10-04T13:01:56+00:00,550,1,8,True,True,True,1791118901
2026-10-04T13:01:56+00:00,541,11,0,True,True,True,1791118901
2026-10-04T13:01:56+00:00,527,10,0,True,True,True,1791118901
2026-10-04T13:01:56+00:00,529,6,15,True,True,True,1791118901
2026-10-04T13:01:56+00:00,526,10,4,True,True,True,1791118901
2026-10-04T13:01:56+00:00,537,19,0,True,True,True,1791118901
2026-10-04T13:01:56+00:00,547,9,18,True,True,True,1791118901
2026-10-04T13:01:56+00:00,601,3,15,True,True,True,1791118901
2026-10-04T13:01:56+00:00,533,7,5,True,True,True,1791118901
2026-10-04T13:01:56+00:00,535,14,11,True,True,True,1791118901
2026-10-04T13:01:56+00:00,524,4,16,True,True,True,1791118901
2026-10-04T13:01:56+00:00,519,4,18,True,True,True,1791118901
2026-10-04T13:01:56+00:00,534,14,25,True,True,True,1791118901
2026-10-04T13:01:56+00:00,521,8,5,True,True,True,1791118901
2026-10-04T13:01:56+00:00,518,0,18,True,True,True,1791118901
2026-10-04T13:01:56+00:00,556,0,18,True,True,True,1791118901
2026-10-04T13:01:56+00:00,525,1,13,True,True,True,1791118901
2026-10-04T13:01:56+00:00,517,1,15,True,True,True,1791118901
2026-10-04T13:01:56+00:00,523,10,20,True,True,True,1791118901
2026-10-04T13:01:56+00:00,522,9,0,True,True,True,1791118901
2026-10-04T13:01:56+00:00,594,3,14,True,True,True,1791118901
2026-10-04T13:01:56+00:00,532,2,18,True,True,True,1791118901
2026-10-04T13:01:56+00:00,509,8,3,True,True,True,1791118901
2026-10-04T13:01:56+00:00,531,8,10,True,True,True,1791118901
2026-10-04T13:01:56+00:00,536,2,7,True,True,True,1791118901
2026-10-04T13:01:56+00:00,562,19,20,True,True,True,1791118901
2026-10-04T13:01:56+00:00,511,5,18,True,True,True,1791118901
2026-10-04T13:01:56+00:00,505,3,18,True,True,True,1791118901
2026-10-04T13:01:56+00:00,501,1,17,True,True,True,1791118901
2026-10-04T13:01:56+00:00,514,0,12,True,True,True,1791118901
2026-10-04T13:01:56+00:00,500,7,10,True,True,True,1791118901
2026-10-04T13:01:56+00:00,503,1,27,True,True,True,1791118901
2026-10-04T13:01:56+00:00,513,1,14,True,True,True,1791118901
2026-10-04T13:01:56+00:00,498,0,12,True,True,True,1791118901
2026-10-04T13:01:56+00:00,507,17,1,True,True,True,1791118901
2026-10-04T13:01:56+00:00,512,17,10,True,True,True,1791118901
2026-10-04T13:01:56+00:00,619,20,22,True,True,True,1791118901
2026-10-04T13:01:56+00:00,474,30,12,True,True,True,1791118901
2026-10-04T13:01:56+00:00,580,13,32,True,True,True,1791118901
2026-10-04T13:01:56+00:00,496,24,19,True,True,True,1791118901
2026-10-04T13:01:56+00:00,482,1,16,True,True,True,1791118901
2026-10-04T13:01:56+00:00,407,1,11,True,True,True,1791118901
2026-10-04T13:01:56+00:00,409,3,22,True,True,True,1791118901
2026-10-04T13:01:56+00:00,451,1,17,True,True,True,1791118901
2026-10-04T13:01:56+00:00,402,5,14,True,True,True,1791118901
2026-10-04T13:01:56+00:00,516,0,14,True,True,True,1791118901
2026-10-04T13:01:56+00:00,625,10,30,True,True,True,1791118901
2026-10-04T13:01:56+00:00,429,4,17,True,True,True,1791118901
2026-10-04T13:01:56+00:00,380,0,23,True,True,True,1791118901
2026-10-04T13:01:56+00:00,583,1,17,True,True,True,1791118901
2026-10-04T13:01:56+00:00,398,6,11,True,True,True,1791118901
2026-10-04T13:01:56+00:00,381,9,6,True,True,True,1791118901
2026-10-04T13:01:56+00:00,464,24,19,True,True,True,1791118901
2026-10-04T13:01:56+00:00,442,14,2,True,True,True,1791118901
2026-10-04T13:01:56+00:00,483,13,7,True,True,True,1791118901
2026-10-04T13:01:56+00:00,458,0,13,True,True,True,1791118901
2026-10-04T13:01:56+00:00,499,0,15,True,True,True,1791118901
2026-10-04T13:01:56+00:00,472,0,19,True,True,True,1791118901
2026-10-04T13:01:56+00:00,506,3,21,True,True,True,1791118901
2026-10-04T13:01:56+00:00,465,14,15,True,True,True,1791118901
2026-10-04T13:01:56+00:00,611,2,35,True,True,True,1791118901
2026-10-04T13:01:56+00:00,404,10,16,True,True,True,1791118901
2026-10-04T13:01:56+00:00,579,1,16,True,True,True,1791118901
2026-10-04T13:01:56+00:00,589,3,24,True,True,True,1791118901
2026-10-04T13:01:56+00:00,434,6,14,True,True,True,1791118901
2026-10-04T13:01:56+00:00,462,0,14,True,True,True,1791118901
2026-10-04T13:01:56+00:00,578,0,22,True,True,True,1791118901
2026-10-04T13:01:56+00:00,415,0,12,True,True,True,1791118901
2026-10-04T13:01:56+00:00,423,20,0,True,True,True,1791118901
2026-10-04T13:01:56+00:00,412,5,2,True,True,True,1791118901
2026-10-04T13:01:56+00:00,387,11,3,True,True,True,1791118901
2026-10-04T13:01:56+00:00,441,2,13,True,True,True,1791118901
2026-10-04T13:01:56+00:00,454,0,22,True,True,True,1791118901
2026-10-04T13:01:56+00:00,436,3,9,True,True,True,1791118901
2026-10-04T13:01:56+00:00,394,0,18,True,True,True,1791118901
2026-10-04T13:01:56+00:00,497,16,11,True,True,True,1791118901
2026-10-04T13:01:56+00:00,581,0,23,True,True,True,1791118901
2026-10-04T13:01:56+00:00,461,2,16,True,True,True,1791118901
2026-10-04T13:01:56+00:00,599,20,25,True,True,True,1791118901
2026-10-04T13:01:56+00:00,428,6,17,True,True,True,1791118901
2026-10-04T13:01:56+00:00,400,5,19,True,True,True,1791118901
2026-10-04T13:01:56+00:00,487,0,21,True,True,True,1791118901
2026-10-04T13:01:56+00:00,438,27,12,True,True,True,1791118901
2026-10-04T13:01:56+00:00,459,1,10,True,True,True,1791118901
2026-10-04T13:01:56+00:00,433,2,15,True,True,True,1791118901
2026-10-04T13:01:56+00:00,399,1,29,True,True,True,1791118901
2026-10-04T13:01:56+00:00,489,14,13,True,True,True,1791118901
2026-10-04T13:01:56+00:00,742,14,13,True,True,True,1791118901
2026-10-04T13:01:56+00:00,551,14,18,True,True,True,1791118901
2026-10-04T13:01:56+00:00,406,2,8,True,True,True,1791118901
2026-10-04T13:01:56+00:00,488,0,22,True,True,True,1791118901
2026-10-04T13:01:56+00:00,540,10,24,True,True,True,1791118901
2026-10-04T13:01:56+00:00,431,0,20,True,True,True,1791118901
2026-10-04T13:01:56+00:00,393,0,20,True,True,True,1791118901
2026-10-04T13:01:56+00:00,420,10,7,True,True,True,1791118901
2026-10-04T13:01:56+00:00,397,1,27,True,True,True,1791118901
2026-10-04T13:01:56+00:00,390,8,22,True,True,True,1791118901
2026-10-04T13:01:56+00:00,449,13,11,True,True,True,1791118901
2026-10-04T13:01:56+00:00,430,9,33,True,True,True,1791118901
2026-10-04T13:01:56+00:00,484,12,22,True,True,True,1791118901
2026-10-04T13:01:56+00:00,479,6,24,True,True,True,1791118901
2026-10-04T13:01:56+00:00,403,1,13,True,True,True,1791118901
2026-10-04T13:01:56+00:00,435,4,26,True,True,True,1791118901
2026-10-04T13:01:56+00:00,426,6,14,True,True,True,1791118901
2026-10-04T13:01:56+00:00,450,7,7,True,True,True,1791118901
2026-10-04T13:01:56+00:00,456,17,16,True,True,True,1791118901
2026-10-04T13:01:56+00:00,468,12,3,True,True,True,1791118901
2026-10-04T13:01:56+00:00,453,22,11,True,True,True,1791118901
2026-10-04T13:01:56+00:00,466,0,15,True,True,True,1791118901
2026-10-04T13:01:56+00:00,469,3,27,True,True,True,1791118901
2026-10-04T13:01:56+00:00,416,0,15,True,True,True,1791118901
2026-10-04T13:01:56+00:00,391,0,13,True,True,True,1791118901
2026-10-04T13:01:56+00:00,389,2,12,True,True,True,1791118901
2026-10-04T13:01:56+00:00,470,0,14,True,True,True,1791118901
2026-10-04T13:01:56+00:00,384,8,7,True,True,True,1791118901
2026-10-04T13:01:56+00:00,425,1,6,True,True,True,1791118901
2026-10-04T13:01:56+00:00,411,6,5,True,True,True,1791118901
2026-10-04T13:01:56+00:00,598,10,23,True,True,True,1791118901
2026-10-04T13:01:56+00:00,444,15,3,True,True,True,1791118901
2026-10-04T13:01:56+00:00,447,12,18,True,True,True,1791118901
2026-10-04T13:01:56+00:00,408,9,4,True,True,True,1791118901
2026-10-04T13:01:56+00:00,737,24,0,True,True,True,1791118901
2026-10-04T13:01:56+00:00,432,0,11,True,True,True,1791118901
2026-10-04T13:01:56+00:00,401,5,0,True,True,True,1791118901
2026-10-04T13:01:56+00:00,452,6,22,True,True,True,1791118901
2026-10-04T13:01:56+00:00,392,7,0,True,True,True,1791118901
2026-10-04T13:01:56+00:00,481,12,30,True,True,True,1791118901
2026-10-04T13:01:56+00:00,495,23,18,True,True,True,1791118901
2026-10-04T13:01:56+00:00,478,13,0,True,True,True,1791118901
2026-10-04T13:01:56+00:00,414,4,7,True,True,True,1791118901
2026-10-04T13:01:56+00:00,476,13,6,True,True,True,1791118901
2026-10-04T13:01:56+00:00,445,10,8,True,True,True,1791118901
2026-10-04T13:01:56+00:00,748,8,19,True,True,True,1791118901
2026-10-04T13:01:56+00:00,473,0,7,True,True,True,1791118901
2026-10-04T13:01:56+00:00,383,1,24,True,True,True,1791118901
2026-10-04T13:01:56+00:00,480,0,24,True,True,True,1791118901
2026-10-04T13:01:56+00:00,421,2,17,True,True,True,1791118901
2026-10-04T13:01:56+00:00,746,8,3,True,True,True,1791118901
2026-10-04T13:01:56+00:00,417,2,12,True,True,True,1791118901
2026-10-04T13:01:56+00:00,427,2,12,True,True,True,1791118901
2026-10-04T13:01:56+00:00,395,8,6,True,True,True,1791118901
2026-10-04T13:01:56+00:00,418,10,17,True,True,True,1791118901
2026-10-04T13:01:56+00:00,413,1,11,True,True,True,1791118901
2026-10-04T13:01:56+00:00,486,7,15,True,True,True,1791118901
2026-10-04T13:01:56+00:00,597,12,3,True,True,True,1791118901
2026-10-04T13:01:56+00:00,422,0,11,True,True,True,1791118901
2026-10-04T13:01:56+00:00,382,2,5,True,True,True,1791118901
2026-10-04T13:01:56+00:00,396,5,16,True,True,True,1791118901
2026-10-04T13:01:56+00:00,735,9,4,True,True,True,1791118901
2026-10-04T13:01:56+00:00,437,7,17,True,True,True,1791118901
2026-10-04T13:01:56+00:00,446,0,22,True,True,True,1791118901
2026-10-04T13:01:56+00:00,424,4,2,True,True,True,1791118901
2026-10-04T13:01:56+00:00,455,12,0,True,True,True,1791118901
2026-10-04T13:01:56+00:00,457,2,8,True,True,True,1791118901
2026-10-04T13:01:56+00:00,377,7,22,True,True,True,1791118901
2026-10-04T13:01:56+00:00,738,8,4,True,True,True,1791118901
2026-10-04T13:01:56+00:00,460,2,27,True,True,True,1791118901
2026-10-04T13:01:56+00:00,744,2,7,True,True,True,1791118901
2026-10-04T13:01:56+00:00,485,2,17,True,True,True,1791118901
2026-10-04T13:16:56+00:00,6026,19,13,True,True,True,1791119802
2026-10-04T13:16:56+00:00,5431,15,6,True,True,True,1791119802
2026-10-04T13:16:56+00:00,5424,2,16,True,True,True,1791119802
2026-10-04T13:16:56+00:00,5220,0,19,True,True,True,1791119802
2026-10-04T13:16:56+00:00,5217,11,18,True,True,True,1791119802
2026-10-04T13:16:56+00:00,5113,13,2,True,True,True,1791119802
2026-10-04T13:16:56+00:00,4683,1,19,True,True,True,1791119802
2026-10-04T13:16:56+00:00,4552,4,14,True,True,True,1791119802
2026-10-04T13:16:56+00:00,3725,2,16,True,True,True,1791119802
2026-10-04T13:16:56+00:00,2358,2,9,True,True,True,1791119802
2026-10-04T13:16:56+00:00,2357,12,9,True,True,True,1791119802
2026-10-04T13:16:56+00:00,2355,0,12,True,True,True,1791119802
2026-10-04T13:16:56+00:00,2351,4,13,True,True,True,1791119802
2026-10-04T13:16:56+00:00,2350,17,6,True,True,True,1791119802
2026-10-04T13:16:56+00:00,2349,4,17,True,True,True,1791119802
2026-10-04T13:16:56+00:00,2347,8,22,True,True,True,1791119802
2026-10-04T13:16:56+00:00,2340,10,14,True,True,True,1791119802
2026-10-04T13:16:56+00:00,2339,17,11,True,True,True,1791119802
2026-10-04T13:16:56+00:00,2337,14,0,True,True,True,1791119802
2026-10-04T13:16:56+00:00,2334,1,10,True,True,True,1791119802
2026-10-04T13:16:56+00:00,2333,13,2,True,True,True,1791119802
2026-10-04T13:16:56+00:00,2332,1,8,True,True,True,1791119802
2026-10-04T13:16:56+00:00,2330,13,0,True,True,True,1791119802
2026-10-04T13:16:56+00:00,2329,13,1,True,True,True,1791119802
2026-10-04T13:16:56+00:00,2328,18,1,True,True,True,1791119802
2026-10-04T13:16:56+00:00,2315,5,13,True,True,True,1791119802
2026-10-04T13:16:56+00:00,2308,2,6,True,True,True,1791119802
2026-10-04T13:16:56+00:00,2307,7,22,True,True,True,1791119802
2026-10-04T13:16:56+00:00,2306,9,9,True,True,True,1791119802
2026-10-04T13:16:56+00:00,2305,6,8,True,True,True,1791119802
2026-10-04T13:16:56+00:00,2304,3,13,True,True,True,1791119802
2026-10-04T13:16:56+00:00,2280,6,6,True,True,True,1791119802
2026-10-04T13:16:56+00:00,2270,5,12,True,True,True,1791119802
2026-10-04T13:16:56+00:00,1919,5,1,True,True,True,1791119802
2026-10-04T13:16:56+00:00,1755,11,20,True,True,True,1791119802
2026-10-04T13:16:56+00:00,1101,6,17,True,True,True,1791119802
2026-10-04T13:16:56+00:00,1023,5,8,True,True,True,1791119802
2026-10-04T13:16:56+00:00,1009,1,9,True,True,True,1791119802
2026-10-04T13:16:56+00:00,970,7,17,True,True,True,1791119802
2026-10-04T13:16:56+00:00,787,12,0,True,True,True,1791119802
2026-10-04T13:16:56+00:00,627,5,25,True,True,True,1791119802
2026-10-04T13:16:56+00:00,623,18,1,True,True,True,1791119802
2026-10-04T13:16:56+00:00,624,1,17,True,True,True,1791119802
2026-10-04T13:16:56+00:00,626,4,18,True,True,True,1791119802
2026-10-04T13:16:56+00:00,614,3,19,True,True,True,1791119802
2026-10-04T13:16:56+00:00,616,10,5,True,True,True,1791119802
2026-10-04T13:16:56+00:00,618,8,34,True,True,True,1791119802
2026-10-04T13:16:56+00:00,621,11,14,True,True,True,1791119802
2026-10-04T13:16:56+00:00,622,19,9,True,True,True,1791119802
2026-10-04T13:16:56+00:00,613,0,16,True,True,True,1791119802
2026-10-04T13:16:56+00:00,620,15,24,True,True,True,1791119802
2026-10-04T13:16:56+00:00,596,0,17,True,True,True,1791119802
2026-10-04T13:16:56+00:00,617,4,15,True,True,True,1791119802
2026-10-04T13:16:56+00:00,609,12,14,True,True,True,1791119802
2026-10-04T13:16:56+00:00,607,22,6,True,True,True,1791119802
2026-10-04T13:16:56+00:00,603,12,5,True,True,True,1791119802
2026-10-04T13:16:56+00:00,590,1,36,True,True,True,1791119802
2026-10-04T13:16:56+00:00,610,0,19,True,True,True,1791119802
2026-10-04T13:16:56+00:00,608,2,15,True,True,True,1791119802
2026-10-04T13:16:56+00:00,593,2,25,True,True,True,1791119802
2026-10-04T13:16:56+00:00,530,6,3,True,True,True,1791119802
2026-10-04T13:16:56+00:00,463,13,3,True,True,True,1791119802
2026-10-04T13:16:56+00:00,475,21,2,True,True,True,1791119802
2026-10-04T13:16:56+00:00,439,7,16,True,True,True,1791119802
2026-10-04T13:16:56+00:00,600,8,2,True,True,True,1791119802
2026-10-04T13:16:56+00:00,440,6,9,True,True,True,1791119802
2026-10-04T13:16:56+00:00,612,0,18,True,True,True,1791119802
2026-10-04T13:16:56+00:00,491,17,1,True,True,True,1791119802
2026-10-04T13:16:56+00:00,493,16,10,True,True,True,1791119802
2026-10-04T13:16:56+00:00,410,2,23,True,True,True,1791119802
2026-10-04T13:16:56+00:00,605,4,14,True,True,True,1791119802
2026-10-04T13:16:56+00:00,388,10,6,True,True,True,1791119802
2026-10-04T13:16:56+00:00,591,20,3,True,True,True,1791119802
2026-10-04T13:16:56+00:00,592,1,17,True,True,True,1791119802
2026-10-04T13:16:56+00:00,585,0,0,True,True,True,1791119802
2026-10-04T13:16:56+00:00,565,0,18,True,True,True,1791119802
2026-10-04T13:16:56+00:00,571,6,13,True,True,True,1791119802
2026-10-04T13:16:56+00:00,568,2,13,True,True,True,1791119802
2026-10-04T13:16:56+00:00,588,5,14,True,True,True,1791119802
2026-10-04T13:16:56+00:00,584,3,32,True,True,True,1791119802
2026-10-04T13:16:56+00:00,569,10,18,True,True,True,1791119802
2026-10-04T13:16:56+00:00,577,12,17,True,True,True,1791119802
2026-10-04T13:16:56+00:00,564,3,26,True,True,True,1791119802
2026-10-04T13:16:56+00:00,570,1,14,True,True,True,1791119802
2026-10-04T13:16:56+00:00,572,9,30,True,True,True,1791119802
2026-10-04T13:16:56+00:00,586,6,19,True,True,True,1791119802
2026-10-04T13:16:56+00:00,576,11,6,True,True,True,1791119802
2026-10-04T13:16:56+00:00,566,23,1,True,True,True,1791119802
2026-10-04T13:16:56+00:00,602,6,12,True,True,True,1791119802
2026-10-04T13:16:56+00:00,575,1,28,True,True,True,1791119802
2026-10-04T13:16:56+00:00,567,21,17,True,True,True,1791119802
2026-10-04T13:16:56+00:00,582,11,13,True,True,True,1791119802
2026-10-04T13:16:56+00:00,595,23,0,True,True,True,1791119802
2026-10-04T13:16:56+00:00,542,16,2,True,True,True,1791119802
2026-10-04T13:16:56+00:00,563,5,11,True,True,True,1791119802
2026-10-04T13:16:56+00:00,558,7,8,True,True,True,1791119802
2026-10-04T13:16:56+00:00,552,12,6,True,True,True,1791119802
2026-10-04T13:16:56+00:00,555,0,13,True,True,True,1791119802
2026-10-04T13:16:56+00:00,573,6,18,True,True,True,1791119802
2026-10-04T13:16:56+00:00,561,7,15,True,True,True,1791119802
2026-10-04T13:16:56+00:00,615,6,15,True,True,True,1791119802
2026-10-04T13:16:56+00:00,543,1,18,True,True,True,1791119802
2026-10-04T13:16:56+00:00,554,0,19,True,True,True,1791119802
2026-10-04T13:16:56+00:00,574,9,2,True,True,True,1791119802
2026-10-04T13:16:56+00:00,560,3,5,True,True,True,1791119802
2026-10-04T13:16:56+00:00,548,3,14,True,True,True,1791119802
2026-10-04T13:16:56+00:00,559,3,14,True,True,True,1791119802
2026-10-04T13:16:56+00:00,545,22,16,True,True,True,1791119802
2026-10-04T13:16:56+00:00,550,1,8,True,True,True,1791119802
2026-10-04T13:16:56+00:00,541,11,0,True,True,True,1791119802
2026-10-04T13:16:56+00:00,527,10,0,True,True,True,1791119802
2026-10-04T13:16:56+00:00,529,6,15,True,True,True,1791119802
2026-10-04T13:16:56+00:00,526,10,4,True,True,True,1791119802
2026-10-04T13:16:56+00:00,537,19,0,True,True,True,1791119802
2026-10-04T13:16:56+00:00,547,4,23,True,True,True,1791119802
2026-10-04T13:16:56+00:00,601,3,15,True,True,True,1791119802
2026-10-04T13:16:56+00:00,533,7,5,True,True,True,1791119802
2026-10-04T13:16:56+00:00,535,14,11,True,True,True,1791119802
2026-10-04T13:16:56+00:00,524,4,16,True,True,True,1791119802
2026-10-04T13:16:56+00:00,519,5,17,True,True,True,1791119802
2026-10-04T13:16:56+00:00,534,14,25,True,True,True,1791119802
2026-10-04T13:16:56+00:00,521,8,5,True,True,True,1791119802
2026-10-04T13:16:56+00:00,518,0,18,True,True,True,1791119802
2026-10-04T13:16:56+00:00,556,0,18,True,True,True,1791119802
2026-10-04T13:16:56+00:00,525,1,13,True,True,True,1791119802
2026-10-04T13:16:56+00:00,517,1,15,True,True,True,1791119802
2026-10-04T13:16:56+00:00,523,11,19,True,True,True,1791119802
2026-10-04T13:16:56+00:00,522,9,0,True,True,True,1791119802
2026-10-04T13:16:56+00:00,594,3,14,True,True,True,1791119802
2026-10-04T13:16:56+00:00,532,2,18,True,True,True,1791119802
2026-10-04T13:16:56+00:00,509,8,3,True,True,True,1791119802
2026-10-04T13:16:56+00:00,531,7,11,True,True,True,1791119802
2026-10-04T13:16:56+00:00,536,2,7,True,True,True,1791119802
2026-10-04T13:16:56+00:00,562,19,20,True,True,True,1791119802
2026-10-04T13:16:56+00:00,511,5,18,True,True,True,1791119802
2026-10-04T13:16:56+00:00,505,5,16,True,True,True,1791119802
2026-10-04T13:16:56+00:00,501,1,17,True,True,True,1791119802
2026-10-04T13:16:56+00:00,514,0,12,True,True,True,1791119802
2026-10-04T13:16:56+00:00,500,5,12,True,True,True,1791119802
2026-10-04T13:16:56+00:00,503,3,25,True,True,True,1791119802
2026-10-04T13:16:56+00:00,513,1,14,True,True,True,1791119802
2026-10-04T13:16:56+00:00,498,0,12,True,True,True,1791119802
2026-10-04T13:16:56+00:00,507,17,1,True,True,True,1791119802
2026-10-04T13:16:56+00:00,512,17,10,True,True,True,1791119802
2026-10-04T13:16:56+00:00,619,20,22,True,True,True,1791119802
2026-10-04T13:16:56+00:00,474,30,12,True,True,True,1791119802
2026-10-04T13:16:56+00:00,580,13,32,True,True,True,1791119802
2026-10-04T13:16:56+00:00,496,24,19,True,True,True,1791119802
2026-10-04T13:16:56+00:00,482,1,16,True,True,True,1791119802
2026-10-04T13:16:56+00:00,407,0,12,True,True,True,1791119802
2026-10-04T13:16:56+00:00,409,3,22,True,True,True,1791119802
2026-10-04T13:16:56+00:00,451,1,18,True,True,True,1791119802
2026-10-04T13:16:56+00:00,402,5,14,True,True,True,1791119802
2026-10-04T13:16:56+00:00,516,0,14,True,True,True,1791119802
2026-10-04T13:16:56+00:00,625,10,30,True,True,True,1791119802
2026-10-04T13:16:56+00:00,429,4,17,True,True,True,1791119802
2026-10-04T13:16:56+00:00,380,0,23,True,True,True,1791119802
2026-10-04T13:16:56+00:00,583,0,18,True,True,True,1791119802
2026-10-04T13:16:56+00:00,398,6,11,True,True,True,1791119802
2026-10-04T13:16:56+00:00,381,10,5,True,True,True,1791119802
2026-10-04T13:16:56+00:00,464,25,18,True,True,True,1791119802
2026-10-04T13:16:56+00:00,442,16,0,True,True,True,1791119802
2026-10-04T13:16:56+00:00,483,13,7,True,True,True,1791119802
2026-10-04T13:16:56+00:00,458,0,14,True,True,True,1791119802
2026-10-04T13:16:56+00:00,499,0,15,True,True,True,1791119802
2026-10-04T13:16:56+00:00,472,0,19,True,True,True,1791119802
2026-10-04T13:16:56+00:00,506,3,21,True,True,True,1791119802
2026-10-04T13:16:56+00:00,465,14,15,True,True,True,1791119802
2026-10-04T13:16:56+00:00,611,2,35,True,True,True,1791119802
2026-10-04T13:16:56+00:00,404,10,16,True,True,True,1791119802
2026-10-04T13:16:56+00:00,579,1,16,True,True,True,1791119802
2026-10-04T13:16:56+00:00,589,3,24,True,True,True,1791119802
2026-10-04T13:16:56+00:00,434,5,15,True,True,True,1791119802
2026-10-04T13:16:56+00:00,462,0,14,True,True,True,1791119802
2026-10-04T13:16:56+00:00,578,0,22,True,True,True,1791119802
2026-10-04T13:16:56+00:00,415,0,12,True,True,True,1791119802
2026-10-04T13:16:56+00:00,423,20,0,True,True,True,1791119802
2026-10-04T13:16:56+00:00,412,6,1,True,True,True,1791119802
2026-10-04T13:16:56+00:00,387,13,1,True,True,True,1791119802
2026-10-04T13:16:56+00:00,441,2,13,True,True,True,1791119802
2026-10-04T13:16:56+00:00,454,0,22,True,True,True,1791119802
2026-10-04T13:16:56+00:00,436,4,8,True,True,True,1791119802
2026-10-04T13:16:56+00:00,394,0,18,True,True,True,1791119802
2026-10-04T13:16:56+00:00,497,16,11,True,True,True,1791119802
2026-10-04T13:16:56+00:00,581,0,23,True,True,True,1791119802
2026-10-04T13:16:56+00:00,461,2,16,True,True,True,1791119802
2026-10-04T13:16:56+00:00,599,20,25,True,True,True,1791119802
2026-10-04T13:16:56+00:00,428,6,17,True,True,True,1791119802
2026-10-04T13:16:56+00:00,400,5,19,True,True,True,1791119802
2026-10-04T13:16:56+00:00,487,0,21,True,True,True,1791119802
2026-10-04T13:16:56+00:00,438,26,13,True,True,True,1791119802
2026-10-04T13:16:56+00:00,459,3,9,True,True,True,1791119802
2026-10-04T13:16:56+00:00,433,2,15,True,True,True,1791119802
2026-10-04T13:16:56+00:00,399,1,29,True,True,True,1791119802
2026-10-04T13:16:56+00:00,489,13,14,True,True,True,1791119802
2026-10-04T13:16:56+00:00,742,14,13,True,True,True,1791119802
2026-10-04T13:16:56+00:00,551,11,21,True,True,True,1791119802
2026-10-04T13:16:56+00:00,406,2,8,True,True,True,1791119802
2026-10-04T13:16:56+00:00,488,0,22,True,True,True,1791119802
2026-10-04T13:16:56+00:00,540,10,24,True,True,True,1791119802
2026-10-04T13:16:56+00:00,431,0,20,True,True,True,1791119802
2026-10-04T13:16:56+00:00,393,0,20,True,True,True,1791119802
2026-10-04T13:16:56+00:00,420,9,8,True,True,True,1791119802
2026-10-04T13:16:56+00:00,397,1,27,True,True,True,1791119802
2026-10-04T13:16:56+00:00,390,7,23,True,True,True,1791119802
2026-10-04T13:16:56+00:00,449,13,11,True,True,True,1791119802
2026-10-04T13:16:56+00:00,430,9,33,True,True,True,1791119802
2026-10-04T13:16:56+00:00,484,12,22,True,True,True,1791119802
2026-10-04T13:16:56+00:00,479,6,24,True,True,True,1791119802
2026-10-04T13:16:56+00:00,403,1,13,True,True,True,1791119802
2026-10-04T13:16:56+00:00,435,6,24,True,True,True,1791119802
2026-10-04T13:16:56+00:00,426,5,14,True,True,True,1791119802
2026-10-04T13:16:56+00:00,450,7,7,True,True,True,1791119802
2026-10-04T13:16:56+00:00,456,17,16,True,True,True,1791119802
2026-10-04T13:16:56+00:00,468,12,3,True,True,True,1791119802
2026-10-04T13:16:56+00:00,453,21,12,True,True,True,1791119802
2026-10-04T13:16:56+00:00,466,0,15,True,True,True,1791119802
2026-10-04T13:16:56+00:00,469,3,27,True,True,True,1791119802
2026-10-04T13:16:56+00:00,416,0,15,True,True,True,1791119802
2026-10-04T13:16:56+00:00,391,0,13,True,True,True,1791119802
2026-10-04T13:16:56+00:00,389,2,12,True,True,True,1791119802
2026-10-04T13:16:56+00:00,470,0,14,True,True,True,1791119802
2026-10-04T13:16:56+00:00,384,8,7,True,True,True,1791119802
2026-10-04T13:16:56+00:00,425,1,6,True,True,True,1791119802
2026-10-04T13:16:56+00:00,411,6,5,True,True,True,1791119802
2026-10-04T13:16:56+00:00,598,11,22,True,True,True,1791119802
2026-10-04T13:16:56+00:00,444,16,2,True,True,True,1791119802
2026-10-04T13:16:56+00:00,447,11,19,True,True,True,1791119802
2026-10-04T13:16:56+00:00,408,6,7,True,True,True,1791119802
2026-10-04T13:16:56+00:00,737,24,0,True,True,True,1791119802
2026-10-04T13:16:56+00:00,432,0,11,True,True,True,1791119802
2026-10-04T13:16:56+00:00,401,5,0,True,True,True,1791119802
2026-10-04T13:16:56+00:00,452,6,22,True,True,True,1791119802
2026-10-04T13:16:56+00:00,392,7,0,True,True,True,1791119802
2026-10-04T13:16:56+00:00,481,10,31,True,True,True,1791119802
2026-10-04T13:16:56+00:00,495,23,17,True,True,True,1791119802
2026-10-04T13:16:56+00:00,478,13,0,True,True,True,1791119802
2026-10-04T13:16:56+00:00,414,4,7,True,True,True,1791119802
2026-10-04T13:16:56+00:00,476,15,4,True,True,True,1791119802
2026-10-04T13:16:56+00:00,445,10,8,True,True,True,1791119802
2026-10-04T13:16:56+00:00,748,8,19,True,True,True,1791119802
2026-10-04T13:16:56+00:00,473,0,7,True,True,True,1791119802
2026-10-04T13:16:56+00:00,383,1,24,True,True,True,1791119802
2026-10-04T13:16:56+00:00,480,3,21,True,True,True,1791119802
2026-10-04T13:16:56+00:00,421,5,14,True,True,True,1791119802
2026-10-04T13:16:56+00:00,746,8,3,True,True,True,1791119802
2026-10-04T13:16:56+00:00,417,3,11,True,True,True,1791119802
2026-10-04T13:16:56+00:00,427,2,12,True,True,True,1791119802
2026-10-04T13:16:56+00:00,395,8,6,True,True,True,1791119802
2026-10-04T13:16:56+00:00,418,12,15,True,True,True,1791119802
2026-10-04T13:16:56+00:00,413,1,11,True,True,True,1791119802
2026-10-04T13:16:56+00:00,486,7,15,True,True,True,1791119802
2026-10-04T13:16:56+00:00,597,13,2,True,True,True,1791119802
2026-10-04T13:16:56+00:00,422,1,10,True,True,True,1791119802
2026-10-04T13:16:56+00:00,382,2,5,True,True,True,1791119802
2026-10-04T13:16:56+00:00,396,6,15,True,True,True,1791119802
2026-10-04T13:16:56+00:00,735,10,3,True,True,True,1791119802
2026-10-04T13:16:56+00:00,437,7,17,True,True,True,1791119802
2026-10-04T13:16:56+00:00,446,0,22,True,True,True,1791119802
2026-10-04T13:16:56+00:00,424,4,2,True,True,True,1791119802
2026-10-04T13:16:56+00:00,455,12,0,True,True,True,1791119802
2026-10-04T13:16:56+00:00,457,3,7,True,True,True,1791119802
2026-10-04T13:16:56+00:00,377,7,22,True,True,True,1791119802
2026-10-04T13:16:56+00:00,738,7,5,True,True,True,1791119802
2026-10-04T13:16:56+00:00,460,2,27,True,True,True,1791119802
2026-10-04T13:16:56+00:00,744,2,7,True,True,True,1791119802
2026-10-04T13:16:56+00:00,485,2,17,True,True,True,1791119802
2026-10-04T13:31:56+00:00,6026,19,13,True,True,True,1791120707
2026-10-04T13:31:56+00:00,5431,15,6,True,True,True,1791120707
2026-10-04T13:31:56+00:00,5424,2,16,True,True,True,1791120707
2026-10-04T13:31:56+00:00,5220,0,19,True,True,True,1791120707
2026-10-04T13:31:56+00:00,5217,11,18,True,True,True,1791120707
2026-10-04T13:31:56+00:00,5113,12,3,True,True,True,1791120707
2026-10-04T13:31:56+00:00,4683,1,19,True,True,True,1791120707
2026-10-04T13:31:56+00:00,4552,4,14,True,True,True,1791120707
2026-10-04T13:31:56+00:00,3725,2,16,True,True,True,1791120707
2026-10-04T13:31:56+00:00,2358,2,9,True,True,True,1791120707
2026-10-04T13:31:56+00:00,2357,12,9,True,True,True,1791120707
2026-10-04T13:31:56+00:00,2355,0,12,True,True,True,1791120707
2026-10-04T13:31:56+00:00,2351,4,13,True,True,True,1791120707
2026-10-04T13:31:56+00:00,2350,17,6,True,True,True,1791120707
2026-10-04T13:31:56+00:00,2349,4,17,True,True,True,1791120707
2026-10-04T13:31:56+00:00,2347,8,22,True,True,True,1791120707
2026-10-04T13:31:56+00:00,2340,10,14,True,True,True,1791120707
2026-10-04T13:31:56+00:00,2339,17,11,True,True,True,1791120707
2026-10-04T13:31:56+00:00,2337,14,0,True,True,True,1791120707
2026-10-04T13:31:56+00:00,2334,0,11,True,True,True,1791120707
2026-10-04T13:31:56+00:00,2333,13,2,True,True,True,1791120707
2026-10-04T13:31:56+00:00,2332,0,9,True,True,True,1791120707
2026-10-04T13:31:56+00:00,2330,13,0,True,True,True,1791120707
2026-10-04T13:31:56+00:00,2329,13,1,True,True,True,1791120707
2026-10-04T13:31:56+00:00,2328,18,1,True,True,True,1791120707
2026-10-04T13:31:56+00:00,2315,3,15,True,True,True,1791120707
2026-10-04T13:31:56+00:00,2308,2,6,True,True,True,1791120707
2026-10-04T13:31:56+00:00,2307,8,21,True,True,True,1791120707
2026-10-04T13:31:56+00:00,2306,9,9,True,True,True,1791120707
2026-10-04T13:31:56+00:00,2305,6,8,True,True,True,1791120707
2026-10-04T13:31:56+00:00,2304,3,13,True,True,True,1791120707
2026-10-04T13:31:56+00:00,2280,10,2,True,True,True,1791120707
2026-10-04T13:31:56+00:00,2270,5,12,True,True,True,1791120707
2026-10-04T13:31:56+00:00,1919,5,1,True,True,True,1791120707
2026-10-04T13:31:56+00:00,1755,11,20,True,True,True,1791120707
2026-10-04T13:31:56+00:00,1101,6,17,True,True,True,1791120707
2026-10-04T13:31:56+00:00,1023,4,9,True,True,True,1791120707
2026-10-04T13:31:56+00:00,1009,1,9,True,True,True,1791120707
2026-10-04T13:31:56+00:00,970,5,19,True,True,True,1791120707
2026-10-04T13:31:56+00:00,787,12,0,True,True,True,1791120707
2026-10-04T13:31:56+00:00,627,5,25,True,True,True,1791120707
2026-10-04T13:31:56+00:00,623,18,1,True,True,True,1791120707
2026-10-04T13:31:56+00:00,624,1,17,True,True,True,1791120707
2026-10-04T13:31:56+00:00,626,4,18,True,True,True,1791120707
2026-10-04T13:31:56+00:00,614,3,19,True,True,True,1791120707
2026-10-04T13:31:56+00:00,616,10,5,True,True,True,1791120707
2026-10-04T13:31:56+00:00,618,8,34,True,True,True,1791120707
2026-10-04T13:31:56+00:00,621,11,14,True,True,True,1791120707
2026-10-04T13:31:56+00:00,622,19,9,True,True,True,1791120707
2026-10-04T13:31:56+00:00,613,0,16,True,True,True,1791120707
2026-10-04T13:31:56+00:00,620,16,23,True,True,True,1791120707
2026-10-04T13:31:56+00:00,596,2,16,True,True,True,1791120707
2026-10-04T13:31:56+00:00,617,4,15,True,True,True,1791120707
2026-10-04T13:31:56+00:00,609,14,13,True,True,True,1791120707
2026-10-04T13:31:56+00:00,607,20,8,True,True,True,1791120707
2026-10-04T13:31:56+00:00,603,12,5,True,True,True,1791120707
2026-10-04T13:31:56+00:00,590,2,35,True,True,True,1791120707
2026-10-04T13:31:56+00:00,610,0,19,True,True,True,1791120707
2026-10-04T13:31:56+00:00,608,2,15,True,True,True,1791120707
2026-10-04T13:31:56+00:00,593,1,26,True,True,True,1791120707
2026-10-04T13:31:56+00:00,530,6,3,True,True,True,1791120707
2026-10-04T13:31:56+00:00,463,13,3,True,True,True,1791120707
2026-10-04T13:31:56+00:00,475,22,1,True,True,True,1791120707
2026-10-04T13:31:56+00:00,439,6,17,True,True,True,1791120707
2026-10-04T13:31:56+00:00,600,7,3,True,True,True,1791120707
2026-10-04T13:31:56+00:00,440,7,8,True,True,True,1791120707
2026-10-04T13:31:56+00:00,612,0,18,True,True,True,1791120707
2026-10-04T13:31:56+00:00,491,17,1,True,True,True,1791120707
2026-10-04T13:31:56+00:00,493,15,10,True,True,True,1791120707
2026-10-04T13:31:56+00:00,410,2,23,True,True,True,1791120707
2026-10-04T13:31:56+00:00,605,3,15,True,True,True,1791120707
2026-10-04T13:31:56+00:00,388,9,7,True,True,True,1791120707
2026-10-04T13:31:56+00:00,591,20,3,True,True,True,1791120707
2026-10-04T13:31:56+00:00,592,1,17,True,True,True,1791120707
2026-10-04T13:31:56+00:00,585,0,0,True,True,True,1791120707
2026-10-04T13:31:56+00:00,565,0,18,True,True,True,1791120707
2026-10-04T13:31:56+00:00,571,6,13,True,True,True,1791120707
2026-10-04T13:31:56+00:00,568,2,13,True,True,True,1791120707
2026-10-04T13:31:56+00:00,588,5,14,True,True,True,1791120707
2026-10-04T13:31:56+00:00,584,3,32,True,True,True,1791120707
2026-10-04T13:31:56+00:00,569,10,18,True,True,True,1791120707
2026-10-04T13:31:56+00:00,577,12,17,True,True,True,1791120707
2026-10-04T13:31:56+00:00,564,2,27,True,True,True,1791120707
2026-10-04T13:31:56+00:00,570,0,15,True,True,True,1791120707
2026-10-04T13:31:56+00:00,572,9,30,True,True,True,1791120707
2026-10-04T13:31:56+00:00,586,7,18,True,True,True,1791120707
2026-10-04T13:31:56+00:00,576,11,6,True,True,True,1791120707
2026-10-04T13:31:56+00:00,566,23,1,True,True,True,1791120707
2026-10-04T13:31:56+00:00,602,6,12,True,True,True,1791120707
2026-10-04T13:31:56+00:00,575,1,28,True,True,True,1791120707
2026-10-04T13:31:56+00:00,567,21,17,True,True,True,1791120707
2026-10-04T13:31:56+00:00,582,8,16,True,True,True,1791120707
2026-10-04T13:31:56+00:00,595,23,0,True,True,True,1791120707
2026-10-04T13:31:56+00:00,542,16,2,True,True,True,1791120707
2026-10-04T13:31:56+00:00,563,5,11,True,True,True,1791120707
2026-10-04T13:31:56+00:00,558,7,8,True,True,True,1791120707
2026-10-04T13:31:56+00:00,552,4,14,True,True,True,1791120707
2026-10-04T13:31:56+00:00,555,0,13,True,True,True,1791120707
2026-10-04T13:31:56+00:00,573,6,18,True,True,True,1791120707
2026-10-04T13:31:56+00:00,561,7,15,True,True,True,1791120707
2026-10-04T13:31:56+00:00,615,6,15,True,True,True,1791120707
2026-10-04T13:31:56+00:00,543,1,18,True,True,True,1791120707
2026-10-04T13:31:56+00:00,554,0,19,True,True,True,1791120707
2026-10-04T13:31:56+00:00,574,9,2,True,True,True,1791120707
2026-10-04T13:31:56+00:00,560,3,5,True,True,True,1791120707
2026-10-04T13:31:56+00:00,548,3,14,True,True,True,1791120707
2026-10-04T13:31:56+00:00,559,3,14,True,True,True,1791120707
2026-10-04T13:31:56+00:00,545,22,16,True,True,True,1791120707
2026-10-04T13:31:56+00:00,550,1,8,True,True,True,1791120707
2026-10-04T13:31:56+00:00,541,11,0,True,True,True,1791120707
2026-10-04T13:31:56+00:00,527,10,0,True,True,True,1791120707
2026-10-04T13:31:56+00:00,529,5,16,True,True,True,1791120707
2026-10-04T13:31:56+00:00,526,10,4,True,True,True,1791120707
2026-10-04T13:31:56+00:00,537,19,0,True,True,True,1791120707
2026-10-04T13:31:56+00:00,547,4,23,True,True,True,1791120707
2026-10-04T13:31:56+00:00,601,3,15,True,True,True,1791120707
2026-10-04T13:31:56+00:00,533,7,5,True,True,True,1791120707
2026-10-04T13:31:56+00:00,535,14,11,True,True,True,1791120707
2026-10-04T13:31:56+00:00,524,4,16,True,True,True,1791120707
2026-10-04T13:31:56+00:00,519,4,18,True,True,True,1791120707
2026-10-04T13:31:56+00:00,534,14,25,True,True,True,1791120707
2026-10-04T13:31:56+00:00,521,9,4,True,True,True,1791120707
2026-10-04T13:31:56+00:00,518,0,18,True,True,True,1791120707
2026-10-04T13:31:56+00:00,556,0,18,True,True,True,1791120707
2026-10-04T13:31:56+00:00,525,1,13,True,True,True,1791120707
2026-10-04T13:31:56+00:00,517,1,15,True,True,True,1791120707
2026-10-04T13:31:56+00:00,523,10,20,True,True,True,1791120707
2026-10-04T13:31:56+00:00,522,9,0,True,True,True,1791120707
2026-10-04T13:31:56+00:00,594,3,14,True,True,True,1791120707
2026-10-04T13:31:56+00:00,532,1,19,True,True,True,1791120707
2026-10-04T13:31:56+00:00,509,8,3,True,True,True,1791120707
2026-10-04T13:31:56+00:00,531,7,11,True,True,True,1791120707
2026-10-04T13:31:56+00:00,536,2,7,True,True,True,1791120707
2026-10-04T13:31:56+00:00,562,19,20,True,True,True,1791120707
2026-10-04T13:31:56+00:00,511,5,18,True,True,True,1791120707
2026-10-04T13:31:56+00:00,505,7,14,True,True,True,1791120707
2026-10-04T13:31:56+00:00,501,1,17,True,True,True,1791120707
2026-10-04T13:31:56+00:00,514,0,12,True,True,True,1791120707
2026-10-04T13:31:56+00:00,500,5,12,True,True,True,1791120707
2026-10-04T13:31:56+00:00,503,2,26,True,True,True,1791120707
2026-10-04T13:31:56+00:00,513,1,14,True,True,True,1791120707
2026-10-04T13:31:56+00:00,498,0,12,True,True,True,1791120707
2026-10-04T13:31:56+00:00,507,17,1,True,True,True,1791120707
2026-10-04T13:31:56+00:00,512,17,10,True,True,True,1791120707
2026-10-04T13:31:56+00:00,619,20,22,True,True,True,1791120707
2026-10-04T13:31:56+00:00,474,30,12,True,True,True,1791120707
2026-10-04T13:31:56+00:00,580,13,32,True,True,True,1791120707
2026-10-04T13:31:56+00:00,496,24,19,True,True,True,1791120707
2026-10-04T13:31:56+00:00,482,1,16,True,True,True,1791120707
2026-10-04T13:31:56+00:00,407,0,12,True,True,True,1791120707
2026-10-04T13:31:56+00:00,409,3,22,True,True,True,1791120707
2026-10-04T13:31:56+00:00,451,1,18,True,True,True,1791120707
2026-10-04T13:31:56+00:00,402,5,14,True,True,True,1791120707
2026-10-04T13:31:56+00:00,516,0,14,True,True,True,1791120707
2026-10-04T13:31:56+00:00,625,10,30,True,True,True,1791120707
2026-10-04T13:31:56+00:00,429,4,17,True,True,True,1791120707
2026-10-04T13:31:56+00:00,380,20,3,True,True,True,1791120707
2026-10-04T13:31:56+00:00,583,1,17,True,True,True,1791120707
2026-10-04T13:31:56+00:00,398,6,11,True,True,True,1791120707
2026-10-04T13:31:56+00:00,381,10,5,True,True,True,1791120707
2026-10-04T13:31:56+00:00,464,24,19,True,True,True,1791120707
2026-10-04T13:31:56+00:00,442,15,1,True,True,True,1791120707
2026-10-04T13:31:56+00:00,483,13,7,True,True,True,1791120707
2026-10-04T13:31:56+00:00,458,0,14,True,True,True,1791120707
2026-10-04T13:31:56+00:00,499,0,15,True,True,True,1791120707
2026-10-04T13:31:56+00:00,472,0,19,True,True,True,1791120707
2026-10-04T13:31:56+00:00,506,3,21,True,True,True,1791120707
2026-10-04T13:31:56+00:00,465,14,15,True,True,True,1791120707
2026-10-04T13:31:56+00:00,611,2,35,True,True,True,1791120707
2026-10-04T13:31:56+00:00,404,10,16,True,True,True,1791120707
2026-10-04T13:31:56+00:00,579,0,17,True,True,True,1791120707
2026-10-04T13:31:56+00:00,589,3,24,True,True,True,1791120707
2026-10-04T13:31:56+00:00,434,5,15,True,True,True,1791120707
2026-10-04T13:31:56+00:00,462,0,14,True,True,True,1791120707
2026-10-04T13:31:56+00:00,578,4,18,True,True,True,1791120707
2026-10-04T13:31:56+00:00,415,1,11,True,True,True,1791120707
2026-10-04T13:31:56+00:00,423,20,0,True,True,True,1791120707
2026-10-04T13:31:56+00:00,412,6,1,True,True,True,1791120707
2026-10-04T13:31:56+00:00,387,13,1,True,True,True,1791120707
2026-10-04T13:31:56+00:00,441,2,13,True,True,True,1791120707
2026-10-04T13:31:56+00:00,454,0,22,True,True,True,1791120707
2026-10-04T13:31:56+00:00,436,4,8,True,True,True,1791120707
2026-10-04T13:31:56+00:00,394,0,18,True,True,True,1791120707
2026-10-04T13:31:56+00:00,497,16,11,True,True,True,1791120707
2026-10-04T13:31:56+00:00,581,1,22,True,True,True,1791120707
2026-10-04T13:31:56+00:00,461,1,17,True,True,True,1791120707
2026-10-04T13:31:56+00:00,599,20,25,True,True,True,1791120707
2026-10-04T13:31:56+00:00,428,6,17,True,True,True,1791120707
2026-10-04T13:31:56+00:00,400,5,19,True,True,True,1791120707
2026-10-04T13:31:56+00:00,487,0,21,True,True,True,1791120707
2026-10-04T13:31:56+00:00,438,26,13,True,True,True,1791120707
2026-10-04T13:31:56+00:00,459,3,9,True,True,True,1791120707
2026-10-04T13:31:56+00:00,433,2,15,True,True,True,1791120707
2026-10-04T13:31:56+00:00,399,1,29,True,True,True,1791120707
2026-10-04T13:31:56+00:00,489,15,12,True,True,True,1791120707
2026-10-04T13:31:56+00:00,742,14,13,True,True,True,1791120707
2026-10-04T13:31:56+00:00,551,10,22,True,True,True,1791120707
2026-10-04T13:31:56+00:00,406,1,9,True,True,True,1791120707
2026-10-04T13:31:56+00:00,488,0,22,True,True,True,1791120707
2026-10-04T13:31:56+00:00,540,10,24,True,True,True,1791120707
2026-10-04T13:31:56+00:00,431,0,20,True,True,True,1791120707
2026-10-04T13:31:56+00:00,393,0,20,True,True,True,1791120707
2026-10-04T13:31:56+00:00,420,9,8,True,True,True,1791120707
2026-10-04T13:31:56+00:00,397,0,28,True,True,True,1791120707
2026-10-04T13:31:56+00:00,390,7,23,True,True,True,1791120707
2026-10-04T13:31:56+00:00,449,14,10,True,True,True,1791120707
2026-10-04T13:31:56+00:00,430,10,32,True,True,True,1791120707
2026-10-04T13:31:56+00:00,484,13,21,True,True,True,1791120707
2026-10-04T13:31:56+00:00,479,6,24,True,True,True,1791120707
2026-10-04T13:31:56+00:00,403,1,13,True,True,True,1791120707
2026-10-04T13:31:56+00:00,435,7,23,True,True,True,1791120707
2026-10-04T13:31:56+00:00,426,6,14,True,True,True,1791120707
2026-10-04T13:31:56+00:00,450,7,7,True,True,True,1791120707
2026-10-04T13:31:56+00:00,456,17,16,True,True,True,1791120707
2026-10-04T13:31:56+00:00,468,12,3,True,True,True,1791120707
2026-10-04T13:31:56+00:00,453,17,16,True,True,True,1791120707
2026-10-04T13:31:56+00:00,466,0,15,True,True,True,1791120707
2026-10-04T13:31:56+00:00,469,3,27,True,True,True,1791120707
2026-10-04T13:31:56+00:00,416,0,15,True,True,True,1791120707
2026-10-04T13:31:56+00:00,391,0,13,True,True,True,1791120707
2026-10-04T13:31:56+00:00,389,2,12,True,True,True,1791120707
2026-10-04T13:31:56+00:00,470,1,13,True,True,True,1791120707
2026-10-04T13:31:56+00:00,384,8,7,True,True,True,1791120707
2026-10-04T13:31:56+00:00,425,0,7,True,True,True,1791120707
2026-10-04T13:31:56+00:00,411,6,5,True,True,True,1791120707
2026-10-04T13:31:56+00:00,598,14,19,True,True,True,1791120707
2026-10-04T13:31:56+00:00,444,17,1,True,True,True,1791120707
2026-10-04T13:31:56+00:00,447,12,18,True,True,True,1791120707
2026-10-04T13:31:56+00:00,408,8,5,True,True,True,1791120707
2026-10-04T13:31:56+00:00,737,24,0,True,True,True,1791120707
2026-10-04T13:31:56+00:00,432,0,11,True,True,True,1791120707
2026-10-04T13:31:56+00:00,401,5,0,True,True,True,1791120707
2026-10-04T13:31:56+00:00,452,6,22,True,True,True,1791120707
2026-10-04T13:31:56+00:00,392,7,0,True,True,True,1791120707
2026-10-04T13:31:56+00:00,481,10,31,True,True,True,1791120707
2026-10-04T13:31:56+00:00,495,23,17,True,True,True,1791120707
2026-10-04T13:31:56+00:00,478,13,0,True,True,True,1791120707
2026-10-04T13:31:56+00:00,414,4,7,True,True,True,1791120707
2026-10-04T13:31:56+00:00,476,15,4,True,True,True,1791120707
2026-10-04T13:31:56+00:00,445,10,8,True,True,True,1791120707
2026-10-04T13:31:56+00:00,748,8,19,True,True,True,1791120707
2026-10-04T13:31:56+00:00,473,0,7,True,True,True,1791120707
2026-10-04T13:31:56+00:00,383,1,24,True,True,True,1791120707
2026-10-04T13:31:56+00:00,480,2,22,True,True,True,1791120707
2026-10-04T13:31:56+00:00,421,5,14,True,True,True,1791120707
2026-10-04T13:31:56+00:00,746,8,3,True,True,True,1791120707
2026-10-04T13:31:56+00:00,417,3,11,True,True,True,1791120707
2026-10-04T13:31:56+00:00,427,2,12,True,True,True,1791120707
2026-10-04T13:31:56+00:00,395,5,9,True,True,True,1791120707
2026-10-04T13:31:56+00:00,418,12,15,True,True,True,1791120707
2026-10-04T13:31:56+00:00,413,0,12,True,True,True,1791120707
2026-10-04T13:31:56+00:00,486,7,15,True,True,True,1791120707
2026-10-04T13:31:56+00:00,597,14,1,True,True,True,1791120707
2026-10-04T13:31:56+00:00,422,1,10,True,True,True,1791120707
2026-10-04T13:31:56+00:00,382,1,7,True,True,True,1791120707
2026-10-04T13:31:56+00:00,396,6,15,True,True,True,1791120707
2026-10-04T13:31:56+00:00,735,10,3,True,True,True,1791120707
2026-10-04T13:31:56+00:00,437,7,17,True,True,True,1791120707
2026-10-04T13:31:56+00:00,446,0,22,True,True,True,1791120707
2026-10-04T13:31:56+00:00,424,4,2,True,True,True,1791120707
2026-10-04T13:31:56+00:00,455,12,0,True,True,True,1791120707
2026-10-04T13:31:56+00:00,457,3,7,True,True,True,1791120707
2026-10-04T13:31:56+00:00,377,7,22,True,True,True,1791120707
2026-10-04T13:31:56+00:00,738,7,5,True,True,True,1791120707
2026-10-04T13:31:56+00:00,460,2,27,True,True,True,1791120707
2026-10-04T13:31:56+00:00,744,3,6,True,True,True,1791120707
2026-10-04T13:31:56+00:00,485,2,17,True,True,True,1791120707
2026-10-04T13:46:56+00:00,6026,19,13,True,True,True,1791121606
2026-10-04T13:46:56+00:00,5431,15,6,True,True,True,1791121606
2026-10-04T13:46:56+00:00,5424,2,16,True,True,True,1791121606
2026-10-04T13:46:56+00:00,5220,0,19,True,True,True,1791121606
2026-10-04T13:46:56+00:00,5217,11,18,True,True,True,1791121606
2026-10-04T13:46:56+00:00,5113,12,3,True,True,True,1791121606
2026-10-04T13:46:56+00:00,4683,1,19,True,True,True,1791121606
2026-10-04T13:46:56+00:00,4552,4,14,True,True,True,1791121606
2026-10-04T13:46:56+00:00,3725,2,16,True,True,True,1791121606
2026-10-04T13:46:56+00:00,2358,2,9,True,True,True,1791121606
2026-10-04T13:46:56+00:00,2357,13,8,True,True,True,1791121606
2026-10-04T13:46:56+00:00,2355,0,12,True,True,True,1791121606
2026-10-04T13:46:56+00:00,2351,4,13,True,True,True,1791121606
2026-10-04T13:46:56+00:00,2350,17,6,True,True,True,1791121606
2026-10-04T13:46:56+00:00,2349,4,17,True,True,True,1791121606
2026-10-04T13:46:56+00:00,2347,6,22,True,True,True,1791121606
2026-10-04T13:46:56+00:00,2340,9,15,True,True,True,1791121606
2026-10-04T13:46:56+00:00,2339,16,12,True,True,True,1791121606
2026-10-04T13:46:56+00:00,2337,14,0,True,True,True,1791121606
2026-10-04T13:46:56+00:00,2334,0,11,True,True,True,1791121606
2026-10-04T13:46:56+00:00,2333,11,4,True,True,True,1791121606
2026-10-04T13:46:56+00:00,2332,0,9,True,True,True,1791121606
2026-10-04T13:46:56+00:00,2330,13,0,True,True,True,1791121606
2026-10-04T13:46:56+00:00,2329,13,1,True,True,True,1791121606
2026-10-04T13:46:56+00:00,2328,17,2,True,True,True,1791121606
2026-10-04T13:46:56+00:00,2315,3,15,True,True,True,1791121606
2026-10-04T13:46:56+00:00,2308,1,7,True,True,True,1791121606
2026-10-04T13:46:56+00:00,2307,8,21,True,True,True,1791121606
2026-10-04T13:46:56+00:00,2306,11,7,True,True,True,1791121606
2026-10-04T13:46:56+00:00,2305,6,8,True,True,True,1791121606
2026-10-04T13:46:56+00:00,2304,3,13,True,True,True,1791121606
2026-10-04T13:46:56+00:00,2280,10,2,True,True,True,1791121606
2026-10-04T13:46:56+00:00,2270,5,12,True,True,True,1791121606
2026-10-04T13:46:56+00:00,1919,5,1,True,True,True,1791121606
2026-10-04T13:46:56+00:00,1755,11,20,True,True,True,1791121606
2026-10-04T13:46:56+00:00,1101,6,17,True,True,True,1791121606
2026-10-04T13:46:56+00:00,1023,5,8,True,True,True,1791121606
2026-10-04T13:46:56+00:00,1009,1,9,True,True,True,1791121606
2026-10-04T13:46:56+00:00,970,5,19,True,True,True,1791121606
2026-10-04T13:46:56+00:00,787,12,0,True,True,True,1791121606
2026-10-04T13:46:56+00:00,627,5,25,True,True,True,1791121606
2026-10-04T13:46:56+00:00,623,18,1,True,True,True,1791121606
2026-10-04T13:46:56+00:00,624,0,18,True,True,True,1791121606
2026-10-04T13:46:56+00:00,626,4,18,True,True,True,1791121606
2026-10-04T13:46:56+00:00,614,3,19,True,True,True,1791121606
2026-10-04T13:46:56+00:00,616,10,5,True,True,True,1791121606
2026-10-04T13:46:56+00:00,618,8,34,True,True,True,1791121606
2026-10-04T13:46:56+00:00,621,11,14,True,True,True,1791121606
2026-10-04T13:46:56+00:00,622,20,8,True,True,True,1791121606
2026-10-04T13:46:56+00:00,613,0,16,True,True,True,1791121606
2026-10-04T13:46:56+00:00,620,14,24,True,True,True,1791121606
2026-10-04T13:46:56+00:00,596,2,16,True,True,True,1791121606
2026-10-04T13:46:56+00:00,617,4,15,True,True,True,1791121606
2026-10-04T13:46:56+00:00,609,14,13,True,True,True,1791121606
2026-10-04T13:46:56+00:00,607,18,10,True,True,True,1791121606
2026-10-04T13:46:56+00:00,603,12,5,True,True,True,1791121606
2026-10-04T13:46:56+00:00,590,2,35,True,True,True,1791121606
2026-10-04T13:46:56+00:00,610,0,19,True,True,True,1791121606
2026-10-04T13:46:56+00:00,608,4,15,True,True,True,1791121606
2026-10-04T13:46:56+00:00,593,1,27,True,True,True,1791121606
2026-10-04T13:46:56+00:00,530,6,3,True,True,True,1791121606
2026-10-04T13:46:56+00:00,463,15,1,True,True,True,1791121606
2026-10-04T13:46:56+00:00,475,22,1,True,True,True,1791121606
2026-10-04T13:46:56+00:00,439,6,17,True,True,True,1791121606
2026-10-04T13:46:56+00:00,600,7,3,True,True,True,1791121606
2026-10-04T13:46:56+00:00,440,11,4,True,True,True,1791121606
2026-10-04T13:46:56+00:00,612,0,18,True,True,True,1791121606
2026-10-04T13:46:56+00:00,491,17,1,True,True,True,1791121606
2026-10-04T13:46:56+00:00,493,15,11,True,True,True,1791121606
2026-10-04T13:46:56+00:00,410,2,23,True,True,True,1791121606
2026-10-04T13:46:56+00:00,605,3,15,True,True,True,1791121606
2026-10-04T13:46:56+00:00,388,8,8,True,True,True,1791121606
2026-10-04T13:46:56+00:00,591,20,3,True,True,True,1791121606
2026-10-04T13:46:56+00:00,592,1,17,True,True,True,1791121606
2026-10-04T13:46:56+00:00,585,0,0,True,True,True,1791121606
2026-10-04T13:46:56+00:00,565,0,18,True,True,True,1791121606
2026-10-04T13:46:56+00:00,571,6,13,True,True,True,1791121606
2026-10-04T13:46:56+00:00,568,0,15,True,True,True,1791121606
2026-10-04T13:46:56+00:00,588,7,12,True,True,True,1791121606
2026-10-04T13:46:56+00:00,584,3,32,True,True,True,1791121606
2026-10-04T13:46:56+00:00,569,12,16,True,True,True,1791121606
2026-10-04T13:46:56+00:00,577,10,19,True,True,True,1791121606
2026-10-04T13:46:56+00:00,564,2,27,True,True,True,1791121606
2026-10-04T13:46:56+00:00,570,0,15,True,True,True,1791121606
2026-10-04T13:46:56+00:00,572,9,30,True,True,True,1791121606
2026-10-04T13:46:56+00:00,586,6,19,True,True,True,1791121606
2026-10-04T13:46:56+00:00,576,12,5,True,True,True,1791121606
2026-10-04T13:46:56+00:00,566,23,1,True,True,True,1791121606
2026-10-04T13:46:56+00:00,602,6,12,True,True,True,1791121606
2026-10-04T13:46:56+00:00,575,0,29,True,True,True,1791121606
2026-10-04T13:46:56+00:00,567,21,17,True,True,True,1791121606
2026-10-04T13:46:56+00:00,582,10,14,True,True,True,1791121606
2026-10-04T13:46:56+00:00,595,23,0,True,True,True,1791121606
2026-10-04T13:46:56+00:00,542,15,3,True,True,True,1791121606
2026-10-04T13:46:56+00:00,563,5,11,True,True,True,1791121606
2026-10-04T13:46:56+00:00,558,7,8,True,True,True,1791121606
2026-10-04T13:46:56+00:00,552,4,14,True,True,True,1791121606
2026-10-04T13:46:56+00:00,555,0,13,True,True,True,1791121606
2026-10-04T13:46:56+00:00,573,6,18,True,True,True,1791121606
2026-10-04T13:46:56+00:00,561,7,15,True,True,True,1791121606
2026-10-04T13:46:56+00:00,615,6,15,True,True,True,1791121606
2026-10-04T13:46:56+00:00,543,1,18,True,True,True,1791121606
2026-10-04T13:46:56+00:00,554,0,19,True,True,True,1791121606
2026-10-04T13:46:56+00:00,574,10,1,True,True,True,1791121606
2026-10-04T13:46:56+00:00,560,3,5,True,True,True,1791121606
2026-10-04T13:46:56+00:00,548,2,15,True,True,True,1791121606
2026-10-04T13:46:56+00:00,559,3,14,True,True,True,1791121606
2026-10-04T13:46:56+00:00,545,22,16,True,True,True,1791121606
2026-10-04T13:46:56+00:00,550,1,8,True,True,True,1791121606
2026-10-04T13:46:56+00:00,541,11,0,True,True,True,1791121606
2026-10-04T13:46:56+00:00,527,10,0,True,True,True,1791121606
2026-10-04T13:46:56+00:00,529,5,16,True,True,True,1791121606
2026-10-04T13:46:56+00:00,526,10,4,True,True,True,1791121606
2026-10-04T13:46:56+00:00,537,19,0,True,True,True,1791121606
2026-10-04T13:46:56+00:00,547,4,23,True,True,True,1791121606
2026-10-04T13:46:56+00:00,601,3,15,True,True,True,1791121606
2026-10-04T13:46:56+00:00,533,7,5,True,True,True,1791121606
2026-10-04T13:46:56+00:00,535,14,11,True,True,True,1791121606
2026-10-04T13:46:56+00:00,524,4,16,True,True,True,1791121606
2026-10-04T13:46:56+00:00,519,5,17,True,True,True,1791121606
2026-10-04T13:46:56+00:00,534,14,25,True,True,True,1791121606
2026-10-04T13:46:56+00:00,521,11,2,True,True,True,1791121606
2026-10-04T13:46:56+00:00,518,0,18,True,True,True,1791121606
2026-10-04T13:46:56+00:00,556,0,18,True,True,True,1791121606
2026-10-04T13:46:56+00:00,525,1,13,True,True,True,1791121606
2026-10-04T13:46:56+00:00,517,0,15,True,True,True,1791121606
2026-10-04T13:46:56+00:00,523,10,20,True,True,True,1791121606
2026-10-04T13:46:56+00:00,522,9,0,True,True,True,1791121606
2026-10-04T13:46:56+00:00,594,2,15,True,True,True,1791121606
2026-10-04T13:46:56+00:00,532,1,19,True,True,True,1791121606
2026-10-04T13:46:56+00:00,509,8,3,True,True,True,1791121606
2026-10-04T13:46:56+00:00,531,7,11,True,True,True,1791121606
2026-10-04T13:46:56+00:00,536,2,7,True,True,True,1791121606
2026-10-04T13:46:56+00:00,562,19,20,True,True,True,1791121606
2026-10-04T13:46:56+00:00,511,7,16,True,True,True,1791121606
2026-10-04T13:46:56+00:00,505,7,14,True,True,True,1791121606
2026-10-04T13:46:56+00:00,501,1,17,True,True,True,1791121606
2026-10-04T13:46:56+00:00,514,0,12,True,True,True,1791121606
2026-10-04T13:46:56+00:00,500,5,12,True,True,True,1791121606
2026-10-04T13:46:56+00:00,503,1,27,True,True,True,1791121606
2026-10-04T13:46:56+00:00,513,1,14,True,True,True,1791121606
2026-10-04T13:46:56+00:00,498,0,12,True,True,True,1791121606
2026-10-04T13:46:56+00:00,507,16,2,True,True,True,1791121606
2026-10-04T13:46:56+00:00,512,17,10,True,True,True,1791121606
2026-10-04T13:46:56+00:00,619,20,22,True,True,True,1791121606
2026-10-04T13:46:56+00:00,474,30,12,True,True,True,1791121606
2026-10-04T13:46:56+00:00,580,13,32,True,True,True,1791121606
2026-10-04T13:46:56+00:00,496,24,19,True,True,True,1791121606
2026-10-04T13:46:56+00:00,482,1,16,True,True,True,1791121606
2026-10-04T13:46:56+00:00,407,0,12,True,True,True,1791121606
2026-10-04T13:46:56+00:00,409,3,22,True,True,True,1791121606
2026-10-04T13:46:56+00:00,451,1,18,True,True,True,1791121606
2026-10-04T13:46:56+00:00,402,5,14,True,True,True,1791121606
2026-10-04T13:46:56+00:00,516,0,14,True,True,True,1791121606
2026-10-04T13:46:56+00:00,625,10,30,True,True,True,1791121606
2026-10-04T13:46:56+00:00,429,4,17,True,True,True,1791121606
2026-10-04T13:46:56+00:00,380,20,3,True,True,True,1791121606
2026-10-04T13:46:56+00:00,583,1,17,True,True,True,1791121606
2026-10-04T13:46:56+00:00,398,4,13,True,True,True,1791121606
2026-10-04T13:46:56+00:00,381,10,5,True,True,True,1791121606
2026-10-04T13:46:56+00:00,464,24,19,True,True,True,1791121606
2026-10-04T13:46:56+00:00,442,15,1,True,True,True,1791121606
2026-10-04T13:46:56+00:00,483,13,7,True,True,True,1791121606
2026-10-04T13:46:56+00:00,458,0,14,True,True,True,1791121606
2026-10-04T13:46:56+00:00,499,0,15,True,True,True,1791121606
2026-10-04T13:46:56+00:00,472,1,19,True,True,True,1791121606
2026-10-04T13:46:56+00:00,506,3,21,True,True,True,1791121606
2026-10-04T13:46:56+00:00,465,14,15,True,True,True,1791121606
2026-10-04T13:46:56+00:00,611,2,35,True,True,True,1791121606
2026-10-04T13:46:56+00:00,404,10,16,True,True,True,1791121606
2026-10-04T13:46:56+00:00,579,0,17,True,True,True,1791121606
2026-10-04T13:46:56+00:00,589,3,24,True,True,True,1791121606
2026-10-04T13:46:56+00:00,434,3,17,True,True,True,1791121606
2026-10-04T13:46:56+00:00,462,1,14,True,True,True,1791121606
2026-10-04T13:46:56+00:00,578,14,8,True,True,True,1791121606
2026-10-04T13:46:56+00:00,415,0,12,True,True,True,1791121606
2026-10-04T13:46:56+00:00,423,19,1,True,True,True,1791121606
2026-10-04T13:46:56+00:00,412,6,1,True,True,True,1791121606
2026-10-04T13:46:56+00:00,387,13,1,True,True,True,1791121606
2026-10-04T13:46:56+00:00,441,2,13,True,True,True,1791121606
2026-10-04T13:46:56+00:00,454,0,22,True,True,True,1791121606
2026-10-04T13:46:56+00:00,436,4,8,True,True,True,1791121606
2026-10-04T13:46:56+00:00,394,0,18,True,True,True,1791121606
2026-10-04T13:46:56+00:00,497,15,12,True,True,True,1791121606
2026-10-04T13:46:56+00:00,581,2,21,True,True,True,1791121606
2026-10-04T13:46:56+00:00,461,1,17,True,True,True,1791121606
2026-10-04T13:46:56+00:00,599,21,24,True,True,True,1791121606
2026-10-04T13:46:56+00:00,428,6,17,True,True,True,1791121606
2026-10-04T13:46:56+00:00,400,5,19,True,True,True,1791121606
2026-10-04T13:46:56+00:00,487,1,20,True,True,True,1791121606
2026-10-04T13:46:56+00:00,438,26,13,True,True,True,1791121606
2026-10-04T13:46:56+00:00,459,2,10,True,True,True,1791121606
2026-10-04T13:46:56+00:00,433,2,15,True,True,True,1791121606
2026-10-04T13:46:56+00:00,399,1,29,True,True,True,1791121606
2026-10-04T13:46:56+00:00,489,16,11,True,True,True,1791121606
2026-10-04T13:46:56+00:00,742,14,13,True,True,True,1791121606
2026-10-04T13:46:56+00:00,551,9,23,True,True,True,1791121606
2026-10-04T13:46:56+00:00,406,3,7,True,True,True,1791121606
2026-10-04T13:46:56+00:00,488,1,21,True,True,True,1791121606
2026-10-04T13:46:56+00:00,540,6,27,True,True,True,1791121606
2026-10-04T13:46:56+00:00,431,2,18,True,True,True,1791121606
2026-10-04T13:46:56+00:00,393,0,20,True,True,True,1791121606
2026-10-04T13:46:56+00:00,420,8,9,True,True,True,1791121606
2026-10-04T13:46:56+00:00,397,0,28,True,True,True,1791121606
2026-10-04T13:46:56+00:00,390,6,23,True,True,True,1791121606
2026-10-04T13:46:56+00:00,449,14,10,True,True,True,1791121606
2026-10-04T13:46:56+00:00,430,10,32,True,True,True,1791121606
2026-10-04T13:46:56+00:00,484,14,20,True,True,True,1791121606
2026-10-04T13:46:56+00:00,479,6,24,True,True,True,1791121606
2026-10-04T13:46:56+00:00,403,3,11,True,True,True,1791121606
2026-10-04T13:46:56+00:00,435,7,23,True,True,True,1791121606
2026-10-04T13:46:56+00:00,426,5,14,True,True,True,1791121606
2026-10-04T13:46:56+00:00,450,7,7,True,True,True,1791121606
2026-10-04T13:46:56+00:00,456,13,20,True,True,True,1791121606
2026-10-04T13:46:56+00:00,468,13,2,True,True,True,1791121606
2026-10-04T13:46:56+00:00,453,17,16,True,True,True,1791121606
2026-10-04T13:46:56+00:00,466,0,15,True,True,True,1791121606
2026-10-04T13:46:56+00:00,469,3,27,True,True,True,1791121606
2026-10-04T13:46:56+00:00,416,0,15,True,True,True,1791121606
2026-10-04T13:46:56+00:00,391,0,13,True,True,True,1791121606
2026-10-04T13:46:56+00:00,389,2,12,True,True,True,1791121606
2026-10-04T13:46:56+00:00,470,1,13,True,True,True,1791121606
2026-10-04T13:46:56+00:00,384,8,7,True,True,True,1791121606
2026-10-04T13:46:56+00:00,425,0,7,True,True,True,1791121606
2026-10-04T13:46:56+00:00,411,5,6,True,True,True,1791121606
2026-10-04T13:46:56+00:00,598,11,22,True,True,True,1791121606
2026-10-04T13:46:56+00:00,444,16,2,True,True,True,1791121606
2026-10-04T13:46:56+00:00,447,11,19,True,True,True,1791121606
2026-10-04T13:46:56+00:00,408,7,6,True,True,True,1791121606
2026-10-04T13:46:56+00:00,737,22,2,True,True,True,1791121606
2026-10-04T13:46:56+00:00,432,0,11,True,True,True,1791121606
2026-10-04T13:46:56+00:00,401,5,0,True,True,True,1791121606
2026-10-04T13:46:56+00:00,452,6,22,True,True,True,1791121606
2026-10-04T13:46:56+00:00,392,7,0,True,True,True,1791121606
2026-10-04T13:46:56+00:00,481,10,31,True,True,True,1791121606
2026-10-04T13:46:56+00:00,495,23,17,True,True,True,1791121606
2026-10-04T13:46:56+00:00,478,13,0,True,True,True,1791121606
2026-10-04T13:46:56+00:00,414,4,7,True,True,True,1791121606
2026-10-04T13:46:56+00:00,476,14,5,True,True,True,1791121606
2026-10-04T13:46:56+00:00,445,10,8,True,True,True,1791121606
2026-10-04T13:46:56+00:00,748,8,19,True,True,True,1791121606
2026-10-04T13:46:56+00:00,473,0,7,True,True,True,1791121606
2026-10-04T13:46:56+00:00,383,1,24,True,True,True,1791121606
2026-10-04T13:46:56+00:00,480,3,21,True,True,True,1791121606
2026-10-04T13:46:56+00:00,421,7,12,True,True,True,1791121606
2026-10-04T13:46:56+00:00,746,8,3,True,True,True,1791121606
2026-10-04T13:46:56+00:00,417,3,11,True,True,True,1791121606
2026-10-04T13:46:56+00:00,427,2,12,True,True,True,1791121606
2026-10-04T13:46:56+00:00,395,5,9,True,True,True,1791121606
2026-10-04T13:46:56+00:00,418,12,15,True,True,True,1791121606
2026-10-04T13:46:56+00:00,413,0,12,True,True,True,1791121606
2026-10-04T13:46:56+00:00,486,7,15,True,True,True,1791121606
2026-10-04T13:46:56+00:00,597,11,4,True,True,True,1791121606
2026-10-04T13:46:56+00:00,422,2,9,True,True,True,1791121606
2026-10-04T13:46:56+00:00,382,0,8,True,True,True,1791121606
2026-10-04T13:46:56+00:00,396,6,15,True,True,True,1791121606
2026-10-04T13:46:56+00:00,735,10,3,True,True,True,1791121606
2026-10-04T13:46:56+00:00,437,7,17,True,True,True,1791121606
2026-10-04T13:46:56+00:00,446,1,21,True,True,True,1791121606
2026-10-04T13:46:56+00:00,424,3,3,True,True,True,1791121606
2026-10-04T13:46:56+00:00,455,12,0,True,True,True,1791121606
2026-10-04T13:46:56+00:00,457,3,7,True,True,True,1791121606
2026-10-04T13:46:56+00:00,377,7,22,True,True,True,1791121606
2026-10-04T13:46:56+00:00,738,6,6,True,True,True,1791121606
2026-10-04T13:46:56+00:00,460,3,26,True,True,True,1791121606
2026-10-04T13:46:56+00:00,744,3,6,True,True,True,1791121606
2026-10-04T13:46:56+00:00,485,2,17,True,True,True,1791121606
2026-10-04T14:01:56+00:00,6026,19,13,True,True,True,1791122509
2026-10-04T14:01:56+00:00,5431,15,6,True,True,True,1791122509
2026-10-04T14:01:56+00:00,5424,2,16,True,True,True,1791122509
2026-10-04T14:01:56+00:00,5220,0,19,True,True,True,1791122509
2026-10-04T14:01:56+00:00,5217,11,18,True,True,True,1791122509
2026-10-04T14:01:56+00:00,5113,13,2,True,True,True,1791122509
2026-10-04T14:01:56+00:00,4683,1,19,True,True,True,1791122509
2026-10-04T14:01:56+00:00,4552,4,14,True,True,True,1791122509
2026-10-04T14:01:56+00:00,3725,2,16,True,True,True,1791122509
2026-10-04T14:01:56+00:00,2358,2,9,True,True,True,1791122509
2026-10-04T14:01:56+00:00,2357,13,8,True,True,True,1791122509
2026-10-04T14:01:56+00:00,2355,0,12,True,True,True,1791122509
2026-10-04T14:01:56+00:00,2351,4,13,True,True,True,1791122509
2026-10-04T14:01:56+00:00,2350,17,6,True,True,True,1791122509
2026-10-04T14:01:56+00:00,2349,4,17,True,True,True,1791122509
2026-10-04T14:01:56+00:00,2347,6,24,True,True,True,1791122509
2026-10-04T14:01:56+00:00,2340,9,15,True,True,True,1791122509
2026-10-04T14:01:56+00:00,2339,15,13,True,True,True,1791122509
2026-10-04T14:01:56+00:00,2337,13,1,True,True,True,1791122509
2026-10-04T14:01:56+00:00,2334,0,11,True,True,True,1791122509
2026-10-04T14:01:56+00:00,2333,13,2,True,True,True,1791122509
2026-10-04T14:01:56+00:00,2332,0,9,True,True,True,1791122509
2026-10-04T14:01:56+00:00,2330,13,0,True,True,True,1791122509
2026-10-04T14:01:56+00:00,2329,13,1,True,True,True,1791122509
2026-10-04T14:01:56+00:00,2328,17,2,True,True,True,1791122509
2026-10-04T14:01:56+00:00,2315,3,15,True,True,True,1791122509
2026-10-04T14:01:56+00:00,2308,1,7,True,True,True,1791122509
2026-10-04T14:01:56+00:00,2307,9,20,True,True,True,1791122509
2026-10-04T14:01:56+00:00,2306,10,8,True,True,True,1791122509
2026-10-04T14:01:56+00:00,2305,6,8,True,True,True,1791122509
2026-10-04T14:01:56+00:00,2304,3,13,True,True,True,1791122509
2026-10-04T14:01:56+00:00,2280,10,2,True,True,True,1791122509
2026-10-04T14:01:56+00:00,2270,5,12,True,True,True,1791122509
2026-10-04T14:01:56+00:00,1919,5,1,True,True,True,1791122509
2026-10-04T14:01:56+00:00,1755,11,20,True,True,True,1791122509
2026-10-04T14:01:56+00:00,1101,6,17,True,True,True,1791122509
2026-10-04T14:01:56+00:00,1023,6,7,True,True,True,1791122509
2026-10-04T14:01:56+00:00,1009,1,9,True,True,True,1791122509
2026-10-04T14:01:56+00:00,970,6,18,True,True,True,1791122509
2026-10-04T14:01:56+00:00,787,12,0,True,True,True,1791122509
2026-10-04T14:01:56+00:00,627,5,25,True,True,True,1791122509
2026-10-04T14:01:56+00:00,623,17,2,True,True,True,1791122509
2026-10-04T14:01:56+00:00,624,0,17,True,True,True,1791122509
2026-10-04T14:01:56+00:00,626,4,18,True,True,True,1791122509
2026-10-04T14:01:56+00:00,614,3,19,True,True,True,1791122509
2026-10-04T14:01:56+00:00,616,10,5,True,True,True,1791122509
2026-10-04T14:01:56+00:00,618,8,34,True,True,True,1791122509
2026-10-04T14:01:56+00:00,621,11,14,True,True,True,1791122509
2026-10-04T14:01:56+00:00,622,19,9,True,True,True,1791122509
2026-10-04T14:01:56+00:00,613,1,15,True,True,True,1791122509
2026-10-04T14:01:56+00:00,620,14,25,True,True,True,1791122509
2026-10-04T14:01:56+00:00,596,3,15,True,True,True,1791122509
2026-10-04T14:01:56+00:00,617,4,15,True,True,True,1791122509
2026-10-04T14:01:56+00:00,609,14,13,True,True,True,1791122509
2026-10-04T14:01:56+00:00,607,17,10,True,True,True,1791122509
2026-10-04T14:01:56+00:00,603,12,5,True,True,True,1791122509
2026-10-04T14:01:56+00:00,590,2,35,True,True,True,1791122509
2026-10-04T14:01:56+00:00,610,1,18,True,True,True,1791122509
2026-10-04T14:01:56+00:00,608,4,15,True,True,True,1791122509
2026-10-04T14:01:56+00:00,593,18,9,True,True,True,1791122509
2026-10-04T14:01:56+00:00,530,6,3,True,True,True,1791122509
2026-10-04T14:01:56+00:00,463,16,0,True,True,True,1791122509
2026-10-04T14:01:56+00:00,475,22,1,True,True,True,1791122509
2026-10-04T14:01:56+00:00,439,6,17,True,True,True,1791122509
2026-10-04T14:01:56+00:00,600,8,2,True,True,True,1791122509
2026-10-04T14:01:56+00:00,440,8,7,True,True,True,1791122509
2026-10-04T14:01:56+00:00,612,1,17,True,True,True,1791122509
2026-10-04T14:01:56+00:00,491,17,1,True,True,True,1791122509
2026-10-04T14:01:56+00:00,493,15,11,True,True,True,1791122509
2026-10-04T14:01:56+00:00,410,2,23,True,True,True,1791122509
2026-10-04T14:01:56+00:00,605,3,15,True,True,True,1791122509
2026-10-04T14:01:56+00:00,388,8,8,True,True,True,1791122509
2026-10-04T14:01:56+00:00,591,20,3,True,True,True,1791122509
2026-10-04T14:01:56+00:00,592,1,17,True,True,True,1791122509
2026-10-04T14:01:56+00:00,585,0,0,True,True,True,1791122509
2026-10-04T14:01:56+00:00,565,1,17,True,True,True,1791122509
2026-10-04T14:01:56+00:00,571,6,13,True,True,True,1791122509
2026-10-04T14:01:56+00:00,568,0,15,True,True,True,1791122509
2026-10-04T14:01:56+00:00,588,6,13,True,True,True,1791122509
2026-10-04T14:01:56+00:00,584,0,35,True,True,True,1791122509
2026-10-04T14:01:56+00:00,569,12,16,True,True,True,1791122509
2026-10-04T14:01:56+00:00,577,10,19,True,True,True,1791122509
2026-10-04T14:01:56+00:00,564,2,27,True,True,True,1791122509
2026-10-04T14:01:56+00:00,570,0,15,True,True,True,1791122509
2026-10-04T14:01:56+00:00,572,9,30,True,True,True,1791122509
2026-10-04T14:01:56+00:00,586,5,20,True,True,True,1791122509
2026-10-04T14:01:56+00:00,576,12,5,True,True,True,1791122509
2026-10-04T14:01:56+00:00,566,23,1,True,True,True,1791122509
2026-10-04T14:01:56+00:00,602,6,12,True,True,True,1791122509
2026-10-04T14:01:56+00:00,575,0,29,True,True,True,1791122509
2026-10-04T14:01:56+00:00,567,21,17,True,True,True,1791122509
2026-10-04T14:01:56+00:00,582,8,17,True,True,True,1791122509
2026-10-04T14:01:56+00:00,595,23,0,True,True,True,1791122509
2026-10-04T14:01:56+00:00,542,14,4,True,True,True,1791122509
2026-10-04T14:01:56+00:00,563,5,11,True,True,True,1791122509
2026-10-04T14:01:56+00:00,558,7,8,True,True,True,1791122509
2026-10-04T14:01:56+00:00,552,4,14,True,True,True,1791122509
2026-10-04T14:01:56+00:00,555,0,13,True,True,True,1791122509
2026-10-04T14:01:56+00:00,573,6,18,True,True,True,1791122509
2026-10-04T14:01:56+00:00,561,8,14,True,True,True,1791122509
2026-10-04T14:01:56+00:00,615,6,15,True,True,True,1791122509
2026-10-04T14:01:56+00:00,543,1,18,True,True,True,1791122509
2026-10-04T14:01:56+00:00,554,0,19,True,True,True,1791122509
2026-10-04T14:01:56+00:00,574,10,1,True,True,True,1791122509
2026-10-04T14:01:56+00:00,560,3,5,True,True,True,1791122509
2026-10-04T14:01:56+00:00,548,2,15,True,True,True,1791122509
2026-10-04T14:01:56+00:00,559,4,13,True,True,True,1791122509
2026-10-04T14:01:56+00:00,545,22,16,True,True,True,1791122509
2026-10-04T14:01:56+00:00,550,1,8,True,True,True,1791122509
2026-10-04T14:01:56+00:00,541,11,0,True,True,True,1791122509
2026-10-04T14:01:56+00:00,527,10,0,True,True,True,1791122509
2026-10-04T14:01:56+00:00,529,5,16,True,True,True,1791122509
2026-10-04T14:01:56+00:00,526,11,3,True,True,True,1791122509
2026-10-04T14:01:56+00:00,537,19,0,True,True,True,1791122509
2026-10-04T14:01:56+00:00,547,4,23,True,True,True,1791122509
2026-10-04T14:01:56+00:00,601,2,16,True,True,True,1791122509
2026-10-04T14:01:56+00:00,533,7,5,True,True,True,1791122509
2026-10-04T14:01:56+00:00,535,14,11,True,True,True,1791122509
2026-10-04T14:01:56+00:00,524,4,16,True,True,True,1791122509
2026-10-04T14:01:56+00:00,519,5,17,True,True,True,1791122509
2026-10-04T14:01:56+00:00,534,16,23,True,True,True,1791122509
2026-10-04T14:01:56+00:00,521,12,1,True,True,True,1791122509
2026-10-04T14:01:56+00:00,518,1,17,True,True,True,1791122509
2026-10-04T14:01:56+00:00,556,0,18,True,True,True,1791122509
2026-10-04T14:01:56+00:00,525,2,12,True,True,True,1791122509
2026-10-04T14:01:56+00:00,517,0,15,True,True,True,1791122509
2026-10-04T14:01:56+00:00,523,11,19,True,True,True,1791122509
2026-10-04T14:01:56+00:00,522,9,0,True,True,True,1791122509
2026-10-04T14:01:56+00:00,594,1,16,True,True,True,1791122509
2026-10-04T14:01:56+00:00,532,1,19,True,True,True,1791122509
2026-10-04T14:01:56+00:00,509,8,3,True,True,True,1791122509
2026-10-04T14:01:56+00:00,531,7,11,True,True,True,1791122509
2026-10-04T14:01:56+00:00,536,2,7,True,True,True,1791122509
2026-10-04T14:01:56+00:00,562,19,20,True,True,True,1791122509
2026-10-04T14:01:56+00:00,511,7,16,True,True,True,1791122509
2026-10-04T14:01:56+00:00,505,7,14,True,True,True,1791122509
2026-10-04T14:01:56+00:00,501,0,18,True,True,True,1791122509
2026-10-04T14:01:56+00:00,514,1,11,True,True,True,1791122509
2026-10-04T14:01:56+00:00,500,4,13,True,True,True,1791122509
2026-10-04T14:01:56+00:00,503,1,27,True,True,True,1791122509
2026-10-04T14:01:56+00:00,513,0,14,True,True,True,1791122509
2026-10-04T14:01:56+00:00,498,0,12,True,True,True,1791122509
2026-10-04T14:01:56+00:00,507,15,3,True,True,True,1791122509
2026-10-04T14:01:56+00:00,512,17,10,True,True,True,1791122509
2026-10-04T14:01:56+00:00,619,20,22,True,True,True,1791122509
2026-10-04T14:01:56+00:00,474,30,12,True,True,True,1791122509
2026-10-04T14:01:56+00:00,580,12,33,True,True,True,1791122509
2026-10-04T14:01:56+00:00,496,24,19,True,True,True,1791122509
2026-10-04T14:01:56+00:00,482,1,16,True,True,True,1791122509
2026-10-04T14:01:56+00:00,407,1,12,True,True,True,1791122509
2026-10-04T14:01:56+00:00,409,3,22,True,True,True,1791122509
2026-10-04T14:01:56+00:00,451,1,18,True,True,True,1791122509
2026-10-04T14:01:56+00:00,402,5,14,True,True,True,1791122509
2026-10-04T14:01:56+00:00,516,0,14,True,True,True,1791122509
2026-10-04T14:01:56+00:00,625,8,32,True,True,True,1791122509
2026-10-04T14:01:56+00:00,429,4,17,True,True,True,1791122509
2026-10-04T14:01:56+00:00,380,20,3,True,True,True,1791122509
2026-10-04T14:01:56+00:00,583,1,17,True,True,True,1791122509
2026-10-04T14:01:56+00:00,398,6,11,True,True,True,1791122509
2026-10-04T14:01:56+00:00,381,11,4,True,True,True,1791122509
2026-10-04T14:01:56+00:00,464,26,17,True,True,True,1791122509
2026-10-04T14:01:56+00:00,442,15,1,True,True,True,1791122509
2026-10-04T14:01:56+00:00,483,13,7,True,True,True,1791122509
2026-10-04T14:01:56+00:00,458,0,14,True,True,True,1791122509
2026-10-04T14:01:56+00:00,499,0,15,True,True,True,1791122509
2026-10-04T14:01:56+00:00,472,1,19,True,True,True,1791122509
2026-10-04T14:01:56+00:00,506,4,20,True,True,True,1791122509
2026-10-04T14:01:56+00:00,465,12,17,True,True,True,1791122509
2026-10-04T14:01:56+00:00,611,2,35,True,True,True,1791122509
2026-10-04T14:01:56+00:00,404,10,16,True,True,True,1791122509
2026-10-04T14:01:56+00:00,579,0,17,True,True,True,1791122509
2026-10-04T14:01:56+00:00,589,3,24,True,True,True,1791122509
2026-10-04T14:01:56+00:00,434,1,19,True,True,True,1791122509
2026-10-04T14:01:56+00:00,462,1,14,True,True,True,1791122509
2026-10-04T14:01:56+00:00,578,12,10,True,True,True,1791122509
2026-10-04T14:01:56+00:00,415,0,12,True,True,True,1791122509
2026-10-04T14:01:56+00:00,423,20,0,True,True,True,1791122509
2026-10-04T14:01:56+00:00,412,6,1,True,True,True,1791122509
2026-10-04T14:01:56+00:00,387,13,1,True,True,True,1791122509
2026-10-04T14:01:56+00:00,441,2,13,True,True,True,1791122509
2026-10-04T14:01:56+00:00,454,0,22,True,True,True,1791122509
2026-10-04T14:01:56+00:00,436,4,8,True,True,True,1791122509
2026-10-04T14:01:56+00:00,394,1,17,True,True,True,1791122509
2026-10-04T14:01:56+00:00,497,16,11,True,True,True,1791122509
2026-10-04T14:01:56+00:00,581,1,22,True,True,True,1791122509
2026-10-04T14:01:56+00:00,461,0,18,True,True,True,1791122509
2026-10-04T14:01:56+00:00,599,21,24,True,True,True,1791122509
2026-10-04T14:01:56+00:00,428,6,17,True,True,True,1791122509
2026-10-04T14:01:56+00:00,400,5,19,True,True,True,1791122509
2026-10-04T14:01:56+00:00,487,2,19,True,True,True,1791122509
2026-10-04T14:01:56+00:00,438,26,13,True,True,True,1791122509
2026-10-04T14:01:56+00:00,459,0,12,True,True,True,1791122509
2026-10-04T14:01:56+00:00,433,2,15,True,True,True,1791122509
2026-10-04T14:01:56+00:00,399,1,29,True,True,True,1791122509
2026-10-04T14:01:56+00:00,489,17,10,True,True,True,1791122509
2026-10-04T14:01:56+00:00,742,14,13,True,True,True,1791122509
2026-10-04T14:01:56+00:00,551,10,22,True,True,True,1791122509
2026-10-04T14:01:56+00:00,406,3,7,True,True,True,1791122509
2026-10-04T14:01:56+00:00,488,1,21,True,True,True,1791122509
2026-10-04T14:01:56+00:00,540,5,28,True,True,True,1791122509
2026-10-04T14:01:56+00:00,431,2,18,True,True,True,1791122509
2026-10-04T14:01:56+00:00,393,0,20,True,True,True,1791122509
2026-10-04T14:01:56+00:00,420,6,11,True,True,True,1791122509
2026-10-04T14:01:56+00:00,397,1,27,True,True,True,1791122509
2026-10-04T14:01:56+00:00,390,7,23,True,True,True,1791122509
2026-10-04T14:01:56+00:00,449,15,9,True,True,True,1791122509
2026-10-04T14:01:56+00:00,430,1,41,True,True,True,1791122509
2026-10-04T14:01:56+00:00,484,13,21,True,True,True,1791122509
2026-10-04T14:01:56+00:00,479,5,25,True,True,True,1791122509
2026-10-04T14:01:56+00:00,403,3,11,True,True,True,1791122509
2026-10-04T14:01:56+00:00,435,7,23,True,True,True,1791122509
2026-10-04T14:01:56+00:00,426,7,13,True,True,True,1791122509
2026-10-04T14:01:56+00:00,450,7,7,True,True,True,1791122509
2026-10-04T14:01:56+00:00,456,13,20,True,True,True,1791122509
2026-10-04T14:01:56+00:00,468,13,2,True,True,True,1791122509
2026-10-04T14:01:56+00:00,453,21,12,True,True,True,1791122509
2026-10-04T14:01:56+00:00,466,0,15,True,True,True,1791122509
2026-10-04T14:01:56+00:00,469,3,27,True,True,True,1791122509
2026-10-04T14:01:56+00:00,416,0,15,True,True,True,1791122509
2026-10-04T14:01:56+00:00,391,0,13,True,True,True,1791122509
2026-10-04T14:01:56+00:00,389,2,12,True,True,True,1791122509
2026-10-04T14:01:56+00:00,470,1,13,True,True,True,1791122509
2026-10-04T14:01:56+00:00,384,6,9,True,True,True,1791122509
2026-10-04T14:01:56+00:00,425,2,5,True,True,True,1791122509
2026-10-04T14:01:56+00:00,411,5,6,True,True,True,1791122509
2026-10-04T14:01:56+00:00,598,11,22,True,True,True,1791122509
2026-10-04T14:01:56+00:00,444,17,1,True,True,True,1791122509
2026-10-04T14:01:56+00:00,447,11,19,True,True,True,1791122509
2026-10-04T14:01:56+00:00,408,8,5,True,True,True,1791122509
2026-10-04T14:01:56+00:00,737,22,2,True,True,True,1791122509
2026-10-04T14:01:56+00:00,432,0,11,True,True,True,1791122509
2026-10-04T14:01:56+00:00,401,5,0,True,True,True,1791122509
2026-10-04T14:01:56+00:00,452,6,22,True,True,True,1791122509
2026-10-04T14:01:56+00:00,392,6,1,True,True,True,1791122509
2026-10-04T14:01:56+00:00,481,10,31,True,True,True,1791122509
2026-10-04T14:01:56+00:00,495,14,26,True,True,True,1791122509
2026-10-04T14:01:56+00:00,478,13,0,True,True,True,1791122509
2026-10-04T14:01:56+00:00,414,4,7,True,True,True,1791122509
2026-10-04T14:01:56+00:00,476,17,2,True,True,True,1791122509
2026-10-04T14:01:56+00:00,445,10,8,True,True,True,1791122509
2026-10-04T14:01:56+00:00,748,8,19,True,True,True,1791122509
2026-10-04T14:01:56+00:00,473,0,7,True,True,True,1791122509
2026-10-04T14:01:56+00:00,383,1,24,True,True,True,1791122509
2026-10-04T14:01:56+00:00,480,4,20,True,True,True,1791122509
2026-10-04T14:01:56+00:00,421,9,10,True,True,True,1791122509
2026-10-04T14:01:56+00:00,746,8,3,True,True,True,1791122509
2026-10-04T14:01:56+00:00,417,2,12,True,True,True,1791122509
2026-10-04T14:01:56+00:00,427,0,14,True,True,True,1791122509
2026-10-04T14:01:56+00:00,395,5,9,True,True,True,1791122509
2026-10-04T14:01:56+00:00,418,12,15,True,True,True,1791122509
2026-10-04T14:01:56+00:00,413,0,12,True,True,True,1791122509
2026-10-04T14:01:56+00:00,486,7,15,True,True,True,1791122509
2026-10-04T14:01:56+00:00,597,13,2,True,True,True,1791122509
2026-10-04T14:01:56+00:00,422,4,7,True,True,True,1791122509
2026-10-04T14:01:56+00:00,382,0,8,True,True,True,1791122509
2026-10-04T14:01:56+00:00,396,6,15,True,True,True,1791122509
2026-10-04T14:01:56+00:00,735,10,3,True,True,True,1791122509
2026-10-04T14:01:56+00:00,437,7,17,True,True,True,1791122509
2026-10-04T14:01:56+00:00,446,3,19,True,True,True,1791122509
2026-10-04T14:01:56+00:00,424,2,4,True,True,True,1791122509
2026-10-04T14:01:56+00:00,455,12,0,True,True,True,1791122509
2026-10-04T14:01:56+00:00,457,2,8,True,True,True,1791122509
2026-10-04T14:01:56+00:00,377,8,21,True,True,True,1791122509
2026-10-04T14:01:56+00:00,738,6,6,True,True,True,1791122509
2026-10-04T14:01:56+00:00,460,2,27,True,True,True,1791122509
2026-10-04T14:01:56+00:00,744,2,7,True,True,True,1791122509
2026-10-04T14:01:56+00:00,485,3,16,True,True,True,1791122509
2026-10-04T14:16:56+00:00,6026,19,13,True,True,True,1791123414
2026-10-04T14:16:56+00:00,5431,15,6,True,True,True,1791123414
2026-10-04T14:16:56+00:00,5424,2,16,True,True,True,1791123414
2026-10-04T14:16:56+00:00,5220,0,19,True,True,True,1791123414
2026-10-04T14:16:56+00:00,5217,12,17,True,True,True,1791123414
2026-10-04T14:16:56+00:00,5113,13,2,True,True,True,1791123414
2026-10-04T14:16:56+00:00,4683,1,19,True,True,True,1791123414
2026-10-04T14:16:56+00:00,4552,4,14,True,True,True,1791123414
2026-10-04T14:16:56+00:00,3725,2,16,True,True,True,1791123414
2026-10-04T14:16:56+00:00,2358,2,9,True,True,True,1791123414
2026-10-04T14:16:56+00:00,2357,12,9,True,True,True,1791123414
2026-10-04T14:16:56+00:00,2355,0,12,True,True,True,1791123414
2026-10-04T14:16:56+00:00,2351,4,13,True,True,True,1791123414
2026-10-04T14:16:56+00:00,2350,17,6,True,True,True,1791123414
2026-10-04T14:16:56+00:00,2349,4,17,True,True,True,1791123414
2026-10-04T14:16:56+00:00,2347,6,24,True,True,True,1791123414
2026-10-04T14:16:56+00:00,2340,9,15,True,True,True,1791123414
2026-10-04T14:16:56+00:00,2339,15,13,True,True,True,1791123414
2026-10-04T14:16:56+00:00,2337,14,0,True,True,True,1791123414
2026-10-04T14:16:56+00:00,2334,0,11,True,True,True,1791123414
2026-10-04T14:16:56+00:00,2333,13,2,True,True,True,1791123414
2026-10-04T14:16:56+00:00,2332,0,9,True,True,True,1791123414
2026-10-04T14:16:56+00:00,2330,13,0,True,True,True,1791123414
2026-10-04T14:16:56+00:00,2329,13,1,True,True,True,1791123414
2026-10-04T14:16:56+00:00,2328,10,9,True,True,True,1791123414
2026-10-04T14:16:56+00:00,2315,3,15,True,True,True,1791123414
2026-10-04T14:16:56+00:00,2308,2,6,True,True,True,1791123414
2026-10-04T14:16:56+00:00,2307,9,20,True,True,True,1791123414
2026-10-04T14:16:56+00:00,2306,10,8,True,True,True,1791123414
2026-10-04T14:16:56+00:00,2305,6,8,True,True,True,1791123414
2026-10-04T14:16:56+00:00,2304,3,13,True,True,True,1791123414
2026-10-04T14:16:56+00:00,2280,10,2,True,True,True,1791123414
2026-10-04T14:16:56+00:00,2270,5,12,True,True,True,1791123414
2026-10-04T14:16:56+00:00,1919,5,1,True,True,True,1791123414
2026-10-04T14:16:56+00:00,1755,11,20,True,True,True,1791123414
2026-10-04T14:16:56+00:00,1101,6,17,True,True,True,1791123414
2026-10-04T14:16:56+00:00,1023,6,7,True,True,True,1791123414
2026-10-04T14:16:56+00:00,1009,1,9,True,True,True,1791123414
2026-10-04T14:16:56+00:00,970,5,19,True,True,True,1791123414
2026-10-04T14:16:56+00:00,787,12,0,True,True,True,1791123414
2026-10-04T14:16:56+00:00,627,5,25,True,True,True,1791123414
2026-10-04T14:16:56+00:00,623,17,2,True,True,True,1791123414
2026-10-04T14:16:56+00:00,624,0,18,True,True,True,1791123414
2026-10-04T14:16:56+00:00,626,4,18,True,True,True,1791123414
2026-10-04T14:16:56+00:00,614,4,18,True,True,True,1791123414
2026-10-04T14:16:56+00:00,616,10,5,True,True,True,1791123414
2026-10-04T14:16:56+00:00,618,8,34,True,True,True,1791123414
2026-10-04T14:16:56+00:00,621,11,14,True,True,True,1791123414
2026-10-04T14:16:56+00:00,622,19,9,True,True,True,1791123414
2026-10-04T14:16:56+00:00,613,1,15,True,True,True,1791123414
2026-10-04T14:16:56+00:00,620,15,24,True,True,True,1791123414
2026-10-04T14:16:56+00:00,596,3,15,True,True,True,1791123414
2026-10-04T14:16:56+00:00,617,3,15,True,True,True,1791123414
2026-10-04T14:16:56+00:00,609,16,11,True,True,True,1791123414
2026-10-04T14:16:56+00:00,607,16,11,True,True,True,1791123414
2026-10-04T14:16:56+00:00,603,11,6,True,True,True,1791123414
2026-10-04T14:16:56+00:00,590,1,36,True,True,True,1791123414
2026-10-04T14:16:56+00:00,610,1,17,True,True,True,1791123414
2026-10-04T14:16:56+00:00,608,4,15,True,True,True,1791123414
2026-10-04T14:16:56+00:00,593,18,9,True,True,True,1791123414
2026-10-04T14:16:56+00:00,530,6,3,True,True,True,1791123414
2026-10-04T14:16:56+00:00,463,15,1,True,True,True,1791123414
2026-10-04T14:16:56+00:00,475,22,1,True,True,True,1791123414
2026-10-04T14:16:56+00:00,439,6,17,True,True,True,1791123414
2026-10-04T14:16:56+00:00,600,8,2,True,True,True,1791123414
2026-10-04T14:16:56+00:00,440,8,7,True,True,True,1791123414
2026-10-04T14:16:56+00:00,612,1,17,True,True,True,1791123414
2026-10-04T14:16:56+00:00,491,17,1,True,True,True,1791123414
2026-10-04T14:16:56+00:00,493,16,10,True,True,True,1791123414
2026-10-04T14:16:56+00:00,410,2,23,True,True,True,1791123414
2026-10-04T14:16:56+00:00,605,4,14,True,True,True,1791123414
2026-10-04T14:16:56+00:00,388,7,9,True,True,True,1791123414
2026-10-04T14:16:56+00:00,591,18,5,True,True,True,1791123414
2026-10-04T14:16:56+00:00,592,0,18,True,True,True,1791123414
2026-10-04T14:16:56+00:00,585,0,0,True,True,True,1791123414
2026-10-04T14:16:56+00:00,565,2,16,True,True,True,1791123414
2026-10-04T14:16:56+00:00,571,6,13,True,True,True,1791123414
2026-10-04T14:16:56+00:00,568,0,15,True,True,True,1791123414
2026-10-04T14:16:56+00:00,588,5,14,True,True,True,1791123414
2026-10-04T14:16:56+00:00,584,0,35,True,True,True,1791123414
2026-10-04T14:16:56+00:00,569,12,16,True,True,True,1791123414
2026-10-04T14:16:56+00:00,577,8,21,True,True,True,1791123414
2026-10-04T14:16:56+00:00,564,2,27,True,True,True,1791123414
2026-10-04T14:16:56+00:00,570,0,15,True,True,True,1791123414
2026-10-04T14:16:56+00:00,572,9,30,True,True,True,1791123414
2026-10-04T14:16:56+00:00,586,3,22,True,True,True,1791123414
2026-10-04T14:16:56+00:00,576,11,6,True,True,True,1791123414
2026-10-04T14:16:56+00:00,566,23,1,True,True,True,1791123414
2026-10-04T14:16:56+00:00,602,6,12,True,True,True,1791123414
2026-10-04T14:16:56+00:00,575,0,29,True,True,True,1791123414
2026-10-04T14:16:56+00:00,567,21,17,True,True,True,1791123414
2026-10-04T14:16:56+00:00,582,5,20,True,True,True,1791123414
2026-10-04T14:16:56+00:00,595,23,0,True,True,True,1791123414
2026-10-04T14:16:56+00:00,542,13,5,True,True,True,1791123414
2026-10-04T14:16:56+00:00,563,5,11,True,True,True,1791123414
2026-10-04T14:16:56+00:00,558,4,11,True,True,True,1791123414
2026-10-04T14:16:56+00:00,552,4,14,True,True,True,1791123414
2026-10-04T14:16:56+00:00,555,2,11,True,True,True,1791123414
2026-10-04T14:16:56+00:00,573,6,18,True,True,True,1791123414
2026-10-04T14:16:56+00:00,561,8,14,True,True,True,1791123414
2026-10-04T14:16:56+00:00,615,6,15,True,True,True,1791123414
2026-10-04T14:16:56+00:00,543,1,18,True,True,True,1791123414
2026-10-04T14:16:56+00:00,554,0,19,True,True,True,1791123414
2026-10-04T14:16:56+00:00,574,10,1,True,True,True,1791123414
2026-10-04T14:16:56+00:00,560,3,5,True,True,True,1791123414
2026-10-04T14:16:56+00:00,548,2,15,True,True,True,1791123414
2026-10-04T14:16:56+00:00,559,5,12,True,True,True,1791123414
2026-10-04T14:16:56+00:00,545,22,16,True,True,True,1791123414
2026-10-04T14:16:56+00:00,550,1,8,True,True,True,1791123414
2026-10-04T14:16:56+00:00,541,11,0,True,True,True,1791123414
2026-10-04T14:16:56+00:00,527,10,0,True,True,True,1791123414
2026-10-04T14:16:56+00:00,529,5,16,True,True,True,1791123414
2026-10-04T14:16:56+00:00,526,12,2,True,True,True,1791123414
2026-10-04T14:16:56+00:00,537,19,0,True,True,True,1791123414
2026-10-04T14:16:56+00:00,547,4,23,True,True,True,1791123414
2026-10-04T14:16:56+00:00,601,2,16,True,True,True,1791123414
2026-10-04T14:16:56+00:00,533,8,4,True,True,True,1791123414
2026-10-04T14:16:56+00:00,535,14,11,True,True,True,1791123414
2026-10-04T14:16:56+00:00,524,4,16,True,True,True,1791123414
2026-10-04T14:16:56+00:00,519,6,16,True,True,True,1791123414
2026-10-04T14:16:56+00:00,534,17,22,True,True,True,1791123414
2026-10-04T14:16:56+00:00,521,13,0,True,True,True,1791123414
2026-10-04T14:16:56+00:00,518,2,16,True,True,True,1791123414
2026-10-04T14:16:56+00:00,556,0,18,True,True,True,1791123414
2026-10-04T14:16:56+00:00,525,4,10,True,True,True,1791123414
2026-10-04T14:16:56+00:00,517,0,15,True,True,True,1791123414
2026-10-04T14:16:56+00:00,523,11,19,True,True,True,1791123414
2026-10-04T14:16:56+00:00,522,8,1,True,True,True,1791123414
2026-10-04T14:16:56+00:00,594,1,16,True,True,True,1791123414
2026-10-04T14:16:56+00:00,532,1,19,True,True,True,1791123414
2026-10-04T14:16:56+00:00,509,8,3,True,True,True,1791123414
2026-10-04T14:16:56+00:00,531,7,11,True,True,True,1791123414
2026-10-04T14:16:56+00:00,536,2,7,True,True,True,1791123414
2026-10-04T14:16:56+00:00,562,19,20,True,True,True,1791123414
2026-10-04T14:16:56+00:00,511,7,16,True,True,True,1791123414
2026-10-04T14:16:56+00:00,505,8,13,True,True,True,1791123414
2026-10-04T14:16:56+00:00,501,1,17,True,True,True,1791123414
2026-10-04T14:16:56+00:00,514,2,10,True,True,True,1791123414
2026-10-04T14:16:56+00:00,500,4,13,True,True,True,1791123414
2026-10-04T14:16:56+00:00,503,0,28,True,True,True,1791123414
2026-10-04T14:16:56+00:00,513,1,14,True,True,True,1791123414
2026-10-04T14:16:56+00:00,498,0,12,True,True,True,1791123414
2026-10-04T14:16:56+00:00,507,15,3,True,True,True,1791123414
2026-10-04T14:16:56+00:00,512,17,10,True,True,True,1791123414
2026-10-04T14:16:56+00:00,619,20,22,True,True,True,1791123414
2026-10-04T14:16:56+00:00,474,30,12,True,True,True,1791123414
2026-10-04T14:16:56+00:00,580,12,33,True,True,True,1791123414
2026-10-04T14:16:56+00:00,496,24,19,True,True,True,1791123414
2026-10-04T14:16:56+00:00,482,1,16,True,True,True,1791123414
2026-10-04T14:16:56+00:00,407,1,12,True,True,True,1791123414
2026-10-04T14:16:56+00:00,409,3,22,True,True,True,1791123414
2026-10-04T14:16:56+00:00,451,1,18,True,True,True,1791123414
2026-10-04T14:16:56+00:00,402,6,13,True,True,True,1791123414
2026-10-04T14:16:56+00:00,516,0,14,True,True,True,1791123414
2026-10-04T14:16:56+00:00,625,2,38,True,True,True,1791123414
2026-10-04T14:16:56+00:00,429,4,17,True,True,True,1791123414
2026-10-04T14:16:56+00:00,380,20,3,True,True,True,1791123414
2026-10-04T14:16:56+00:00,583,1,17,True,True,True,1791123414
2026-10-04T14:16:56+00:00,398,5,12,True,True,True,1791123414
2026-10-04T14:16:56+00:00,381,12,3,True,True,True,1791123414
2026-10-04T14:16:56+00:00,464,27,16,True,True,True,1791123414
2026-10-04T14:16:56+00:00,442,15,1,True,True,True,1791123414
2026-10-04T14:16:56+00:00,483,13,7,True,True,True,1791123414
2026-10-04T14:16:56+00:00,458,1,13,True,True,True,1791123414
2026-10-04T14:16:56+00:00,499,0,15,True,True,True,1791123414
2026-10-04T14:16:56+00:00,472,1,19,True,True,True,1791123414
2026-10-04T14:16:56+00:00,506,4,20,True,True,True,1791123414
2026-10-04T14:16:56+00:00,465,12,17,True,True,True,1791123414
2026-10-04T14:16:56+00:00,611,3,34,True,True,True,1791123414
2026-10-04T14:16:56+00:00,404,10,16,True,True,True,1791123414
2026-10-04T14:16:56+00:00,579,0,17,True,True,True,1791123414
2026-10-04T14:16:56+00:00,589,3,24,True,True,True,1791123414
2026-10-04T14:16:56+00:00,434,1,19,True,True,True,1791123414
2026-10-04T14:16:56+00:00,462,1,14,True,True,True,1791123414
2026-10-04T14:16:56+00:00,578,12,10,True,True,True,1791123414
2026-10-04T14:16:56+00:00,415,0,12,True,True,True,1791123414
2026-10-04T14:16:56+00:00,423,19,1,True,True,True,1791123414
2026-10-04T14:16:56+00:00,412,5,2,True,True,True,1791123414
2026-10-04T14:16:56+00:00,387,14,0,True,True,True,1791123414
2026-10-04T14:16:56+00:00,441,2,13,True,True,True,1791123414
2026-10-04T14:16:56+00:00,454,0,22,True,True,True,1791123414
2026-10-04T14:16:56+00:00,436,4,8,True,True,True,1791123414
2026-10-04T14:16:56+00:00,394,2,17,True,True,True,1791123414
2026-10-04T14:16:56+00:00,497,15,12,True,True,True,1791123414
2026-10-04T14:16:56+00:00,581,1,22,True,True,True,1791123414
2026-10-04T14:16:56+00:00,461,0,18,True,True,True,1791123414
2026-10-04T14:16:56+00:00,599,21,24,True,True,True,1791123414
2026-10-04T14:16:56+00:00,428,6,17,True,True,True,1791123414
2026-10-04T14:16:56+00:00,400,5,19,True,True,True,1791123414
2026-10-04T14:16:56+00:00,487,2,19,True,True,True,1791123414
2026-10-04T14:16:56+00:00,438,25,14,True,True,True,1791123414
2026-10-04T14:16:56+00:00,459,0,12,True,True,True,1791123414
2026-10-04T14:16:56+00:00,433,2,15,True,True,True,1791123414
2026-10-04T14:16:56+00:00,399,1,29,True,True,True,1791123414
2026-10-04T14:16:56+00:00,489,17,10,True,True,True,1791123414
2026-10-04T14:16:56+00:00,742,14,13,True,True,True,1791123414
2026-10-04T14:16:56+00:00,551,10,22,True,True,True,1791123414
2026-10-04T14:16:56+00:00,406,3,7,True,True,True,1791123414
2026-10-04T14:16:56+00:00,488,3,19,True,True,True,1791123414
2026-10-04T14:16:56+00:00,540,6,27,True,True,True,1791123414
2026-10-04T14:16:56+00:00,431,3,17,True,True,True,1791123414
2026-10-04T14:16:56+00:00,393,0,20,True,True,True,1791123414
2026-10-04T14:16:56+00:00,420,3,14,True,True,True,1791123414
2026-10-04T14:16:56+00:00,397,3,27,True,True,True,1791123414
2026-10-04T14:16:56+00:00,390,7,23,True,True,True,1791123414
2026-10-04T14:16:56+00:00,449,15,9,True,True,True,1791123414
2026-10-04T14:16:56+00:00,430,1,41,True,True,True,1791123414
2026-10-04T14:16:56+00:00,484,13,21,True,True,True,1791123414
2026-10-04T14:16:56+00:00,479,5,25,True,True,True,1791123414
2026-10-04T14:16:56+00:00,403,3,11,True,True,True,1791123414
2026-10-04T14:16:56+00:00,435,7,23,True,True,True,1791123414
2026-10-04T14:16:56+00:00,426,6,13,True,True,True,1791123414
2026-10-04T14:16:56+00:00,450,7,7,True,True,True,1791123414
2026-10-04T14:16:56+00:00,456,13,20,True,True,True,1791123414
2026-10-04T14:16:56+00:00,468,12,3,True,True,True,1791123414
2026-10-04T14:16:56+00:00,453,20,13,True,True,True,1791123414
2026-10-04T14:16:56+00:00,466,0,15,True,True,True,1791123414
2026-10-04T14:16:56+00:00,469,3,27,True,True,True,1791123414
2026-10-04T14:16:56+00:00,416,0,15,True,True,True,1791123414
2026-10-04T14:16:56+00:00,391,0,13,True,True,True,1791123414
2026-10-04T14:16:56+00:00,389,2,12,True,True,True,1791123414
2026-10-04T14:16:56+00:00,470,0,14,True,True,True,1791123414
2026-10-04T14:16:56+00:00,384,4,11,True,True,True,1791123414
2026-10-04T14:16:56+00:00,425,2,5,True,True,True,1791123414
2026-10-04T14:16:56+00:00,411,5,6,True,True,True,1791123414
2026-10-04T14:16:56+00:00,598,11,22,True,True,True,1791123414
2026-10-04T14:16:56+00:00,444,17,1,True,True,True,1791123414
2026-10-04T14:16:56+00:00,447,12,18,True,True,True,1791123414
2026-10-04T14:16:56+00:00,408,11,2,True,True,True,1791123414
2026-10-04T14:16:56+00:00,737,22,2,True,True,True,1791123414
2026-10-04T14:16:56+00:00,432,0,11,True,True,True,1791123414
2026-10-04T14:16:56+00:00,401,5,0,True,True,True,1791123414
2026-10-04T14:16:56+00:00,452,6,22,True,True,True,1791123414
2026-10-04T14:16:56+00:00,392,4,3,True,True,True,1791123414
2026-10-04T14:16:56+00:00,481,10,31,True,True,True,1791123414
2026-10-04T14:16:56+00:00,495,6,34,True,True,True,1791123414
2026-10-04T14:16:56+00:00,478,13,0,True,True,True,1791123414
2026-10-04T14:16:56+00:00,414,4,7,True,True,True,1791123414
2026-10-04T14:16:56+00:00,476,17,2,True,True,True,1791123414
2026-10-04T14:16:56+00:00,445,10,8,True,True,True,1791123414
2026-10-04T14:16:56+00:00,748,8,19,True,True,True,1791123414
2026-10-04T14:16:56+00:00,473,0,7,True,True,True,1791123414
2026-10-04T14:16:56+00:00,383,1,23,True,True,True,1791123414
2026-10-04T14:16:56+00:00,480,5,19,True,True,True,1791123414
2026-10-04T14:16:56+00:00,421,12,7,True,True,True,1791123414
2026-10-04T14:16:56+00:00,746,8,3,True,True,True,1791123414
2026-10-04T14:16:56+00:00,417,2,12,True,True,True,1791123414
2026-10-04T14:16:56+00:00,427,0,14,True,True,True,1791123414
2026-10-04T14:16:56+00:00,395,5,9,True,True,True,1791123414
2026-10-04T14:16:56+00:00,418,12,15,True,True,True,1791123414
2026-10-04T14:16:56+00:00,413,1,11,True,True,True,1791123414
2026-10-04T14:16:56+00:00,486,6,16,True,True,True,1791123414
2026-10-04T14:16:56+00:00,597,13,2,True,True,True,1791123414
2026-10-04T14:16:56+00:00,422,4,7,True,True,True,1791123414
2026-10-04T14:16:56+00:00,382,1,7,True,True,True,1791123414
2026-10-04T14:16:56+00:00,396,6,14,True,True,True,1791123414
2026-10-04T14:16:56+00:00,735,10,3,True,True,True,1791123414
2026-10-04T14:16:56+00:00,437,7,17,True,True,True,1791123414
2026-10-04T14:16:56+00:00,446,2,20,True,True,True,1791123414
2026-10-04T14:16:56+00:00,424,2,4,True,True,True,1791123414
2026-10-04T14:16:56+00:00,455,12,0,True,True,True,1791123414
2026-10-04T14:16:56+00:00,457,1,9,True,True,True,1791123414
2026-10-04T14:16:56+00:00,377,8,21,True,True,True,1791123414
2026-10-04T14:16:56+00:00,738,7,5,True,True,True,1791123414
2026-10-04T14:16:56+00:00,460,4,25,True,True,True,1791123414
2026-10-04T14:16:56+00:00,744,3,6,True,True,True,1791123414
2026-10-04T14:16:56+00:00,485,1,18,True,True,True,1791123414
2026-10-04T14:31:56+00:00,6026,19,13,True,True,True,1791124303
2026-10-04T14:31:56+00:00,5431,15,6,True,True,True,1791124303
2026-10-04T14:31:56+00:00,5424,2,16,True,True,True,1791124303
2026-10-04T14:31:56+00:00,5220,0,19,True,True,True,1791124303
2026-10-04T14:31:56+00:00,5217,12,17,True,True,True,1791124303
2026-10-04T14:31:56+00:00,5113,13,2,True,True,True,1791124303
2026-10-04T14:31:56+00:00,4683,1,19,True,True,True,1791124303
2026-10-04T14:31:56+00:00,4552,4,14,True,True,True,1791124303
2026-10-04T14:31:56+00:00,3725,2,16,True,True,True,1791124303
2026-10-04T14:31:56+00:00,2358,2,9,True,True,True,1791124303
2026-10-04T14:31:56+00:00,2357,11,10,True,True,True,1791124303
2026-10-04T14:31:56+00:00,2355,0,12,True,True,True,1791124303
2026-10-04T14:31:56+00:00,2351,4,13,True,True,True,1791124303
2026-10-04T14:31:56+00:00,2350,17,6,True,True,True,1791124303
2026-10-04T14:31:56+00:00,2349,4,17,True,True,True,1791124303
2026-10-04T14:31:56+00:00,2347,6,24,True,True,True,1791124303
2026-10-04T14:31:56+00:00,2340,9,15,True,True,True,1791124303
2026-10-04T14:31:56+00:00,2339,14,14,True,True,True,1791124303
2026-10-04T14:31:56+00:00,2337,14,0,True,True,True,1791124303
2026-10-04T14:31:56+00:00,2334,1,10,True,True,True,1791124303
2026-10-04T14:31:56+00:00,2333,13,2,True,True,True,1791124303
2026-10-04T14:31:56+00:00,2332,0,9,True,True,True,1791124303
2026-10-04T14:31:56+00:00,2330,13,0,True,True,True,1791124303
2026-10-04T14:31:56+00:00,2329,13,1,True,True,True,1791124303
2026-10-04T14:31:56+00:00,2328,12,7,True,True,True,1791124303
2026-10-04T14:31:56+00:00,2315,3,15,True,True,True,1791124303
2026-10-04T14:31:56+00:00,2308,1,7,True,True,True,1791124303
2026-10-04T14:31:56+00:00,2307,9,20,True,True,True,1791124303
2026-10-04T14:31:56+00:00,2306,10,8,True,True,True,1791124303
2026-10-04T14:31:56+00:00,2305,6,8,True,True,True,1791124303
2026-10-04T14:31:56+00:00,2304,3,13,True,True,True,1791124303
2026-10-04T14:31:56+00:00,2280,10,2,True,True,True,1791124303
2026-10-04T14:31:56+00:00,2270,5,12,True,True,True,1791124303
2026-10-04T14:31:56+00:00,1919,5,1,True,True,True,1791124303
2026-10-04T14:31:56+00:00,1755,10,21,True,True,True,1791124303
2026-10-04T14:31:56+00:00,1101,5,18,True,True,True,1791124303
2026-10-04T14:31:56+00:00,1023,8,5,True,True,True,1791124303
2026-10-04T14:31:56+00:00,1009,1,9,True,True,True,1791124303
2026-10-04T14:31:56+00:00,970,5,19,True,True,True,1791124303
2026-10-04T14:31:56+00:00,787,12,0,True,True,True,1791124303
2026-10-04T14:31:56+00:00,627,5,25,True,True,True,1791124303
2026-10-04T14:31:56+00:00,623,17,2,True,True,True,1791124303
2026-10-04T14:31:56+00:00,624,1,17,True,True,True,1791124303
2026-10-04T14:31:56+00:00,626,4,18,True,True,True,1791124303
2026-10-04T14:31:56+00:00,614,4,18,True,True,True,1791124303
2026-10-04T14:31:56+00:00,616,10,5,True,True,True,1791124303
2026-10-04T14:31:56+00:00,618,8,34,True,True,True,1791124303
2026-10-04T14:31:56+00:00,621,11,14,True,True,True,1791124303
2026-10-04T14:31:56+00:00,622,18,10,True,True,True,1791124303
2026-10-04T14:31:56+00:00,613,1,15,True,True,True,1791124303
2026-10-04T14:31:56+00:00,620,14,25,True,True,True,1791124303
2026-10-04T14:31:56+00:00,596,3,15,True,True,True,1791124303
2026-10-04T14:31:56+00:00,617,2,16,True,True,True,1791124303
2026-10-04T14:31:56+00:00,609,16,11,True,True,True,1791124303
2026-10-04T14:31:56+00:00,607,12,15,True,True,True,1791124303
2026-10-04T14:31:56+00:00,603,11,6,True,True,True,1791124303
2026-10-04T14:31:56+00:00,590,1,36,True,True,True,1791124303
2026-10-04T14:31:56+00:00,610,1,17,True,True,True,1791124303
2026-10-04T14:31:56+00:00,608,3,16,True,True,True,1791124303
2026-10-04T14:31:56+00:00,593,19,9,True,True,True,1791124303
2026-10-04T14:31:56+00:00,530,6,3,True,True,True,1791124303
2026-10-04T14:31:56+00:00,463,15,1,True,True,True,1791124303
2026-10-04T14:31:56+00:00,475,22,1,True,True,True,1791124303
2026-10-04T14:31:56+00:00,439,6,17,True,True,True,1791124303
2026-10-04T14:31:56+00:00,600,8,2,True,True,True,1791124303
2026-10-04T14:31:56+00:00,440,8,7,True,True,True,1791124303
2026-10-04T14:31:56+00:00,612,1,17,True,True,True,1791124303
2026-10-04T14:31:56+00:00,491,17,1,True,True,True,1791124303
2026-10-04T14:31:56+00:00,493,16,10,True,True,True,1791124303
2026-10-04T14:31:56+00:00,410,2,23,True,True,True,1791124303
2026-10-04T14:31:56+00:00,605,4,14,True,True,True,1791124303
2026-10-04T14:31:56+00:00,388,7,9,True,True,True,1791124303
2026-10-04T14:31:56+00:00,591,15,8,True,True,True,1791124303
2026-10-04T14:31:56+00:00,592,1,17,True,True,True,1791124303
2026-10-04T14:31:56+00:00,585,0,0,True,True,True,1791124303
2026-10-04T14:31:56+00:00,565,2,16,True,True,True,1791124303
2026-10-04T14:31:56+00:00,571,7,12,True,True,True,1791124303
2026-10-04T14:31:56+00:00,568,0,15,True,True,True,1791124303
2026-10-04T14:31:56+00:00,588,5,14,True,True,True,1791124303
2026-10-04T14:31:56+00:00,584,0,35,True,True,True,1791124303
2026-10-04T14:31:56+00:00,569,13,15,True,True,True,1791124303
2026-10-04T14:31:56+00:00,577,8,21,True,True,True,1791124303
2026-10-04T14:31:56+00:00,564,2,27,True,True,True,1791124303
2026-10-04T14:31:56+00:00,570,0,15,True,True,True,1791124303
2026-10-04T14:31:56+00:00,572,9,30,True,True,True,1791124303
2026-10-04T14:31:56+00:00,586,3,22,True,True,True,1791124303
2026-10-04T14:31:56+00:00,576,11,6,True,True,True,1791124303
2026-10-04T14:31:56+00:00,566,23,1,True,True,True,1791124303
2026-10-04T14:31:56+00:00,602,6,12,True,True,True,1791124303
2026-10-04T14:31:56+00:00,575,0,29,True,True,True,1791124303
2026-10-04T14:31:56+00:00,567,21,17,True,True,True,1791124303
2026-10-04T14:31:56+00:00,582,5,20,True,True,True,1791124303
2026-10-04T14:31:56+00:00,595,23,0,True,True,True,1791124303
2026-10-04T14:31:56+00:00,542,13,5,True,True,True,1791124303
2026-10-04T14:31:56+00:00,563,5,11,True,True,True,1791124303
2026-10-04T14:31:56+00:00,558,4,11,True,True,True,1791124303
2026-10-04T14:31:56+00:00,552,5,13,True,True,True,1791124303
2026-10-04T14:31:56+00:00,555,4,9,True,True,True,1791124303
2026-10-04T14:31:56+00:00,573,6,18,True,True,True,1791124303
2026-10-04T14:31:56+00:00,561,8,14,True,True,True,1791124303
2026-10-04T14:31:56+00:00,615,6,15,True,True,True,1791124303
2026-10-04T14:31:56+00:00,543,1,18,True,True,True,1791124303
2026-10-04T14:31:56+00:00,554,0,19,True,True,True,1791124303
2026-10-04T14:31:56+00:00,574,10,1,True,True,True,1791124303
2026-10-04T14:31:56+00:00,560,4,4,True,True,True,1791124303
2026-10-04T14:31:56+00:00,548,2,15,True,True,True,1791124303
2026-10-04T14:31:56+00:00,559,5,12,True,True,True,1791124303
2026-10-04T14:31:56+00:00,545,22,16,True,True,True,1791124303
2026-10-04T14:31:56+00:00,550,1,8,True,True,True,1791124303
2026-10-04T14:31:56+00:00,541,11,0,True,True,True,1791124303
2026-10-04T14:31:56+00:00,527,10,0,True,True,True,1791124303
2026-10-04T14:31:56+00:00,529,5,16,True,True,True,1791124303
2026-10-04T14:31:56+00:00,526,4,10,True,True,True,1791124303
2026-10-04T14:31:56+00:00,537,19,0,True,True,True,1791124303
2026-10-04T14:31:56+00:00,547,4,23,True,True,True,1791124303
2026-10-04T14:31:56+00:00,601,2,16,True,True,True,1791124303
2026-10-04T14:31:56+00:00,533,9,3,True,True,True,1791124303
2026-10-04T14:31:56+00:00,535,14,11,True,True,True,1791124303
2026-10-04T14:31:56+00:00,524,5,15,True,True,True,1791124303
2026-10-04T14:31:56+00:00,519,6,16,True,True,True,1791124303
2026-10-04T14:31:56+00:00,534,17,22,True,True,True,1791124303
2026-10-04T14:31:56+00:00,521,13,0,True,True,True,1791124303
2026-10-04T14:31:56+00:00,518,1,17,True,True,True,1791124303
2026-10-04T14:31:56+00:00,556,0,18,True,True,True,1791124303
2026-10-04T14:31:56+00:00,525,4,10,True,True,True,1791124303
2026-10-04T14:31:56+00:00,517,0,15,True,True,True,1791124303
2026-10-04T14:31:56+00:00,523,11,19,True,True,True,1791124303
2026-10-04T14:31:56+00:00,522,8,1,True,True,True,1791124303
2026-10-04T14:31:56+00:00,594,2,15,True,True,True,1791124303
2026-10-04T14:31:56+00:00,532,1,19,True,True,True,1791124303
2026-10-04T14:31:56+00:00,509,8,3,True,True,True,1791124303
2026-10-04T14:31:56+00:00,531,7,11,True,True,True,1791124303
2026-10-04T14:31:56+00:00,536,2,7,True,True,True,1791124303
2026-10-04T14:31:56+00:00,562,19,20,True,True,True,1791124303
2026-10-04T14:31:56+00:00,511,7,16,True,True,True,1791124303
2026-10-04T14:31:56+00:00,505,8,13,True,True,True,1791124303
2026-10-04T14:31:56+00:00,501,1,17,True,True,True,1791124303
2026-10-04T14:31:56+00:00,514,2,10,True,True,True,1791124303
2026-10-04T14:31:56+00:00,500,4,13,True,True,True,1791124303
2026-10-04T14:31:56+00:00,503,0,28,True,True,True,1791124303
2026-10-04T14:31:56+00:00,513,1,14,True,True,True,1791124303
2026-10-04T14:31:56+00:00,498,0,12,True,True,True,1791124303
2026-10-04T14:31:56+00:00,507,15,3,True,True,True,1791124303
2026-10-04T14:31:56+00:00,512,16,11,True,True,True,1791124303
2026-10-04T14:31:56+00:00,619,19,23,True,True,True,1791124303
2026-10-04T14:31:56+00:00,474,30,12,True,True,True,1791124303
2026-10-04T14:31:56+00:00,580,12,33,True,True,True,1791124303
2026-10-04T14:31:56+00:00,496,24,19,True,True,True,1791124303
2026-10-04T14:31:56+00:00,482,1,16,True,True,True,1791124303
2026-10-04T14:31:56+00:00,407,1,12,True,True,True,1791124303
2026-10-04T14:31:56+00:00,409,2,23,True,True,True,1791124303
2026-10-04T14:31:56+00:00,451,1,18,True,True,True,1791124303
2026-10-04T14:31:56+00:00,402,4,15,True,True,True,1791124303
2026-10-04T14:31:56+00:00,516,1,13,True,True,True,1791124303
2026-10-04T14:31:56+00:00,625,2,38,True,True,True,1791124303
2026-10-04T14:31:56+00:00,429,4,17,True,True,True,1791124303
2026-10-04T14:31:56+00:00,380,20,3,True,True,True,1791124303
2026-10-04T14:31:56+00:00,583,1,17,True,True,True,1791124303
2026-10-04T14:31:56+00:00,398,9,8,True,True,True,1791124303
2026-10-04T14:31:56+00:00,381,13,2,True,True,True,1791124303
2026-10-04T14:31:56+00:00,464,24,19,True,True,True,1791124303
2026-10-04T14:31:56+00:00,442,15,1,True,True,True,1791124303
2026-10-04T14:31:56+00:00,483,13,7,True,True,True,1791124303
2026-10-04T14:31:56+00:00,458,1,13,True,True,True,1791124303
2026-10-04T14:31:56+00:00,499,0,15,True,True,True,1791124303
2026-10-04T14:31:56+00:00,472,1,19,True,True,True,1791124303
2026-10-04T14:31:56+00:00,506,4,20,True,True,True,1791124303
2026-10-04T14:31:56+00:00,465,13,16,True,True,True,1791124303
2026-10-04T14:31:56+00:00,611,3,34,True,True,True,1791124303
2026-10-04T14:31:56+00:00,404,10,16,True,True,True,1791124303
2026-10-04T14:31:56+00:00,579,0,17,True,True,True,1791124303
2026-10-04T14:31:56+00:00,589,4,23,True,True,True,1791124303
2026-10-04T14:31:56+00:00,434,1,19,True,True,True,1791124303
2026-10-04T14:31:56+00:00,462,2,13,True,True,True,1791124303
2026-10-04T14:31:56+00:00,578,10,12,True,True,True,1791124303
2026-10-04T14:31:56+00:00,415,0,12,True,True,True,1791124303
2026-10-04T14:31:56+00:00,423,20,0,True,True,True,1791124303
2026-10-04T14:31:56+00:00,412,5,2,True,True,True,1791124303
2026-10-04T14:31:56+00:00,387,14,0,True,True,True,1791124303
2026-10-04T14:31:56+00:00,441,2,13,True,True,True,1791124303
2026-10-04T14:31:56+00:00,454,2,20,True,True,True,1791124303
2026-10-04T14:31:56+00:00,436,4,8,True,True,True,1791124303
2026-10-04T14:31:56+00:00,394,2,17,True,True,True,1791124303
2026-10-04T14:31:56+00:00,497,15,12,True,True,True,1791124303
2026-10-04T14:31:56+00:00,581,2,21,True,True,True,1791124303
2026-10-04T14:31:56+00:00,461,1,17,True,True,True,1791124303
2026-10-04T14:31:56+00:00,599,21,24,True,True,True,1791124303
2026-10-04T14:31:56+00:00,428,6,17,True,True,True,1791124303
2026-10-04T14:31:56+00:00,400,5,19,True,True,True,1791124303
2026-10-04T14:31:56+00:00,487,2,19,True,True,True,1791124303
2026-10-04T14:31:56+00:00,438,25,14,True,True,True,1791124303
2026-10-04T14:31:56+00:00,459,0,12,True,True,True,1791124303
2026-10-04T14:31:56+00:00,433,2,15,True,True,True,1791124303
2026-10-04T14:31:56+00:00,399,1,29,True,True,True,1791124303
2026-10-04T14:31:56+00:00,489,17,10,True,True,True,1791124303
2026-10-04T14:31:56+00:00,742,14,13,True,True,True,1791124303
2026-10-04T14:31:56+00:00,551,16,17,True,True,True,1791124303
2026-10-04T14:31:56+00:00,406,5,5,True,True,True,1791124303
2026-10-04T14:31:56+00:00,488,4,18,True,True,True,1791124303
2026-10-04T14:31:56+00:00,540,6,27,True,True,True,1791124303
2026-10-04T14:31:56+00:00,431,4,16,True,True,True,1791124303
2026-10-04T14:31:56+00:00,393,0,20,True,True,True,1791124303
2026-10-04T14:31:56+00:00,420,4,13,True,True,True,1791124303
2026-10-04T14:31:56+00:00,397,1,29,True,True,True,1791124303
2026-10-04T14:31:56+00:00,390,7,23,True,True,True,1791124303
2026-10-04T14:31:56+00:00,449,17,7,True,True,True,1791124303
2026-10-04T14:31:56+00:00,430,1,41,True,True,True,1791124303
2026-10-04T14:31:56+00:00,484,13,21,True,True,True,1791124303
2026-10-04T14:31:56+00:00,479,3,27,True,True,True,1791124303
2026-10-04T14:31:56+00:00,403,3,11,True,True,True,1791124303
2026-10-04T14:31:56+00:00,435,7,23,True,True,True,1791124303
2026-10-04T14:31:56+00:00,426,8,12,True,True,True,1791124303
2026-10-04T14:31:56+00:00,450,7,7,True,True,True,1791124303
2026-10-04T14:31:56+00:00,456,13,20,True,True,True,1791124303
2026-10-04T14:31:56+00:00,468,12,3,True,True,True,1791124303
2026-10-04T14:31:56+00:00,453,20,13,True,True,True,1791124303
2026-10-04T14:31:56+00:00,466,0,15,True,True,True,1791124303
2026-10-04T14:31:56+00:00,469,3,27,True,True,True,1791124303
2026-10-04T14:31:56+00:00,416,0,15,True,True,True,1791124303
2026-10-04T14:31:56+00:00,391,0,13,True,True,True,1791124303
2026-10-04T14:31:56+00:00,389,2,12,True,True,True,1791124303
2026-10-04T14:31:56+00:00,470,0,14,True,True,True,1791124303
2026-10-04T14:31:56+00:00,384,4,11,True,True,True,1791124303
2026-10-04T14:31:56+00:00,425,2,5,True,True,True,1791124303
2026-10-04T14:31:56+00:00,411,4,7,True,True,True,1791124303
2026-10-04T14:31:56+00:00,598,10,23,True,True,True,1791124303
2026-10-04T14:31:56+00:00,444,15,3,True,True,True,1791124303
2026-10-04T14:31:56+00:00,447,11,19,True,True,True,1791124303
2026-10-04T14:31:56+00:00,408,10,3,True,True,True,1791124303
2026-10-04T14:31:56+00:00,737,22,2,True,True,True,1791124303
2026-10-04T14:31:56+00:00,432,2,9,True,True,True,1791124303
2026-10-04T14:31:56+00:00,401,5,0,True,True,True,1791124303
2026-10-04T14:31:56+00:00,452,6,22,True,True,True,1791124303
2026-10-04T14:31:56+00:00,392,4,3,True,True,True,1791124303
2026-10-04T14:31:56+00:00,481,10,31,True,True,True,1791124303
2026-10-04T14:31:56+00:00,495,6,34,True,True,True,1791124303
2026-10-04T14:31:56+00:00,478,13,0,True,True,True,1791124303
2026-10-04T14:31:56+00:00,414,5,6,True,True,True,1791124303
2026-10-04T14:31:56+00:00,476,17,2,True,True,True,1791124303
2026-10-04T14:31:56+00:00,445,10,8,True,True,True,1791124303
2026-10-04T14:31:56+00:00,748,8,19,True,True,True,1791124303
2026-10-04T14:31:56+00:00,473,0,7,True,True,True,1791124303
2026-10-04T14:31:56+00:00,383,0,24,True,True,True,1791124303
2026-10-04T14:31:56+00:00,480,4,20,True,True,True,1791124303
2026-10-04T14:31:56+00:00,421,11,8,True,True,True,1791124303
2026-10-04T14:31:56+00:00,746,8,3,True,True,True,1791124303
2026-10-04T14:31:56+00:00,417,2,12,True,True,True,1791124303
2026-10-04T14:31:56+00:00,427,0,14,True,True,True,1791124303
2026-10-04T14:31:56+00:00,395,5,9,True,True,True,1791124303
2026-10-04T14:31:56+00:00,418,9,18,True,True,True,1791124303
2026-10-04T14:31:56+00:00,413,1,11,True,True,True,1791124303
2026-10-04T14:31:56+00:00,486,6,16,True,True,True,1791124303
2026-10-04T14:31:56+00:00,597,13,2,True,True,True,1791124303
2026-10-04T14:31:56+00:00,422,3,8,True,True,True,1791124303
2026-10-04T14:31:56+00:00,382,1,7,True,True,True,1791124303
2026-10-04T14:31:56+00:00,396,7,14,True,True,True,1791124303
2026-10-04T14:31:56+00:00,735,10,3,True,True,True,1791124303
2026-10-04T14:31:56+00:00,437,7,17,True,True,True,1791124303
2026-10-04T14:31:56+00:00,446,1,21,True,True,True,1791124303
2026-10-04T14:31:56+00:00,424,4,3,True,True,True,1791124303
2026-10-04T14:31:56+00:00,455,12,0,True,True,True,1791124303
2026-10-04T14:31:56+00:00,457,1,9,True,True,True,1791124303
2026-10-04T14:31:56+00:00,377,6,23,True,True,True,1791124303
2026-10-04T14:31:56+00:00,738,8,4,True,True,True,1791124303
2026-10-04T14:31:56+00:00,460,5,24,True,True,True,1791124303
2026-10-04T14:31:56+00:00,744,2,7,True,True,True,1791124303
2026-10-04T14:31:56+00:00,485,1,18,True,True,True,1791124303
2026-10-04T14:46:56+00:00,6026,19,13,True,True,True,1791125216
2026-10-04T14:46:56+00:00,5431,15,6,True,True,True,1791125216
2026-10-04T14:46:56+00:00,5424,3,15,True,True,True,1791125216
2026-10-04T14:46:56+00:00,5220,0,19,True,True,True,1791125216
2026-10-04T14:46:56+00:00,5217,12,17,True,True,True,1791125216
2026-10-04T14:46:56+00:00,5113,11,4,True,True,True,1791125216
2026-10-04T14:46:56+00:00,4683,1,19,True,True,True,1791125216
2026-10-04T14:46:56+00:00,4552,4,14,True,True,True,1791125216
2026-10-04T14:46:56+00:00,3725,2,16,True,True,True,1791125216
2026-10-04T14:46:56+00:00,2358,2,9,True,True,True,1791125216
2026-10-04T14:46:56+00:00,2357,10,11,True,True,True,1791125216
2026-10-04T14:46:56+00:00,2355,0,12,True,True,True,1791125216
2026-10-04T14:46:56+00:00,2351,5,12,True,True,True,1791125216
2026-10-04T14:46:56+00:00,2350,16,7,True,True,True,1791125216
2026-10-04T14:46:56+00:00,2349,4,17,True,True,True,1791125216
2026-10-04T14:46:56+00:00,2347,6,24,True,True,True,1791125216
2026-10-04T14:46:56+00:00,2340,9,15,True,True,True,1791125216
2026-10-04T14:46:56+00:00,2339,14,14,True,True,True,1791125216
2026-10-04T14:46:56+00:00,2337,14,0,True,True,True,1791125216
2026-10-04T14:46:56+00:00,2334,1,10,True,True,True,1791125216
2026-10-04T14:46:56+00:00,2333,13,2,True,True,True,1791125216
2026-10-04T14:46:56+00:00,2332,0,9,True,True,True,1791125216
2026-10-04T14:46:56+00:00,2330,13,0,True,True,True,1791125216
2026-10-04T14:46:56+00:00,2329,13,1,True,True,True,1791125216
2026-10-04T14:46:56+00:00,2328,11,8,True,True,True,1791125216
2026-10-04T14:46:56+00:00,2315,4,14,True,True,True,1791125216
2026-10-04T14:46:56+00:00,2308,1,7,True,True,True,1791125216
2026-10-04T14:46:56+00:00,2307,8,21,True,True,True,1791125216
2026-10-04T14:46:56+00:00,2306,10,8,True,True,True,1791125216
2026-10-04T14:46:56+00:00,2305,6,8,True,True,True,1791125216
2026-10-04T14:46:56+00:00,2304,3,13,True,True,True,1791125216
2026-10-04T14:46:56+00:00,2280,10,2,True,True,True,1791125216
2026-10-04T14:46:56+00:00,2270,5,12,True,True,True,1791125216
2026-10-04T14:46:56+00:00,1919,5,1,True,True,True,1791125216
2026-10-04T14:46:56+00:00,1755,10,21,True,True,True,1791125216
2026-10-04T14:46:56+00:00,1101,4,19,True,True,True,1791125216
2026-10-04T14:46:56+00:00,1023,8,5,True,True,True,1791125216
2026-10-04T14:46:56+00:00,1009,1,9,True,True,True,1791125216
2026-10-04T14:46:56+00:00,970,5,19,True,True,True,1791125216
2026-10-04T14:46:56+00:00,787,12,0,True,True,True,1791125216
2026-10-04T14:46:56+00:00,627,5,25,True,True,True,1791125216
2026-10-04T14:46:56+00:00,623,17,2,True,True,True,1791125216
2026-10-04T14:46:56+00:00,624,1,17,True,True,True,1791125216
2026-10-04T14:46:56+00:00,626,4,18,True,True,True,1791125216
2026-10-04T14:46:56+00:00,614,4,18,True,True,True,1791125216
2026-10-04T14:46:56+00:00,616,10,5,True,True,True,1791125216
2026-10-04T14:46:56+00:00,618,8,34,True,True,True,1791125216
2026-10-04T14:46:56+00:00,621,12,13,True,True,True,1791125216
2026-10-04T14:46:56+00:00,622,17,11,True,True,True,1791125216
2026-10-04T14:46:56+00:00,613,1,15,True,True,True,1791125216
2026-10-04T14:46:56+00:00,620,11,28,True,True,True,1791125216
2026-10-04T14:46:56+00:00,596,3,15,True,True,True,1791125216
2026-10-04T14:46:56+00:00,617,2,16,True,True,True,1791125216
2026-10-04T14:46:56+00:00,609,16,11,True,True,True,1791125216
2026-10-04T14:46:56+00:00,607,10,17,True,True,True,1791125216
2026-10-04T14:46:56+00:00,603,10,7,True,True,True,1791125216
2026-10-04T14:46:56+00:00,590,1,36,True,True,True,1791125216
2026-10-04T14:46:56+00:00,610,2,16,True,True,True,1791125216
2026-10-04T14:46:56+00:00,608,2,17,True,True,True,1791125216
2026-10-04T14:46:56+00:00,593,17,11,True,True,True,1791125216
2026-10-04T14:46:56+00:00,530,6,3,True,True,True,1791125216
2026-10-04T14:46:56+00:00,463,15,1,True,True,True,1791125216
2026-10-04T14:46:56+00:00,475,22,1,True,True,True,1791125216
2026-10-04T14:46:56+00:00,439,7,16,True,True,True,1791125216
2026-10-04T14:46:56+00:00,600,8,2,True,True,True,1791125216
2026-10-04T14:46:56+00:00,440,7,8,True,True,True,1791125216
2026-10-04T14:46:56+00:00,612,0,18,True,True,True,1791125216
2026-10-04T14:46:56+00:00,491,17,1,True,True,True,1791125216
2026-10-04T14:46:56+00:00,493,16,10,True,True,True,1791125216
2026-10-04T14:46:56+00:00,410,3,22,True,True,True,1791125216
2026-10-04T14:46:56+00:00,605,3,15,True,True,True,1791125216
2026-10-04T14:46:56+00:00,388,7,9,True,True,True,1791125216
2026-10-04T14:46:56+00:00,591,16,7,True,True,True,1791125216
2026-10-04T14:46:56+00:00,592,1,17,True,True,True,1791125216
2026-10-04T14:46:56+00:00,585,0,0,True,True,True,1791125216
2026-10-04T14:46:56+00:00,565,2,16,True,True,True,1791125216
2026-10-04T14:46:56+00:00,571,7,12,True,True,True,1791125216
2026-10-04T14:46:56+00:00,568,2,13,True,True,True,1791125216
2026-10-04T14:46:56+00:00,588,5,14,True,True,True,1791125216
2026-10-04T14:46:56+00:00,584,2,33,True,True,True,1791125216
2026-10-04T14:46:56+00:00,569,14,14,True,True,True,1791125216
2026-10-04T14:46:56+00:00,577,8,21,True,True,True,1791125216
2026-10-04T14:46:56+00:00,564,2,27,True,True,True,1791125216
2026-10-04T14:46:56+00:00,570,0,15,True,True,True,1791125216
2026-10-04T14:46:56+00:00,572,9,30,True,True,True,1791125216
2026-10-04T14:46:56+00:00,586,3,22,True,True,True,1791125216
2026-10-04T14:46:56+00:00,576,11,6,True,True,True,1791125216
2026-10-04T14:46:56+00:00,566,23,1,True,True,True,1791125216
2026-10-04T14:46:56+00:00,602,6,12,True,True,True,1791125216
2026-10-04T14:46:56+00:00,575,0,29,True,True,True,1791125216
2026-10-04T14:46:56+00:00,567,21,17,True,True,True,1791125216
2026-10-04T14:46:56+00:00,582,5,20,True,True,True,1791125216
2026-10-04T14:46:56+00:00,595,23,0,True,True,True,1791125216
2026-10-04T14:46:56+00:00,542,13,5,True,True,True,1791125216
2026-10-04T14:46:56+00:00,563,5,11,True,True,True,1791125216
2026-10-04T14:46:56+00:00,558,5,10,True,True,True,1791125216
2026-10-04T14:46:56+00:00,552,5,13,True,True,True,1791125216
2026-10-04T14:46:56+00:00,555,4,9,True,True,True,1791125216
2026-10-04T14:46:56+00:00,573,6,18,True,True,True,1791125216
2026-10-04T14:46:56+00:00,561,8,14,True,True,True,1791125216
2026-10-04T14:46:56+00:00,615,6,15,True,True,True,1791125216
2026-10-04T14:46:56+00:00,543,1,18,True,True,True,1791125216
2026-10-04T14:46:56+00:00,554,0,19,True,True,True,1791125216
2026-10-04T14:46:56+00:00,574,10,1,True,True,True,1791125216
2026-10-04T14:46:56+00:00,560,5,3,True,True,True,1791125216
2026-10-04T14:46:56+00:00,548,2,15,True,True,True,1791125216
2026-10-04T14:46:56+00:00,559,5,12,True,True,True,1791125216
2026-10-04T14:46:56+00:00,545,22,16,True,True,True,1791125216
2026-10-04T14:46:56+00:00,550,1,8,True,True,True,1791125216
2026-10-04T14:46:56+00:00,541,11,0,True,True,True,1791125216
2026-10-04T14:46:56+00:00,527,10,0,True,True,True,1791125216
2026-10-04T14:46:56+00:00,529,6,15,True,True,True,1791125216
2026-10-04T14:46:56+00:00,526,3,11,True,True,True,1791125216
2026-10-04T14:46:56+00:00,537,19,0,True,True,True,1791125216
2026-10-04T14:46:56+00:00,547,4,23,True,True,True,1791125216
2026-10-04T14:46:56+00:00,601,2,16,True,True,True,1791125216
2026-10-04T14:46:56+00:00,533,9,3,True,True,True,1791125216
2026-10-04T14:46:56+00:00,535,14,11,True,True,True,1791125216
2026-10-04T14:46:56+00:00,524,5,15,True,True,True,1791125216
2026-10-04T14:46:56+00:00,519,6,16,True,True,True,1791125216
2026-10-04T14:46:56+00:00,534,17,22,True,True,True,1791125216
2026-10-04T14:46:56+00:00,521,13,0,True,True,True,1791125216
2026-10-04T14:46:56+00:00,518,1,17,True,True,True,1791125216
2026-10-04T14:46:56+00:00,556,0,18,True,True,True,1791125216
2026-10-04T14:46:56+00:00,525,1,13,True,True,True,1791125216
2026-10-04T14:46:56+00:00,517,0,15,True,True,True,1791125216
2026-10-04T14:46:56+00:00,523,11,19,True,True,True,1791125216
2026-10-04T14:46:56+00:00,522,8,1,True,True,True,1791125216
2026-10-04T14:46:56+00:00,594,2,15,True,True,True,1791125216
2026-10-04T14:46:56+00:00,532,1,19,True,True,True,1791125216
2026-10-04T14:46:56+00:00,509,8,3,True,True,True,1791125216
2026-10-04T14:46:56+00:00,531,7,11,True,True,True,1791125216
2026-10-04T14:46:56+00:00,536,2,7,True,True,True,1791125216
2026-10-04T14:46:56+00:00,562,18,21,True,True,True,1791125216
2026-10-04T14:46:56+00:00,511,8,15,True,True,True,1791125216
2026-10-04T14:46:56+00:00,505,6,15,True,True,True,1791125216
2026-10-04T14:46:56+00:00,501,0,18,True,True,True,1791125216
2026-10-04T14:46:56+00:00,514,2,10,True,True,True,1791125216
2026-10-04T14:46:56+00:00,500,4,13,True,True,True,1791125216
2026-10-04T14:46:56+00:00,503,17,11,True,True,True,1791125216
2026-10-04T14:46:56+00:00,513,1,14,True,True,True,1791125216
2026-10-04T14:46:56+00:00,498,0,12,True,True,True,1791125216
2026-10-04T14:46:56+00:00,507,14,3,True,True,True,1791125216
2026-10-04T14:46:56+00:00,512,16,11,True,True,True,1791125216
2026-10-04T14:46:56+00:00,619,19,23,True,True,True,1791125216
2026-10-04T14:46:56+00:00,474,30,12,True,True,True,1791125216
2026-10-04T14:46:56+00:00,580,11,34,True,True,True,1791125216
2026-10-04T14:46:56+00:00,496,24,19,True,True,True,1791125216
2026-10-04T14:46:56+00:00,482,1,16,True,True,True,1791125216
2026-10-04T14:46:56+00:00,407,1,12,True,True,True,1791125216
2026-10-04T14:46:56+00:00,409,2,23,True,True,True,1791125216
2026-10-04T14:46:56+00:00,451,1,18,True,True,True,1791125216
2026-10-04T14:46:56+00:00,402,4,15,True,True,True,1791125216
2026-10-04T14:46:56+00:00,516,2,12,True,True,True,1791125216
2026-10-04T14:46:56+00:00,625,2,38,True,True,True,1791125216
2026-10-04T14:46:56+00:00,429,4,17,True,True,True,1791125216
2026-10-04T14:46:56+00:00,380,20,3,True,True,True,1791125216
2026-10-04T14:46:56+00:00,583,1,17,True,True,True,1791125216
2026-10-04T14:46:56+00:00,398,8,9,True,True,True,1791125216
2026-10-04T14:46:56+00:00,381,13,2,True,True,True,1791125216
2026-10-04T14:46:56+00:00,464,24,19,True,True,True,1791125216
2026-10-04T14:46:56+00:00,442,15,1,True,True,True,1791125216
2026-10-04T14:46:56+00:00,483,13,7,True,True,True,1791125216
2026-10-04T14:46:56+00:00,458,1,13,True,True,True,1791125216
2026-10-04T14:46:56+00:00,499,0,15,True,True,True,1791125216
2026-10-04T14:46:56+00:00,472,1,19,True,True,True,1791125216
2026-10-04T14:46:56+00:00,506,4,20,True,True,True,1791125216
2026-10-04T14:46:56+00:00,465,14,15,True,True,True,1791125216
2026-10-04T14:46:56+00:00,611,3,34,True,True,True,1791125216
2026-10-04T14:46:56+00:00,404,10,16,True,True,True,1791125216
2026-10-04T14:46:56+00:00,579,0,17,True,True,True,1791125216
2026-10-04T14:46:56+00:00,589,5,22,True,True,True,1791125216
2026-10-04T14:46:56+00:00,434,1,19,True,True,True,1791125216
2026-10-04T14:46:56+00:00,462,2,13,True,True,True,1791125216
2026-10-04T14:46:56+00:00,578,11,11,True,True,True,1791125216
2026-10-04T14:46:56+00:00,415,0,12,True,True,True,1791125216
2026-10-04T14:46:56+00:00,423,20,0,True,True,True,1791125216
2026-10-04T14:46:56+00:00,412,6,1,True,True,True,1791125216
2026-10-04T14:46:56+00:00,387,14,0,True,True,True,1791125216
2026-10-04T14:46:56+00:00,441,2,13,True,True,True,1791125216
2026-10-04T14:46:56+00:00,454,2,20,True,True,True,1791125216
2026-10-04T14:46:56+00:00,436,3,9,True,True,True,1791125216
2026-10-04T14:46:56+00:00,394,2,17,True,True,True,1791125216
2026-10-04T14:46:56+00:00,497,15,12,True,True,True,1791125216
2026-10-04T14:46:56+00:00,581,2,21,True,True,True,1791125216
2026-10-04T14:46:56+00:00,461,1,17,True,True,True,1791125216
2026-10-04T14:46:56+00:00,599,21,24,True,True,True,1791125216
2026-10-04T14:46:56+00:00,428,6,17,True,True,True,1791125216
2026-10-04T14:46:56+00:00,400,4,20,True,True,True,1791125216
2026-10-04T14:46:56+00:00,487,2,19,True,True,True,1791125216
2026-10-04T14:46:56+00:00,438,24,15,True,True,True,1791125216
2026-10-04T14:46:56+00:00,459,0,12,True,True,True,1791125216
2026-10-04T14:46:56+00:00,433,1,16,True,True,True,1791125216
2026-10-04T14:46:56+00:00,399,1,29,True,True,True,1791125216
2026-10-04T14:46:56+00:00,489,16,11,True,True,True,1791125216
2026-10-04T14:46:56+00:00,742,14,13,True,True,True,1791125216
2026-10-04T14:46:56+00:00,551,18,15,True,True,True,1791125216
2026-10-04T14:46:56+00:00,406,6,4,True,True,True,1791125216
2026-10-04T14:46:56+00:00,488,5,17,True,True,True,1791125216
2026-10-04T14:46:56+00:00,540,8,25,True,True,True,1791125216
2026-10-04T14:46:56+00:00,431,3,17,True,True,True,1791125216
2026-10-04T14:46:56+00:00,393,1,19,True,True,True,1791125216
2026-10-04T14:46:56+00:00,420,6,11,True,True,True,1791125216
2026-10-04T14:46:56+00:00,397,1,29,True,True,True,1791125216
2026-10-04T14:46:56+00:00,390,7,23,True,True,True,1791125216
2026-10-04T14:46:56+00:00,449,17,7,True,True,True,1791125216
2026-10-04T14:46:56+00:00,430,2,40,True,True,True,1791125216
2026-10-04T14:46:56+00:00,484,13,21,True,True,True,1791125216
2026-10-04T14:46:56+00:00,479,4,26,True,True,True,1791125216
2026-10-04T14:46:56+00:00,403,2,11,True,True,True,1791125216
2026-10-04T14:46:56+00:00,435,7,23,True,True,True,1791125216
2026-10-04T14:46:56+00:00,426,9,11,True,True,True,1791125216
2026-10-04T14:46:56+00:00,450,7,7,True,True,True,1791125216
2026-10-04T14:46:56+00:00,456,15,18,True,True,True,1791125216
2026-10-04T14:46:56+00:00,468,12,3,True,True,True,1791125216
2026-10-04T14:46:56+00:00,453,20,13,True,True,True,1791125216
2026-10-04T14:46:56+00:00,466,0,15,True,True,True,1791125216
2026-10-04T14:46:56+00:00,469,3,27,True,True,True,1791125216
2026-10-04T14:46:56+00:00,416,0,15,True,True,True,1791125216
2026-10-04T14:46:56+00:00,391,0,13,True,True,True,1791125216
2026-10-04T14:46:56+00:00,389,2,12,True,True,True,1791125216
2026-10-04T14:46:56+00:00,470,0,14,True,True,True,1791125216
2026-10-04T14:46:56+00:00,384,4,10,True,True,True,1791125216
2026-10-04T14:46:56+00:00,425,1,6,True,True,True,1791125216
2026-10-04T14:46:56+00:00,411,4,7,True,True,True,1791125216
2026-10-04T14:46:56+00:00,598,10,23,True,True,True,1791125216
2026-10-04T14:46:56+00:00,444,15,3,True,True,True,1791125216
2026-10-04T14:46:56+00:00,447,11,19,True,True,True,1791125216
2026-10-04T14:46:56+00:00,408,11,2,True,True,True,1791125216
2026-10-04T14:46:56+00:00,737,22,2,True,True,True,1791125216
2026-10-04T14:46:56+00:00,432,3,8,True,True,True,1791125216
2026-10-04T14:46:56+00:00,401,5,0,True,True,True,1791125216
2026-10-04T14:46:56+00:00,452,6,22,True,True,True,1791125216
2026-10-04T14:46:56+00:00,392,4,3,True,True,True,1791125216
2026-10-04T14:46:56+00:00,481,12,29,True,True,True,1791125216
2026-10-04T14:46:56+00:00,495,5,35,True,True,True,1791125216
2026-10-04T14:46:56+00:00,478,13,0,True,True,True,1791125216
2026-10-04T14:46:56+00:00,414,4,7,True,True,True,1791125216
2026-10-04T14:46:56+00:00,476,17,2,True,True,True,1791125216
2026-10-04T14:46:56+00:00,445,10,8,True,True,True,1791125216
2026-10-04T14:46:56+00:00,748,8,19,True,True,True,1791125216
2026-10-04T14:46:56+00:00,473,0,7,True,True,True,1791125216
2026-10-04T14:46:56+00:00,383,0,24,True,True,True,1791125216
2026-10-04T14:46:56+00:00,480,6,18,True,True,True,1791125216
2026-10-04T14:46:56+00:00,421,11,8,True,True,True,1791125216
2026-10-04T14:46:56+00:00,746,8,3,True,True,True,1791125216
2026-10-04T14:46:56+00:00,417,2,12,True,True,True,1791125216
2026-10-04T14:46:56+00:00,427,0,14,True,True,True,1791125216
2026-10-04T14:46:56+00:00,395,6,8,True,True,True,1791125216
2026-10-04T14:46:56+00:00,418,9,18,True,True,True,1791125216
2026-10-04T14:46:56+00:00,413,1,11,True,True,True,1791125216
2026-10-04T14:46:56+00:00,486,7,15,True,True,True,1791125216
2026-10-04T14:46:56+00:00,597,13,2,True,True,True,1791125216
2026-10-04T14:46:56+00:00,422,3,8,True,True,True,1791125216
2026-10-04T14:46:56+00:00,382,1,7,True,True,True,1791125216
2026-10-04T14:46:56+00:00,396,7,14,True,True,True,1791125216
2026-10-04T14:46:56+00:00,735,9,4,True,True,True,1791125216
2026-10-04T14:46:56+00:00,437,7,17,True,True,True,1791125216
2026-10-04T14:46:56+00:00,446,17,5,True,True,True,1791125216
2026-10-04T14:46:56+00:00,424,5,2,True,True,True,1791125216
2026-10-04T14:46:56+00:00,455,12,0,True,True,True,1791125216
2026-10-04T14:46:56+00:00,457,2,8,True,True,True,1791125216
2026-10-04T14:46:56+00:00,377,6,23,True,True,True,1791125216
2026-10-04T14:46:56+00:00,738,8,4,True,True,True,1791125216
2026-10-04T14:46:56+00:00,460,5,24,True,True,True,1791125216
2026-10-04T14:46:56+00:00,744,2,7,True,True,True,1791125216
2026-10-04T14:46:56+00:00,485,1,18,True,True,True,1791125216
2026-10-04T20:37:17+00:00,6026,6,25,True,True,True,1791146231
2026-10-04T20:37:17+00:00,5431,15,6,True,True,True,1791146231
2026-10-04T20:37:17+00:00,5424,1,17,True,True,True,1791146231
2026-10-04T20:37:17+00:00,5220,0,19,True,True,True,1791146231
2026-10-04T20:37:17+00:00,5217,8,21,True,True,True,1791146231
2026-10-04T20:37:17+00:00,5113,14,0,True,True,True,1791146231
2026-10-04T20:37:17+00:00,4683,0,20,True,True,True,1791146231
2026-10-04T20:37:17+00:00,4552,4,14,True,True,True,1791146231
2026-10-04T20:37:17+00:00,3725,2,16,True,True,True,1791146231
2026-10-04T20:37:17+00:00,2358,0,11,True,True,True,1791146231
2026-10-04T20:37:17+00:00,2357,2,19,True,True,True,1791146231
2026-10-04T20:37:17+00:00,2355,0,12,True,True,True,1791146231
2026-10-04T20:37:17+00:00,2351,3,14,True,True,True,1791146231
2026-10-04T20:37:17+00:00,2350,16,7,True,True,True,1791146231
2026-10-04T20:37:17+00:00,2349,5,16,True,True,True,1791146231
2026-10-04T20:37:17+00:00,2347,6,24,True,True,True,1791146231
2026-10-04T20:37:17+00:00,2340,10,14,True,True,True,1791146231
2026-10-04T20:37:17+00:00,2339,19,9,True,True,True,1791146231
2026-10-04T20:37:17+00:00,2337,13,1,True,True,True,1791146231
2026-10-04T20:37:17+00:00,2334,0,11,True,True,True,1791146231
2026-10-04T20:37:17+00:00,2333,11,4,True,True,True,1791146231
2026-10-04T20:37:17+00:00,2332,0,9,True,True,True,1791146231
2026-10-04T20:37:17+00:00,2330,12,1,True,True,True,1791146231
2026-10-04T20:37:17+00:00,2329,13,1,True,True,True,1791146231
2026-10-04T20:37:17+00:00,2328,11,8,True,True,True,1791146231
2026-10-04T20:37:17+00:00,2315,9,9,True,True,True,1791146231
2026-10-04T20:37:17+00:00,2308,1,7,True,True,True,1791146231
2026-10-04T20:37:17+00:00,2307,8,21,True,True,True,1791146231
2026-10-04T20:37:17+00:00,2306,11,7,True,True,True,1791146231
2026-10-04T20:37:17+00:00,2305,9,5,True,True,True,1791146231
2026-10-04T20:37:17+00:00,2304,2,14,True,True,True,1791146231
2026-10-04T20:37:17+00:00,2280,9,3,True,True,True,1791146231
2026-10-04T20:37:17+00:00,2270,7,10,True,True,True,1791146231
2026-10-04T20:37:17+00:00,1919,2,4,True,True,True,1791146231
2026-10-04T20:37:17+00:00,1755,1,30,True,True,True,1791146231
2026-10-04T20:37:17+00:00,1101,3,20,True,True,True,1791146231
2026-10-04T20:37:17+00:00,1023,11,2,True,True,True,1791146231
2026-10-04T20:37:17+00:00,1009,3,7,True,True,True,1791146231
2026-10-04T20:37:17+00:00,970,6,18,True,True,True,1791146231
2026-10-04T20:37:17+00:00,787,11,1,True,True,True,1791146231
2026-10-04T20:37:17+00:00,627,4,26,True,True,True,1791146231
2026-10-04T20:37:17+00:00,623,13,6,True,True,True,1791146231
2026-10-04T20:37:17+00:00,624,15,3,True,True,True,1791146231
2026-10-04T20:37:17+00:00,626,6,16,True,True,True,1791146231
2026-10-04T20:37:17+00:00,614,5,18,True,True,True,1791146231
2026-10-04T20:37:17+00:00,616,12,3,True,True,True,1791146231
2026-10-04T20:37:17+00:00,618,8,34,True,True,True,1791146231
2026-10-04T20:37:17+00:00,621,7,18,True,True,True,1791146231
2026-10-04T20:37:17+00:00,622,16,12,True,True,True,1791146231
2026-10-04T20:37:17+00:00,613,1,14,True,True,True,1791146231
2026-10-04T20:37:17+00:00,620,13,26,True,True,True,1791146231
2026-10-04T20:37:17+00:00,596,3,15,True,True,True,1791146231
2026-10-04T20:37:17+00:00,617,2,15,True,True,True,1791146231
2026-10-04T20:37:17+00:00,609,16,11,True,True,True,1791146231
2026-10-04T20:37:17+00:00,607,12,16,True,True,True,1791146231
2026-10-04T20:37:17+00:00,603,13,5,True,True,True,1791146231
2026-10-04T20:37:17+00:00,590,3,34,True,True,True,1791146231
2026-10-04T20:37:17+00:00,610,4,15,True,True,True,1791146231
2026-10-04T20:37:17+00:00,608,4,15,True,True,True,1791146231
2026-10-04T20:37:17+00:00,593,12,17,True,True,True,1791146231
2026-10-04T20:37:17+00:00,530,3,6,True,True,True,1791146231
2026-10-04T20:37:17+00:00,463,16,1,True,True,True,1791146231
2026-10-04T20:37:17+00:00,475,18,5,True,True,True,1791146231
2026-10-04T20:37:17+00:00,439,9,14,True,True,True,1791146231
2026-10-04T20:37:17+00:00,600,5,5,True,True,True,1791146231
2026-10-04T20:37:17+00:00,440,13,2,True,True,True,1791146231
2026-10-04T20:37:17+00:00,612,16,1,True,True,True,1791146231
2026-10-04T20:37:17+00:00,491,18,0,True,True,True,1791146231
2026-10-04T20:37:17+00:00,493,21,5,True,True,True,1791146231
2026-10-04T20:37:17+00:00,410,4,21,True,True,True,1791146231
2026-10-04T20:37:17+00:00,605,5,13,True,True,True,1791146231
2026-10-04T20:37:17+00:00,388,4,13,True,True,True,1791146231
2026-10-04T20:37:17+00:00,591,15,8,True,True,True,1791146231
2026-10-04T20:37:17+00:00,592,1,16,True,True,True,1791146231
2026-10-04T20:37:17+00:00,585,0,0,True,True,True,1791146231
2026-10-04T20:37:17+00:00,565,1,17,True,True,True,1791146231
2026-10-04T20:37:17+00:00,571,8,11,True,True,True,1791146231
2026-10-04T20:37:17+00:00,568,2,13,True,True,True,1791146231
2026-10-04T20:37:17+00:00,588,6,13,True,True,True,1791146231
2026-10-04T20:37:17+00:00,584,1,34,True,True,True,1791146231
2026-10-04T20:37:17+00:00,569,18,8,True,True,True,1791146231
2026-10-04T20:37:17+00:00,577,5,24,True,True,True,1791146231
2026-10-04T20:37:17+00:00,564,1,28,True,True,True,1791146231
2026-10-04T20:37:17+00:00,570,1,14,True,True,True,1791146231
2026-10-04T20:37:17+00:00,572,10,29,True,True,True,1791146231
2026-10-04T20:37:17+00:00,586,2,23,True,True,True,1791146231
2026-10-04T20:37:17+00:00,576,10,7,True,True,True,1791146231
2026-10-04T20:37:17+00:00,566,22,2,True,True,True,1791146231
2026-10-04T20:37:17+00:00,602,6,12,True,True,True,1791146231
2026-10-04T20:37:17+00:00,575,1,28,True,True,True,1791146231
2026-10-04T20:37:17+00:00,567,20,18,True,True,True,1791146231
2026-10-04T20:37:17+00:00,582,18,7,True,True,True,1791146231
2026-10-04T20:37:17+00:00,595,23,0,True,True,True,1791146231
2026-10-04T20:37:17+00:00,542,16,2,True,True,True,1791146231
2026-10-04T20:37:17+00:00,563,5,11,True,True,True,1791146231
2026-10-04T20:37:17+00:00,558,5,10,True,True,True,1791146231
2026-10-04T20:37:17+00:00,552,5,13,True,True,True,1791146231
2026-10-04T20:37:17+00:00,555,5,9,True,True,True,1791146231
2026-10-04T20:37:17+00:00,573,6,18,True,True,True,1791146231
2026-10-04T20:37:17+00:00,561,8,14,True,True,True,1791146231
2026-10-04T20:37:17+00:00,615,7,14,True,True,True,1791146231
2026-10-04T20:37:17+00:00,543,14,4,True,True,True,1791146231
2026-10-04T20:37:17+00:00,554,3,16,True,True,True,1791146231
2026-10-04T20:37:17+00:00,574,10,1,True,True,True,1791146231
2026-10-04T20:37:17+00:00,560,3,5,True,True,True,1791146231
2026-10-04T20:37:17+00:00,548,2,15,True,True,True,1791146231
2026-10-04T20:37:17+00:00,559,5,12,True,True,True,1791146231
2026-10-04T20:37:17+00:00,545,8,30,True,True,True,1791146231
2026-10-04T20:37:17+00:00,550,2,7,True,True,True,1791146231
2026-10-04T20:37:17+00:00,541,2,10,True,True,True,1791146231
2026-10-04T20:37:17+00:00,527,9,1,True,True,True,1791146231
2026-10-04T20:37:17+00:00,529,5,16,True,True,True,1791146231
2026-10-04T20:37:17+00:00,526,9,5,True,True,True,1791146231
2026-10-04T20:37:17+00:00,537,14,5,True,True,True,1791146231
2026-10-04T20:37:17+00:00,547,5,22,True,True,True,1791146231
2026-10-04T20:37:17+00:00,601,3,15,True,True,True,1791146231
2026-10-04T20:37:17+00:00,533,9,3,True,True,True,1791146231
2026-10-04T20:37:17+00:00,535,16,9,True,True,True,1791146231
2026-10-04T20:37:17+00:00,524,4,16,True,True,True,1791146231
2026-10-04T20:37:17+00:00,519,10,12,True,True,True,1791146231
2026-10-04T20:37:17+00:00,534,14,25,True,True,True,1791146231
2026-10-04T20:37:17+00:00,521,12,1,True,True,True,1791146231
2026-10-04T20:37:17+00:00,518,1,17,True,True,True,1791146231
2026-10-04T20:37:17+00:00,556,3,15,True,True,True,1791146231
2026-10-04T20:37:17+00:00,525,1,13,True,True,True,1791146231
2026-10-04T20:37:17+00:00,517,1,14,True,True,True,1791146231
2026-10-04T20:37:17+00:00,523,14,16,True,True,True,1791146231
2026-10-04T20:37:17+00:00,522,5,4,True,True,True,1791146231
2026-10-04T20:37:17+00:00,594,0,17,True,True,True,1791146231
2026-10-04T20:37:17+00:00,532,3,18,True,True,True,1791146231
2026-10-04T20:37:17+00:00,509,8,3,True,True,True,1791146231
2026-10-04T20:37:17+00:00,531,5,13,True,True,True,1791146231
2026-10-04T20:37:17+00:00,536,2,7,True,True,True,1791146231
2026-10-04T20:37:17+00:00,562,16,22,True,True,True,1791146231
2026-10-04T20:37:17+00:00,511,7,16,True,True,True,1791146231
2026-10-04T20:37:17+00:00,505,3,18,True,True,True,1791146231
2026-10-04T20:37:17+00:00,501,2,16,True,True,True,1791146231
2026-10-04T20:37:17+00:00,514,6,6,True,True,True,1791146231
2026-10-04T20:37:17+00:00,500,4,13,True,True,True,1791146231
2026-10-04T20:37:17+00:00,503,14,14,True,True,True,1791146231
2026-10-04T20:37:17+00:00,513,0,14,True,True,True,1791146231
2026-10-04T20:37:17+00:00,498,0,12,True,True,True,1791146231
2026-10-04T20:37:17+00:00,507,16,1,True,True,True,1791146231
2026-10-04T20:37:17+00:00,512,13,14,True,True,True,1791146231
2026-10-04T20:37:17+00:00,619,15,27,True,True,True,1791146231
2026-10-04T20:37:17+00:00,474,27,15,True,True,True,1791146231
2026-10-04T20:37:17+00:00,580,9,36,True,True,True,1791146231
2026-10-04T20:37:17+00:00,496,23,20,True,True,True,1791146231
2026-10-04T20:37:17+00:00,482,0,17,True,True,True,1791146231
2026-10-04T20:37:17+00:00,407,1,12,True,True,True,1791146231
2026-10-04T20:37:17+00:00,409,0,25,True,True,True,1791146231
2026-10-04T20:37:17+00:00,451,2,17,True,True,True,1791146231
2026-10-04T20:37:17+00:00,402,4,15,True,True,True,1791146231
2026-10-04T20:37:17+00:00,516,3,11,True,True,True,1791146231
2026-10-04T20:37:17+00:00,625,7,33,True,True,True,1791146231
2026-10-04T20:37:17+00:00,429,4,17,True,True,True,1791146231
2026-10-04T20:37:17+00:00,380,16,6,True,True,True,1791146231
2026-10-04T20:37:17+00:00,583,4,14,True,True,True,1791146231
2026-10-04T20:37:17+00:00,398,3,13,True,True,True,1791146231
2026-10-04T20:37:17+00:00,381,14,1,True,True,True,1791146231
2026-10-04T20:37:17+00:00,464,14,29,True,True,True,1791146231
2026-10-04T20:37:17+00:00,442,12,4,True,True,True,1791146231
2026-10-04T20:37:17+00:00,483,13,7,True,True,True,1791146231
2026-10-04T20:37:17+00:00,458,4,11,True,True,True,1791146231
2026-10-04T20:37:17+00:00,499,2,13,True,True,True,1791146231
2026-10-04T20:37:17+00:00,472,16,4,True,True,True,1791146231
2026-10-04T20:37:17+00:00,506,3,21,True,True,True,1791146231
2026-10-04T20:37:17+00:00,465,3,26,True,True,True,1791146231
2026-10-04T20:37:17+00:00,611,4,33,True,True,True,1791146231
2026-10-04T20:37:17+00:00,404,11,15,True,True,True,1791146231
2026-10-04T20:37:17+00:00,579,5,12,True,True,True,1791146231
2026-10-04T20:37:17+00:00,589,5,22,True,True,True,1791146231
2026-10-04T20:37:17+00:00,434,1,19,True,True,True,1791146231
2026-10-04T20:37:17+00:00,462,5,10,True,True,True,1791146231
2026-10-04T20:37:17+00:00,578,10,12,True,True,True,1791146231
2026-10-04T20:37:17+00:00,415,2,10,True,True,True,1791146231
2026-10-04T20:37:17+00:00,423,4,16,True,True,True,1791146231
2026-10-04T20:37:17+00:00,412,6,1,True,True,True,1791146231
2026-10-04T20:37:17+00:00,387,13,1,True,True,True,1791146231
2026-10-04T20:37:17+00:00,441,2,13,True,True,True,1791146231
2026-10-04T20:37:17+00:00,454,1,21,True,True,True,1791146231
2026-10-04T20:37:17+00:00,436,0,12,True,True,True,1791146231
2026-10-04T20:37:17+00:00,394,0,18,True,True,True,1791146231
2026-10-04T20:37:17+00:00,497,15,12,True,True,True,1791146231
2026-10-04T20:37:17+00:00,581,12,11,True,True,True,1791146231
2026-10-04T20:37:17+00:00,461,1,17,True,True,True,1791146231
2026-10-04T20:37:17+00:00,599,11,34,True,True,True,1791146231
2026-10-04T20:37:17+00:00,428,5,18,True,True,True,1791146231
2026-10-04T20:37:17+00:00,400,2,22,True,True,True,1791146231
2026-10-04T20:37:17+00:00,487,4,17,True,True,True,1791146231
2026-10-04T20:37:17+00:00,438,20,19,True,True,True,1791146231
2026-10-04T20:37:17+00:00,459,4,8,True,True,True,1791146231
2026-10-04T20:37:17+00:00,433,1,16,True,True,True,1791146231
2026-10-04T20:37:17+00:00,399,2,28,True,True,True,1791146231
2026-10-04T20:37:17+00:00,489,6,21,True,True,True,1791146231
2026-10-04T20:37:17+00:00,742,15,12,True,True,True,1791146231
2026-10-04T20:37:17+00:00,551,21,11,True,True,True,1791146231
2026-10-04T20:37:17+00:00,406,5,5,True,True,True,1791146231
2026-10-04T20:37:17+00:00,488,12,10,True,True,True,1791146231
2026-10-04T20:37:17+00:00,540,8,25,True,True,True,1791146231
2026-10-04T20:37:17+00:00,431,4,16,True,True,True,1791146231
2026-10-04T20:37:17+00:00,393,20,0,True,True,True,1791146231
2026-10-04T20:37:17+00:00,420,5,12,True,True,True,1791146231
2026-10-04T20:37:17+00:00,397,2,28,True,True,True,1791146231
2026-10-04T20:37:17+00:00,390,7,22,True,True,True,1791146231
2026-10-04T20:37:17+00:00,449,17,7,True,True,True,1791146231
2026-10-04T20:37:17+00:00,430,5,37,True,True,True,1791146231
2026-10-04T20:37:17+00:00,484,12,22,True,True,True,1791146231
2026-10-04T20:37:17+00:00,479,2,28,True,True,True,1791146231
2026-10-04T20:37:17+00:00,403,3,10,True,True,True,1791146231
2026-10-04T20:37:17+00:00,435,5,25,True,True,True,1791146231
2026-10-04T20:37:17+00:00,426,7,13,True,True,True,1791146231
2026-10-04T20:37:17+00:00,450,8,6,True,True,True,1791146231
2026-10-04T20:37:17+00:00,456,16,17,True,True,True,1791146231
2026-10-04T20:37:17+00:00,468,10,5,True,True,True,1791146231
2026-10-04T20:37:17+00:00,453,14,19,True,True,True,1791146231
2026-10-04T20:37:17+00:00,466,1,14,True,True,True,1791146231
2026-10-04T20:37:17+00:00,469,2,28,True,True,True,1791146231
2026-10-04T20:37:17+00:00,416,0,15,True,True,True,1791146231
2026-10-04T20:37:17+00:00,391,11,2,True,True,True,1791146231
2026-10-04T20:37:17+00:00,389,1,13,True,True,True,1791146231
2026-10-04T20:37:17+00:00,470,10,4,True,True,True,1791146231
2026-10-04T20:37:17+00:00,384,7,7,True,True,True,1791146231
2026-10-04T20:37:17+00:00,425,1,6,True,True,True,1791146231
2026-10-04T20:37:17+00:00,411,4,7,True,True,True,1791146231
2026-10-04T20:37:17+00:00,598,11,22,True,True,True,1791146231
2026-10-04T20:37:17+00:00,444,13,5,True,True,True,1791146231
2026-10-04T20:37:17+00:00,447,10,20,True,True,True,1791146231
2026-10-04T20:37:17+00:00,408,1,12,True,True,True,1791146231
2026-10-04T20:37:17+00:00,737,23,1,True,True,True,1791146231
2026-10-04T20:37:17+00:00,432,4,7,True,True,True,1791146231
2026-10-04T20:37:17+00:00,401,4,1,True,True,True,1791146231
2026-10-04T20:37:17+00:00,452,4,24,True,True,True,1791146231
2026-10-04T20:37:17+00:00,392,0,7,True,True,True,1791146231
2026-10-04T20:37:17+00:00,481,11,30,True,True,True,1791146231
2026-10-04T20:37:17+00:00,495,6,34,True,True,True,1791146231
2026-10-04T20:37:17+00:00,478,11,2,True,True,True,1791146231
2026-10-04T20:37:17+00:00,414,5,6,True,True,True,1791146231
2026-10-04T20:37:17+00:00,476,15,4,True,True,True,1791146231
2026-10-04T20:37:17+00:00,445,9,9,True,True,True,1791146231
2026-10-04T20:37:17+00:00,748,9,18,True,True,True,1791146231
2026-10-04T20:37:17+00:00,473,0,7,True,True,True,1791146231
2026-10-04T20:37:17+00:00,383,0,24,True,True,True,1791146231
2026-10-04T20:37:17+00:00,480,12,11,True,True,True,1791146231
2026-10-04T20:37:17+00:00,421,16,3,True,True,True,1791146231
2026-10-04T20:37:17+00:00,746,8,3,True,True,True,1791146231
2026-10-04T20:37:17+00:00,417,2,12,True,True,True,1791146231
2026-10-04T20:37:17+00:00,427,7,7,True,True,True,1791146231
2026-10-04T20:37:17+00:00,395,5,9,True,True,True,1791146231
2026-10-04T20:37:17+00:00,418,11,16,True,True,True,1791146231
2026-10-04T20:37:17+00:00,413,1,9,True,True,True,1791146231
2026-10-04T20:37:17+00:00,486,7,14,True,True,True,1791146231
2026-10-04T20:37:17+00:00,597,14,1,True,True,True,1791146231
2026-10-04T20:37:17+00:00,422,1,8,True,True,True,1791146231
2026-10-04T20:37:17+00:00,382,4,4,True,True,True,1791146231
2026-10-04T20:37:17+00:00,396,9,12,True,True,True,1791146231
2026-10-04T20:37:17+00:00,735,8,3,True,True,True,1791146231
2026-10-04T20:37:17+00:00,437,7,17,True,True,True,1791146231
2026-10-04T20:37:17+00:00,446,13,8,True,True,True,1791146231
2026-10-04T20:37:17+00:00,424,2,5,True,True,True,1791146231
2026-10-04T20:37:17+00:00,455,12,0,True,True,True,1791146231
2026-10-04T20:37:17+00:00,457,3,7,True,True,True,1791146231
2026-10-04T20:37:17+00:00,377,4,25,True,True,True,1791146231
2026-10-04T20:37:17+00:00,738,7,5,True,True,True,1791146231
2026-10-04T20:37:17+00:00,460,8,21,True,True,True,1791146231
2026-10-04T20:37:17+00:00,744,6,3,True,True,True,1791146231
2026-10-04T20:37:17+00:00,485,4,15,True,True,True,1791146231
2026-10-04T20:52:17+00:00,6026,6,25,True,True,True,1791147122
2026-10-04T20:52:17+00:00,5431,15,6,True,True,True,1791147122
2026-10-04T20:52:17+00:00,5424,1,17,True,True,True,1791147122
2026-10-04T20:52:17+00:00,5220,0,19,True,True,True,1791147122
2026-10-04T20:52:17+00:00,5217,8,21,True,True,True,1791147122
2026-10-04T20:52:17+00:00,5113,14,0,True,True,True,1791147122
2026-10-04T20:52:17+00:00,4683,0,20,True,True,True,1791147122
2026-10-04T20:52:17+00:00,4552,4,14,True,True,True,1791147122
2026-10-04T20:52:17+00:00,3725,2,16,True,True,True,1791147122
2026-10-04T20:52:17+00:00,2358,0,11,True,True,True,1791147122
2026-10-04T20:52:17+00:00,2357,2,19,True,True,True,1791147122
2026-10-04T20:52:17+00:00,2355,0,12,True,True,True,1791147122
2026-10-04T20:52:17+00:00,2351,3,14,True,True,True,1791147122
2026-10-04T20:52:17+00:00,2350,16,7,True,True,True,1791147122
2026-10-04T20:52:17+00:00,2349,5,16,True,True,True,1791147122
2026-10-04T20:52:17+00:00,2347,6,24,True,True,True,1791147122
2026-10-04T20:52:17+00:00,2340,10,14,True,True,True,1791147122
2026-10-04T20:52:17+00:00,2339,19,9,True,True,True,1791147122
2026-10-04T20:52:17+00:00,2337,13,1,True,True,True,1791147122
2026-10-04T20:52:17+00:00,2334,0,11,True,True,True,1791147122
2026-10-04T20:52:17+00:00,2333,11,4,True,True,True,1791147122
2026-10-04T20:52:17+00:00,2332,0,9,True,True,True,1791147122
2026-10-04T20:52:17+00:00,2330,12,1,True,True,True,1791147122
2026-10-04T20:52:17+00:00,2329,13,1,True,True,True,1791147122
2026-10-04T20:52:17+00:00,2328,11,8,True,True,True,1791147122
2026-10-04T20:52:17+00:00,2315,9,9,True,True,True,1791147122
2026-10-04T20:52:17+00:00,2308,1,7,True,True,True,1791147122
2026-10-04T20:52:17+00:00,2307,8,21,True,True,True,1791147122
2026-10-04T20:52:17+00:00,2306,11,7,True,True,True,1791147122
2026-10-04T20:52:17+00:00,2305,9,5,True,True,True,1791147122
2026-10-04T20:52:17+00:00,2304,2,14,True,True,True,1791147122
2026-10-04T20:52:17+00:00,2280,9,3,True,True,True,1791147122
2026-10-04T20:52:17+00:00,2270,7,10,True,True,True,1791147122
2026-10-04T20:52:17+00:00,1919,2,4,True,True,True,1791147122
2026-10-04T20:52:17+00:00,1755,1,30,True,True,True,1791147122
2026-10-04T20:52:17+00:00,1101,3,20,True,True,True,1791147122
2026-10-04T20:52:17+00:00,1023,10,3,True,True,True,1791147122
2026-10-04T20:52:17+00:00,1009,3,7,True,True,True,1791147122
2026-10-04T20:52:17+00:00,970,6,18,True,True,True,1791147122
2026-10-04T20:52:17+00:00,787,11,1,True,True,True,1791147122
2026-10-04T20:52:17+00:00,627,4,26,True,True,True,1791147122
2026-10-04T20:52:17+00:00,623,13,6,True,True,True,1791147122
2026-10-04T20:52:17+00:00,624,15,3,True,True,True,1791147122
2026-10-04T20:52:17+00:00,626,5,17,True,True,True,1791147122
2026-10-04T20:52:17+00:00,614,5,18,True,True,True,1791147122
2026-10-04T20:52:17+00:00,616,12,3,True,True,True,1791147122
2026-10-04T20:52:17+00:00,618,8,34,True,True,True,1791147122
2026-10-04T20:52:17+00:00,621,7,18,True,True,True,1791147122
2026-10-04T20:52:17+00:00,622,16,12,True,True,True,1791147122
2026-10-04T20:52:17+00:00,613,1,15,True,True,True,1791147122
2026-10-04T20:52:17+00:00,620,13,26,True,True,True,1791147122
2026-10-04T20:52:17+00:00,596,3,15,True,True,True,1791147122
2026-10-04T20:52:17+00:00,617,2,15,True,True,True,1791147122
2026-10-04T20:52:17+00:00,609,16,11,True,True,True,1791147122
2026-10-04T20:52:17+00:00,607,12,16,True,True,True,1791147122
2026-10-04T20:52:17+00:00,603,13,5,True,True,True,1791147122
2026-10-04T20:52:17+00:00,590,3,34,True,True,True,1791147122
2026-10-04T20:52:17+00:00,610,4,15,True,True,True,1791147122
2026-10-04T20:52:17+00:00,608,3,16,True,True,True,1791147122
2026-10-04T20:52:17+00:00,593,12,17,True,True,True,1791147122
2026-10-04T20:52:17+00:00,530,3,6,True,True,True,1791147122
2026-10-04T20:52:17+00:00,463,15,2,True,True,True,1791147122
2026-10-04T20:52:17+00:00,475,18,5,True,True,True,1791147122
2026-10-04T20:52:17+00:00,439,9,14,True,True,True,1791147122
2026-10-04T20:52:17+00:00,600,5,5,True,True,True,1791147122
2026-10-04T20:52:17+00:00,440,14,1,True,True,True,1791147122
2026-10-04T20:52:17+00:00,612,16,1,True,True,True,1791147122
2026-10-04T20:52:17+00:00,491,18,0,True,True,True,1791147122
2026-10-04T20:52:17+00:00,493,23,3,True,True,True,1791147122
2026-10-04T20:52:17+00:00,410,4,21,True,True,True,1791147122
2026-10-04T20:52:17+00:00,605,5,13,True,True,True,1791147122
2026-10-04T20:52:17+00:00,388,4,13,True,True,True,1791147122
2026-10-04T20:52:17+00:00,591,14,9,True,True,True,1791147122
2026-10-04T20:52:17+00:00,592,1,16,True,True,True,1791147122
2026-10-04T20:52:17+00:00,585,0,0,True,True,True,1791147122
2026-10-04T20:52:17+00:00,565,1,17,True,True,True,1791147122
2026-10-04T20:52:17+00:00,571,8,11,True,True,True,1791147122
2026-10-04T20:52:17+00:00,568,2,13,True,True,True,1791147122
2026-10-04T20:52:17+00:00,588,6,13,True,True,True,1791147122
2026-10-04T20:52:17+00:00,584,2,33,True,True,True,1791147122
2026-10-04T20:52:17+00:00,569,18,8,True,True,True,1791147122
2026-10-04T20:52:17+00:00,577,5,24,True,True,True,1791147122
2026-10-04T20:52:17+00:00,564,1,28,True,True,True,1791147122
2026-10-04T20:52:17+00:00,570,1,14,True,True,True,1791147122
2026-10-04T20:52:17+00:00,572,10,29,True,True,True,1791147122
2026-10-04T20:52:17+00:00,586,2,23,True,True,True,1791147122
2026-10-04T20:52:17+00:00,576,10,7,True,True,True,1791147122
2026-10-04T20:52:17+00:00,566,22,2,True,True,True,1791147122
2026-10-04T20:52:17+00:00,602,6,12,True,True,True,1791147122
2026-10-04T20:52:17+00:00,575,0,29,True,True,True,1791147122
2026-10-04T20:52:17+00:00,567,20,18,True,True,True,1791147122
2026-10-04T20:52:17+00:00,582,18,7,True,True,True,1791147122
2026-10-04T20:52:17+00:00,595,23,0,True,True,True,1791147122
2026-10-04T20:52:17+00:00,542,15,3,True,True,True,1791147122
2026-10-04T20:52:17+00:00,563,6,10,True,True,True,1791147122
2026-10-04T20:52:17+00:00,558,5,10,True,True,True,1791147122
2026-10-04T20:52:17+00:00,552,5,13,True,True,True,1791147122
2026-10-04T20:52:17+00:00,555,4,10,True,True,True,1791147122
2026-10-04T20:52:17+00:00,573,6,18,True,True,True,1791147122
2026-10-04T20:52:17+00:00,561,8,14,True,True,True,1791147122
2026-10-04T20:52:17+00:00,615,7,14,True,True,True,1791147122
2026-10-04T20:52:17+00:00,543,14,4,True,True,True,1791147122
2026-10-04T20:52:17+00:00,554,3,16,True,True,True,1791147122
2026-10-04T20:52:17+00:00,574,10,1,True,True,True,1791147122
2026-10-04T20:52:17+00:00,560,3,5,True,True,True,1791147122
2026-10-04T20:52:17+00:00,548,2,15,True,True,True,1791147122
2026-10-04T20:52:17+00:00,559,5,12,True,True,True,1791147122
2026-10-04T20:52:17+00:00,545,8,30,True,True,True,1791147122
2026-10-04T20:52:17+00:00,550,2,7,True,True,True,1791147122
2026-10-04T20:52:17+00:00,541,2,10,True,True,True,1791147122
2026-10-04T20:52:17+00:00,527,9,1,True,True,True,1791147122
2026-10-04T20:52:17+00:00,529,5,16,True,True,True,1791147122
2026-10-04T20:52:17+00:00,526,8,6,True,True,True,1791147122
2026-10-04T20:52:17+00:00,537,13,6,True,True,True,1791147122
2026-10-04T20:52:17+00:00,547,6,21,True,True,True,1791147122
2026-10-04T20:52:17+00:00,601,4,14,True,True,True,1791147122
2026-10-04T20:52:17+00:00,533,9,3,True,True,True,1791147122
2026-10-04T20:52:17+00:00,535,15,10,True,True,True,1791147122
2026-10-04T20:52:17+00:00,524,3,17,True,True,True,1791147122
2026-10-04T20:52:17+00:00,519,10,12,True,True,True,1791147122
2026-10-04T20:52:17+00:00,534,14,25,True,True,True,1791147122
2026-10-04T20:52:17+00:00,521,11,2,True,True,True,1791147122
2026-10-04T20:52:17+00:00,518,1,17,True,True,True,1791147122
2026-10-04T20:52:17+00:00,556,3,15,True,True,True,1791147122
2026-10-04T20:52:17+00:00,525,1,13,True,True,True,1791147122
2026-10-04T20:52:17+00:00,517,1,14,True,True,True,1791147122
2026-10-04T20:52:17+00:00,523,13,17,True,True,True,1791147122
2026-10-04T20:52:17+00:00,522,5,4,True,True,True,1791147122
2026-10-04T20:52:17+00:00,594,0,17,True,True,True,1791147122
2026-10-04T20:52:17+00:00,532,3,18,True,True,True,1791147122
2026-10-04T20:52:17+00:00,509,8,3,True,True,True,1791147122
2026-10-04T20:52:17+00:00,531,5,13,True,True,True,1791147122
2026-10-04T20:52:17+00:00,536,2,7,True,True,True,1791147122
2026-10-04T20:52:17+00:00,562,16,22,True,True,True,1791147122
2026-10-04T20:52:17+00:00,511,7,16,True,True,True,1791147122
2026-10-04T20:52:17+00:00,505,3,18,True,True,True,1791147122
2026-10-04T20:52:17+00:00,501,2,16,True,True,True,1791147122
2026-10-04T20:52:17+00:00,514,6,6,True,True,True,1791147122
2026-10-04T20:52:17+00:00,500,5,12,True,True,True,1791147122
2026-10-04T20:52:17+00:00,503,14,14,True,True,True,1791147122
2026-10-04T20:52:17+00:00,513,0,14,True,True,True,1791147122
2026-10-04T20:52:17+00:00,498,0,12,True,True,True,1791147122
2026-10-04T20:52:17+00:00,507,16,1,True,True,True,1791147122
2026-10-04T20:52:17+00:00,512,13,14,True,True,True,1791147122
2026-10-04T20:52:17+00:00,619,15,27,True,True,True,1791147122
2026-10-04T20:52:17+00:00,474,27,15,True,True,True,1791147122
2026-10-04T20:52:17+00:00,580,9,36,True,True,True,1791147122
2026-10-04T20:52:17+00:00,496,23,20,True,True,True,1791147122
2026-10-04T20:52:17+00:00,482,0,17,True,True,True,1791147122
2026-10-04T20:52:17+00:00,407,1,12,True,True,True,1791147122
2026-10-04T20:52:17+00:00,409,0,25,True,True,True,1791147122
2026-10-04T20:52:17+00:00,451,2,17,True,True,True,1791147122
2026-10-04T20:52:17+00:00,402,3,16,True,True,True,1791147122
2026-10-04T20:52:17+00:00,516,3,11,True,True,True,1791147122
2026-10-04T20:52:17+00:00,625,7,33,True,True,True,1791147122
2026-10-04T20:52:17+00:00,429,4,17,True,True,True,1791147122
2026-10-04T20:52:17+00:00,380,16,6,True,True,True,1791147122
2026-10-04T20:52:17+00:00,583,3,15,True,True,True,1791147122
2026-10-04T20:52:17+00:00,398,4,12,True,True,True,1791147122
2026-10-04T20:52:17+00:00,381,14,1,True,True,True,1791147122
2026-10-04T20:52:17+00:00,464,14,29,True,True,True,1791147122
2026-10-04T20:52:17+00:00,442,12,4,True,True,True,1791147122
2026-10-04T20:52:17+00:00,483,12,8,True,True,True,1791147122
2026-10-04T20:52:17+00:00,458,4,11,True,True,True,1791147122
2026-10-04T20:52:17+00:00,499,3,12,True,True,True,1791147122
2026-10-04T20:52:17+00:00,472,15,5,True,True,True,1791147122
2026-10-04T20:52:17+00:00,506,2,22,True,True,True,1791147122
2026-10-04T20:52:17+00:00,465,3,26,True,True,True,1791147122
2026-10-04T20:52:17+00:00,611,4,33,True,True,True,1791147122
2026-10-04T20:52:17+00:00,404,11,15,True,True,True,1791147122
2026-10-04T20:52:17+00:00,579,5,12,True,True,True,1791147122
2026-10-04T20:52:17+00:00,589,5,22,True,True,True,1791147122
2026-10-04T20:52:17+00:00,434,0,20,True,True,True,1791147122
2026-10-04T20:52:17+00:00,462,5,10,True,True,True,1791147122
2026-10-04T20:52:17+00:00,578,10,12,True,True,True,1791147122
2026-10-04T20:52:17+00:00,415,2,10,True,True,True,1791147122
2026-10-04T20:52:17+00:00,423,3,17,True,True,True,1791147122
2026-10-04T20:52:17+00:00,412,7,0,True,True,True,1791147122
2026-10-04T20:52:17+00:00,387,13,1,True,True,True,1791147122
2026-10-04T20:52:17+00:00,441,2,13,True,True,True,1791147122
2026-10-04T20:52:17+00:00,454,1,21,True,True,True,1791147122
2026-10-04T20:52:17+00:00,436,0,12,True,True,True,1791147122
2026-10-04T20:52:17+00:00,394,0,18,True,True,True,1791147122
2026-10-04T20:52:17+00:00,497,15,12,True,True,True,1791147122
2026-10-04T20:52:17+00:00,581,12,11,True,True,True,1791147122
2026-10-04T20:52:17+00:00,461,1,17,True,True,True,1791147122
2026-10-04T20:52:17+00:00,599,11,34,True,True,True,1791147122
2026-10-04T20:52:17+00:00,428,5,18,True,True,True,1791147122
2026-10-04T20:52:17+00:00,400,2,22,True,True,True,1791147122
2026-10-04T20:52:17+00:00,487,4,17,True,True,True,1791147122
2026-10-04T20:52:17+00:00,438,20,19,True,True,True,1791147122
2026-10-04T20:52:17+00:00,459,2,10,True,True,True,1791147122
2026-10-04T20:52:17+00:00,433,2,15,True,True,True,1791147122
2026-10-04T20:52:17+00:00,399,2,28,True,True,True,1791147122
2026-10-04T20:52:17+00:00,489,6,21,True,True,True,1791147122
2026-10-04T20:52:17+00:00,742,14,13,True,True,True,1791147122
2026-10-04T20:52:17+00:00,551,20,12,True,True,True,1791147122
2026-10-04T20:52:17+00:00,406,1,8,True,True,True,1791147122
2026-10-04T20:52:17+00:00,488,12,10,True,True,True,1791147122
2026-10-04T20:52:17+00:00,540,7,26,True,True,True,1791147122
2026-10-04T20:52:17+00:00,431,4,16,True,True,True,1791147122
2026-10-04T20:52:17+00:00,393,20,0,True,True,True,1791147122
2026-10-04T20:52:17+00:00,420,5,12,True,True,True,1791147122
2026-10-04T20:52:17+00:00,397,2,28,True,True,True,1791147122
2026-10-04T20:52:17+00:00,390,7,22,True,True,True,1791147122
2026-10-04T20:52:17+00:00,449,17,7,True,True,True,1791147122
2026-10-04T20:52:17+00:00,430,5,37,True,True,True,1791147122
2026-10-04T20:52:17+00:00,484,12,22,True,True,True,1791147122
2026-10-04T20:52:17+00:00,479,2,28,True,True,True,1791147122
2026-10-04T20:52:17+00:00,403,3,10,True,True,True,1791147122
2026-10-04T20:52:17+00:00,435,5,25,True,True,True,1791147122
2026-10-04T20:52:17+00:00,426,7,13,True,True,True,1791147122
2026-10-04T20:52:17+00:00,450,7,6,True,True,True,1791147122
2026-10-04T20:52:17+00:00,456,16,17,True,True,True,1791147122
2026-10-04T20:52:17+00:00,468,11,4,True,True,True,1791147122
2026-10-04T20:52:17+00:00,453,14,19,True,True,True,1791147122
2026-10-04T20:52:17+00:00,466,1,14,True,True,True,1791147122
2026-10-04T20:52:17+00:00,469,3,27,True,True,True,1791147122
2026-10-04T20:52:17+00:00,416,0,15,True,True,True,1791147122
2026-10-04T20:52:17+00:00,391,11,2,True,True,True,1791147122
2026-10-04T20:52:17+00:00,389,1,13,True,True,True,1791147122
2026-10-04T20:52:17+00:00,470,10,4,True,True,True,1791147122
2026-10-04T20:52:17+00:00,384,7,7,True,True,True,1791147122
2026-10-04T20:52:17+00:00,425,1,6,True,True,True,1791147122
2026-10-04T20:52:17+00:00,411,4,7,True,True,True,1791147122
2026-10-04T20:52:17+00:00,598,11,22,True,True,True,1791147122
2026-10-04T20:52:17+00:00,444,13,5,True,True,True,1791147122
2026-10-04T20:52:17+00:00,447,10,20,True,True,True,1791147122
2026-10-04T20:52:17+00:00,408,0,13,True,True,True,1791147122
2026-10-04T20:52:17+00:00,737,23,1,True,True,True,1791147122
2026-10-04T20:52:17+00:00,432,4,7,True,True,True,1791147122
2026-10-04T20:52:17+00:00,401,4,1,True,True,True,1791147122
2026-10-04T20:52:17+00:00,452,4,24,True,True,True,1791147122
2026-10-04T20:52:17+00:00,392,0,7,True,True,True,1791147122
2026-10-04T20:52:17+00:00,481,11,30,True,True,True,1791147122
2026-10-04T20:52:17+00:00,495,6,34,True,True,True,1791147122
2026-10-04T20:52:17+00:00,478,11,2,True,True,True,1791147122
2026-10-04T20:52:17+00:00,414,5,6,True,True,True,1791147122
2026-10-04T20:52:17+00:00,476,14,5,True,True,True,1791147122
2026-10-04T20:52:17+00:00,445,9,9,True,True,True,1791147122
2026-10-04T20:52:17+00:00,748,9,18,True,True,True,1791147122
2026-10-04T20:52:17+00:00,473,0,7,True,True,True,1791147122
2026-10-04T20:52:17+00:00,383,0,24,True,True,True,1791147122
2026-10-04T20:52:17+00:00,480,11,12,True,True,True,1791147122
2026-10-04T20:52:17+00:00,421,16,3,True,True,True,1791147122
2026-10-04T20:52:17+00:00,746,8,3,True,True,True,1791147122
2026-10-04T20:52:17+00:00,417,2,12,True,True,True,1791147122
2026-10-04T20:52:17+00:00,427,7,7,True,True,True,1791147122
2026-10-04T20:52:17+00:00,395,5,9,True,True,True,1791147122
2026-10-04T20:52:17+00:00,418,11,16,True,True,True,1791147122
2026-10-04T20:52:17+00:00,413,1,9,True,True,True,1791147122
2026-10-04T20:52:17+00:00,486,7,14,True,True,True,1791147122
2026-10-04T20:52:17+00:00,597,14,1,True,True,True,1791147122
2026-10-04T20:52:17+00:00,422,1,8,True,True,True,1791147122
2026-10-04T20:52:17+00:00,382,4,4,True,True,True,1791147122
2026-10-04T20:52:17+00:00,396,9,12,True,True,True,1791147122
2026-10-04T20:52:17+00:00,735,8,3,True,True,True,1791147122
2026-10-04T20:52:17+00:00,437,7,17,True,True,True,1791147122
2026-10-04T20:52:17+00:00,446,13,8,True,True,True,1791147122
2026-10-04T20:52:17+00:00,424,1,6,True,True,True,1791147122
2026-10-04T20:52:17+00:00,455,12,0,True,True,True,1791147122
2026-10-04T20:52:17+00:00,457,3,7,True,True,True,1791147122
2026-10-04T20:52:17+00:00,377,4,25,True,True,True,1791147122
2026-10-04T20:52:17+00:00,738,7,5,True,True,True,1791147122
2026-10-04T20:52:17+00:00,460,9,20,True,True,True,1791147122
2026-10-04T20:52:17+00:00,744,5,4,True,True,True,1791147122
2026-10-04T20:52:17+00:00,485,4,15,True,True,True,1791147122
2026-10-04T21:07:17+00:00,6026,6,25,True,True,True,1791148032
2026-10-04T21:07:17+00:00,5431,15,6,True,True,True,1791148032
2026-10-04T21:07:17+00:00,5424,1,17,True,True,True,1791148032
2026-10-04T21:07:17+00:00,5220,0,19,True,True,True,1791148032
2026-10-04T21:07:17+00:00,5217,8,21,True,True,True,1791148032
2026-10-04T21:07:17+00:00,5113,13,1,True,True,True,1791148032
2026-10-04T21:07:17+00:00,4683,0,20,True,True,True,1791148032
2026-10-04T21:07:17+00:00,4552,4,14,True,True,True,1791148032
2026-10-04T21:07:17+00:00,3725,2,16,True,True,True,1791148032
2026-10-04T21:07:17+00:00,2358,0,11,True,True,True,1791148032
2026-10-04T21:07:17+00:00,2357,2,19,True,True,True,1791148032
2026-10-04T21:07:17+00:00,2355,0,12,True,True,True,1791148032
2026-10-04T21:07:17+00:00,2351,4,13,True,True,True,1791148032
2026-10-04T21:07:17+00:00,2350,16,7,True,True,True,1791148032
2026-10-04T21:07:17+00:00,2349,5,16,True,True,True,1791148032
2026-10-04T21:07:17+00:00,2347,6,24,True,True,True,1791148032
2026-10-04T21:07:17+00:00,2340,10,14,True,True,True,1791148032
2026-10-04T21:07:17+00:00,2339,17,11,True,True,True,1791148032
2026-10-04T21:07:17+00:00,2337,13,1,True,True,True,1791148032
2026-10-04T21:07:17+00:00,2334,0,11,True,True,True,1791148032
2026-10-04T21:07:17+00:00,2333,11,4,True,True,True,1791148032
2026-10-04T21:07:17+00:00,2332,0,9,True,True,True,1791148032
2026-10-04T21:07:17+00:00,2330,12,1,True,True,True,1791148032
2026-10-04T21:07:17+00:00,2329,13,1,True,True,True,1791148032
2026-10-04T21:07:17+00:00,2328,11,8,True,True,True,1791148032
2026-10-04T21:07:17+00:00,2315,8,10,True,True,True,1791148032
2026-10-04T21:07:17+00:00,2308,1,7,True,True,True,1791148032
2026-10-04T21:07:17+00:00,2307,8,21,True,True,True,1791148032
2026-10-04T21:07:17+00:00,2306,11,7,True,True,True,1791148032
2026-10-04T21:07:17+00:00,2305,9,5,True,True,True,1791148032
2026-10-04T21:07:17+00:00,2304,2,14,True,True,True,1791148032
2026-10-04T21:07:17+00:00,2280,9,3,True,True,True,1791148032
2026-10-04T21:07:17+00:00,2270,7,10,True,True,True,1791148032
2026-10-04T21:07:17+00:00,1919,2,4,True,True,True,1791148032
2026-10-04T21:07:17+00:00,1755,1,30,True,True,True,1791148032
2026-10-04T21:07:17+00:00,1101,3,20,True,True,True,1791148032
2026-10-04T21:07:17+00:00,1023,10,3,True,True,True,1791148032
2026-10-04T21:07:17+00:00,1009,3,7,True,True,True,1791148032
2026-10-04T21:07:17+00:00,970,6,18,True,True,True,1791148032
2026-10-04T21:07:17+00:00,787,10,2,True,True,True,1791148032
2026-10-04T21:07:17+00:00,627,4,26,True,True,True,1791148032
2026-10-04T21:07:17+00:00,623,13,6,True,True,True,1791148032
2026-10-04T21:07:17+00:00,624,15,3,True,True,True,1791148032
2026-10-04T21:07:17+00:00,626,5,17,True,True,True,1791148032
2026-10-04T21:07:17+00:00,614,5,18,True,True,True,1791148032
2026-10-04T21:07:17+00:00,616,12,3,True,True,True,1791148032
2026-10-04T21:07:17+00:00,618,8,34,True,True,True,1791148032
2026-10-04T21:07:17+00:00,621,8,17,True,True,True,1791148032
2026-10-04T21:07:17+00:00,622,17,11,True,True,True,1791148032
2026-10-04T21:07:17+00:00,613,1,15,True,True,True,1791148032
2026-10-04T21:07:17+00:00,620,15,24,True,True,True,1791148032
2026-10-04T21:07:17+00:00,596,4,14,True,True,True,1791148032
2026-10-04T21:07:17+00:00,617,4,13,True,True,True,1791148032
2026-10-04T21:07:17+00:00,609,16,11,True,True,True,1791148032
2026-10-04T21:07:17+00:00,607,14,14,True,True,True,1791148032
2026-10-04T21:07:17+00:00,603,13,5,True,True,True,1791148032
2026-10-04T21:07:17+00:00,590,3,34,True,True,True,1791148032
2026-10-04T21:07:17+00:00,610,5,14,True,True,True,1791148032
2026-10-04T21:07:17+00:00,608,3,16,True,True,True,1791148032
2026-10-04T21:07:17+00:00,593,12,17,True,True,True,1791148032
2026-10-04T21:07:17+00:00,530,2,7,True,True,True,1791148032
2026-10-04T21:07:17+00:00,463,16,1,True,True,True,1791148032
2026-10-04T21:07:17+00:00,475,18,5,True,True,True,1791148032
2026-10-04T21:07:17+00:00,439,8,15,True,True,True,1791148032
2026-10-04T21:07:17+00:00,600,5,5,True,True,True,1791148032
2026-10-04T21:07:17+00:00,440,15,0,True,True,True,1791148032
2026-10-04T21:07:17+00:00,612,14,3,True,True,True,1791148032
2026-10-04T21:07:17+00:00,491,18,0,True,True,True,1791148032
2026-10-04T21:07:17+00:00,493,24,2,True,True,True,1791148032
2026-10-04T21:07:17+00:00,410,5,20,True,True,True,1791148032
2026-10-04T21:07:17+00:00,605,5,13,True,True,True,1791148032
2026-10-04T21:07:17+00:00,388,4,13,True,True,True,1791148032
2026-10-04T21:07:17+00:00,591,14,9,True,True,True,1791148032
2026-10-04T21:07:17+00:00,592,0,17,True,True,True,1791148032
2026-10-04T21:07:17+00:00,585,0,0,True,True,True,1791148032
2026-10-04T21:07:17+00:00,565,1,17,True,True,True,1791148032
2026-10-04T21:07:17+00:00,571,8,11,True,True,True,1791148032
2026-10-04T21:07:17+00:00,568,2,13,True,True,True,1791148032
2026-10-04T21:07:17+00:00,588,5,14,True,True,True,1791148032
2026-10-04T21:07:17+00:00,584,2,33,True,True,True,1791148032
2026-10-04T21:07:17+00:00,569,18,8,True,True,True,1791148032
2026-10-04T21:07:17+00:00,577,5,24,True,True,True,1791148032
2026-10-04T21:07:17+00:00,564,1,28,True,True,True,1791148032
2026-10-04T21:07:17+00:00,570,1,14,True,True,True,1791148032
2026-10-04T21:07:17+00:00,572,10,29,True,True,True,1791148032
2026-10-04T21:07:17+00:00,586,1,24,True,True,True,1791148032
2026-10-04T21:07:17+00:00,576,10,7,True,True,True,1791148032
2026-10-04T21:07:17+00:00,566,22,2,True,True,True,1791148032
2026-10-04T21:07:17+00:00,602,6,12,True,True,True,1791148032
2026-10-04T21:07:17+00:00,575,0,29,True,True,True,1791148032
2026-10-04T21:07:17+00:00,567,20,18,True,True,True,1791148032
2026-10-04T21:07:17+00:00,582,19,6,True,True,True,1791148032
2026-10-04T21:07:17+00:00,595,23,0,True,True,True,1791148032
2026-10-04T21:07:17+00:00,542,14,4,True,True,True,1791148032
2026-10-04T21:07:17+00:00,563,6,10,True,True,True,1791148032
2026-10-04T21:07:17+00:00,558,5,10,True,True,True,1791148032
2026-10-04T21:07:17+00:00,552,5,13,True,True,True,1791148032
2026-10-04T21:07:17+00:00,555,4,10,True,True,True,1791148032
2026-10-04T21:07:17+00:00,573,6,18,True,True,True,1791148032
2026-10-04T21:07:17+00:00,561,9,13,True,True,True,1791148032
2026-10-04T21:07:17+00:00,615,7,14,True,True,True,1791148032
2026-10-04T21:07:17+00:00,543,14,4,True,True,True,1791148032
2026-10-04T21:07:17+00:00,554,3,16,True,True,True,1791148032
2026-10-04T21:07:17+00:00,574,10,1,True,True,True,1791148032
2026-10-04T21:07:17+00:00,560,3,5,True,True,True,1791148032
2026-10-04T21:07:17+00:00,548,2,15,True,True,True,1791148032
2026-10-04T21:07:17+00:00,559,5,12,True,True,True,1791148032
2026-10-04T21:07:17+00:00,545,8,30,True,True,True,1791148032
2026-10-04T21:07:17+00:00,550,2,7,True,True,True,1791148032
2026-10-04T21:07:17+00:00,541,2,10,True,True,True,1791148032
2026-10-04T21:07:17+00:00,527,9,1,True,True,True,1791148032
2026-10-04T21:07:17+00:00,529,5,16,True,True,True,1791148032
2026-10-04T21:07:17+00:00,526,8,6,True,True,True,1791148032
2026-10-04T21:07:17+00:00,537,13,6,True,True,True,1791148032
2026-10-04T21:07:17+00:00,547,6,21,True,True,True,1791148032
2026-10-04T21:07:17+00:00,601,4,14,True,True,True,1791148032
2026-10-04T21:07:17+00:00,533,9,3,True,True,True,1791148032
2026-10-04T21:07:17+00:00,535,14,11,True,True,True,1791148032
2026-10-04T21:07:17+00:00,524,3,17,True,True,True,1791148032
2026-10-04T21:07:17+00:00,519,10,12,True,True,True,1791148032
2026-10-04T21:07:17+00:00,534,14,25,True,True,True,1791148032
2026-10-04T21:07:17+00:00,521,11,2,True,True,True,1791148032
2026-10-04T21:07:17+00:00,518,1,17,True,True,True,1791148032
2026-10-04T21:07:17+00:00,556,3,15,True,True,True,1791148032
2026-10-04T21:07:17+00:00,525,1,13,True,True,True,1791148032
2026-10-04T21:07:17+00:00,517,1,14,True,True,True,1791148032
2026-10-04T21:07:17+00:00,523,13,17,True,True,True,1791148032
2026-10-04T21:07:17+00:00,522,5,4,True,True,True,1791148032
2026-10-04T21:07:17+00:00,594,0,17,True,True,True,1791148032
2026-10-04T21:07:17+00:00,532,3,18,True,True,True,1791148032
2026-10-04T21:07:17+00:00,509,8,3,True,True,True,1791148032
2026-10-04T21:07:17+00:00,531,5,13,True,True,True,1791148032
2026-10-04T21:07:17+00:00,536,2,7,True,True,True,1791148032
2026-10-04T21:07:17+00:00,562,16,22,True,True,True,1791148032
2026-10-04T21:07:17+00:00,511,7,16,True,True,True,1791148032
2026-10-04T21:07:17+00:00,505,3,18,True,True,True,1791148032
2026-10-04T21:07:17+00:00,501,4,14,True,True,True,1791148032
2026-10-04T21:07:17+00:00,514,5,7,True,True,True,1791148032
2026-10-04T21:07:17+00:00,500,5,12,True,True,True,1791148032
2026-10-04T21:07:17+00:00,503,15,13,True,True,True,1791148032
2026-10-04T21:07:17+00:00,513,0,14,True,True,True,1791148032
2026-10-04T21:07:17+00:00,498,0,12,True,True,True,1791148032
2026-10-04T21:07:17+00:00,507,16,1,True,True,True,1791148032
2026-10-04T21:07:17+00:00,512,13,14,True,True,True,1791148032
2026-10-04T21:07:17+00:00,619,15,27,True,True,True,1791148032
2026-10-04T21:07:17+00:00,474,27,15,True,True,True,1791148032
2026-10-04T21:07:17+00:00,580,9,36,True,True,True,1791148032
2026-10-04T21:07:17+00:00,496,23,20,True,True,True,1791148032
2026-10-04T21:07:17+00:00,482,0,17,True,True,True,1791148032
2026-10-04T21:07:17+00:00,407,1,12,True,True,True,1791148032
2026-10-04T21:07:17+00:00,409,0,25,True,True,True,1791148032
2026-10-04T21:07:17+00:00,451,2,17,True,True,True,1791148032
2026-10-04T21:07:17+00:00,402,3,16,True,True,True,1791148032
2026-10-04T21:07:17+00:00,516,3,11,True,True,True,1791148032
2026-10-04T21:07:17+00:00,625,7,33,True,True,True,1791148032
2026-10-04T21:07:17+00:00,429,4,17,True,True,True,1791148032
2026-10-04T21:07:17+00:00,380,16,6,True,True,True,1791148032
2026-10-04T21:07:17+00:00,583,2,15,True,True,True,1791148032
2026-10-04T21:07:17+00:00,398,4,12,True,True,True,1791148032
2026-10-04T21:07:17+00:00,381,14,1,True,True,True,1791148032
2026-10-04T21:07:17+00:00,464,14,29,True,True,True,1791148032
2026-10-04T21:07:17+00:00,442,13,3,True,True,True,1791148032
2026-10-04T21:07:17+00:00,483,11,9,True,True,True,1791148032
2026-10-04T21:07:17+00:00,458,5,10,True,True,True,1791148032
2026-10-04T21:07:17+00:00,499,3,12,True,True,True,1791148032
2026-10-04T21:07:17+00:00,472,15,5,True,True,True,1791148032
2026-10-04T21:07:17+00:00,506,2,22,True,True,True,1791148032
2026-10-04T21:07:17+00:00,465,2,27,True,True,True,1791148032
2026-10-04T21:07:17+00:00,611,4,33,True,True,True,1791148032
2026-10-04T21:07:17+00:00,404,11,15,True,True,True,1791148032
2026-10-04T21:07:17+00:00,579,5,12,True,True,True,1791148032
2026-10-04T21:07:17+00:00,589,5,22,True,True,True,1791148032
2026-10-04T21:07:17+00:00,434,0,20,True,True,True,1791148032
2026-10-04T21:07:17+00:00,462,3,12,True,True,True,1791148032
2026-10-04T21:07:17+00:00,578,10,12,True,True,True,1791148032
2026-10-04T21:07:17+00:00,415,2,10,True,True,True,1791148032
2026-10-04T21:07:17+00:00,423,6,14,True,True,True,1791148032
2026-10-04T21:07:17+00:00,412,7,0,True,True,True,1791148032
2026-10-04T21:07:17+00:00,387,13,1,True,True,True,1791148032
2026-10-04T21:07:17+00:00,441,2,13,True,True,True,1791148032
2026-10-04T21:07:17+00:00,454,1,21,True,True,True,1791148032
2026-10-04T21:07:17+00:00,436,1,11,True,True,True,1791148032
2026-10-04T21:07:17+00:00,394,1,17,True,True,True,1791148032
2026-10-04T21:07:17+00:00,497,14,13,True,True,True,1791148032
2026-10-04T21:07:17+00:00,581,12,11,True,True,True,1791148032
2026-10-04T21:07:17+00:00,461,1,17,True,True,True,1791148032
2026-10-04T21:07:17+00:00,599,10,35,True,True,True,1791148032
2026-10-04T21:07:17+00:00,428,5,18,True,True,True,1791148032
2026-10-04T21:07:17+00:00,400,2,22,True,True,True,1791148032
2026-10-04T21:07:17+00:00,487,4,17,True,True,True,1791148032
2026-10-04T21:07:17+00:00,438,20,19,True,True,True,1791148032
2026-10-04T21:07:17+00:00,459,0,12,True,True,True,1791148032
2026-10-04T21:07:17+00:00,433,3,14,True,True,True,1791148032
2026-10-04T21:07:17+00:00,399,2,28,True,True,True,1791148032
2026-10-04T21:07:17+00:00,489,5,22,True,True,True,1791148032
2026-10-04T21:07:17+00:00,742,14,13,True,True,True,1791148032
2026-10-04T21:07:17+00:00,551,20,12,True,True,True,1791148032
2026-10-04T21:07:17+00:00,406,1,9,True,True,True,1791148032
2026-10-04T21:07:17+00:00,488,12,10,True,True,True,1791148032
2026-10-04T21:07:17+00:00,540,6,27,True,True,True,1791148032
2026-10-04T21:07:17+00:00,431,4,16,True,True,True,1791148032
2026-10-04T21:07:17+00:00,393,20,0,True,True,True,1791148032
2026-10-04T21:07:17+00:00,420,5,12,True,True,True,1791148032
2026-10-04T21:07:17+00:00,397,1,29,True,True,True,1791148032
2026-10-04T21:07:17+00:00,390,7,22,True,True,True,1791148032
2026-10-04T21:07:17+00:00,449,17,7,True,True,True,1791148032
2026-10-04T21:07:17+00:00,430,5,37,True,True,True,1791148032
2026-10-04T21:07:17+00:00,484,12,22,True,True,True,1791148032
2026-10-04T21:07:17+00:00,479,3,27,True,True,True,1791148032
2026-10-04T21:07:17+00:00,403,3,10,True,True,True,1791148032
2026-10-04T21:07:17+00:00,435,5,25,True,True,True,1791148032
2026-10-04T21:07:17+00:00,426,7,13,True,True,True,1791148032
2026-10-04T21:07:17+00:00,450,8,6,True,True,True,1791148032
2026-10-04T21:07:17+00:00,456,16,17,True,True,True,1791148032
2026-10-04T21:07:17+00:00,468,11,4,True,True,True,1791148032
2026-10-04T21:07:17+00:00,453,14,19,True,True,True,1791148032
2026-10-04T21:07:17+00:00,466,1,14,True,True,True,1791148032
2026-10-04T21:07:17+00:00,469,3,27,True,True,True,1791148032
2026-10-04T21:07:17+00:00,416,1,14,True,True,True,1791148032
2026-10-04T21:07:17+00:00,391,9,4,True,True,True,1791148032
2026-10-04T21:07:17+00:00,389,2,12,True,True,True,1791148032
2026-10-04T21:07:17+00:00,470,9,5,True,True,True,1791148032
2026-10-04T21:07:17+00:00,384,7,7,True,True,True,1791148032
2026-10-04T21:07:17+00:00,425,2,5,True,True,True,1791148032
2026-10-04T21:07:17+00:00,411,4,7,True,True,True,1791148032
2026-10-04T21:07:17+00:00,598,10,23,True,True,True,1791148032
2026-10-04T21:07:17+00:00,444,12,6,True,True,True,1791148032
2026-10-04T21:07:17+00:00,447,10,20,True,True,True,1791148032
2026-10-04T21:07:17+00:00,408,2,11,True,True,True,1791148032
2026-10-04T21:07:17+00:00,737,23,1,True,True,True,1791148032
2026-10-04T21:07:17+00:00,432,4,7,True,True,True,1791148032
2026-10-04T21:07:17+00:00,401,4,1,True,True,True,1791148032
2026-10-04T21:07:17+00:00,452,4,24,True,True,True,1791148032
2026-10-04T21:07:17+00:00,392,0,7,True,True,True,1791148032
2026-10-04T21:07:17+00:00,481,11,30,True,True,True,1791148032
2026-10-04T21:07:17+00:00,495,5,35,True,True,True,1791148032
2026-10-04T21:07:17+00:00,478,11,2,True,True,True,1791148032
2026-10-04T21:07:17+00:00,414,5,6,True,True,True,1791148032
2026-10-04T21:07:17+00:00,476,14,5,True,True,True,1791148032
2026-10-04T21:07:17+00:00,445,9,9,True,True,True,1791148032
2026-10-04T21:07:17+00:00,748,9,18,True,True,True,1791148032
2026-10-04T21:07:17+00:00,473,0,7,True,True,True,1791148032
2026-10-04T21:07:17+00:00,383,1,23,True,True,True,1791148032
2026-10-04T21:07:17+00:00,480,11,12,True,True,True,1791148032
2026-10-04T21:07:17+00:00,421,16,3,True,True,True,1791148032
2026-10-04T21:07:17+00:00,746,8,3,True,True,True,1791148032
2026-10-04T21:07:17+00:00,417,3,11,True,True,True,1791148032
2026-10-04T21:07:17+00:00,427,8,6,True,True,True,1791148032
2026-10-04T21:07:17+00:00,395,5,9,True,True,True,1791148032
2026-10-04T21:07:17+00:00,418,11,16,True,True,True,1791148032
2026-10-04T21:07:17+00:00,413,1,9,True,True,True,1791148032
2026-10-04T21:07:17+00:00,486,7,14,True,True,True,1791148032
2026-10-04T21:07:17+00:00,597,15,0,True,True,True,1791148032
2026-10-04T21:07:17+00:00,422,1,8,True,True,True,1791148032
2026-10-04T21:07:17+00:00,382,4,4,True,True,True,1791148032
2026-10-04T21:07:17+00:00,396,9,12,True,True,True,1791148032
2026-10-04T21:07:17+00:00,735,8,3,True,True,True,1791148032
2026-10-04T21:07:17+00:00,437,7,17,True,True,True,1791148032
2026-10-04T21:07:17+00:00,446,13,8,True,True,True,1791148032
2026-10-04T21:07:17+00:00,424,1,6,True,True,True,1791148032
2026-10-04T21:07:17+00:00,455,12,0,True,True,True,1791148032
2026-10-04T21:07:17+00:00,457,2,8,True,True,True,1791148032
2026-10-04T21:07:17+00:00,377,4,25,True,True,True,1791148032
2026-10-04T21:07:17+00:00,738,7,5,True,True,True,1791148032
2026-10-04T21:07:17+00:00,460,9,20,True,True,True,1791148032
2026-10-04T21:07:17+00:00,744,5,4,True,True,True,1791148032
2026-10-04T21:07:17+00:00,485,3,16,True,True,True,1791148032
2026-10-04T21:22:17+00:00,6026,5,26,True,True,True,1791148936
2026-10-04T21:22:17+00:00,5431,15,6,True,True,True,1791148936
2026-10-04T21:22:17+00:00,5424,1,17,True,True,True,1791148936
2026-10-04T21:22:17+00:00,5220,0,19,True,True,True,1791148936
2026-10-04T21:22:17+00:00,5217,8,21,True,True,True,1791148936
2026-10-04T21:22:17+00:00,5113,13,1,True,True,True,1791148936
2026-10-04T21:22:17+00:00,4683,0,20,True,True,True,1791148936
2026-10-04T21:22:17+00:00,4552,4,14,True,True,True,1791148936
2026-10-04T21:22:17+00:00,3725,2,16,True,True,True,1791148936
2026-10-04T21:22:17+00:00,2358,0,11,True,True,True,1791148936
2026-10-04T21:22:17+00:00,2357,2,19,True,True,True,1791148936
2026-10-04T21:22:17+00:00,2355,0,12,True,True,True,1791148936
2026-10-04T21:22:17+00:00,2351,3,14,True,True,True,1791148936
2026-10-04T21:22:17+00:00,2350,16,7,True,True,True,1791148936
2026-10-04T21:22:17+00:00,2349,5,16,True,True,True,1791148936
2026-10-04T21:22:17+00:00,2347,6,24,True,True,True,1791148936
2026-10-04T21:22:17+00:00,2340,10,14,True,True,True,1791148936
2026-10-04T21:22:17+00:00,2339,18,10,True,True,True,1791148936
2026-10-04T21:22:17+00:00,2337,13,1,True,True,True,1791148936
2026-10-04T21:22:17+00:00,2334,0,11,True,True,True,1791148936
2026-10-04T21:22:17+00:00,2333,11,4,True,True,True,1791148936
2026-10-04T21:22:17+00:00,2332,0,9,True,True,True,1791148936
2026-10-04T21:22:17+00:00,2330,12,1,True,True,True,1791148936
2026-10-04T21:22:17+00:00,2329,13,1,True,True,True,1791148936
2026-10-04T21:22:17+00:00,2328,9,10,True,True,True,1791148936
2026-10-04T21:22:17+00:00,2315,8,10,True,True,True,1791148936
2026-10-04T21:22:17+00:00,2308,1,7,True,True,True,1791148936
2026-10-04T21:22:17+00:00,2307,8,21,True,True,True,1791148936
2026-10-04T21:22:17+00:00,2306,11,7,True,True,True,1791148936
2026-10-04T21:22:17+00:00,2305,9,5,True,True,True,1791148936
2026-10-04T21:22:17+00:00,2304,2,14,True,True,True,1791148936
2026-10-04T21:22:17+00:00,2280,9,3,True,True,True,1791148936
2026-10-04T21:22:17+00:00,2270,7,10,True,True,True,1791148936
2026-10-04T21:22:17+00:00,1919,2,4,True,True,True,1791148936
2026-10-04T21:22:17+00:00,1755,1,30,True,True,True,1791148936
2026-10-04T21:22:17+00:00,1101,3,20,True,True,True,1791148936
2026-10-04T21:22:17+00:00,1023,10,3,True,True,True,1791148936
2026-10-04T21:22:17+00:00,1009,3,7,True,True,True,1791148936
2026-10-04T21:22:17+00:00,970,6,18,True,True,True,1791148936
2026-10-04T21:22:17+00:00,787,10,2,True,True,True,1791148936
2026-10-04T21:22:17+00:00,627,4,26,True,True,True,1791148936
2026-10-04T21:22:17+00:00,623,13,6,True,True,True,1791148936
2026-10-04T21:22:17+00:00,624,14,4,True,True,True,1791148936
2026-10-04T21:22:17+00:00,626,5,17,True,True,True,1791148936
2026-10-04T21:22:17+00:00,614,5,18,True,True,True,1791148936
2026-10-04T21:22:17+00:00,616,12,3,True,True,True,1791148936
2026-10-04T21:22:17+00:00,618,8,34,True,True,True,1791148936
2026-10-04T21:22:17+00:00,621,8,17,True,True,True,1791148936
2026-10-04T21:22:17+00:00,622,18,10,True,True,True,1791148936
2026-10-04T21:22:17+00:00,613,1,15,True,True,True,1791148936
2026-10-04T21:22:17+00:00,620,15,24,True,True,True,1791148936
2026-10-04T21:22:17+00:00,596,4,14,True,True,True,1791148936
2026-10-04T21:22:17+00:00,617,5,12,True,True,True,1791148936
2026-10-04T21:22:17+00:00,609,15,12,True,True,True,1791148936
2026-10-04T21:22:17+00:00,607,14,14,True,True,True,1791148936
2026-10-04T21:22:17+00:00,603,13,5,True,True,True,1791148936
2026-10-04T21:22:17+00:00,590,2,35,True,True,True,1791148936
2026-10-04T21:22:17+00:00,610,5,14,True,True,True,1791148936
2026-10-04T21:22:17+00:00,608,4,14,True,True,True,1791148936
2026-10-04T21:22:17+00:00,593,12,17,True,True,True,1791148936
2026-10-04T21:22:17+00:00,530,2,7,True,True,True,1791148936
2026-10-04T21:22:17+00:00,463,16,1,True,True,True,1791148936
2026-10-04T21:22:17+00:00,475,16,7,True,True,True,1791148936
2026-10-04T21:22:17+00:00,439,8,15,True,True,True,1791148936
2026-10-04T21:22:17+00:00,600,6,4,True,True,True,1791148936
2026-10-04T21:22:17+00:00,440,15,0,True,True,True,1791148936
2026-10-04T21:22:17+00:00,612,14,3,True,True,True,1791148936
2026-10-04T21:22:17+00:00,491,18,0,True,True,True,1791148936
2026-10-04T21:22:17+00:00,493,24,2,True,True,True,1791148936
2026-10-04T21:22:17+00:00,410,6,19,True,True,True,1791148936
2026-10-04T21:22:17+00:00,605,5,13,True,True,True,1791148936
2026-10-04T21:22:17+00:00,388,4,13,True,True,True,1791148936
2026-10-04T21:22:17+00:00,591,14,9,True,True,True,1791148936
2026-10-04T21:22:17+00:00,592,0,17,True,True,True,1791148936
2026-10-04T21:22:17+00:00,585,0,0,True,True,True,1791148936
2026-10-04T21:22:17+00:00,565,1,17,True,True,True,1791148936
2026-10-04T21:22:17+00:00,571,8,11,True,True,True,1791148936
2026-10-04T21:22:17+00:00,568,2,13,True,True,True,1791148936
2026-10-04T21:22:17+00:00,588,7,12,True,True,True,1791148936
2026-10-04T21:22:17+00:00,584,2,33,True,True,True,1791148936
2026-10-04T21:22:17+00:00,569,18,8,True,True,True,1791148936
2026-10-04T21:22:17+00:00,577,5,24,True,True,True,1791148936
2026-10-04T21:22:17+00:00,564,1,28,True,True,True,1791148936
2026-10-04T21:22:17+00:00,570,1,14,True,True,True,1791148936
2026-10-04T21:22:17+00:00,572,10,29,True,True,True,1791148936
2026-10-04T21:22:17+00:00,586,1,24,True,True,True,1791148936
2026-10-04T21:22:17+00:00,576,10,7,True,True,True,1791148936
2026-10-04T21:22:17+00:00,566,22,2,True,True,True,1791148936
2026-10-04T21:22:17+00:00,602,6,12,True,True,True,1791148936
2026-10-04T21:22:17+00:00,575,0,29,True,True,True,1791148936
2026-10-04T21:22:17+00:00,567,20,18,True,True,True,1791148936
2026-10-04T21:22:17+00:00,582,19,6,True,True,True,1791148936
2026-10-04T21:22:17+00:00,595,23,0,True,True,True,1791148936
2026-10-04T21:22:17+00:00,542,15,3,True,True,True,1791148936
2026-10-04T21:22:17+00:00,563,6,10,True,True,True,1791148936
2026-10-04T21:22:17+00:00,558,5,10,True,True,True,1791148936
2026-10-04T21:22:17+00:00,552,5,13,True,True,True,1791148936
2026-10-04T21:22:17+00:00,555,4,10,True,True,True,1791148936
2026-10-04T21:22:17+00:00,573,6,18,True,True,True,1791148936
2026-10-04T21:22:17+00:00,561,9,13,True,True,True,1791148936
2026-10-04T21:22:17+00:00,615,7,14,True,True,True,1791148936
2026-10-04T21:22:17+00:00,543,14,4,True,True,True,1791148936
2026-10-04T21:22:17+00:00,554,3,16,True,True,True,1791148936
2026-10-04T21:22:17+00:00,574,10,1,True,True,True,1791148936
2026-10-04T21:22:17+00:00,560,3,5,True,True,True,1791148936
2026-10-04T21:22:17+00:00,548,2,15,True,True,True,1791148936
2026-10-04T21:22:17+00:00,559,5,12,True,True,True,1791148936
2026-10-04T21:22:17+00:00,545,8,30,True,True,True,1791148936
2026-10-04T21:22:17+00:00,550,2,7,True,True,True,1791148936
2026-10-04T21:22:17+00:00,541,2,10,True,True,True,1791148936
2026-10-04T21:22:17+00:00,527,9,1,True,True,True,1791148936
2026-10-04T21:22:17+00:00,529,5,16,True,True,True,1791148936
2026-10-04T21:22:17+00:00,526,8,6,True,True,True,1791148936
2026-10-04T21:22:17+00:00,537,13,6,True,True,True,1791148936
2026-10-04T21:22:17+00:00,547,5,22,True,True,True,1791148936
2026-10-04T21:22:17+00:00,601,4,14,True,True,True,1791148936
2026-10-04T21:22:17+00:00,533,9,3,True,True,True,1791148936
2026-10-04T21:22:17+00:00,535,12,13,True,True,True,1791148936
2026-10-04T21:22:17+00:00,524,3,17,True,True,True,1791148936
2026-10-04T21:22:17+00:00,519,10,12,True,True,True,1791148936
2026-10-04T21:22:17+00:00,534,14,25,True,True,True,1791148936
2026-10-04T21:22:17+00:00,521,10,3,True,True,True,1791148936
2026-10-04T21:22:17+00:00,518,1,17,True,True,True,1791148936
2026-10-04T21:22:17+00:00,556,4,14,True,True,True,1791148936
2026-10-04T21:22:17+00:00,525,1,13,True,True,True,1791148936
2026-10-04T21:22:17+00:00,517,1,14,True,True,True,1791148936
2026-10-04T21:22:17+00:00,523,13,17,True,True,True,1791148936
2026-10-04T21:22:17+00:00,522,5,4,True,True,True,1791148936
2026-10-04T21:22:17+00:00,594,0,17,True,True,True,1791148936
2026-10-04T21:22:17+00:00,532,3,18,True,True,True,1791148936
2026-10-04T21:22:17+00:00,509,8,3,True,True,True,1791148936
2026-10-04T21:22:17+00:00,531,5,13,True,True,True,1791148936
2026-10-04T21:22:17+00:00,536,2,7,True,True,True,1791148936
2026-10-04T21:22:17+00:00,562,16,22,True,True,True,1791148936
2026-10-04T21:22:17+00:00,511,6,16,True,True,True,1791148936
2026-10-04T21:22:17+00:00,505,3,18,True,True,True,1791148936
2026-10-04T21:22:17+00:00,501,4,14,True,True,True,1791148936
2026-10-04T21:22:17+00:00,514,5,7,True,True,True,1791148936
2026-10-04T21:22:17+00:00,500,3,14,True,True,True,1791148936
2026-10-04T21:22:17+00:00,503,16,12,True,True,True,1791148936
2026-10-04T21:22:17+00:00,513,0,14,True,True,True,1791148936
2026-10-04T21:22:17+00:00,498,0,12,True,True,True,1791148936
2026-10-04T21:22:17+00:00,507,16,1,True,True,True,1791148936
2026-10-04T21:22:17+00:00,512,15,12,True,True,True,1791148936
2026-10-04T21:22:17+00:00,619,15,27,True,True,True,1791148936
2026-10-04T21:22:17+00:00,474,27,15,True,True,True,1791148936
2026-10-04T21:22:17+00:00,580,9,36,True,True,True,1791148936
2026-10-04T21:22:17+00:00,496,23,20,True,True,True,1791148936
2026-10-04T21:22:17+00:00,482,1,16,True,True,True,1791148936
2026-10-04T21:22:17+00:00,407,1,12,True,True,True,1791148936
2026-10-04T21:22:17+00:00,409,0,25,True,True,True,1791148936
2026-10-04T21:22:17+00:00,451,2,17,True,True,True,1791148936
2026-10-04T21:22:17+00:00,402,4,15,True,True,True,1791148936
2026-10-04T21:22:17+00:00,516,3,11,True,True,True,1791148936
2026-10-04T21:22:17+00:00,625,7,33,True,True,True,1791148936
2026-10-04T21:22:17+00:00,429,4,17,True,True,True,1791148936
2026-10-04T21:22:17+00:00,380,16,6,True,True,True,1791148936
2026-10-04T21:22:17+00:00,583,2,15,True,True,True,1791148936
2026-10-04T21:22:17+00:00,398,4,12,True,True,True,1791148936
2026-10-04T21:22:17+00:00,381,14,1,True,True,True,1791148936
2026-10-04T21:22:17+00:00,464,13,30,True,True,True,1791148936
2026-10-04T21:22:17+00:00,442,11,5,True,True,True,1791148936
2026-10-04T21:22:17+00:00,483,11,9,True,True,True,1791148936
2026-10-04T21:22:17+00:00,458,4,11,True,True,True,1791148936
2026-10-04T21:22:17+00:00,499,3,12,True,True,True,1791148936
2026-10-04T21:22:17+00:00,472,15,5,True,True,True,1791148936
2026-10-04T21:22:17+00:00,506,2,22,True,True,True,1791148936
2026-10-04T21:22:17+00:00,465,2,27,True,True,True,1791148936
2026-10-04T21:22:17+00:00,611,4,33,True,True,True,1791148936
2026-10-04T21:22:17+00:00,404,11,15,True,True,True,1791148936
2026-10-04T21:22:17+00:00,579,4,12,True,True,True,1791148936
2026-10-04T21:22:17+00:00,589,5,22,True,True,True,1791148936
2026-10-04T21:22:17+00:00,434,0,20,True,True,True,1791148936
2026-10-04T21:22:17+00:00,462,3,12,True,True,True,1791148936
2026-10-04T21:22:17+00:00,578,10,12,True,True,True,1791148936
2026-10-04T21:22:17+00:00,415,2,10,True,True,True,1791148936
2026-10-04T21:22:17+00:00,423,6,14,True,True,True,1791148936
2026-10-04T21:22:17+00:00,412,7,0,True,True,True,1791148936
2026-10-04T21:22:17+00:00,387,13,1,True,True,True,1791148936
2026-10-04T21:22:17+00:00,441,2,13,True,True,True,1791148936
2026-10-04T21:22:17+00:00,454,1,21,True,True,True,1791148936
2026-10-04T21:22:17+00:00,436,1,11,True,True,True,1791148936
2026-10-04T21:22:17+00:00,394,1,17,True,True,True,1791148936
2026-10-04T21:22:17+00:00,497,14,13,True,True,True,1791148936
2026-10-04T21:22:17+00:00,581,12,11,True,True,True,1791148936
2026-10-04T21:22:17+00:00,461,1,17,True,True,True,1791148936
2026-10-04T21:22:17+00:00,599,9,36,True,True,True,1791148936
2026-10-04T21:22:17+00:00,428,5,18,True,True,True,1791148936
2026-10-04T21:22:17+00:00,400,2,22,True,True,True,1791148936
2026-10-04T21:22:17+00:00,487,4,17,True,True,True,1791148936
2026-10-04T21:22:17+00:00,438,19,20,True,True,True,1791148936
2026-10-04T21:22:17+00:00,459,0,12,True,True,True,1791148936
2026-10-04T21:22:17+00:00,433,4,13,True,True,True,1791148936
2026-10-04T21:22:17+00:00,399,1,29,True,True,True,1791148936
2026-10-04T21:22:17+00:00,489,5,22,True,True,True,1791148936
2026-10-04T21:22:17+00:00,742,13,14,True,True,True,1791148936
2026-10-04T21:22:17+00:00,551,19,13,True,True,True,1791148936
2026-10-04T21:22:17+00:00,406,1,9,True,True,True,1791148936
2026-10-04T21:22:17+00:00,488,12,10,True,True,True,1791148936
2026-10-04T21:22:17+00:00,540,6,27,True,True,True,1791148936
2026-10-04T21:22:17+00:00,431,5,15,True,True,True,1791148936
2026-10-04T21:22:17+00:00,393,20,0,True,True,True,1791148936
2026-10-04T21:22:17+00:00,420,5,12,True,True,True,1791148936
2026-10-04T21:22:17+00:00,397,0,30,True,True,True,1791148936
2026-10-04T21:22:17+00:00,390,6,23,True,True,True,1791148936
2026-10-04T21:22:17+00:00,449,17,7,True,True,True,1791148936
2026-10-04T21:22:17+00:00,430,5,37,True,True,True,1791148936
2026-10-04T21:22:17+00:00,484,12,22,True,True,True,1791148936
2026-10-04T21:22:17+00:00,479,5,25,True,True,True,1791148936
2026-10-04T21:22:17+00:00,403,3,10,True,True,True,1791148936
2026-10-04T21:22:17+00:00,435,6,24,True,True,True,1791148936
2026-10-04T21:22:17+00:00,426,7,13,True,True,True,1791148936
2026-10-04T21:22:17+00:00,450,7,6,True,True,True,1791148936
2026-10-04T21:22:17+00:00,456,15,18,True,True,True,1791148936
2026-10-04T21:22:17+00:00,468,12,3,True,True,True,1791148936
2026-10-04T21:22:17+00:00,453,14,19,True,True,True,1791148936
2026-10-04T21:22:17+00:00,466,1,14,True,True,True,1791148936
2026-10-04T21:22:17+00:00,469,5,25,True,True,True,1791148936
2026-10-04T21:22:17+00:00,416,1,14,True,True,True,1791148936
2026-10-04T21:22:17+00:00,391,9,4,True,True,True,1791148936
2026-10-04T21:22:17+00:00,389,2,12,True,True,True,1791148936
2026-10-04T21:22:17+00:00,470,9,5,True,True,True,1791148936
2026-10-04T21:22:17+00:00,384,7,7,True,True,True,1791148936
2026-10-04T21:22:17+00:00,425,2,5,True,True,True,1791148936
2026-10-04T21:22:17+00:00,411,4,7,True,True,True,1791148936
2026-10-04T21:22:17+00:00,598,11,22,True,True,True,1791148936
2026-10-04T21:22:17+00:00,444,12,6,True,True,True,1791148936
2026-10-04T21:22:17+00:00,447,11,19,True,True,True,1791148936
2026-10-04T21:22:17+00:00,408,6,7,True,True,True,1791148936
2026-10-04T21:22:17+00:00,737,23,1,True,True,True,1791148936
2026-10-04T21:22:17+00:00,432,4,7,True,True,True,1791148936
2026-10-04T21:22:17+00:00,401,4,1,True,True,True,1791148936
2026-10-04T21:22:17+00:00,452,4,24,True,True,True,1791148936
2026-10-04T21:22:17+00:00,392,0,7,True,True,True,1791148936
2026-10-04T21:22:17+00:00,481,11,30,True,True,True,1791148936
2026-10-04T21:22:17+00:00,495,4,36,True,True,True,1791148936
2026-10-04T21:22:17+00:00,478,9,4,True,True,True,1791148936
2026-10-04T21:22:17+00:00,414,5,6,True,True,True,1791148936
2026-10-04T21:22:17+00:00,476,13,6,True,True,True,1791148936
2026-10-04T21:22:17+00:00,445,9,9,True,True,True,1791148936
2026-10-04T21:22:17+00:00,748,9,18,True,True,True,1791148936
2026-10-04T21:22:17+00:00,473,0,7,True,True,True,1791148936
2026-10-04T21:22:17+00:00,383,1,23,True,True,True,1791148936
2026-10-04T21:22:17+00:00,480,12,11,True,True,True,1791148936
2026-10-04T21:22:17+00:00,421,15,4,True,True,True,1791148936
2026-10-04T21:22:17+00:00,746,8,3,True,True,True,1791148936
2026-10-04T21:22:17+00:00,417,3,11,True,True,True,1791148936
2026-10-04T21:22:17+00:00,427,7,7,True,True,True,1791148936
2026-10-04T21:22:17+00:00,395,4,10,True,True,True,1791148936
2026-10-04T21:22:17+00:00,418,11,16,True,True,True,1791148936
2026-10-04T21:22:17+00:00,413,0,10,True,True,True,1791148936
2026-10-04T21:22:17+00:00,486,7,14,True,True,True,1791148936
2026-10-04T21:22:17+00:00,597,15,0,True,True,True,1791148936
2026-10-04T21:22:17+00:00,422,3,6,True,True,True,1791148936
2026-10-04T21:22:17+00:00,382,4,4,True,True,True,1791148936
2026-10-04T21:22:17+00:00,396,10,11,True,True,True,1791148936
2026-10-04T21:22:17+00:00,735,10,1,True,True,True,1791148936
2026-10-04T21:22:17+00:00,437,7,17,True,True,True,1791148936
2026-10-04T21:22:17+00:00,446,13,8,True,True,True,1791148936
2026-10-04T21:22:17+00:00,424,1,6,True,True,True,1791148936
2026-10-04T21:22:17+00:00,455,12,0,True,True,True,1791148936
2026-10-04T21:22:17+00:00,457,2,8,True,True,True,1791148936
2026-10-04T21:22:17+00:00,377,4,25,True,True,True,1791148936
2026-10-04T21:22:17+00:00,738,7,5,True,True,True,1791148936
2026-10-04T21:22:17+00:00,460,9,20,True,True,True,1791148936
2026-10-04T21:22:17+00:00,744,5,4,True,True,True,1791148936
2026-10-04T21:22:17+00:00,485,5,14,True,True,True,1791148936
2026-10-04T21:37:17+00:00,6026,5,26,True,True,True,1791149827
2026-10-04T21:37:17+00:00,5431,16,5,True,True,True,1791149827
2026-10-04T21:37:17+00:00,5424,1,17,True,True,True,1791149827
2026-10-04T21:37:17+00:00,5220,0,19,True,True,True,1791149827
2026-10-04T21:37:17+00:00,5217,8,21,True,True,True,1791149827
2026-10-04T21:37:17+00:00,5113,14,0,True,True,True,1791149827
2026-10-04T21:37:17+00:00,4683,0,20,True,True,True,1791149827
2026-10-04T21:37:17+00:00,4552,4,14,True,True,True,1791149827
2026-10-04T21:37:17+00:00,3725,2,16,True,True,True,1791149827
2026-10-04T21:37:17+00:00,2358,1,10,True,True,True,1791149827
2026-10-04T21:37:17+00:00,2357,2,19,True,True,True,1791149827
2026-10-04T21:37:17+00:00,2355,0,12,True,True,True,1791149827
2026-10-04T21:37:17+00:00,2351,3,14,True,True,True,1791149827
2026-10-04T21:37:17+00:00,2350,16,7,True,True,True,1791149827
2026-10-04T21:37:17+00:00,2349,5,16,True,True,True,1791149827
2026-10-04T21:37:17+00:00,2347,7,23,True,True,True,1791149827
2026-10-04T21:37:17+00:00,2340,10,14,True,True,True,1791149827
2026-10-04T21:37:17+00:00,2339,18,10,True,True,True,1791149827
2026-10-04T21:37:17+00:00,2337,13,1,True,True,True,1791149827
2026-10-04T21:37:17+00:00,2334,0,11,True,True,True,1791149827
2026-10-04T21:37:17+00:00,2333,11,4,True,True,True,1791149827
2026-10-04T21:37:17+00:00,2332,0,9,True,True,True,1791149827
2026-10-04T21:37:17+00:00,2330,12,1,True,True,True,1791149827
2026-10-04T21:37:17+00:00,2329,13,1,True,True,True,1791149827
2026-10-04T21:37:17+00:00,2328,9,10,True,True,True,1791149827
2026-10-04T21:37:17+00:00,2315,8,10,True,True,True,1791149827
2026-10-04T21:37:17+00:00,2308,1,7,True,True,True,1791149827
2026-10-04T21:37:17+00:00,2307,8,21,True,True,True,1791149827
2026-10-04T21:37:17+00:00,2306,11,7,True,True,True,1791149827
2026-10-04T21:37:17+00:00,2305,9,5,True,True,True,1791149827
2026-10-04T21:37:17+00:00,2304,2,14,True,True,True,1791149827
2026-10-04T21:37:17+00:00,2280,9,3,True,True,True,1791149827
2026-10-04T21:37:17+00:00,2270,7,10,True,True,True,1791149827
2026-10-04T21:37:17+00:00,1919,2,4,True,True,True,1791149827
2026-10-04T21:37:17+00:00,1755,1,30,True,True,True,1791149827
2026-10-04T21:37:17+00:00,1101,3,20,True,True,True,1791149827
2026-10-04T21:37:17+00:00,1023,10,3,True,True,True,1791149827
2026-10-04T21:37:17+00:00,1009,3,7,True,True,True,1791149827
2026-10-04T21:37:17+00:00,970,6,18,True,True,True,1791149827
2026-10-04T21:37:17+00:00,787,10,2,True,True,True,1791149827
2026-10-04T21:37:17+00:00,627,4,26,True,True,True,1791149827
2026-10-04T21:37:17+00:00,623,13,6,True,True,True,1791149827
2026-10-04T21:37:17+00:00,624,14,4,True,True,True,1791149827
2026-10-04T21:37:17+00:00,626,5,17,True,True,True,1791149827
2026-10-04T21:37:17+00:00,614,5,18,True,True,True,1791149827
2026-10-04T21:37:17+00:00,616,12,3,True,True,True,1791149827
2026-10-04T21:37:17+00:00,618,8,34,True,True,True,1791149827
2026-10-04T21:37:17+00:00,621,7,18,True,True,True,1791149827
2026-10-04T21:37:17+00:00,622,18,10,True,True,True,1791149827
2026-10-04T21:37:17+00:00,613,1,15,True,True,True,1791149827
2026-10-04T21:37:17+00:00,620,15,24,True,True,True,1791149827
2026-10-04T21:37:17+00:00,596,4,14,True,True,True,1791149827
2026-10-04T21:37:17+00:00,617,5,12,True,True,True,1791149827
2026-10-04T21:37:17+00:00,609,15,12,True,True,True,1791149827
2026-10-04T21:37:17+00:00,607,15,13,True,True,True,1791149827
2026-10-04T21:37:17+00:00,603,13,5,True,True,True,1791149827
2026-10-04T21:37:17+00:00,590,2,35,True,True,True,1791149827
2026-10-04T21:37:17+00:00,610,5,14,True,True,True,1791149827
2026-10-04T21:37:17+00:00,608,4,14,True,True,True,1791149827
2026-10-04T21:37:17+00:00,593,12,17,True,True,True,1791149827
2026-10-04T21:37:17+00:00,530,2,7,True,True,True,1791149827
2026-10-04T21:37:17+00:00,463,16,1,True,True,True,1791149827
2026-10-04T21:37:17+00:00,475,16,7,True,True,True,1791149827
2026-10-04T21:37:17+00:00,439,8,15,True,True,True,1791149827
2026-10-04T21:37:17+00:00,600,6,4,True,True,True,1791149827
2026-10-04T21:37:17+00:00,440,15,0,True,True,True,1791149827
2026-10-04T21:37:17+00:00,612,14,2,True,True,True,1791149827
2026-10-04T21:37:17+00:00,491,18,0,True,True,True,1791149827
2026-10-04T21:37:17+00:00,493,24,2,True,True,True,1791149827
2026-10-04T21:37:17+00:00,410,7,18,True,True,True,1791149827
2026-10-04T21:37:17+00:00,605,5,13,True,True,True,1791149827
2026-10-04T21:37:17+00:00,388,4,13,True,True,True,1791149827
2026-10-04T21:37:17+00:00,591,14,9,True,True,True,1791149827
2026-10-04T21:37:17+00:00,592,0,17,True,True,True,1791149827
2026-10-04T21:37:17+00:00,585,0,0,True,True,True,1791149827
2026-10-04T21:37:17+00:00,565,1,17,True,True,True,1791149827
2026-10-04T21:37:17+00:00,571,8,11,True,True,True,1791149827
2026-10-04T21:37:17+00:00,568,2,13,True,True,True,1791149827
2026-10-04T21:37:17+00:00,588,7,12,True,True,True,1791149827
2026-10-04T21:37:17+00:00,584,2,33,True,True,True,1791149827
2026-10-04T21:37:17+00:00,569,18,8,True,True,True,1791149827
2026-10-04T21:37:17+00:00,577,5,24,True,True,True,1791149827
2026-10-04T21:37:17+00:00,564,1,28,True,True,True,1791149827
2026-10-04T21:37:17+00:00,570,1,14,True,True,True,1791149827
2026-10-04T21:37:17+00:00,572,10,29,True,True,True,1791149827
2026-10-04T21:37:17+00:00,586,1,24,True,True,True,1791149827
2026-10-04T21:37:17+00:00,576,10,7,True,True,True,1791149827
2026-10-04T21:37:17+00:00,566,22,2,True,True,True,1791149827
2026-10-04T21:37:17+00:00,602,6,12,True,True,True,1791149827
2026-10-04T21:37:17+00:00,575,0,29,True,True,True,1791149827
2026-10-04T21:37:17+00:00,567,21,17,True,True,True,1791149827
2026-10-04T21:37:17+00:00,582,19,6,True,True,True,1791149827
2026-10-04T21:37:17+00:00,595,23,0,True,True,True,1791149827
2026-10-04T21:37:17+00:00,542,15,3,True,True,True,1791149827
2026-10-04T21:37:17+00:00,563,6,10,True,True,True,1791149827
2026-10-04T21:37:17+00:00,558,5,10,True,True,True,1791149827
2026-10-04T21:37:17+00:00,552,5,13,True,True,True,1791149827
2026-10-04T21:37:17+00:00,555,4,10,True,True,True,1791149827
2026-10-04T21:37:17+00:00,573,6,18,True,True,True,1791149827
2026-10-04T21:37:17+00:00,561,9,13,True,True,True,1791149827
2026-10-04T21:37:17+00:00,615,7,14,True,True,True,1791149827
2026-10-04T21:37:17+00:00,543,14,4,True,True,True,1791149827
2026-10-04T21:37:17+00:00,554,3,16,True,True,True,1791149827
2026-10-04T21:37:17+00:00,574,11,0,True,True,True,1791149827
2026-10-04T21:37:17+00:00,560,3,5,True,True,True,1791149827
2026-10-04T21:37:17+00:00,548,2,15,True,True,True,1791149827
2026-10-04T21:37:17+00:00,559,5,12,True,True,True,1791149827
2026-10-04T21:37:17+00:00,545,8,30,True,True,True,1791149827
2026-10-04T21:37:17+00:00,550,2,7,True,True,True,1791149827
2026-10-04T21:37:17+00:00,541,2,10,True,True,True,1791149827
2026-10-04T21:37:17+00:00,527,9,1,True,True,True,1791149827
2026-10-04T21:37:17+00:00,529,5,16,True,True,True,1791149827
2026-10-04T21:37:17+00:00,526,8,6,True,True,True,1791149827
2026-10-04T21:37:17+00:00,537,13,6,True,True,True,1791149827
2026-10-04T21:37:17+00:00,547,5,22,True,True,True,1791149827
2026-10-04T21:37:17+00:00,601,4,14,True,True,True,1791149827
2026-10-04T21:37:17+00:00,533,9,3,True,True,True,1791149827
2026-10-04T21:37:17+00:00,535,13,12,True,True,True,1791149827
2026-10-04T21:37:17+00:00,524,3,17,True,True,True,1791149827
2026-10-04T21:37:17+00:00,519,10,12,True,True,True,1791149827
2026-10-04T21:37:17+00:00,534,14,25,True,True,True,1791149827
2026-10-04T21:37:17+00:00,521,10,3,True,True,True,1791149827
2026-10-04T21:37:17+00:00,518,1,17,True,True,True,1791149827
2026-10-04T21:37:17+00:00,556,4,14,True,True,True,1791149827
2026-10-04T21:37:17+00:00,525,1,13,True,True,True,1791149827
2026-10-04T21:37:17+00:00,517,1,14,True,True,True,1791149827
2026-10-04T21:37:17+00:00,523,13,17,True,True,True,1791149827
2026-10-04T21:37:17+00:00,522,5,4,True,True,True,1791149827
2026-10-04T21:37:17+00:00,594,0,17,True,True,True,1791149827
2026-10-04T21:37:17+00:00,532,3,18,True,True,True,1791149827
2026-10-04T21:37:17+00:00,509,8,3,True,True,True,1791149827
2026-10-04T21:37:17+00:00,531,5,13,True,True,True,1791149827
2026-10-04T21:37:17+00:00,536,2,7,True,True,True,1791149827
2026-10-04T21:37:17+00:00,562,16,22,True,True,True,1791149827
2026-10-04T21:37:17+00:00,511,5,17,True,True,True,1791149827
2026-10-04T21:37:17+00:00,505,3,18,True,True,True,1791149827
2026-10-04T21:37:17+00:00,501,5,13,True,True,True,1791149827
2026-10-04T21:37:17+00:00,514,5,7,True,True,True,1791149827
2026-10-04T21:37:17+00:00,500,3,14,True,True,True,1791149827
2026-10-04T21:37:17+00:00,503,17,11,True,True,True,1791149827
2026-10-04T21:37:17+00:00,513,0,14,True,True,True,1791149827
2026-10-04T21:37:17+00:00,498,0,12,True,True,True,1791149827
2026-10-04T21:37:17+00:00,507,15,2,True,True,True,1791149827
2026-10-04T21:37:17+00:00,512,15,12,True,True,True,1791149827
2026-10-04T21:37:17+00:00,619,15,27,True,True,True,1791149827
2026-10-04T21:37:17+00:00,474,27,15,True,True,True,1791149827
2026-10-04T21:37:17+00:00,580,9,36,True,True,True,1791149827
2026-10-04T21:37:17+00:00,496,23,20,True,True,True,1791149827
2026-10-04T21:37:17+00:00,482,1,16,True,True,True,1791149827
2026-10-04T21:37:17+00:00,407,1,12,True,True,True,1791149827
2026-10-04T21:37:17+00:00,409,0,25,True,True,True,1791149827
2026-10-04T21:37:17+00:00,451,2,17,True,True,True,1791149827
2026-10-04T21:37:17+00:00,402,4,15,True,True,True,1791149827
2026-10-04T21:37:17+00:00,516,3,11,True,True,True,1791149827
2026-10-04T21:37:17+00:00,625,7,33,True,True,True,1791149827
2026-10-04T21:37:17+00:00,429,4,17,True,True,True,1791149827
2026-10-04T21:37:17+00:00,380,16,6,True,True,True,1791149827
2026-10-04T21:37:17+00:00,583,3,14,True,True,True,1791149827
2026-10-04T21:37:17+00:00,398,4,12,True,True,True,1791149827
2026-10-04T21:37:17+00:00,381,14,1,True,True,True,1791149827
2026-10-04T21:37:17+00:00,464,13,30,True,True,True,1791149827
2026-10-04T21:37:17+00:00,442,12,4,True,True,True,1791149827
2026-10-04T21:37:17+00:00,483,11,9,True,True,True,1791149827
2026-10-04T21:37:17+00:00,458,4,11,True,True,True,1791149827
2026-10-04T21:37:17+00:00,499,2,13,True,True,True,1791149827
2026-10-04T21:37:17+00:00,472,15,5,True,True,True,1791149827
2026-10-04T21:37:17+00:00,506,2,22,True,True,True,1791149827
2026-10-04T21:37:17+00:00,465,2,27,True,True,True,1791149827
2026-10-04T21:37:17+00:00,611,4,33,True,True,True,1791149827
2026-10-04T21:37:17+00:00,404,11,15,True,True,True,1791149827
2026-10-04T21:37:17+00:00,579,4,13,True,True,True,1791149827
2026-10-04T21:37:17+00:00,589,5,22,True,True,True,1791149827
2026-10-04T21:37:17+00:00,434,0,20,True,True,True,1791149827
2026-10-04T21:37:17+00:00,462,3,12,True,True,True,1791149827
2026-10-04T21:37:17+00:00,578,9,13,True,True,True,1791149827
2026-10-04T21:37:17+00:00,415,2,10,True,True,True,1791149827
2026-10-04T21:37:17+00:00,423,6,14,True,True,True,1791149827
2026-10-04T21:37:17+00:00,412,6,1,True,True,True,1791149827
2026-10-04T21:37:17+00:00,387,13,1,True,True,True,1791149827
2026-10-04T21:37:17+00:00,441,2,13,True,True,True,1791149827
2026-10-04T21:37:17+00:00,454,1,21,True,True,True,1791149827
2026-10-04T21:37:17+00:00,436,1,11,True,True,True,1791149827
2026-10-04T21:37:17+00:00,394,1,17,True,True,True,1791149827
2026-10-04T21:37:17+00:00,497,14,13,True,True,True,1791149827
2026-10-04T21:37:17+00:00,581,12,11,True,True,True,1791149827
2026-10-04T21:37:17+00:00,461,1,17,True,True,True,1791149827
2026-10-04T21:37:17+00:00,599,9,36,True,True,True,1791149827
2026-10-04T21:37:17+00:00,428,5,18,True,True,True,1791149827
2026-10-04T21:37:17+00:00,400,2,22,True,True,True,1791149827
2026-10-04T21:37:17+00:00,487,4,17,True,True,True,1791149827
2026-10-04T21:37:17+00:00,438,19,20,True,True,True,1791149827
2026-10-04T21:37:17+00:00,459,0,12,True,True,True,1791149827
2026-10-04T21:37:17+00:00,433,5,12,True,True,True,1791149827
2026-10-04T21:37:17+00:00,399,1,29,True,True,True,1791149827
2026-10-04T21:37:17+00:00,489,4,23,True,True,True,1791149827
2026-10-04T21:37:17+00:00,742,13,14,True,True,True,1791149827
2026-10-04T21:37:17+00:00,551,20,11,True,True,True,1791149827
2026-10-04T21:37:17+00:00,406,1,9,True,True,True,1791149827
2026-10-04T21:37:17+00:00,488,12,10,True,True,True,1791149827
2026-10-04T21:37:17+00:00,540,6,27,True,True,True,1791149827
2026-10-04T21:37:17+00:00,431,5,15,True,True,True,1791149827
2026-10-04T21:37:17+00:00,393,18,2,True,True,True,1791149827
2026-10-04T21:37:17+00:00,420,5,12,True,True,True,1791149827
2026-10-04T21:37:17+00:00,397,0,30,True,True,True,1791149827
2026-10-04T21:37:17+00:00,390,6,23,True,True,True,1791149827
2026-10-04T21:37:17+00:00,449,17,7,True,True,True,1791149827
2026-10-04T21:37:17+00:00,430,5,37,True,True,True,1791149827
2026-10-04T21:37:17+00:00,484,12,22,True,True,True,1791149827
2026-10-04T21:37:17+00:00,479,5,25,True,True,True,1791149827
2026-10-04T21:37:17+00:00,403,3,10,True,True,True,1791149827
2026-10-04T21:37:17+00:00,435,6,24,True,True,True,1791149827
2026-10-04T21:37:17+00:00,426,7,13,True,True,True,1791149827
2026-10-04T21:37:17+00:00,450,8,6,True,True,True,1791149827
2026-10-04T21:37:17+00:00,456,15,18,True,True,True,1791149827
2026-10-04T21:37:17+00:00,468,12,3,True,True,True,1791149827
2026-10-04T21:37:17+00:00,453,14,19,True,True,True,1791149827
2026-10-04T21:37:17+00:00,466,1,14,True,True,True,1791149827
2026-10-04T21:37:17+00:00,469,5,25,True,True,True,1791149827
2026-10-04T21:37:17+00:00,416,1,14,True,True,True,1791149827
2026-10-04T21:37:17+00:00,391,9,4,True,True,True,1791149827
2026-10-04T21:37:17+00:00,389,2,12,True,True,True,1791149827
2026-10-04T21:37:17+00:00,470,9,5,True,True,True,1791149827
2026-10-04T21:37:17+00:00,384,7,7,True,True,True,1791149827
2026-10-04T21:37:17+00:00,425,2,5,True,True,True,1791149827
2026-10-04T21:37:17+00:00,411,4,7,True,True,True,1791149827
2026-10-04T21:37:17+00:00,598,11,22,True,True,True,1791149827
2026-10-04T21:37:17+00:00,444,12,6,True,True,True,1791149827
2026-10-04T21:37:17+00:00,447,10,20,True,True,True,1791149827
2026-10-04T21:37:17+00:00,408,6,7,True,True,True,1791149827
2026-10-04T21:37:17+00:00,737,22,2,True,True,True,1791149827
2026-10-04T21:37:17+00:00,432,4,7,True,True,True,1791149827
2026-10-04T21:37:17+00:00,401,4,1,True,True,True,1791149827
2026-10-04T21:37:17+00:00,452,4,24,True,True,True,1791149827
2026-10-04T21:37:17+00:00,392,0,7,True,True,True,1791149827
2026-10-04T21:37:17+00:00,481,11,30,True,True,True,1791149827
2026-10-04T21:37:17+00:00,495,4,36,True,True,True,1791149827
2026-10-04T21:37:17+00:00,478,9,4,True,True,True,1791149827
2026-10-04T21:37:17+00:00,414,5,6,True,True,True,1791149827
2026-10-04T21:37:17+00:00,476,13,6,True,True,True,1791149827
2026-10-04T21:37:17+00:00,445,9,9,True,True,True,1791149827
2026-10-04T21:37:17+00:00,748,9,18,True,True,True,1791149827
2026-10-04T21:37:17+00:00,473,0,7,True,True,True,1791149827
2026-10-04T21:37:17+00:00,383,1,23,True,True,True,1791149827
2026-10-04T21:37:17+00:00,480,12,11,True,True,True,1791149827
2026-10-04T21:37:17+00:00,421,15,4,True,True,True,1791149827
2026-10-04T21:37:17+00:00,746,8,3,True,True,True,1791149827
2026-10-04T21:37:17+00:00,417,3,11,True,True,True,1791149827
2026-10-04T21:37:17+00:00,427,8,6,True,True,True,1791149827
2026-10-04T21:37:17+00:00,395,4,10,True,True,True,1791149827
2026-10-04T21:37:17+00:00,418,11,16,True,True,True,1791149827
2026-10-04T21:37:17+00:00,413,0,10,True,True,True,1791149827
2026-10-04T21:37:17+00:00,486,7,14,True,True,True,1791149827
2026-10-04T21:37:17+00:00,597,15,0,True,True,True,1791149827
2026-10-04T21:37:17+00:00,422,4,5,True,True,True,1791149827
2026-10-04T21:37:17+00:00,382,4,4,True,True,True,1791149827
2026-10-04T21:37:17+00:00,396,10,11,True,True,True,1791149827
2026-10-04T21:37:17+00:00,735,10,1,True,True,True,1791149827
2026-10-04T21:37:17+00:00,437,5,18,True,True,True,1791149827
2026-10-04T21:37:17+00:00,446,13,8,True,True,True,1791149827
2026-10-04T21:37:17+00:00,424,3,3,True,True,True,1791149827
2026-10-04T21:37:17+00:00,455,12,0,True,True,True,1791149827
2026-10-04T21:37:17+00:00,457,1,9,True,True,True,1791149827
2026-10-04T21:37:17+00:00,377,4,25,True,True,True,1791149827
2026-10-04T21:37:17+00:00,738,7,5,True,True,True,1791149827
2026-10-04T21:37:17+00:00,460,11,18,True,True,True,1791149827
2026-10-04T21:37:17+00:00,744,5,4,True,True,True,1791149827
2026-10-04T21:37:17+00:00,485,4,15,True,True,True,1791149827
2026-10-04T21:52:17+00:00,6026,5,26,True,True,True,1791150722
2026-10-04T21:52:17+00:00,5431,16,5,True,True,True,1791150722
2026-10-04T21:52:17+00:00,5424,1,17,True,True,True,1791150722
2026-10-04T21:52:17+00:00,5220,0,19,True,True,True,1791150722
2026-10-04T21:52:17+00:00,5217,8,21,True,True,True,1791150722
2026-10-04T21:52:17+00:00,5113,14,0,True,True,True,1791150722
2026-10-04T21:52:17+00:00,4683,0,20,True,True,True,1791150722
2026-10-04T21:52:17+00:00,4552,4,14,True,True,True,1791150722
2026-10-04T21:52:17+00:00,3725,2,16,True,True,True,1791150722
2026-10-04T21:52:17+00:00,2358,1,10,True,True,True,1791150722
2026-10-04T21:52:17+00:00,2357,2,19,True,True,True,1791150722
2026-10-04T21:52:17+00:00,2355,0,12,True,True,True,1791150722
2026-10-04T21:52:17+00:00,2351,3,14,True,True,True,1791150722
2026-10-04T21:52:17+00:00,2350,16,7,True,True,True,1791150722
2026-10-04T21:52:17+00:00,2349,5,16,True,True,True,1791150722
2026-10-04T21:52:17+00:00,2347,7,23,True,True,True,1791150722
2026-10-04T21:52:17+00:00,2340,10,14,True,True,True,1791150722
2026-10-04T21:52:17+00:00,2339,18,10,True,True,True,1791150722
2026-10-04T21:52:17+00:00,2337,13,1,True,True,True,1791150722
2026-10-04T21:52:17+00:00,2334,0,11,True,True,True,1791150722
2026-10-04T21:52:17+00:00,2333,11,4,True,True,True,1791150722
2026-10-04T21:52:17+00:00,2332,1,8,True,True,True,1791150722
2026-10-04T21:52:17+00:00,2330,12,1,True,True,True,1791150722
2026-10-04T21:52:17+00:00,2329,13,1,True,True,True,1791150722
2026-10-04T21:52:17+00:00,2328,6,13,True,True,True,1791150722
2026-10-04T21:52:17+00:00,2315,8,10,True,True,True,1791150722
2026-10-04T21:52:17+00:00,2308,1,7,True,True,True,1791150722
2026-10-04T21:52:17+00:00,2307,8,21,True,True,True,1791150722
2026-10-04T21:52:17+00:00,2306,11,7,True,True,True,1791150722
2026-10-04T21:52:17+00:00,2305,9,5,True,True,True,1791150722
2026-10-04T21:52:17+00:00,2304,2,14,True,True,True,1791150722
2026-10-04T21:52:17+00:00,2280,9,3,True,True,True,1791150722
2026-10-04T21:52:17+00:00,2270,7,10,True,True,True,1791150722
2026-10-04T21:52:17+00:00,1919,2,4,True,True,True,1791150722
2026-10-04T21:52:17+00:00,1755,1,30,True,True,True,1791150722
2026-10-04T21:52:17+00:00,1101,3,20,True,True,True,1791150722
2026-10-04T21:52:17+00:00,1023,10,3,True,True,True,1791150722
2026-10-04T21:52:17+00:00,1009,3,7,True,True,True,1791150722
2026-10-04T21:52:17+00:00,970,6,18,True,True,True,1791150722
2026-10-04T21:52:17+00:00,787,10,2,True,True,True,1791150722
2026-10-04T21:52:17+00:00,627,4,26,True,True,True,1791150722
2026-10-04T21:52:17+00:00,623,10,9,True,True,True,1791150722
2026-10-04T21:52:17+00:00,624,14,4,True,True,True,1791150722
2026-10-04T21:52:17+00:00,626,5,17,True,True,True,1791150722
2026-10-04T21:52:17+00:00,614,5,18,True,True,True,1791150722
2026-10-04T21:52:17+00:00,616,12,3,True,True,True,1791150722
2026-10-04T21:52:17+00:00,618,8,34,True,True,True,1791150722
2026-10-04T21:52:17+00:00,621,7,18,True,True,True,1791150722
2026-10-04T21:52:17+00:00,622,18,10,True,True,True,1791150722
2026-10-04T21:52:17+00:00,613,1,15,True,True,True,1791150722
2026-10-04T21:52:17+00:00,620,16,23,True,True,True,1791150722
2026-10-04T21:52:17+00:00,596,4,14,True,True,True,1791150722
2026-10-04T21:52:17+00:00,617,5,12,True,True,True,1791150722
2026-10-04T21:52:17+00:00,609,15,12,True,True,True,1791150722
2026-10-04T21:52:17+00:00,607,15,13,True,True,True,1791150722
2026-10-04T21:52:17+00:00,603,13,5,True,True,True,1791150722
2026-10-04T21:52:17+00:00,590,2,35,True,True,True,1791150722
2026-10-04T21:52:17+00:00,610,5,14,True,True,True,1791150722
2026-10-04T21:52:17+00:00,608,4,14,True,True,True,1791150722
2026-10-04T21:52:17+00:00,593,12,17,True,True,True,1791150722
2026-10-04T21:52:17+00:00,530,2,7,True,True,True,1791150722
2026-10-04T21:52:17+00:00,463,16,1,True,True,True,1791150722
2026-10-04T21:52:17+00:00,475,16,7,True,True,True,1791150722
2026-10-04T21:52:17+00:00,439,8,15,True,True,True,1791150722
2026-10-04T21:52:17+00:00,600,6,4,True,True,True,1791150722
2026-10-04T21:52:17+00:00,440,15,0,True,True,True,1791150722
2026-10-04T21:52:17+00:00,612,14,2,True,True,True,1791150722
2026-10-04T21:52:17+00:00,491,18,0,True,True,True,1791150722
2026-10-04T21:52:17+00:00,493,26,0,True,True,True,1791150722
2026-10-04T21:52:17+00:00,410,7,18,True,True,True,1791150722
2026-10-04T21:52:17+00:00,605,5,13,True,True,True,1791150722
2026-10-04T21:52:17+00:00,388,4,13,True,True,True,1791150722
2026-10-04T21:52:17+00:00,591,14,9,True,True,True,1791150722
2026-10-04T21:52:17+00:00,592,0,17,True,True,True,1791150722
2026-10-04T21:52:17+00:00,585,0,0,True,True,True,1791150722
2026-10-04T21:52:17+00:00,565,1,17,True,True,True,1791150722
2026-10-04T21:52:17+00:00,571,8,11,True,True,True,1791150722
2026-10-04T21:52:17+00:00,568,2,13,True,True,True,1791150722
2026-10-04T21:52:17+00:00,588,7,12,True,True,True,1791150722
2026-10-04T21:52:17+00:00,584,2,33,True,True,True,1791150722
2026-10-04T21:52:17+00:00,569,18,8,True,True,True,1791150722
2026-10-04T21:52:17+00:00,577,5,24,True,True,True,1791150722
2026-10-04T21:52:17+00:00,564,1,28,True,True,True,1791150722
2026-10-04T21:52:17+00:00,570,1,14,True,True,True,1791150722
2026-10-04T21:52:17+00:00,572,10,29,True,True,True,1791150722
2026-10-04T21:52:17+00:00,586,1,24,True,True,True,1791150722
2026-10-04T21:52:17+00:00,576,10,7,True,True,True,1791150722
2026-10-04T21:52:17+00:00,566,22,2,True,True,True,1791150722
2026-10-04T21:52:17+00:00,602,6,12,True,True,True,1791150722
2026-10-04T21:52:17+00:00,575,0,29,True,True,True,1791150722
2026-10-04T21:52:17+00:00,567,21,17,True,True,True,1791150722
2026-10-04T21:52:17+00:00,582,19,6,True,True,True,1791150722
2026-10-04T21:52:17+00:00,595,22,1,True,True,True,1791150722
2026-10-04T21:52:17+00:00,542,16,2,True,True,True,1791150722
2026-10-04T21:52:17+00:00,563,6,10,True,True,True,1791150722
2026-10-04T21:52:17+00:00,558,5,10,True,True,True,1791150722
2026-10-04T21:52:17+00:00,552,5,13,True,True,True,1791150722
2026-10-04T21:52:17+00:00,555,4,10,True,True,True,1791150722
2026-10-04T21:52:17+00:00,573,6,18,True,True,True,1791150722
2026-10-04T21:52:17+00:00,561,9,13,True,True,True,1791150722
2026-10-04T21:52:17+00:00,615,7,14,True,True,True,1791150722
2026-10-04T21:52:17+00:00,543,14,4,True,True,True,1791150722
2026-10-04T21:52:17+00:00,554,3,16,True,True,True,1791150722
2026-10-04T21:52:17+00:00,574,11,0,True,True,True,1791150722
2026-10-04T21:52:17+00:00,560,3,5,True,True,True,1791150722
2026-10-04T21:52:17+00:00,548,2,15,True,True,True,1791150722
2026-10-04T21:52:17+00:00,559,5,12,True,True,True,1791150722
2026-10-04T21:52:17+00:00,545,8,30,True,True,True,1791150722
2026-10-04T21:52:17+00:00,550,0,9,True,True,True,1791150722
2026-10-04T21:52:17+00:00,541,2,10,True,True,True,1791150722
2026-10-04T21:52:17+00:00,527,9,1,True,True,True,1791150722
2026-10-04T21:52:17+00:00,529,5,16,True,True,True,1791150722
2026-10-04T21:52:17+00:00,526,8,6,True,True,True,1791150722
2026-10-04T21:52:17+00:00,537,14,5,True,True,True,1791150722
2026-10-04T21:52:17+00:00,547,5,22,True,True,True,1791150722
2026-10-04T21:52:17+00:00,601,4,14,True,True,True,1791150722
2026-10-04T21:52:17+00:00,533,9,3,True,True,True,1791150722
2026-10-04T21:52:17+00:00,535,13,12,True,True,True,1791150722
2026-10-04T21:52:17+00:00,524,3,17,True,True,True,1791150722
2026-10-04T21:52:17+00:00,519,10,12,True,True,True,1791150722
2026-10-04T21:52:17+00:00,534,14,25,True,True,True,1791150722
2026-10-04T21:52:17+00:00,521,10,3,True,True,True,1791150722
2026-10-04T21:52:17+00:00,518,1,17,True,True,True,1791150722
2026-10-04T21:52:17+00:00,556,4,14,True,True,True,1791150722
2026-10-04T21:52:17+00:00,525,1,13,True,True,True,1791150722
2026-10-04T21:52:17+00:00,517,0,15,True,True,True,1791150722
2026-10-04T21:52:17+00:00,523,12,18,True,True,True,1791150722
2026-10-04T21:52:17+00:00,522,5,4,True,True,True,1791150722
2026-10-04T21:52:17+00:00,594,0,17,True,True,True,1791150722
2026-10-04T21:52:17+00:00,532,2,18,True,True,True,1791150722
2026-10-04T21:52:17+00:00,509,8,3,True,True,True,1791150722
2026-10-04T21:52:17+00:00,531,5,13,True,True,True,1791150722
2026-10-04T21:52:17+00:00,536,2,7,True,True,True,1791150722
2026-10-04T21:52:17+00:00,562,16,22,True,True,True,1791150722
2026-10-04T21:52:17+00:00,511,5,17,True,True,True,1791150722
2026-10-04T21:52:17+00:00,505,3,18,True,True,True,1791150722
2026-10-04T21:52:17+00:00,501,5,13,True,True,True,1791150722
2026-10-04T21:52:17+00:00,514,5,7,True,True,True,1791150722
2026-10-04T21:52:17+00:00,500,4,13,True,True,True,1791150722
2026-10-04T21:52:17+00:00,503,17,11,True,True,True,1791150722
2026-10-04T21:52:17+00:00,513,0,14,True,True,True,1791150722
2026-10-04T21:52:17+00:00,498,0,12,True,True,True,1791150722
2026-10-04T21:52:17+00:00,507,14,2,True,True,True,1791150722
2026-10-04T21:52:17+00:00,512,14,13,True,True,True,1791150722
2026-10-04T21:52:17+00:00,619,15,27,True,True,True,1791150722
2026-10-04T21:52:17+00:00,474,27,15,True,True,True,1791150722
2026-10-04T21:52:17+00:00,580,9,36,True,True,True,1791150722
2026-10-04T21:52:17+00:00,496,23,20,True,True,True,1791150722
2026-10-04T21:52:17+00:00,482,1,16,True,True,True,1791150722
2026-10-04T21:52:17+00:00,407,1,12,True,True,True,1791150722
2026-10-04T21:52:17+00:00,409,0,25,True,True,True,1791150722
2026-10-04T21:52:17+00:00,451,1,18,True,True,True,1791150722
2026-10-04T21:52:17+00:00,402,5,14,True,True,True,1791150722
2026-10-04T21:52:17+00:00,516,2,12,True,True,True,1791150722
2026-10-04T21:52:17+00:00,625,7,33,True,True,True,1791150722
2026-10-04T21:52:17+00:00,429,4,17,True,True,True,1791150722
2026-10-04T21:52:17+00:00,380,17,5,True,True,True,1791150722
2026-10-04T21:52:17+00:00,583,4,13,True,True,True,1791150722
2026-10-04T21:52:17+00:00,398,4,12,True,True,True,1791150722
2026-10-04T21:52:17+00:00,381,14,1,True,True,True,1791150722
2026-10-04T21:52:17+00:00,464,13,30,True,True,True,1791150722
2026-10-04T21:52:17+00:00,442,12,4,True,True,True,1791150722
2026-10-04T21:52:17+00:00,483,12,8,True,True,True,1791150722
2026-10-04T21:52:17+00:00,458,4,11,True,True,True,1791150722
2026-10-04T21:52:17+00:00,499,2,13,True,True,True,1791150722
2026-10-04T21:52:17+00:00,472,15,5,True,True,True,1791150722
2026-10-04T21:52:17+00:00,506,3,21,True,True,True,1791150722
2026-10-04T21:52:17+00:00,465,2,27,True,True,True,1791150722
2026-10-04T21:52:17+00:00,611,4,33,True,True,True,1791150722
2026-10-04T21:52:17+00:00,404,11,15,True,True,True,1791150722
2026-10-04T21:52:17+00:00,579,4,13,True,True,True,1791150722
2026-10-04T21:52:17+00:00,589,5,22,True,True,True,1791150722
2026-10-04T21:52:17+00:00,434,0,20,True,True,True,1791150722
2026-10-04T21:52:17+00:00,462,3,12,True,True,True,1791150722
2026-10-04T21:52:17+00:00,578,9,13,True,True,True,1791150722
2026-10-04T21:52:17+00:00,415,2,10,True,True,True,1791150722
2026-10-04T21:52:17+00:00,423,6,14,True,True,True,1791150722
2026-10-04T21:52:17+00:00,412,6,1,True,True,True,1791150722
2026-10-04T21:52:17+00:00,387,12,2,True,True,True,1791150722
2026-10-04T21:52:17+00:00,441,2,13,True,True,True,1791150722
2026-10-04T21:52:17+00:00,454,1,21,True,True,True,1791150722
2026-10-04T21:52:17+00:00,436,1,11,True,True,True,1791150722
2026-10-04T21:52:17+00:00,394,2,16,True,True,True,1791150722
2026-10-04T21:52:17+00:00,497,14,13,True,True,True,1791150722
2026-10-04T21:52:17+00:00,581,12,11,True,True,True,1791150722
2026-10-04T21:52:17+00:00,461,1,17,True,True,True,1791150722
2026-10-04T21:52:17+00:00,599,9,36,True,True,True,1791150722
2026-10-04T21:52:17+00:00,428,5,18,True,True,True,1791150722
2026-10-04T21:52:17+00:00,400,2,22,True,True,True,1791150722
2026-10-04T21:52:17+00:00,487,4,17,True,True,True,1791150722
2026-10-04T21:52:17+00:00,438,18,21,True,True,True,1791150722
2026-10-04T21:52:17+00:00,459,0,12,True,True,True,1791150722
2026-10-04T21:52:17+00:00,433,5,12,True,True,True,1791150722
2026-10-04T21:52:17+00:00,399,1,29,True,True,True,1791150722
2026-10-04T21:52:17+00:00,489,4,23,True,True,True,1791150722
2026-10-04T21:52:17+00:00,742,13,14,True,True,True,1791150722
2026-10-04T21:52:17+00:00,551,20,11,True,True,True,1791150722
2026-10-04T21:52:17+00:00,406,1,9,True,True,True,1791150722
2026-10-04T21:52:17+00:00,488,12,10,True,True,True,1791150722
2026-10-04T21:52:17+00:00,540,6,27,True,True,True,1791150722
2026-10-04T21:52:17+00:00,431,5,15,True,True,True,1791150722
2026-10-04T21:52:17+00:00,393,18,2,True,True,True,1791150722
2026-10-04T21:52:17+00:00,420,5,12,True,True,True,1791150722
2026-10-04T21:52:17+00:00,397,0,30,True,True,True,1791150722
2026-10-04T21:52:17+00:00,390,8,21,True,True,True,1791150722
2026-10-04T21:52:17+00:00,449,18,6,True,True,True,1791150722
2026-10-04T21:52:17+00:00,430,5,37,True,True,True,1791150722
2026-10-04T21:52:17+00:00,484,12,22,True,True,True,1791150722
2026-10-04T21:52:17+00:00,479,5,25,True,True,True,1791150722
2026-10-04T21:52:17+00:00,403,4,9,True,True,True,1791150722
2026-10-04T21:52:17+00:00,435,6,24,True,True,True,1791150722
2026-10-04T21:52:17+00:00,426,7,13,True,True,True,1791150722
2026-10-04T21:52:17+00:00,450,8,6,True,True,True,1791150722
2026-10-04T21:52:17+00:00,456,15,18,True,True,True,1791150722
2026-10-04T21:52:17+00:00,468,13,2,True,True,True,1791150722
2026-10-04T21:52:17+00:00,453,14,19,True,True,True,1791150722
2026-10-04T21:52:17+00:00,466,1,14,True,True,True,1791150722
2026-10-04T21:52:17+00:00,469,5,25,True,True,True,1791150722
2026-10-04T21:52:17+00:00,416,1,14,True,True,True,1791150722
2026-10-04T21:52:17+00:00,391,9,4,True,True,True,1791150722
2026-10-04T21:52:17+00:00,389,2,12,True,True,True,1791150722
2026-10-04T21:52:17+00:00,470,9,5,True,True,True,1791150722
2026-10-04T21:52:17+00:00,384,7,7,True,True,True,1791150722
2026-10-04T21:52:17+00:00,425,2,5,True,True,True,1791150722
2026-10-04T21:52:17+00:00,411,4,7,True,True,True,1791150722
2026-10-04T21:52:17+00:00,598,11,22,True,True,True,1791150722
2026-10-04T21:52:17+00:00,444,11,7,True,True,True,1791150722
2026-10-04T21:52:17+00:00,447,10,20,True,True,True,1791150722
2026-10-04T21:52:17+00:00,408,6,7,True,True,True,1791150722
2026-10-04T21:52:17+00:00,737,22,2,True,True,True,1791150722
2026-10-04T21:52:17+00:00,432,5,6,True,True,True,1791150722
2026-10-04T21:52:17+00:00,401,4,1,True,True,True,1791150722
2026-10-04T21:52:17+00:00,452,4,24,True,True,True,1791150722
2026-10-04T21:52:17+00:00,392,1,6,True,True,True,1791150722
2026-10-04T21:52:17+00:00,481,11,30,True,True,True,1791150722
2026-10-04T21:52:17+00:00,495,4,36,True,True,True,1791150722
2026-10-04T21:52:17+00:00,478,9,4,True,True,True,1791150722
2026-10-04T21:52:17+00:00,414,5,6,True,True,True,1791150722
2026-10-04T21:52:17+00:00,476,13,6,True,True,True,1791150722
2026-10-04T21:52:17+00:00,445,9,9,True,True,True,1791150722
2026-10-04T21:52:17+00:00,748,9,18,True,True,True,1791150722
2026-10-04T21:52:17+00:00,473,1,6,True,True,True,1791150722
2026-10-04T21:52:17+00:00,383,1,23,True,True,True,1791150722
2026-10-04T21:52:17+00:00,480,12,11,True,True,True,1791150722
2026-10-04T21:52:17+00:00,421,15,4,True,True,True,1791150722
2026-10-04T21:52:17+00:00,746,8,3,True,True,True,1791150722
2026-10-04T21:52:17+00:00,417,3,11,True,True,True,1791150722
2026-10-04T21:52:17+00:00,427,9,5,True,True,True,1791150722
2026-10-04T21:52:17+00:00,395,2,12,True,True,True,1791150722
2026-10-04T21:52:17+00:00,418,11,16,True,True,True,1791150722
2026-10-04T21:52:17+00:00,413,0,10,True,True,True,1791150722
2026-10-04T21:52:17+00:00,486,7,14,True,True,True,1791150722
2026-10-04T21:52:17+00:00,597,15,0,True,True,True,1791150722
2026-10-04T21:52:17+00:00,422,4,5,True,True,True,1791150722
2026-10-04T21:52:17+00:00,382,4,4,True,True,True,1791150722
2026-10-04T21:52:17+00:00,396,10,11,True,True,True,1791150722
2026-10-04T21:52:17+00:00,735,10,1,True,True,True,1791150722
2026-10-04T21:52:17+00:00,437,4,20,True,True,True,1791150722
2026-10-04T21:52:17+00:00,446,13,8,True,True,True,1791150722
2026-10-04T21:52:17+00:00,424,2,4,True,True,True,1791150722
2026-10-04T21:52:17+00:00,455,12,0,True,True,True,1791150722
2026-10-04T21:52:17+00:00,457,1,9,True,True,True,1791150722
2026-10-04T21:52:17+00:00,377,4,25,True,True,True,1791150722
2026-10-04T21:52:17+00:00,738,7,5,True,True,True,1791150722
2026-10-04T21:52:17+00:00,460,12,17,True,True,True,1791150722
2026-10-04T21:52:17+00:00,744,5,4,True,True,True,1791150722
2026-10-04T21:52:17+00:00,485,7,12,True,True,True,1791150722
2026-10-04T22:07:17+00:00,6026,5,26,True,True,True,1791151630
2026-10-04T22:07:17+00:00,5431,16,5,True,True,True,1791151630
2026-10-04T22:07:17+00:00,5424,1,17,True,True,True,1791151630
2026-10-04T22:07:17+00:00,5220,0,19,True,True,True,1791151630
2026-10-04T22:07:17+00:00,5217,8,21,True,True,True,1791151630
2026-10-04T22:07:17+00:00,5113,14,0,True,True,True,1791151630
2026-10-04T22:07:17+00:00,4683,0,20,True,True,True,1791151630
2026-10-04T22:07:17+00:00,4552,4,14,True,True,True,1791151630
2026-10-04T22:07:17+00:00,3725,2,16,True,True,True,1791151630
2026-10-04T22:07:17+00:00,2358,1,10,True,True,True,1791151630
2026-10-04T22:07:17+00:00,2357,2,19,True,True,True,1791151630
2026-10-04T22:07:17+00:00,2355,0,12,True,True,True,1791151630
2026-10-04T22:07:17+00:00,2351,3,14,True,True,True,1791151630
2026-10-04T22:07:17+00:00,2350,16,7,True,True,True,1791151630
2026-10-04T22:07:17+00:00,2349,5,16,True,True,True,1791151630
2026-10-04T22:07:17+00:00,2347,7,23,True,True,True,1791151630
2026-10-04T22:07:17+00:00,2340,10,14,True,True,True,1791151630
2026-10-04T22:07:17+00:00,2339,18,10,True,True,True,1791151630
2026-10-04T22:07:17+00:00,2337,13,1,True,True,True,1791151630
2026-10-04T22:07:17+00:00,2334,0,11,True,True,True,1791151630
2026-10-04T22:07:17+00:00,2333,11,4,True,True,True,1791151630
2026-10-04T22:07:17+00:00,2332,1,8,True,True,True,1791151630
2026-10-04T22:07:17+00:00,2330,12,1,True,True,True,1791151630
2026-10-04T22:07:17+00:00,2329,13,1,True,True,True,1791151630
2026-10-04T22:07:17+00:00,2328,6,13,True,True,True,1791151630
2026-10-04T22:07:17+00:00,2315,8,10,True,True,True,1791151630
2026-10-04T22:07:17+00:00,2308,1,7,True,True,True,1791151630
2026-10-04T22:07:17+00:00,2307,8,21,True,True,True,1791151630
2026-10-04T22:07:17+00:00,2306,11,7,True,True,True,1791151630
2026-10-04T22:07:17+00:00,2305,9,5,True,True,True,1791151630
2026-10-04T22:07:17+00:00,2304,2,14,True,True,True,1791151630
2026-10-04T22:07:17+00:00,2280,9,3,True,True,True,1791151630
2026-10-04T22:07:17+00:00,2270,8,9,True,True,True,1791151630
2026-10-04T22:07:17+00:00,1919,2,4,True,True,True,1791151630
2026-10-04T22:07:17+00:00,1755,1,30,True,True,True,1791151630
2026-10-04T22:07:17+00:00,1101,3,20,True,True,True,1791151630
2026-10-04T22:07:17+00:00,1023,10,3,True,True,True,1791151630
2026-10-04T22:07:17+00:00,1009,3,7,True,True,True,1791151630
2026-10-04T22:07:17+00:00,970,6,18,True,True,True,1791151630
2026-10-04T22:07:17+00:00,787,10,2,True,True,True,1791151630
2026-10-04T22:07:17+00:00,627,4,26,True,True,True,1791151630
2026-10-04T22:07:17+00:00,623,10,9,True,True,True,1791151630
2026-10-04T22:07:17+00:00,624,14,4,True,True,True,1791151630
2026-10-04T22:07:17+00:00,626,5,17,True,True,True,1791151630
2026-10-04T22:07:17+00:00,614,5,18,True,True,True,1791151630
2026-10-04T22:07:17+00:00,616,12,3,True,True,True,1791151630
2026-10-04T22:07:17+00:00,618,8,34,True,True,True,1791151630
2026-10-04T22:07:17+00:00,621,7,18,True,True,True,1791151630
2026-10-04T22:07:17+00:00,622,18,10,True,True,True,1791151630
2026-10-04T22:07:17+00:00,613,1,15,True,True,True,1791151630
2026-10-04T22:07:17+00:00,620,16,23,True,True,True,1791151630
2026-10-04T22:07:17+00:00,596,4,14,True,True,True,1791151630
2026-10-04T22:07:17+00:00,617,5,12,True,True,True,1791151630
2026-10-04T22:07:17+00:00,609,15,12,True,True,True,1791151630
2026-10-04T22:07:17+00:00,607,16,12,True,True,True,1791151630
2026-10-04T22:07:17+00:00,603,13,5,True,True,True,1791151630
2026-10-04T22:07:17+00:00,590,2,35,True,True,True,1791151630
2026-10-04T22:07:17+00:00,610,5,14,True,True,True,1791151630
2026-10-04T22:07:17+00:00,608,4,14,True,True,True,1791151630
2026-10-04T22:07:17+00:00,593,12,17,True,True,True,1791151630
2026-10-04T22:07:17+00:00,530,2,7,True,True,True,1791151630
2026-10-04T22:07:17+00:00,463,17,0,True,True,True,1791151630
2026-10-04T22:07:17+00:00,475,16,7,True,True,True,1791151630
2026-10-04T22:07:17+00:00,439,8,15,True,True,True,1791151630
2026-10-04T22:07:17+00:00,600,6,4,True,True,True,1791151630
2026-10-04T22:07:17+00:00,440,15,0,True,True,True,1791151630
2026-10-04T22:07:17+00:00,612,14,2,True,True,True,1791151630
2026-10-04T22:07:17+00:00,491,18,0,True,True,True,1791151630
2026-10-04T22:07:17+00:00,493,26,0,True,True,True,1791151630
2026-10-04T22:07:17+00:00,410,7,18,True,True,True,1791151630
2026-10-04T22:07:17+00:00,605,5,13,True,True,True,1791151630
2026-10-04T22:07:17+00:00,388,3,14,True,True,True,1791151630
2026-10-04T22:07:17+00:00,591,14,9,True,True,True,1791151630
2026-10-04T22:07:17+00:00,592,0,17,True,True,True,1791151630
2026-10-04T22:07:17+00:00,585,0,0,True,True,True,1791151630
2026-10-04T22:07:17+00:00,565,1,17,True,True,True,1791151630
2026-10-04T22:07:17+00:00,571,8,11,True,True,True,1791151630
2026-10-04T22:07:17+00:00,568,2,13,True,True,True,1791151630
2026-10-04T22:07:17+00:00,588,7,12,True,True,True,1791151630
2026-10-04T22:07:17+00:00,584,4,31,True,True,True,1791151630
2026-10-04T22:07:17+00:00,569,18,8,True,True,True,1791151630
2026-10-04T22:07:17+00:00,577,5,24,True,True,True,1791151630
2026-10-04T22:07:17+00:00,564,1,28,True,True,True,1791151630
2026-10-04T22:07:17+00:00,570,1,14,True,True,True,1791151630
2026-10-04T22:07:17+00:00,572,10,29,True,True,True,1791151630
2026-10-04T22:07:17+00:00,586,1,24,True,True,True,1791151630
2026-10-04T22:07:17+00:00,576,10,7,True,True,True,1791151630
2026-10-04T22:07:17+00:00,566,22,2,True,True,True,1791151630
2026-10-04T22:07:17+00:00,602,6,12,True,True,True,1791151630
2026-10-04T22:07:17+00:00,575,0,29,True,True,True,1791151630
2026-10-04T22:07:17+00:00,567,21,17,True,True,True,1791151630
2026-10-04T22:07:17+00:00,582,19,6,True,True,True,1791151630
2026-10-04T22:07:17+00:00,595,22,1,True,True,True,1791151630
2026-10-04T22:07:17+00:00,542,16,2,True,True,True,1791151630
2026-10-04T22:07:17+00:00,563,6,10,True,True,True,1791151630
2026-10-04T22:07:17+00:00,558,5,10,True,True,True,1791151630
2026-10-04T22:07:17+00:00,552,5,13,True,True,True,1791151630
2026-10-04T22:07:17+00:00,555,5,9,True,True,True,1791151630
2026-10-04T22:07:17+00:00,573,6,18,True,True,True,1791151630
2026-10-04T22:07:17+00:00,561,9,13,True,True,True,1791151630
2026-10-04T22:07:17+00:00,615,7,14,True,True,True,1791151630
2026-10-04T22:07:17+00:00,543,14,4,True,True,True,1791151630
2026-10-04T22:07:17+00:00,554,3,16,True,True,True,1791151630
2026-10-04T22:07:17+00:00,574,11,0,True,True,True,1791151630
2026-10-04T22:07:17+00:00,560,3,5,True,True,True,1791151630
2026-10-04T22:07:17+00:00,548,2,15,True,True,True,1791151630
2026-10-04T22:07:17+00:00,559,5,12,True,True,True,1791151630
2026-10-04T22:07:17+00:00,545,8,30,True,True,True,1791151630
2026-10-04T22:07:17+00:00,550,0,9,True,True,True,1791151630
2026-10-04T22:07:17+00:00,541,2,10,True,True,True,1791151630
2026-10-04T22:07:17+00:00,527,9,1,True,True,True,1791151630
2026-10-04T22:07:17+00:00,529,5,16,True,True,True,1791151630
2026-10-04T22:07:17+00:00,526,8,6,True,True,True,1791151630
2026-10-04T22:07:17+00:00,537,13,6,True,True,True,1791151630
2026-10-04T22:07:17+00:00,547,4,23,True,True,True,1791151630
2026-10-04T22:07:17+00:00,601,4,14,True,True,True,1791151630
2026-10-04T22:07:17+00:00,533,9,3,True,True,True,1791151630
2026-10-04T22:07:17+00:00,535,13,12,True,True,True,1791151630
2026-10-04T22:07:17+00:00,524,3,17,True,True,True,1791151630
2026-10-04T22:07:17+00:00,519,10,12,True,True,True,1791151630
2026-10-04T22:07:17+00:00,534,14,25,True,True,True,1791151630
2026-10-04T22:07:17+00:00,521,10,3,True,True,True,1791151630
2026-10-04T22:07:17+00:00,518,2,16,True,True,True,1791151630
2026-10-04T22:07:17+00:00,556,4,14,True,True,True,1791151630
2026-10-04T22:07:17+00:00,525,1,13,True,True,True,1791151630
2026-10-04T22:07:17+00:00,517,0,15,True,True,True,1791151630
2026-10-04T22:07:17+00:00,523,12,18,True,True,True,1791151630
2026-10-04T22:07:17+00:00,522,5,4,True,True,True,1791151630
2026-10-04T22:07:17+00:00,594,0,17,True,True,True,1791151630
2026-10-04T22:07:17+00:00,532,2,19,True,True,True,1791151630
2026-10-04T22:07:17+00:00,509,8,3,True,True,True,1791151630
2026-10-04T22:07:17+00:00,531,5,13,True,True,True,1791151630
2026-10-04T22:07:17+00:00,536,2,7,True,True,True,1791151630
2026-10-04T22:07:17+00:00,562,15,22,True,True,True,1791151630
2026-10-04T22:07:17+00:00,511,5,17,True,True,True,1791151630
2026-10-04T22:07:17+00:00,505,3,18,True,True,True,1791151630
2026-10-04T22:07:17+00:00,501,5,13,True,True,True,1791151630
2026-10-04T22:07:17+00:00,514,5,7,True,True,True,1791151630
2026-10-04T22:07:17+00:00,500,4,13,True,True,True,1791151630
2026-10-04T22:07:17+00:00,503,17,11,True,True,True,1791151630
2026-10-04T22:07:17+00:00,513,0,14,True,True,True,1791151630
2026-10-04T22:07:17+00:00,498,0,12,True,True,True,1791151630
2026-10-04T22:07:17+00:00,507,14,2,True,True,True,1791151630
2026-10-04T22:07:17+00:00,512,14,13,True,True,True,1791151630
2026-10-04T22:07:17+00:00,619,15,27,True,True,True,1791151630
2026-10-04T22:07:17+00:00,474,27,15,True,True,True,1791151630
2026-10-04T22:07:17+00:00,580,9,36,True,True,True,1791151630
2026-10-04T22:07:17+00:00,496,23,20,True,True,True,1791151630
2026-10-04T22:07:17+00:00,482,1,16,True,True,True,1791151630
2026-10-04T22:07:17+00:00,407,1,12,True,True,True,1791151630
2026-10-04T22:07:17+00:00,409,0,25,True,True,True,1791151630
2026-10-04T22:07:17+00:00,451,1,18,True,True,True,1791151630
2026-10-04T22:07:17+00:00,402,5,14,True,True,True,1791151630
2026-10-04T22:07:17+00:00,516,2,12,True,True,True,1791151630
2026-10-04T22:07:17+00:00,625,7,33,True,True,True,1791151630
2026-10-04T22:07:17+00:00,429,4,16,True,True,True,1791151630
2026-10-04T22:07:17+00:00,380,17,5,True,True,True,1791151630
2026-10-04T22:07:17+00:00,583,4,13,True,True,True,1791151630
2026-10-04T22:07:17+00:00,398,4,12,True,True,True,1791151630
2026-10-04T22:07:17+00:00,381,14,1,True,True,True,1791151630
2026-10-04T22:07:17+00:00,464,13,30,True,True,True,1791151630
2026-10-04T22:07:17+00:00,442,12,4,True,True,True,1791151630
2026-10-04T22:07:17+00:00,483,12,8,True,True,True,1791151630
2026-10-04T22:07:17+00:00,458,4,11,True,True,True,1791151630
2026-10-04T22:07:17+00:00,499,3,13,True,True,True,1791151630
2026-10-04T22:07:17+00:00,472,15,5,True,True,True,1791151630
2026-10-04T22:07:17+00:00,506,3,21,True,True,True,1791151630
2026-10-04T22:07:17+00:00,465,2,27,True,True,True,1791151630
2026-10-04T22:07:17+00:00,611,4,33,True,True,True,1791151630
2026-10-04T22:07:17+00:00,404,11,15,True,True,True,1791151630
2026-10-04T22:07:17+00:00,579,4,13,True,True,True,1791151630
2026-10-04T22:07:17+00:00,589,5,22,True,True,True,1791151630
2026-10-04T22:07:17+00:00,434,0,20,True,True,True,1791151630
2026-10-04T22:07:17+00:00,462,3,12,True,True,True,1791151630
2026-10-04T22:07:17+00:00,578,9,13,True,True,True,1791151630
2026-10-04T22:07:17+00:00,415,2,10,True,True,True,1791151630
2026-10-04T22:07:17+00:00,423,7,13,True,True,True,1791151630
2026-10-04T22:07:17+00:00,412,6,1,True,True,True,1791151630
2026-10-04T22:07:17+00:00,387,12,2,True,True,True,1791151630
2026-10-04T22:07:17+00:00,441,2,13,True,True,True,1791151630
2026-10-04T22:07:17+00:00,454,1,21,True,True,True,1791151630
2026-10-04T22:07:17+00:00,436,1,11,True,True,True,1791151630
2026-10-04T22:07:17+00:00,394,2,16,True,True,True,1791151630
2026-10-04T22:07:17+00:00,497,13,14,True,True,True,1791151630
2026-10-04T22:07:17+00:00,581,13,10,True,True,True,1791151630
2026-10-04T22:07:17+00:00,461,2,16,True,True,True,1791151630
2026-10-04T22:07:17+00:00,599,9,36,True,True,True,1791151630
2026-10-04T22:07:17+00:00,428,5,18,True,True,True,1791151630
2026-10-04T22:07:17+00:00,400,2,22,True,True,True,1791151630
2026-10-04T22:07:17+00:00,487,4,17,True,True,True,1791151630
2026-10-04T22:07:17+00:00,438,17,22,True,True,True,1791151630
2026-10-04T22:07:17+00:00,459,0,12,True,True,True,1791151630
2026-10-04T22:07:17+00:00,433,5,12,True,True,True,1791151630
2026-10-04T22:07:17+00:00,399,1,29,True,True,True,1791151630
2026-10-04T22:07:17+00:00,489,4,23,True,True,True,1791151630
2026-10-04T22:07:17+00:00,742,13,14,True,True,True,1791151630
2026-10-04T22:07:17+00:00,551,20,11,True,True,True,1791151630
2026-10-04T22:07:17+00:00,406,1,9,True,True,True,1791151630
2026-10-04T22:07:17+00:00,488,12,10,True,True,True,1791151630
2026-10-04T22:07:17+00:00,540,6,27,True,True,True,1791151630
2026-10-04T22:07:17+00:00,431,5,15,True,True,True,1791151630
2026-10-04T22:07:17+00:00,393,18,2,True,True,True,1791151630
2026-10-04T22:07:17+00:00,420,4,13,True,True,True,1791151630
2026-10-04T22:07:17+00:00,397,0,30,True,True,True,1791151630
2026-10-04T22:07:17+00:00,390,8,21,True,True,True,1791151630
2026-10-04T22:07:17+00:00,449,18,6,True,True,True,1791151630
2026-10-04T22:07:17+00:00,430,5,37,True,True,True,1791151630
2026-10-04T22:07:17+00:00,484,12,22,True,True,True,1791151630
2026-10-04T22:07:17+00:00,479,5,25,True,True,True,1791151630
2026-10-04T22:07:17+00:00,403,4,9,True,True,True,1791151630
2026-10-04T22:07:17+00:00,435,6,24,True,True,True,1791151630
2026-10-04T22:07:17+00:00,426,7,13,True,True,True,1791151630
2026-10-04T22:07:17+00:00,450,8,6,True,True,True,1791151630
2026-10-04T22:07:17+00:00,456,15,18,True,True,True,1791151630
2026-10-04T22:07:17+00:00,468,13,2,True,True,True,1791151630
2026-10-04T22:07:17+00:00,453,14,19,True,True,True,1791151630
2026-10-04T22:07:17+00:00,466,1,14,True,True,True,1791151630
2026-10-04T22:07:17+00:00,469,5,25,True,True,True,1791151630
2026-10-04T22:07:17+00:00,416,1,14,True,True,True,1791151630
2026-10-04T22:07:17+00:00,391,9,4,True,True,True,1791151630
2026-10-04T22:07:17+00:00,389,2,12,True,True,True,1791151630
2026-10-04T22:07:17+00:00,470,9,5,True,True,True,1791151630
2026-10-04T22:07:17+00:00,384,7,7,True,True,True,1791151630
2026-10-04T22:07:17+00:00,425,1,6,True,True,True,1791151630
2026-10-04T22:07:17+00:00,411,4,7,True,True,True,1791151630
2026-10-04T22:07:17+00:00,598,11,22,True,True,True,1791151630
2026-10-04T22:07:17+00:00,444,11,7,True,True,True,1791151630
2026-10-04T22:07:17+00:00,447,10,20,True,True,True,1791151630
2026-10-04T22:07:17+00:00,408,6,7,True,True,True,1791151630
2026-10-04T22:07:17+00:00,737,21,3,True,True,True,1791151630
2026-10-04T22:07:17+00:00,432,5,6,True,True,True,1791151630
2026-10-04T22:07:17+00:00,401,5,0,True,True,True,1791151630
2026-10-04T22:07:17+00:00,452,4,24,True,True,True,1791151630
2026-10-04T22:07:17+00:00,392,1,6,True,True,True,1791151630
2026-10-04T22:07:17+00:00,481,11,30,True,True,True,1791151630
2026-10-04T22:07:17+00:00,495,4,36,True,True,True,1791151630
2026-10-04T22:07:17+00:00,478,8,5,True,True,True,1791151630
2026-10-04T22:07:17+00:00,414,5,6,True,True,True,1791151630
2026-10-04T22:07:17+00:00,476,13,6,True,True,True,1791151630
2026-10-04T22:07:17+00:00,445,9,9,True,True,True,1791151630
2026-10-04T22:07:17+00:00,748,9,18,True,True,True,1791151630
2026-10-04T22:07:17+00:00,473,1,6,True,True,True,1791151630
2026-10-04T22:07:17+00:00,383,1,23,True,True,True,1791151630
2026-10-04T22:07:17+00:00,480,12,11,True,True,True,1791151630
2026-10-04T22:07:17+00:00,421,15,4,True,True,True,1791151630
2026-10-04T22:07:17+00:00,746,8,3,True,True,True,1791151630
2026-10-04T22:07:17+00:00,417,3,11,True,True,True,1791151630
2026-10-04T22:07:17+00:00,427,9,5,True,True,True,1791151630
2026-10-04T22:07:17+00:00,395,2,12,True,True,True,1791151630
2026-10-04T22:07:17+00:00,418,11,16,True,True,True,1791151630
2026-10-04T22:07:17+00:00,413,0,10,True,True,True,1791151630
2026-10-04T22:07:17+00:00,486,7,14,True,True,True,1791151630
2026-10-04T22:07:17+00:00,597,15,0,True,True,True,1791151630
2026-10-04T22:07:17+00:00,422,4,5,True,True,True,1791151630
2026-10-04T22:07:17+00:00,382,4,4,True,True,True,1791151630
2026-10-04T22:07:17+00:00,396,10,11,True,True,True,1791151630
2026-10-04T22:07:17+00:00,735,10,1,True,True,True,1791151630
2026-10-04T22:07:17+00:00,437,4,20,True,True,True,1791151630
2026-10-04T22:07:17+00:00,446,13,8,True,True,True,1791151630
2026-10-04T22:07:17+00:00,424,2,4,True,True,True,1791151630
2026-10-04T22:07:17+00:00,455,12,0,True,True,True,1791151630
2026-10-04T22:07:17+00:00,457,1,9,True,True,True,1791151630
2026-10-04T22:07:17+00:00,377,5,24,True,True,True,1791151630
2026-10-04T22:07:17+00:00,738,7,5,True,True,True,1791151630
2026-10-04T22:07:17+00:00,460,12,17,True,True,True,1791151630
2026-10-04T22:07:17+00:00,744,5,4,True,True,True,1791151630
2026-10-04T22:07:17+00:00,485,7,12,True,True,True,1791151630
2026-10-04T22:22:17+00:00,6026,4,27,True,True,True,1791152535
2026-10-04T22:22:17+00:00,5431,16,5,True,True,True,1791152535
2026-10-04T22:22:17+00:00,5424,1,17,True,True,True,1791152535
2026-10-04T22:22:17+00:00,5220,0,19,True,True,True,1791152535
2026-10-04T22:22:17+00:00,5217,8,21,True,True,True,1791152535
2026-10-04T22:22:17+00:00,5113,14,0,True,True,True,1791152535
2026-10-04T22:22:17+00:00,4683,0,20,True,True,True,1791152535
2026-10-04T22:22:17+00:00,4552,4,14,True,True,True,1791152535
2026-10-04T22:22:17+00:00,3725,2,16,True,True,True,1791152535
2026-10-04T22:22:17+00:00,2358,1,10,True,True,True,1791152535
2026-10-04T22:22:17+00:00,2357,2,19,True,True,True,1791152535
2026-10-04T22:22:17+00:00,2355,0,12,True,True,True,1791152535
2026-10-04T22:22:17+00:00,2351,3,14,True,True,True,1791152535
2026-10-04T22:22:17+00:00,2350,16,7,True,True,True,1791152535
2026-10-04T22:22:17+00:00,2349,5,16,True,True,True,1791152535
2026-10-04T22:22:17+00:00,2347,7,23,True,True,True,1791152535
2026-10-04T22:22:17+00:00,2340,10,14,True,True,True,1791152535
2026-10-04T22:22:17+00:00,2339,18,10,True,True,True,1791152535
2026-10-04T22:22:17+00:00,2337,13,1,True,True,True,1791152535
2026-10-04T22:22:17+00:00,2334,0,11,True,True,True,1791152535
2026-10-04T22:22:17+00:00,2333,11,4,True,True,True,1791152535
2026-10-04T22:22:17+00:00,2332,1,8,True,True,True,1791152535
2026-10-04T22:22:17+00:00,2330,12,1,True,True,True,1791152535
2026-10-04T22:22:17+00:00,2329,13,1,True,True,True,1791152535
2026-10-04T22:22:17+00:00,2328,6,13,True,True,True,1791152535
2026-10-04T22:22:17+00:00,2315,8,10,True,True,True,1791152535
2026-10-04T22:22:17+00:00,2308,1,7,True,True,True,1791152535
2026-10-04T22:22:17+00:00,2307,8,21,True,True,True,1791152535
2026-10-04T22:22:17+00:00,2306,11,7,True,True,True,1791152535
2026-10-04T22:22:17+00:00,2305,10,4,True,True,True,1791152535
2026-10-04T22:22:17+00:00,2304,2,14,True,True,True,1791152535
2026-10-04T22:22:17+00:00,2280,9,3,True,True,True,1791152535
2026-10-04T22:22:17+00:00,2270,8,9,True,True,True,1791152535
2026-10-04T22:22:17+00:00,1919,2,4,True,True,True,1791152535
2026-10-04T22:22:17+00:00,1755,1,30,True,True,True,1791152535
2026-10-04T22:22:17+00:00,1101,3,20,True,True,True,1791152535
2026-10-04T22:22:17+00:00,1023,9,4,True,True,True,1791152535
2026-10-04T22:22:17+00:00,1009,3,7,True,True,True,1791152535
2026-10-04T22:22:17+00:00,970,6,18,True,True,True,1791152535
2026-10-04T22:22:17+00:00,787,10,2,True,True,True,1791152535
2026-10-04T22:22:17+00:00,627,4,26,True,True,True,1791152535
2026-10-04T22:22:17+00:00,623,10,9,True,True,True,1791152535
2026-10-04T22:22:17+00:00,624,14,4,True,True,True,1791152535
2026-10-04T22:22:17+00:00,626,5,17,True,True,True,1791152535
2026-10-04T22:22:17+00:00,614,5,18,True,True,True,1791152535
2026-10-04T22:22:17+00:00,616,12,3,True,True,True,1791152535
2026-10-04T22:22:17+00:00,618,8,34,True,True,True,1791152535
2026-10-04T22:22:17+00:00,621,7,18,True,True,True,1791152535
2026-10-04T22:22:17+00:00,622,19,9,True,True,True,1791152535
2026-10-04T22:22:17+00:00,613,1,15,True,True,True,1791152535
2026-10-04T22:22:17+00:00,620,16,23,True,True,True,1791152535
2026-10-04T22:22:17+00:00,596,4,14,True,True,True,1791152535
2026-10-04T22:22:17+00:00,617,5,12,True,True,True,1791152535
2026-10-04T22:22:17+00:00,609,15,12,True,True,True,1791152535
2026-10-04T22:22:17+00:00,607,16,12,True,True,True,1791152535
2026-10-04T22:22:17+00:00,603,13,5,True,True,True,1791152535
2026-10-04T22:22:17+00:00,590,2,35,True,True,True,1791152535
2026-10-04T22:22:17+00:00,610,5,14,True,True,True,1791152535
2026-10-04T22:22:17+00:00,608,4,14,True,True,True,1791152535
2026-10-04T22:22:17+00:00,593,12,17,True,True,True,1791152535
2026-10-04T22:22:17+00:00,530,2,7,True,True,True,1791152535
2026-10-04T22:22:17+00:00,463,17,0,True,True,True,1791152535
2026-10-04T22:22:17+00:00,475,16,7,True,True,True,1791152535
2026-10-04T22:22:17+00:00,439,8,15,True,True,True,1791152535
2026-10-04T22:22:17+00:00,600,6,4,True,True,True,1791152535
2026-10-04T22:22:17+00:00,440,15,0,True,True,True,1791152535
2026-10-04T22:22:17+00:00,612,14,2,True,True,True,1791152535
2026-10-04T22:22:17+00:00,491,18,0,True,True,True,1791152535
2026-10-04T22:22:17+00:00,493,26,0,True,True,True,1791152535
2026-10-04T22:22:17+00:00,410,7,18,True,True,True,1791152535
2026-10-04T22:22:17+00:00,605,5,13,True,True,True,1791152535
2026-10-04T22:22:17+00:00,388,3,14,True,True,True,1791152535
2026-10-04T22:22:17+00:00,591,14,9,True,True,True,1791152535
2026-10-04T22:22:17+00:00,592,0,17,True,True,True,1791152535
2026-10-04T22:22:17+00:00,585,0,0,True,True,True,1791152535
2026-10-04T22:22:17+00:00,565,1,17,True,True,True,1791152535
2026-10-04T22:22:17+00:00,571,8,11,True,True,True,1791152535
2026-10-04T22:22:17+00:00,568,2,13,True,True,True,1791152535
2026-10-04T22:22:17+00:00,588,7,12,True,True,True,1791152535
2026-10-04T22:22:17+00:00,584,4,31,True,True,True,1791152535
2026-10-04T22:22:17+00:00,569,18,8,True,True,True,1791152535
2026-10-04T22:22:17+00:00,577,5,24,True,True,True,1791152535
2026-10-04T22:22:17+00:00,564,1,28,True,True,True,1791152535
2026-10-04T22:22:17+00:00,570,1,14,True,True,True,1791152535
2026-10-04T22:22:17+00:00,572,10,29,True,True,True,1791152535
2026-10-04T22:22:17+00:00,586,1,24,True,True,True,1791152535
2026-10-04T22:22:17+00:00,576,11,6,True,True,True,1791152535
2026-10-04T22:22:17+00:00,566,22,2,True,True,True,1791152535
2026-10-04T22:22:17+00:00,602,6,12,True,True,True,1791152535
2026-10-04T22:22:17+00:00,575,0,29,True,True,True,1791152535
2026-10-04T22:22:17+00:00,567,21,17,True,True,True,1791152535
2026-10-04T22:22:17+00:00,582,19,6,True,True,True,1791152535
2026-10-04T22:22:17+00:00,595,22,1,True,True,True,1791152535
2026-10-04T22:22:17+00:00,542,16,2,True,True,True,1791152535
2026-10-04T22:22:17+00:00,563,6,10,True,True,True,1791152535
2026-10-04T22:22:17+00:00,558,5,10,True,True,True,1791152535
2026-10-04T22:22:17+00:00,552,5,13,True,True,True,1791152535
2026-10-04T22:22:17+00:00,555,5,9,True,True,True,1791152535
2026-10-04T22:22:17+00:00,573,6,18,True,True,True,1791152535
2026-10-04T22:22:17+00:00,561,9,13,True,True,True,1791152535
2026-10-04T22:22:17+00:00,615,7,14,True,True,True,1791152535
2026-10-04T22:22:17+00:00,543,14,4,True,True,True,1791152535
2026-10-04T22:22:17+00:00,554,3,16,True,True,True,1791152535
2026-10-04T22:22:17+00:00,574,11,0,True,True,True,1791152535
2026-10-04T22:22:17+00:00,560,3,5,True,True,True,1791152535
2026-10-04T22:22:17+00:00,548,2,15,True,True,True,1791152535
2026-10-04T22:22:17+00:00,559,5,12,True,True,True,1791152535
2026-10-04T22:22:17+00:00,545,8,30,True,True,True,1791152535
2026-10-04T22:22:17+00:00,550,0,9,True,True,True,1791152535
2026-10-04T22:22:17+00:00,541,2,10,True,True,True,1791152535
2026-10-04T22:22:17+00:00,527,9,1,True,True,True,1791152535
2026-10-04T22:22:17+00:00,529,5,16,True,True,True,1791152535
2026-10-04T22:22:17+00:00,526,8,6,True,True,True,1791152535
2026-10-04T22:22:17+00:00,537,13,6,True,True,True,1791152535
2026-10-04T22:22:17+00:00,547,4,23,True,True,True,1791152535
2026-10-04T22:22:17+00:00,601,4,14,True,True,True,1791152535
2026-10-04T22:22:17+00:00,533,9,3,True,True,True,1791152535
2026-10-04T22:22:17+00:00,535,13,12,True,True,True,1791152535
2026-10-04T22:22:17+00:00,524,3,17,True,True,True,1791152535
2026-10-04T22:22:17+00:00,519,10,12,True,True,True,1791152535
2026-10-04T22:22:17+00:00,534,14,25,True,True,True,1791152535
2026-10-04T22:22:17+00:00,521,10,3,True,True,True,1791152535
2026-10-04T22:22:17+00:00,518,2,16,True,True,True,1791152535
2026-10-04T22:22:17+00:00,556,4,14,True,True,True,1791152535
2026-10-04T22:22:17+00:00,525,1,13,True,True,True,1791152535
2026-10-04T22:22:17+00:00,517,0,15,True,True,True,1791152535
2026-10-04T22:22:17+00:00,523,12,18,True,True,True,1791152535
2026-10-04T22:22:17+00:00,522,5,4,True,True,True,1791152535
2026-10-04T22:22:17+00:00,594,0,17,True,True,True,1791152535
2026-10-04T22:22:17+00:00,532,2,19,True,True,True,1791152535
2026-10-04T22:22:17+00:00,509,8,3,True,True,True,1791152535
2026-10-04T22:22:17+00:00,531,5,13,True,True,True,1791152535
2026-10-04T22:22:17+00:00,536,2,7,True,True,True,1791152535
2026-10-04T22:22:17+00:00,562,15,22,True,True,True,1791152535
2026-10-04T22:22:17+00:00,511,4,18,True,True,True,1791152535
2026-10-04T22:22:17+00:00,505,3,18,True,True,True,1791152535
2026-10-04T22:22:17+00:00,501,5,13,True,True,True,1791152535
2026-10-04T22:22:17+00:00,514,5,7,True,True,True,1791152535
2026-10-04T22:22:17+00:00,500,4,13,True,True,True,1791152535
2026-10-04T22:22:17+00:00,503,17,11,True,True,True,1791152535
2026-10-04T22:22:17+00:00,513,0,14,True,True,True,1791152535
2026-10-04T22:22:17+00:00,498,0,12,True,True,True,1791152535
2026-10-04T22:22:17+00:00,507,14,2,True,True,True,1791152535
2026-10-04T22:22:17+00:00,512,14,13,True,True,True,1791152535
2026-10-04T22:22:17+00:00,619,15,27,True,True,True,1791152535
2026-10-04T22:22:17+00:00,474,27,15,True,True,True,1791152535
2026-10-04T22:22:17+00:00,580,9,36,True,True,True,1791152535
2026-10-04T22:22:17+00:00,496,23,20,True,True,True,1791152535
2026-10-04T22:22:17+00:00,482,1,16,True,True,True,1791152535
2026-10-04T22:22:17+00:00,407,1,12,True,True,True,1791152535
2026-10-04T22:22:17+00:00,409,0,25,True,True,True,1791152535
2026-10-04T22:22:17+00:00,451,1,18,True,True,True,1791152535
2026-10-04T22:22:17+00:00,402,5,14,True,True,True,1791152535
2026-10-04T22:22:17+00:00,516,2,12,True,True,True,1791152535
2026-10-04T22:22:17+00:00,625,7,33,True,True,True,1791152535
2026-10-04T22:22:17+00:00,429,4,16,True,True,True,1791152535
2026-10-04T22:22:17+00:00,380,17,5,True,True,True,1791152535
2026-10-04T22:22:17+00:00,583,4,13,True,True,True,1791152535
2026-10-04T22:22:17+00:00,398,4,12,True,True,True,1791152535
2026-10-04T22:22:17+00:00,381,14,1,True,True,True,1791152535
2026-10-04T22:22:17+00:00,464,13,30,True,True,True,1791152535
2026-10-04T22:22:17+00:00,442,12,4,True,True,True,1791152535
2026-10-04T22:22:17+00:00,483,12,8,True,True,True,1791152535
2026-10-04T22:22:17+00:00,458,4,11,True,True,True,1791152535
2026-10-04T22:22:17+00:00,499,3,13,True,True,True,1791152535
2026-10-04T22:22:17+00:00,472,15,5,True,True,True,1791152535
2026-10-04T22:22:17+00:00,506,3,21,True,True,True,1791152535
2026-10-04T22:22:17+00:00,465,2,27,True,True,True,1791152535
2026-10-04T22:22:17+00:00,611,4,33,True,True,True,1791152535
2026-10-04T22:22:17+00:00,404,11,15,True,True,True,1791152535
2026-10-04T22:22:17+00:00,579,4,13,True,True,True,1791152535
2026-10-04T22:22:17+00:00,589,5,22,True,True,True,1791152535
2026-10-04T22:22:17+00:00,434,0,20,True,True,True,1791152535
2026-10-04T22:22:17+00:00,462,3,12,True,True,True,1791152535
2026-10-04T22:22:17+00:00,578,9,13,True,True,True,1791152535
2026-10-04T22:22:17+00:00,415,2,10,True,True,True,1791152535
2026-10-04T22:22:17+00:00,423,8,12,True,True,True,1791152535
2026-10-04T22:22:17+00:00,412,6,1,True,True,True,1791152535
2026-10-04T22:22:17+00:00,387,12,2,True,True,True,1791152535
2026-10-04T22:22:17+00:00,441,2,13,True,True,True,1791152535
2026-10-04T22:22:17+00:00,454,1,21,True,True,True,1791152535
2026-10-04T22:22:17+00:00,436,1,11,True,True,True,1791152535
2026-10-04T22:22:17+00:00,394,2,16,True,True,True,1791152535
2026-10-04T22:22:17+00:00,497,13,14,True,True,True,1791152535
2026-10-04T22:22:17+00:00,581,13,10,True,True,True,1791152535
2026-10-04T22:22:17+00:00,461,2,16,True,True,True,1791152535
2026-10-04T22:22:17+00:00,599,9,36,True,True,True,1791152535
2026-10-04T22:22:17+00:00,428,5,18,True,True,True,1791152535
2026-10-04T22:22:17+00:00,400,2,22,True,True,True,1791152535
2026-10-04T22:22:17+00:00,487,4,17,True,True,True,1791152535
2026-10-04T22:22:17+00:00,438,17,22,True,True,True,1791152535
2026-10-04T22:22:17+00:00,459,0,12,True,True,True,1791152535
2026-10-04T22:22:17+00:00,433,6,11,True,True,True,1791152535
2026-10-04T22:22:17+00:00,399,1,29,True,True,True,1791152535
2026-10-04T22:22:17+00:00,489,4,23,True,True,True,1791152535
2026-10-04T22:22:17+00:00,742,13,14,True,True,True,1791152535
2026-10-04T22:22:17+00:00,551,21,10,True,True,True,1791152535
2026-10-04T22:22:17+00:00,406,1,9,True,True,True,1791152535
2026-10-04T22:22:17+00:00,488,12,10,True,True,True,1791152535
2026-10-04T22:22:17+00:00,540,5,28,True,True,True,1791152535
2026-10-04T22:22:17+00:00,431,5,15,True,True,True,1791152535
2026-10-04T22:22:17+00:00,393,18,2,True,True,True,1791152535
2026-10-04T22:22:17+00:00,420,4,13,True,True,True,1791152535
2026-10-04T22:22:17+00:00,397,0,30,True,True,True,1791152535
2026-10-04T22:22:17+00:00,390,8,21,True,True,True,1791152535
2026-10-04T22:22:17+00:00,449,18,6,True,True,True,1791152535
2026-10-04T22:22:17+00:00,430,5,37,True,True,True,1791152535
2026-10-04T22:22:17+00:00,484,12,22,True,True,True,1791152535
2026-10-04T22:22:17+00:00,479,5,25,True,True,True,1791152535
2026-10-04T22:22:17+00:00,403,4,9,True,True,True,1791152535
2026-10-04T22:22:17+00:00,435,6,24,True,True,True,1791152535
2026-10-04T22:22:17+00:00,426,7,13,True,True,True,1791152535
2026-10-04T22:22:17+00:00,450,8,6,True,True,True,1791152535
2026-10-04T22:22:17+00:00,456,15,18,True,True,True,1791152535
2026-10-04T22:22:17+00:00,468,13,2,True,True,True,1791152535
2026-10-04T22:22:17+00:00,453,14,19,True,True,True,1791152535
2026-10-04T22:22:17+00:00,466,1,14,True,True,True,1791152535
2026-10-04T22:22:17+00:00,469,5,25,True,True,True,1791152535
2026-10-04T22:22:17+00:00,416,1,14,True,True,True,1791152535
2026-10-04T22:22:17+00:00,391,9,4,True,True,True,1791152535
2026-10-04T22:22:17+00:00,389,2,12,True,True,True,1791152535
2026-10-04T22:22:17+00:00,470,9,5,True,True,True,1791152535
2026-10-04T22:22:17+00:00,384,6,8,True,True,True,1791152535
2026-10-04T22:22:17+00:00,425,1,6,True,True,True,1791152535
2026-10-04T22:22:17+00:00,411,4,7,True,True,True,1791152535
2026-10-04T22:22:17+00:00,598,11,22,True,True,True,1791152535
2026-10-04T22:22:17+00:00,444,11,7,True,True,True,1791152535
2026-10-04T22:22:17+00:00,447,10,20,True,True,True,1791152535
2026-10-04T22:22:17+00:00,408,6,7,True,True,True,1791152535
2026-10-04T22:22:17+00:00,737,22,2,True,True,True,1791152535
2026-10-04T22:22:17+00:00,432,5,6,True,True,True,1791152535
2026-10-04T22:22:17+00:00,401,5,0,True,True,True,1791152535
2026-10-04T22:22:17+00:00,452,4,24,True,True,True,1791152535
2026-10-04T22:22:17+00:00,392,1,6,True,True,True,1791152535
2026-10-04T22:22:17+00:00,481,11,30,True,True,True,1791152535
2026-10-04T22:22:17+00:00,495,4,36,True,True,True,1791152535
2026-10-04T22:22:17+00:00,478,6,7,True,True,True,1791152535
2026-10-04T22:22:17+00:00,414,5,6,True,True,True,1791152535
2026-10-04T22:22:17+00:00,476,13,6,True,True,True,1791152535
2026-10-04T22:22:17+00:00,445,9,9,True,True,True,1791152535
2026-10-04T22:22:17+00:00,748,9,18,True,True,True,1791152535
2026-10-04T22:22:17+00:00,473,1,6,True,True,True,1791152535
2026-10-04T22:22:17+00:00,383,1,23,True,True,True,1791152535
2026-10-04T22:22:17+00:00,480,12,11,True,True,True,1791152535
2026-10-04T22:22:17+00:00,421,16,3,True,True,True,1791152535
2026-10-04T22:22:17+00:00,746,8,3,True,True,True,1791152535
2026-10-04T22:22:17+00:00,417,3,11,True,True,True,1791152535
2026-10-04T22:22:17+00:00,427,9,5,True,True,True,1791152535
2026-10-04T22:22:17+00:00,395,2,12,True,True,True,1791152535
2026-10-04T22:22:17+00:00,418,11,16,True,True,True,1791152535
2026-10-04T22:22:17+00:00,413,0,10,True,True,True,1791152535
2026-10-04T22:22:17+00:00,486,7,14,True,True,True,1791152535
2026-10-04T22:22:17+00:00,597,15,0,True,True,True,1791152535
2026-10-04T22:22:17+00:00,422,4,5,True,True,True,1791152535
2026-10-04T22:22:17+00:00,382,4,4,True,True,True,1791152535
2026-10-04T22:22:17+00:00,396,10,11,True,True,True,1791152535
2026-10-04T22:22:17+00:00,735,10,1,True,True,True,1791152535
2026-10-04T22:22:17+00:00,437,4,20,True,True,True,1791152535
2026-10-04T22:22:17+00:00,446,13,8,True,True,True,1791152535
2026-10-04T22:22:17+00:00,424,2,4,True,True,True,1791152535
2026-10-04T22:22:17+00:00,455,12,0,True,True,True,1791152535
2026-10-04T22:22:17+00:00,457,1,9,True,True,True,1791152535
2026-10-04T22:22:17+00:00,377,5,24,True,True,True,1791152535
2026-10-04T22:22:17+00:00,738,7,5,True,True,True,1791152535
2026-10-04T22:22:17+00:00,460,12,17,True,True,True,1791152535
2026-10-04T22:22:17+00:00,744,5,4,True,True,True,1791152535
2026-10-04T22:22:17+00:00,485,7,12,True,True,True,1791152535
2026-10-04T22:37:17+00:00,6026,4,27,True,True,True,1791153425
2026-10-04T22:37:17+00:00,5431,16,5,True,True,True,1791153425
2026-10-04T22:37:17+00:00,5424,1,17,True,True,True,1791153425
2026-10-04T22:37:17+00:00,5220,0,19,True,True,True,1791153425
2026-10-04T22:37:17+00:00,5217,8,21,True,True,True,1791153425
2026-10-04T22:37:17+00:00,5113,14,0,True,True,True,1791153425
2026-10-04T22:37:17+00:00,4683,0,20,True,True,True,1791153425
2026-10-04T22:37:17+00:00,4552,4,14,True,True,True,1791153425
2026-10-04T22:37:17+00:00,3725,2,16,True,True,True,1791153425
2026-10-04T22:37:17+00:00,2358,2,9,True,True,True,1791153425
2026-10-04T22:37:17+00:00,2357,2,19,True,True,True,1791153425
2026-10-04T22:37:17+00:00,2355,0,12,True,True,True,1791153425
2026-10-04T22:37:17+00:00,2351,3,14,True,True,True,1791153425
2026-10-04T22:37:17+00:00,2350,16,7,True,True,True,1791153425
2026-10-04T22:37:17+00:00,2349,5,16,True,True,True,1791153425
2026-10-04T22:37:17+00:00,2347,7,23,True,True,True,1791153425
2026-10-04T22:37:17+00:00,2340,10,14,True,True,True,1791153425
2026-10-04T22:37:17+00:00,2339,18,10,True,True,True,1791153425
2026-10-04T22:37:17+00:00,2337,12,2,True,True,True,1791153425
2026-10-04T22:37:17+00:00,2334,0,11,True,True,True,1791153425
2026-10-04T22:37:17+00:00,2333,11,4,True,True,True,1791153425
2026-10-04T22:37:17+00:00,2332,1,8,True,True,True,1791153425
2026-10-04T22:37:17+00:00,2330,12,1,True,True,True,1791153425
2026-10-04T22:37:17+00:00,2329,13,1,True,True,True,1791153425
2026-10-04T22:37:17+00:00,2328,6,13,True,True,True,1791153425
2026-10-04T22:37:17+00:00,2315,8,10,True,True,True,1791153425
2026-10-04T22:37:17+00:00,2308,1,7,True,True,True,1791153425
2026-10-04T22:37:17+00:00,2307,8,21,True,True,True,1791153425
2026-10-04T22:37:17+00:00,2306,11,7,True,True,True,1791153425
2026-10-04T22:37:17+00:00,2305,10,4,True,True,True,1791153425
2026-10-04T22:37:17+00:00,2304,2,14,True,True,True,1791153425
2026-10-04T22:37:17+00:00,2280,9,3,True,True,True,1791153425
2026-10-04T22:37:17+00:00,2270,7,10,True,True,True,1791153425
2026-10-04T22:37:17+00:00,1919,2,4,True,True,True,1791153425
2026-10-04T22:37:17+00:00,1755,1,30,True,True,True,1791153425
2026-10-04T22:37:17+00:00,1101,3,20,True,True,True,1791153425
2026-10-04T22:37:17+00:00,1023,9,4,True,True,True,1791153425
2026-10-04T22:37:17+00:00,1009,3,7,True,True,True,1791153425
2026-10-04T22:37:17+00:00,970,6,18,True,True,True,1791153425
2026-10-04T22:37:17+00:00,787,9,3,True,True,True,1791153425
2026-10-04T22:37:17+00:00,627,4,26,True,True,True,1791153425
2026-10-04T22:37:17+00:00,623,10,9,True,True,True,1791153425
2026-10-04T22:37:17+00:00,624,14,4,True,True,True,1791153425
2026-10-04T22:37:17+00:00,626,5,17,True,True,True,1791153425
2026-10-04T22:37:17+00:00,614,5,18,True,True,True,1791153425
2026-10-04T22:37:17+00:00,616,12,3,True,True,True,1791153425
2026-10-04T22:37:17+00:00,618,8,34,True,True,True,1791153425
2026-10-04T22:37:17+00:00,621,7,18,True,True,True,1791153425
2026-10-04T22:37:17+00:00,622,19,9,True,True,True,1791153425
2026-10-04T22:37:17+00:00,613,1,15,True,True,True,1791153425
2026-10-04T22:37:17+00:00,620,16,23,True,True,True,1791153425
2026-10-04T22:37:17+00:00,596,4,14,True,True,True,1791153425
2026-10-04T22:37:17+00:00,617,5,12,True,True,True,1791153425
2026-10-04T22:37:17+00:00,609,15,12,True,True,True,1791153425
2026-10-04T22:37:17+00:00,607,16,12,True,True,True,1791153425
2026-10-04T22:37:17+00:00,603,13,5,True,True,True,1791153425
2026-10-04T22:37:17+00:00,590,2,35,True,True,True,1791153425
2026-10-04T22:37:17+00:00,610,5,14,True,True,True,1791153425
2026-10-04T22:37:17+00:00,608,4,14,True,True,True,1791153425
2026-10-04T22:37:17+00:00,593,11,18,True,True,True,1791153425
2026-10-04T22:37:17+00:00,530,2,7,True,True,True,1791153425
2026-10-04T22:37:17+00:00,463,17,0,True,True,True,1791153425
2026-10-04T22:37:17+00:00,475,16,7,True,True,True,1791153425
2026-10-04T22:37:17+00:00,439,9,14,True,True,True,1791153425
2026-10-04T22:37:17+00:00,600,6,4,True,True,True,1791153425
2026-10-04T22:37:17+00:00,440,15,0,True,True,True,1791153425
2026-10-04T22:37:17+00:00,612,14,2,True,True,True,1791153425
2026-10-04T22:37:17+00:00,491,18,0,True,True,True,1791153425
2026-10-04T22:37:17+00:00,493,26,0,True,True,True,1791153425
2026-10-04T22:37:17+00:00,410,7,18,True,True,True,1791153425
2026-10-04T22:37:17+00:00,605,5,13,True,True,True,1791153425
2026-10-04T22:37:17+00:00,388,3,14,True,True,True,1791153425
2026-10-04T22:37:17+00:00,591,14,9,True,True,True,1791153425
2026-10-04T22:37:17+00:00,592,0,17,True,True,True,1791153425
2026-10-04T22:37:17+00:00,585,0,0,True,True,True,1791153425
2026-10-04T22:37:17+00:00,565,1,17,True,True,True,1791153425
2026-10-04T22:37:17+00:00,571,8,11,True,True,True,1791153425
2026-10-04T22:37:17+00:00,568,2,13,True,True,True,1791153425
2026-10-04T22:37:17+00:00,588,7,12,True,True,True,1791153425
2026-10-04T22:37:17+00:00,584,4,31,True,True,True,1791153425
2026-10-04T22:37:17+00:00,569,18,8,True,True,True,1791153425
2026-10-04T22:37:17+00:00,577,5,24,True,True,True,1791153425
2026-10-04T22:37:17+00:00,564,1,28,True,True,True,1791153425
2026-10-04T22:37:17+00:00,570,1,14,True,True,True,1791153425
2026-10-04T22:37:17+00:00,572,10,29,True,True,True,1791153425
2026-10-04T22:37:17+00:00,586,1,24,True,True,True,1791153425
2026-10-04T22:37:17+00:00,576,11,6,True,True,True,1791153425
2026-10-04T22:37:17+00:00,566,22,2,True,True,True,1791153425
2026-10-04T22:37:17+00:00,602,6,12,True,True,True,1791153425
2026-10-04T22:37:17+00:00,575,0,29,True,True,True,1791153425
2026-10-04T22:37:17+00:00,567,21,17,True,True,True,1791153425
2026-10-04T22:37:17+00:00,582,19,6,True,True,True,1791153425
2026-10-04T22:37:17+00:00,595,22,1,True,True,True,1791153425
2026-10-04T22:37:17+00:00,542,16,2,True,True,True,1791153425
2026-10-04T22:37:17+00:00,563,6,10,True,True,True,1791153425
2026-10-04T22:37:17+00:00,558,5,10,True,True,True,1791153425
2026-10-04T22:37:17+00:00,552,5,13,True,True,True,1791153425
2026-10-04T22:37:17+00:00,555,5,9,True,True,True,1791153425
2026-10-04T22:37:17+00:00,573,6,18,True,True,True,1791153425
2026-10-04T22:37:17+00:00,561,9,13,True,True,True,1791153425
2026-10-04T22:37:17+00:00,615,7,14,True,True,True,1791153425
2026-10-04T22:37:17+00:00,543,14,4,True,True,True,1791153425
2026-10-04T22:37:17+00:00,554,3,16,True,True,True,1791153425
2026-10-04T22:37:17+00:00,574,11,0,True,True,True,1791153425
2026-10-04T22:37:17+00:00,560,3,5,True,True,True,1791153425
2026-10-04T22:37:17+00:00,548,2,15,True,True,True,1791153425
2026-10-04T22:37:17+00:00,559,5,12,True,True,True,1791153425
2026-10-04T22:37:17+00:00,545,8,30,True,True,True,1791153425
2026-10-04T22:37:17+00:00,550,0,9,True,True,True,1791153425
2026-10-04T22:37:17+00:00,541,2,10,True,True,True,1791153425
2026-10-04T22:37:17+00:00,527,9,1,True,True,True,1791153425
2026-10-04T22:37:17+00:00,529,5,16,True,True,True,1791153425
2026-10-04T22:37:17+00:00,526,8,6,True,True,True,1791153425
2026-10-04T22:37:17+00:00,537,14,5,True,True,True,1791153425
2026-10-04T22:37:17+00:00,547,4,23,True,True,True,1791153425
2026-10-04T22:37:17+00:00,601,4,14,True,True,True,1791153425
2026-10-04T22:37:17+00:00,533,9,3,True,True,True,1791153425
2026-10-04T22:37:17+00:00,535,13,12,True,True,True,1791153425
2026-10-04T22:37:17+00:00,524,3,17,True,True,True,1791153425
2026-10-04T22:37:17+00:00,519,10,12,True,True,True,1791153425
2026-10-04T22:37:17+00:00,534,14,25,True,True,True,1791153425
2026-10-04T22:37:17+00:00,521,10,3,True,True,True,1791153425
2026-10-04T22:37:17+00:00,518,2,16,True,True,True,1791153425
2026-10-04T22:37:17+00:00,556,4,14,True,True,True,1791153425
2026-10-04T22:37:17+00:00,525,2,12,True,True,True,1791153425
2026-10-04T22:37:17+00:00,517,0,15,True,True,True,1791153425
2026-10-04T22:37:17+00:00,523,12,18,True,True,True,1791153425
2026-10-04T22:37:17+00:00,522,5,4,True,True,True,1791153425
2026-10-04T22:37:17+00:00,594,0,17,True,True,True,1791153425
2026-10-04T22:37:17+00:00,532,2,19,True,True,True,1791153425
2026-10-04T22:37:17+00:00,509,8,3,True,True,True,1791153425
2026-10-04T22:37:17+00:00,531,5,13,True,True,True,1791153425
2026-10-04T22:37:17+00:00,536,2,7,True,True,True,1791153425
2026-10-04T22:37:17+00:00,562,15,22,True,True,True,1791153425
2026-10-04T22:37:17+00:00,511,4,18,True,True,True,1791153425
2026-10-04T22:37:17+00:00,505,3,18,True,True,True,1791153425
2026-10-04T22:37:17+00:00,501,5,13,True,True,True,1791153425
2026-10-04T22:37:17+00:00,514,5,7,True,True,True,1791153425
2026-10-04T22:37:17+00:00,500,4,13,True,True,True,1791153425
2026-10-04T22:37:17+00:00,503,17,11,True,True,True,1791153425
2026-10-04T22:37:17+00:00,513,1,13,True,True,True,1791153425
2026-10-04T22:37:17+00:00,498,0,12,True,True,True,1791153425
2026-10-04T22:37:17+00:00,507,14,2,True,True,True,1791153425
2026-10-04T22:37:17+00:00,512,14,13,True,True,True,1791153425
2026-10-04T22:37:17+00:00,619,15,27,True,True,True,1791153425
2026-10-04T22:37:17+00:00,474,27,15,True,True,True,1791153425
2026-10-04T22:37:17+00:00,580,9,36,True,True,True,1791153425
2026-10-04T22:37:17+00:00,496,23,20,True,True,True,1791153425
2026-10-04T22:37:17+00:00,482,1,16,True,True,True,1791153425
2026-10-04T22:37:17+00:00,407,1,12,True,True,True,1791153425
2026-10-04T22:37:17+00:00,409,0,25,True,True,True,1791153425
2026-10-04T22:37:17+00:00,451,1,18,True,True,True,1791153425
2026-10-04T22:37:17+00:00,402,5,14,True,True,True,1791153425
2026-10-04T22:37:17+00:00,516,2,12,True,True,True,1791153425
2026-10-04T22:37:17+00:00,625,7,33,True,True,True,1791153425
2026-10-04T22:37:17+00:00,429,4,16,True,True,True,1791153425
2026-10-04T22:37:17+00:00,380,17,5,True,True,True,1791153425
2026-10-04T22:37:17+00:00,583,4,13,True,True,True,1791153425
2026-10-04T22:37:17+00:00,398,4,12,True,True,True,1791153425
2026-10-04T22:37:17+00:00,381,14,1,True,True,True,1791153425
2026-10-04T22:37:17+00:00,464,13,30,True,True,True,1791153425
2026-10-04T22:37:17+00:00,442,12,4,True,True,True,1791153425
2026-10-04T22:37:17+00:00,483,12,8,True,True,True,1791153425
2026-10-04T22:37:17+00:00,458,4,11,True,True,True,1791153425
2026-10-04T22:37:17+00:00,499,3,13,True,True,True,1791153425
2026-10-04T22:37:17+00:00,472,15,5,True,True,True,1791153425
2026-10-04T22:37:17+00:00,506,3,21,True,True,True,1791153425
2026-10-04T22:37:17+00:00,465,2,27,True,True,True,1791153425
2026-10-04T22:37:17+00:00,611,4,33,True,True,True,1791153425
2026-10-04T22:37:17+00:00,404,11,15,True,True,True,1791153425
2026-10-04T22:37:17+00:00,579,4,13,True,True,True,1791153425
2026-10-04T22:37:17+00:00,589,5,22,True,True,True,1791153425
2026-10-04T22:37:17+00:00,434,0,20,True,True,True,1791153425
2026-10-04T22:37:17+00:00,462,3,12,True,True,True,1791153425
2026-10-04T22:37:17+00:00,578,9,13,True,True,True,1791153425
2026-10-04T22:37:17+00:00,415,2,10,True,True,True,1791153425
2026-10-04T22:37:17+00:00,423,8,12,True,True,True,1791153425
2026-10-04T22:37:17+00:00,412,6,1,True,True,True,1791153425
2026-10-04T22:37:17+00:00,387,12,2,True,True,True,1791153425
2026-10-04T22:37:17+00:00,441,2,13,True,True,True,1791153425
2026-10-04T22:37:17+00:00,454,1,21,True,True,True,1791153425
2026-10-04T22:37:17+00:00,436,1,11,True,True,True,1791153425
2026-10-04T22:37:17+00:00,394,2,16,True,True,True,1791153425
2026-10-04T22:37:17+00:00,497,13,14,True,True,True,1791153425
2026-10-04T22:37:17+00:00,581,13,10,True,True,True,1791153425
2026-10-04T22:37:17+00:00,461,1,17,True,True,True,1791153425
2026-10-04T22:37:17+00:00,599,9,36,True,True,True,1791153425
2026-10-04T22:37:17+00:00,428,5,18,True,True,True,1791153425
2026-10-04T22:37:17+00:00,400,2,22,True,True,True,1791153425
2026-10-04T22:37:17+00:00,487,4,17,True,True,True,1791153425
2026-10-04T22:37:17+00:00,438,17,22,True,True,True,1791153425
2026-10-04T22:37:17+00:00,459,0,12,True,True,True,1791153425
2026-10-04T22:37:17+00:00,433,6,11,True,True,True,1791153425
2026-10-04T22:37:17+00:00,399,1,29,True,True,True,1791153425
2026-10-04T22:37:17+00:00,489,4,23,True,True,True,1791153425
2026-10-04T22:37:17+00:00,742,13,14,True,True,True,1791153425
2026-10-04T22:37:17+00:00,551,21,10,True,True,True,1791153425
2026-10-04T22:37:17+00:00,406,1,9,True,True,True,1791153425
2026-10-04T22:37:17+00:00,488,12,10,True,True,True,1791153425
2026-10-04T22:37:17+00:00,540,5,28,True,True,True,1791153425
2026-10-04T22:37:17+00:00,431,4,16,True,True,True,1791153425
2026-10-04T22:37:17+00:00,393,18,2,True,True,True,1791153425
2026-10-04T22:37:17+00:00,420,4,13,True,True,True,1791153425
2026-10-04T22:37:17+00:00,397,0,30,True,True,True,1791153425
2026-10-04T22:37:17+00:00,390,7,22,True,True,True,1791153425
2026-10-04T22:37:17+00:00,449,18,6,True,True,True,1791153425
2026-10-04T22:37:17+00:00,430,5,37,True,True,True,1791153425
2026-10-04T22:37:17+00:00,484,12,22,True,True,True,1791153425
2026-10-04T22:37:17+00:00,479,5,25,True,True,True,1791153425
2026-10-04T22:37:17+00:00,403,4,9,True,True,True,1791153425
2026-10-04T22:37:17+00:00,435,6,24,True,True,True,1791153425
2026-10-04T22:37:17+00:00,426,7,13,True,True,True,1791153425
2026-10-04T22:37:17+00:00,450,8,6,True,True,True,1791153425
2026-10-04T22:37:17+00:00,456,15,18,True,True,True,1791153425
2026-10-04T22:37:17+00:00,468,13,2,True,True,True,1791153425
2026-10-04T22:37:17+00:00,453,14,19,True,True,True,1791153425
2026-10-04T22:37:17+00:00,466,1,14,True,True,True,1791153425
2026-10-04T22:37:17+00:00,469,5,25,True,True,True,1791153425
2026-10-04T22:37:17+00:00,416,1,14,True,True,True,1791153425
2026-10-04T22:37:17+00:00,391,9,4,True,True,True,1791153425
2026-10-04T22:37:17+00:00,389,2,12,True,True,True,1791153425
2026-10-04T22:37:17+00:00,470,9,5,True,True,True,1791153425
2026-10-04T22:37:17+00:00,384,6,8,True,True,True,1791153425
2026-10-04T22:37:17+00:00,425,1,6,True,True,True,1791153425
2026-10-04T22:37:17+00:00,411,3,8,True,True,True,1791153425
2026-10-04T22:37:17+00:00,598,11,22,True,True,True,1791153425
2026-10-04T22:37:17+00:00,444,11,7,True,True,True,1791153425
2026-10-04T22:37:17+00:00,447,10,20,True,True,True,1791153425
2026-10-04T22:37:17+00:00,408,6,7,True,True,True,1791153425
2026-10-04T22:37:17+00:00,737,22,2,True,True,True,1791153425
2026-10-04T22:37:17+00:00,432,5,6,True,True,True,1791153425
2026-10-04T22:37:17+00:00,401,5,0,True,True,True,1791153425
2026-10-04T22:37:17+00:00,452,4,24,True,True,True,1791153425
2026-10-04T22:37:17+00:00,392,1,6,True,True,True,1791153425
2026-10-04T22:37:17+00:00,481,11,30,True,True,True,1791153425
2026-10-04T22:37:17+00:00,495,4,36,True,True,True,1791153425
2026-10-04T22:37:17+00:00,478,6,7,True,True,True,1791153425
2026-10-04T22:37:17+00:00,414,5,6,True,True,True,1791153425
2026-10-04T22:37:17+00:00,476,13,6,True,True,True,1791153425
2026-10-04T22:37:17+00:00,445,9,9,True,True,True,1791153425
2026-10-04T22:37:17+00:00,748,9,18,True,True,True,1791153425
2026-10-04T22:37:17+00:00,473,1,6,True,True,True,1791153425
2026-10-04T22:37:17+00:00,383,1,23,True,True,True,1791153425
2026-10-04T22:37:17+00:00,480,12,11,True,True,True,1791153425
2026-10-04T22:37:17+00:00,421,16,3,True,True,True,1791153425
2026-10-04T22:37:17+00:00,746,8,3,True,True,True,1791153425
2026-10-04T22:37:17+00:00,417,3,11,True,True,True,1791153425
2026-10-04T22:37:17+00:00,427,9,5,True,True,True,1791153425
2026-10-04T22:37:17+00:00,395,2,12,True,True,True,1791153425
2026-10-04T22:37:17+00:00,418,11,16,True,True,True,1791153425
2026-10-04T22:37:17+00:00,413,0,10,True,True,True,1791153425
2026-10-04T22:37:17+00:00,486,7,14,True,True,True,1791153425
2026-10-04T22:37:17+00:00,597,15,0,True,True,True,1791153425
2026-10-04T22:37:17+00:00,422,4,5,True,True,True,1791153425
2026-10-04T22:37:17+00:00,382,5,3,True,True,True,1791153425
2026-10-04T22:37:17+00:00,396,10,11,True,True,True,1791153425
2026-10-04T22:37:17+00:00,735,10,1,True,True,True,1791153425
2026-10-04T22:37:17+00:00,437,4,20,True,True,True,1791153425
2026-10-04T22:37:17+00:00,446,13,8,True,True,True,1791153425
2026-10-04T22:37:17+00:00,424,2,4,True,True,True,1791153425
2026-10-04T22:37:17+00:00,455,12,0,True,True,True,1791153425
2026-10-04T22:37:17+00:00,457,1,9,True,True,True,1791153425
2026-10-04T22:37:17+00:00,377,5,24,True,True,True,1791153425
2026-10-04T22:37:17+00:00,738,7,5,True,True,True,1791153425
2026-10-04T22:37:17+00:00,460,12,17,True,True,True,1791153425
2026-10-04T22:37:17+00:00,744,5,4,True,True,True,1791153425
2026-10-04T22:37:17+00:00,485,7,12,True,True,True,1791153425
2026-10-04T22:52:17+00:00,6026,4,27,True,True,True,1791154327
2026-10-04T22:52:17+00:00,5431,16,5,True,True,True,1791154327
2026-10-04T22:52:17+00:00,5424,1,17,True,True,True,1791154327
2026-10-04T22:52:17+00:00,5220,0,19,True,True,True,1791154327
2026-10-04T22:52:17+00:00,5217,8,21,True,True,True,1791154327
2026-10-04T22:52:17+00:00,5113,13,1,True,True,True,1791154327
2026-10-04T22:52:17+00:00,4683,0,20,True,True,True,1791154327
2026-10-04T22:52:17+00:00,4552,4,14,True,True,True,1791154327
2026-10-04T22:52:17+00:00,3725,2,16,True,True,True,1791154327
2026-10-04T22:52:17+00:00,2358,2,9,True,True,True,1791154327
2026-10-04T22:52:17+00:00,2357,2,19,True,True,True,1791154327
2026-10-04T22:52:17+00:00,2355,0,12,True,True,True,1791154327
2026-10-04T22:52:17+00:00,2351,3,14,True,True,True,1791154327
2026-10-04T22:52:17+00:00,2350,17,6,True,True,True,1791154327
2026-10-04T22:52:17+00:00,2349,5,16,True,True,True,1791154327
2026-10-04T22:52:17+00:00,2347,7,23,True,True,True,1791154327
2026-10-04T22:52:17+00:00,2340,10,14,True,True,True,1791154327
2026-10-04T22:52:17+00:00,2339,18,10,True,True,True,1791154327
2026-10-04T22:52:17+00:00,2337,12,2,True,True,True,1791154327
2026-10-04T22:52:17+00:00,2334,0,11,True,True,True,1791154327
2026-10-04T22:52:17+00:00,2333,11,4,True,True,True,1791154327
2026-10-04T22:52:17+00:00,2332,1,8,True,True,True,1791154327
2026-10-04T22:52:17+00:00,2330,12,1,True,True,True,1791154327
2026-10-04T22:52:17+00:00,2329,13,1,True,True,True,1791154327
2026-10-04T22:52:17+00:00,2328,5,14,True,True,True,1791154327
2026-10-04T22:52:17+00:00,2315,8,10,True,True,True,1791154327
2026-10-04T22:52:17+00:00,2308,1,7,True,True,True,1791154327
2026-10-04T22:52:17+00:00,2307,8,21,True,True,True,1791154327
2026-10-04T22:52:17+00:00,2306,11,7,True,True,True,1791154327
2026-10-04T22:52:17+00:00,2305,10,4,True,True,True,1791154327
2026-10-04T22:52:17+00:00,2304,2,14,True,True,True,1791154327
2026-10-04T22:52:17+00:00,2280,9,3,True,True,True,1791154327
2026-10-04T22:52:17+00:00,2270,7,10,True,True,True,1791154327
2026-10-04T22:52:17+00:00,1919,2,4,True,True,True,1791154327
2026-10-04T22:52:17+00:00,1755,1,30,True,True,True,1791154327
2026-10-04T22:52:17+00:00,1101,3,20,True,True,True,1791154327
2026-10-04T22:52:17+00:00,1023,9,4,True,True,True,1791154327
2026-10-04T22:52:17+00:00,1009,3,7,True,True,True,1791154327
2026-10-04T22:52:17+00:00,970,6,18,True,True,True,1791154327
2026-10-04T22:52:17+00:00,787,9,3,True,True,True,1791154327
2026-10-04T22:52:17+00:00,627,3,27,True,True,True,1791154327
2026-10-04T22:52:17+00:00,623,10,9,True,True,True,1791154327
2026-10-04T22:52:17+00:00,624,14,4,True,True,True,1791154327
2026-10-04T22:52:17+00:00,626,5,17,True,True,True,1791154327
2026-10-04T22:52:17+00:00,614,5,18,True,True,True,1791154327
2026-10-04T22:52:17+00:00,616,12,3,True,True,True,1791154327
2026-10-04T22:52:17+00:00,618,8,34,True,True,True,1791154327
2026-10-04T22:52:17+00:00,621,7,18,True,True,True,1791154327
2026-10-04T22:52:17+00:00,622,19,9,True,True,True,1791154327
2026-10-04T22:52:17+00:00,613,1,15,True,True,True,1791154327
2026-10-04T22:52:17+00:00,620,16,23,True,True,True,1791154327
2026-10-04T22:52:17+00:00,596,4,14,True,True,True,1791154327
2026-10-04T22:52:17+00:00,617,5,12,True,True,True,1791154327
2026-10-04T22:52:17+00:00,609,15,12,True,True,True,1791154327
2026-10-04T22:52:17+00:00,607,16,12,True,True,True,1791154327
2026-10-04T22:52:17+00:00,603,13,5,True,True,True,1791154327
2026-10-04T22:52:17+00:00,590,2,35,True,True,True,1791154327
2026-10-04T22:52:17+00:00,610,5,14,True,True,True,1791154327
2026-10-04T22:52:17+00:00,608,4,14,True,True,True,1791154327
2026-10-04T22:52:17+00:00,593,11,18,True,True,True,1791154327
2026-10-04T22:52:17+00:00,530,2,7,True,True,True,1791154327
2026-10-04T22:52:17+00:00,463,17,0,True,True,True,1791154327
2026-10-04T22:52:17+00:00,475,16,7,True,True,True,1791154327
2026-10-04T22:52:17+00:00,439,9,14,True,True,True,1791154327
2026-10-04T22:52:17+00:00,600,6,4,True,True,True,1791154327
2026-10-04T22:52:17+00:00,440,15,0,True,True,True,1791154327
2026-10-04T22:52:17+00:00,612,14,2,True,True,True,1791154327
2026-10-04T22:52:17+00:00,491,18,0,True,True,True,1791154327
2026-10-04T22:52:17+00:00,493,26,0,True,True,True,1791154327
2026-10-04T22:52:17+00:00,410,7,18,True,True,True,1791154327
2026-10-04T22:52:17+00:00,605,5,13,True,True,True,1791154327
2026-10-04T22:52:17+00:00,388,3,14,True,True,True,1791154327
2026-10-04T22:52:17+00:00,591,14,9,True,True,True,1791154327
2026-10-04T22:52:17+00:00,592,0,17,True,True,True,1791154327
2026-10-04T22:52:17+00:00,585,0,0,True,True,True,1791154327
2026-10-04T22:52:17+00:00,565,1,17,True,True,True,1791154327
2026-10-04T22:52:17+00:00,571,8,11,True,True,True,1791154327
2026-10-04T22:52:17+00:00,568,2,13,True,True,True,1791154327
2026-10-04T22:52:17+00:00,588,7,12,True,True,True,1791154327
2026-10-04T22:52:17+00:00,584,4,31,True,True,True,1791154327
2026-10-04T22:52:17+00:00,569,18,8,True,True,True,1791154327
2026-10-04T22:52:17+00:00,577,5,24,True,True,True,1791154327
2026-10-04T22:52:17+00:00,564,1,28,True,True,True,1791154327
2026-10-04T22:52:17+00:00,570,2,13,True,True,True,1791154327
2026-10-04T22:52:17+00:00,572,10,29,True,True,True,1791154327
2026-10-04T22:52:17+00:00,586,1,24,True,True,True,1791154327
2026-10-04T22:52:17+00:00,576,11,6,True,True,True,1791154327
2026-10-04T22:52:17+00:00,566,22,2,True,True,True,1791154327
2026-10-04T22:52:17+00:00,602,7,11,True,True,True,1791154327
2026-10-04T22:52:17+00:00,575,0,29,True,True,True,1791154327
2026-10-04T22:52:17+00:00,567,21,17,True,True,True,1791154327
2026-10-04T22:52:17+00:00,582,19,6,True,True,True,1791154327
2026-10-04T22:52:17+00:00,595,22,1,True,True,True,1791154327
2026-10-04T22:52:17+00:00,542,16,2,True,True,True,1791154327
2026-10-04T22:52:17+00:00,563,6,10,True,True,True,1791154327
2026-10-04T22:52:17+00:00,558,5,10,True,True,True,1791154327
2026-10-04T22:52:17+00:00,552,5,13,True,True,True,1791154327
2026-10-04T22:52:17+00:00,555,5,9,True,True,True,1791154327
2026-10-04T22:52:17+00:00,573,6,18,True,True,True,1791154327
2026-10-04T22:52:17+00:00,561,9,13,True,True,True,1791154327
2026-10-04T22:52:17+00:00,615,7,14,True,True,True,1791154327
2026-10-04T22:52:17+00:00,543,13,5,True,True,True,1791154327
2026-10-04T22:52:17+00:00,554,3,16,True,True,True,1791154327
2026-10-04T22:52:17+00:00,574,11,0,True,True,True,1791154327
2026-10-04T22:52:17+00:00,560,3,5,True,True,True,1791154327
2026-10-04T22:52:17+00:00,548,2,15,True,True,True,1791154327
2026-10-04T22:52:17+00:00,559,5,12,True,True,True,1791154327
2026-10-04T22:52:17+00:00,545,8,30,True,True,True,1791154327
2026-10-04T22:52:17+00:00,550,0,9,True,True,True,1791154327
2026-10-04T22:52:17+00:00,541,2,10,True,True,True,1791154327
2026-10-04T22:52:17+00:00,527,9,1,True,True,True,1791154327
2026-10-04T22:52:17+00:00,529,5,16,True,True,True,1791154327
2026-10-04T22:52:17+00:00,526,8,6,True,True,True,1791154327
2026-10-04T22:52:17+00:00,537,14,5,True,True,True,1791154327
2026-10-04T22:52:17+00:00,547,4,23,True,True,True,1791154327
2026-10-04T22:52:17+00:00,601,4,14,True,True,True,1791154327
2026-10-04T22:52:17+00:00,533,9,3,True,True,True,1791154327
2026-10-04T22:52:17+00:00,535,13,12,True,True,True,1791154327
2026-10-04T22:52:17+00:00,524,3,17,True,True,True,1791154327
2026-10-04T22:52:17+00:00,519,11,11,True,True,True,1791154327
2026-10-04T22:52:17+00:00,534,14,25,True,True,True,1791154327
2026-10-04T22:52:17+00:00,521,10,3,True,True,True,1791154327
2026-10-04T22:52:17+00:00,518,2,16,True,True,True,1791154327
2026-10-04T22:52:17+00:00,556,4,14,True,True,True,1791154327
2026-10-04T22:52:17+00:00,525,2,12,True,True,True,1791154327
2026-10-04T22:52:17+00:00,517,0,15,True,True,True,1791154327
2026-10-04T22:52:17+00:00,523,12,18,True,True,True,1791154327
2026-10-04T22:52:17+00:00,522,5,4,True,True,True,1791154327
2026-10-04T22:52:17+00:00,594,0,17,True,True,True,1791154327
2026-10-04T22:52:17+00:00,532,2,19,True,True,True,1791154327
2026-10-04T22:52:17+00:00,509,8,3,True,True,True,1791154327
2026-10-04T22:52:17+00:00,531,6,12,True,True,True,1791154327
2026-10-04T22:52:17+00:00,536,2,7,True,True,True,1791154327
2026-10-04T22:52:17+00:00,562,15,22,True,True,True,1791154327
2026-10-04T22:52:17+00:00,511,3,19,True,True,True,1791154327
2026-10-04T22:52:17+00:00,505,3,18,True,True,True,1791154327
2026-10-04T22:52:17+00:00,501,5,13,True,True,True,1791154327
2026-10-04T22:52:17+00:00,514,5,7,True,True,True,1791154327
2026-10-04T22:52:17+00:00,500,4,13,True,True,True,1791154327
2026-10-04T22:52:17+00:00,503,17,11,True,True,True,1791154327
2026-10-04T22:52:17+00:00,513,1,13,True,True,True,1791154327
2026-10-04T22:52:17+00:00,498,0,12,True,True,True,1791154327
2026-10-04T22:52:17+00:00,507,14,2,True,True,True,1791154327
2026-10-04T22:52:17+00:00,512,14,13,True,True,True,1791154327
2026-10-04T22:52:17+00:00,619,15,27,True,True,True,1791154327
2026-10-04T22:52:17+00:00,474,27,15,True,True,True,1791154327
2026-10-04T22:52:17+00:00,580,9,36,True,True,True,1791154327
2026-10-04T22:52:17+00:00,496,23,20,True,True,True,1791154327
2026-10-04T22:52:17+00:00,482,1,16,True,True,True,1791154327
2026-10-04T22:52:17+00:00,407,1,12,True,True,True,1791154327
2026-10-04T22:52:17+00:00,409,0,25,True,True,True,1791154327
2026-10-04T22:52:17+00:00,451,1,18,True,True,True,1791154327
2026-10-04T22:52:17+00:00,402,5,14,True,True,True,1791154327
2026-10-04T22:52:17+00:00,516,2,12,True,True,True,1791154327
2026-10-04T22:52:17+00:00,625,7,33,True,True,True,1791154327
2026-10-04T22:52:17+00:00,429,4,16,True,True,True,1791154327
2026-10-04T22:52:17+00:00,380,17,5,True,True,True,1791154327
2026-10-04T22:52:17+00:00,583,4,13,True,True,True,1791154327
2026-10-04T22:52:17+00:00,398,4,12,True,True,True,1791154327
2026-10-04T22:52:17+00:00,381,14,1,True,True,True,1791154327
2026-10-04T22:52:17+00:00,464,13,30,True,True,True,1791154327
2026-10-04T22:52:17+00:00,442,12,4,True,True,True,1791154327
2026-10-04T22:52:17+00:00,483,12,8,True,True,True,1791154327
2026-10-04T22:52:17+00:00,458,4,11,True,True,True,1791154327
2026-10-04T22:52:17+00:00,499,3,13,True,True,True,1791154327
2026-10-04T22:52:17+00:00,472,15,5,True,True,True,1791154327
2026-10-04T22:52:17+00:00,506,2,22,True,True,True,1791154327
2026-10-04T22:52:17+00:00,465,2,27,True,True,True,1791154327
2026-10-04T22:52:17+00:00,611,4,33,True,True,True,1791154327
2026-10-04T22:52:17+00:00,404,11,15,True,True,True,1791154327
2026-10-04T22:52:17+00:00,579,4,13,True,True,True,1791154327
2026-10-04T22:52:17+00:00,589,5,22,True,True,True,1791154327
2026-10-04T22:52:17+00:00,434,0,20,True,True,True,1791154327
2026-10-04T22:52:17+00:00,462,3,12,True,True,True,1791154327
2026-10-04T22:52:17+00:00,578,9,13,True,True,True,1791154327
2026-10-04T22:52:17+00:00,415,2,10,True,True,True,1791154327
2026-10-04T22:52:17+00:00,423,8,12,True,True,True,1791154327
2026-10-04T22:52:17+00:00,412,6,1,True,True,True,1791154327
2026-10-04T22:52:17+00:00,387,12,2,True,True,True,1791154327
2026-10-04T22:52:17+00:00,441,2,13,True,True,True,1791154327
2026-10-04T22:52:17+00:00,454,1,21,True,True,True,1791154327
2026-10-04T22:52:17+00:00,436,1,11,True,True,True,1791154327
2026-10-04T22:52:17+00:00,394,2,16,True,True,True,1791154327
2026-10-04T22:52:17+00:00,497,13,14,True,True,True,1791154327
2026-10-04T22:52:17+00:00,581,13,10,True,True,True,1791154327
2026-10-04T22:52:17+00:00,461,1,17,True,True,True,1791154327
2026-10-04T22:52:17+00:00,599,9,36,True,True,True,1791154327
2026-10-04T22:52:17+00:00,428,5,18,True,True,True,1791154327
2026-10-04T22:52:17+00:00,400,2,22,True,True,True,1791154327
2026-10-04T22:52:17+00:00,487,4,17,True,True,True,1791154327
2026-10-04T22:52:17+00:00,438,17,22,True,True,True,1791154327
2026-10-04T22:52:17+00:00,459,1,11,True,True,True,1791154327
2026-10-04T22:52:17+00:00,433,6,11,True,True,True,1791154327
2026-10-04T22:52:17+00:00,399,1,29,True,True,True,1791154327
2026-10-04T22:52:17+00:00,489,4,23,True,True,True,1791154327
2026-10-04T22:52:17+00:00,742,13,14,True,True,True,1791154327
2026-10-04T22:52:17+00:00,551,19,11,True,True,True,1791154327
2026-10-04T22:52:17+00:00,406,1,9,True,True,True,1791154327
2026-10-04T22:52:17+00:00,488,12,10,True,True,True,1791154327
2026-10-04T22:52:17+00:00,540,5,28,True,True,True,1791154327
2026-10-04T22:52:17+00:00,431,4,16,True,True,True,1791154327
2026-10-04T22:52:17+00:00,393,19,1,True,True,True,1791154327
2026-10-04T22:52:17+00:00,420,4,13,True,True,True,1791154327
2026-10-04T22:52:17+00:00,397,0,30,True,True,True,1791154327
2026-10-04T22:52:17+00:00,390,7,22,True,True,True,1791154327
2026-10-04T22:52:17+00:00,449,18,6,True,True,True,1791154327
2026-10-04T22:52:17+00:00,430,5,37,True,True,True,1791154327
2026-10-04T22:52:17+00:00,484,12,22,True,True,True,1791154327
2026-10-04T22:52:17+00:00,479,5,25,True,True,True,1791154327
2026-10-04T22:52:17+00:00,403,4,9,True,True,True,1791154327
2026-10-04T22:52:17+00:00,435,6,24,True,True,True,1791154327
2026-10-04T22:52:17+00:00,426,7,13,True,True,True,1791154327
2026-10-04T22:52:17+00:00,450,8,6,True,True,True,1791154327
2026-10-04T22:52:17+00:00,456,15,18,True,True,True,1791154327
2026-10-04T22:52:17+00:00,468,13,2,True,True,True,1791154327
2026-10-04T22:52:17+00:00,453,14,19,True,True,True,1791154327
2026-10-04T22:52:17+00:00,466,1,14,True,True,True,1791154327
2026-10-04T22:52:17+00:00,469,5,25,True,True,True,1791154327
2026-10-04T22:52:17+00:00,416,1,14,True,True,True,1791154327
2026-10-04T22:52:17+00:00,391,9,4,True,True,True,1791154327
2026-10-04T22:52:17+00:00,389,2,12,True,True,True,1791154327
2026-10-04T22:52:17+00:00,470,9,5,True,True,True,1791154327
2026-10-04T22:52:17+00:00,384,6,8,True,True,True,1791154327
2026-10-04T22:52:17+00:00,425,2,5,True,True,True,1791154327
2026-10-04T22:52:17+00:00,411,3,8,True,True,True,1791154327
2026-10-04T22:52:17+00:00,598,11,22,True,True,True,1791154327
2026-10-04T22:52:17+00:00,444,11,7,True,True,True,1791154327
2026-10-04T22:52:17+00:00,447,10,20,True,True,True,1791154327
2026-10-04T22:52:17+00:00,408,6,7,True,True,True,1791154327
2026-10-04T22:52:17+00:00,737,23,1,True,True,True,1791154327
2026-10-04T22:52:17+00:00,432,5,6,True,True,True,1791154327
2026-10-04T22:52:17+00:00,401,5,0,True,True,True,1791154327
2026-10-04T22:52:17+00:00,452,4,24,True,True,True,1791154327
2026-10-04T22:52:17+00:00,392,1,6,True,True,True,1791154327
2026-10-04T22:52:17+00:00,481,11,30,True,True,True,1791154327
2026-10-04T22:52:17+00:00,495,4,36,True,True,True,1791154327
2026-10-04T22:52:17+00:00,478,6,7,True,True,True,1791154327
2026-10-04T22:52:17+00:00,414,5,6,True,True,True,1791154327
2026-10-04T22:52:17+00:00,476,13,6,True,True,True,1791154327
2026-10-04T22:52:17+00:00,445,9,9,True,True,True,1791154327
2026-10-04T22:52:17+00:00,748,9,18,True,True,True,1791154327
2026-10-04T22:52:17+00:00,473,1,6,True,True,True,1791154327
2026-10-04T22:52:17+00:00,383,1,23,True,True,True,1791154327
2026-10-04T22:52:17+00:00,480,12,11,True,True,True,1791154327
2026-10-04T22:52:17+00:00,421,17,2,True,True,True,1791154327
2026-10-04T22:52:17+00:00,746,8,3,True,True,True,1791154327
2026-10-04T22:52:17+00:00,417,3,11,True,True,True,1791154327
2026-10-04T22:52:17+00:00,427,9,5,True,True,True,1791154327
2026-10-04T22:52:17+00:00,395,2,12,True,True,True,1791154327
2026-10-04T22:52:17+00:00,418,11,16,True,True,True,1791154327
2026-10-04T22:52:17+00:00,413,0,10,True,True,True,1791154327
2026-10-04T22:52:17+00:00,486,7,14,True,True,True,1791154327
2026-10-04T22:52:17+00:00,597,15,0,True,True,True,1791154327
2026-10-04T22:52:17+00:00,422,4,5,True,True,True,1791154327
2026-10-04T22:52:17+00:00,382,5,3,True,True,True,1791154327
2026-10-04T22:52:17+00:00,396,10,11,True,True,True,1791154327
2026-10-04T22:52:17+00:00,735,10,1,True,True,True,1791154327
2026-10-04T22:52:17+00:00,437,4,20,True,True,True,1791154327
2026-10-04T22:52:17+00:00,446,13,8,True,True,True,1791154327
2026-10-04T22:52:17+00:00,424,2,4,True,True,True,1791154327
2026-10-04T22:52:17+00:00,455,12,0,True,True,True,1791154327
2026-10-04T22:52:17+00:00,457,1,9,True,True,True,1791154327
2026-10-04T22:52:17+00:00,377,6,23,True,True,True,1791154327
2026-10-04T22:52:17+00:00,738,7,5,True,True,True,1791154327
2026-10-04T22:52:17+00:00,460,12,17,True,True,True,1791154327
2026-10-04T22:52:17+00:00,744,5,4,True,True,True,1791154327
2026-10-04T22:52:17+00:00,485,7,12,True,True,True,1791154327
2026-10-04T23:07:17+00:00,6026,4,27,True,True,True,1791155230
2026-10-04T23:07:17+00:00,5431,16,5,True,True,True,1791155230
2026-10-04T23:07:17+00:00,5424,1,17,True,True,True,1791155230
2026-10-04T23:07:17+00:00,5220,0,19,True,True,True,1791155230
2026-10-04T23:07:17+00:00,5217,7,22,True,True,True,1791155230
2026-10-04T23:07:17+00:00,5113,13,1,True,True,True,1791155230
2026-10-04T23:07:17+00:00,4683,0,20,True,True,True,1791155230
2026-10-04T23:07:17+00:00,4552,4,14,True,True,True,1791155230
2026-10-04T23:07:17+00:00,3725,2,16,True,True,True,1791155230
2026-10-04T23:07:17+00:00,2358,2,9,True,True,True,1791155230
2026-10-04T23:07:17+00:00,2357,2,19,True,True,True,1791155230
2026-10-04T23:07:17+00:00,2355,0,12,True,True,True,1791155230
2026-10-04T23:07:17+00:00,2351,3,14,True,True,True,1791155230
2026-10-04T23:07:17+00:00,2350,17,6,True,True,True,1791155230
2026-10-04T23:07:17+00:00,2349,5,16,True,True,True,1791155230
2026-10-04T23:07:17+00:00,2347,7,23,True,True,True,1791155230
2026-10-04T23:07:17+00:00,2340,10,14,True,True,True,1791155230
2026-10-04T23:07:17+00:00,2339,18,10,True,True,True,1791155230
2026-10-04T23:07:17+00:00,2337,12,2,True,True,True,1791155230
2026-10-04T23:07:17+00:00,2334,0,11,True,True,True,1791155230
2026-10-04T23:07:17+00:00,2333,11,4,True,True,True,1791155230
2026-10-04T23:07:17+00:00,2332,1,8,True,True,True,1791155230
2026-10-04T23:07:17+00:00,2330,12,1,True,True,True,1791155230
2026-10-04T23:07:17+00:00,2329,13,1,True,True,True,1791155230
2026-10-04T23:07:17+00:00,2328,5,14,True,True,True,1791155230
2026-10-04T23:07:17+00:00,2315,8,10,True,True,True,1791155230
2026-10-04T23:07:17+00:00,2308,1,7,True,True,True,1791155230
2026-10-04T23:07:17+00:00,2307,8,21,True,True,True,1791155230
2026-10-04T23:07:17+00:00,2306,11,7,True,True,True,1791155230
2026-10-04T23:07:17+00:00,2305,11,3,True,True,True,1791155230
2026-10-04T23:07:17+00:00,2304,2,14,True,True,True,1791155230
2026-10-04T23:07:17+00:00,2280,9,3,True,True,True,1791155230
2026-10-04T23:07:17+00:00,2270,7,10,True,True,True,1791155230
2026-10-04T23:07:17+00:00,1919,2,4,True,True,True,1791155230
2026-10-04T23:07:17+00:00,1755,1,30,True,True,True,1791155230
2026-10-04T23:07:17+00:00,1101,3,20,True,True,True,1791155230
2026-10-04T23:07:17+00:00,1023,9,4,True,True,True,1791155230
2026-10-04T23:07:17+00:00,1009,3,7,True,True,True,1791155230
2026-10-04T23:07:17+00:00,970,6,18,True,True,True,1791155230
2026-10-04T23:07:17+00:00,787,9,3,True,True,True,1791155230
2026-10-04T23:07:17+00:00,627,3,27,True,True,True,1791155230
2026-10-04T23:07:17+00:00,623,10,9,True,True,True,1791155230
2026-10-04T23:07:17+00:00,624,14,4,True,True,True,1791155230
2026-10-04T23:07:17+00:00,626,5,17,True,True,True,1791155230
2026-10-04T23:07:17+00:00,614,5,18,True,True,True,1791155230
2026-10-04T23:07:17+00:00,616,12,3,True,True,True,1791155230
2026-10-04T23:07:17+00:00,618,8,34,True,True,True,1791155230
2026-10-04T23:07:17+00:00,621,7,18,True,True,True,1791155230
2026-10-04T23:07:17+00:00,622,19,9,True,True,True,1791155230
2026-10-04T23:07:17+00:00,613,1,15,True,True,True,1791155230
2026-10-04T23:07:17+00:00,620,16,23,True,True,True,1791155230
2026-10-04T23:07:17+00:00,596,4,14,True,True,True,1791155230
2026-10-04T23:07:17+00:00,617,5,12,True,True,True,1791155230
2026-10-04T23:07:17+00:00,609,15,12,True,True,True,1791155230
2026-10-04T23:07:17+00:00,607,16,12,True,True,True,1791155230
2026-10-04T23:07:17+00:00,603,13,5,True,True,True,1791155230
2026-10-04T23:07:17+00:00,590,2,35,True,True,True,1791155230
2026-10-04T23:07:17+00:00,610,4,15,True,True,True,1791155230
2026-10-04T23:07:17+00:00,608,4,14,True,True,True,1791155230
2026-10-04T23:07:17+00:00,593,11,18,True,True,True,1791155230
2026-10-04T23:07:17+00:00,530,2,7,True,True,True,1791155230
2026-10-04T23:07:17+00:00,463,16,1,True,True,True,1791155230
2026-10-04T23:07:17+00:00,475,16,7,True,True,True,1791155230
2026-10-04T23:07:17+00:00,439,9,14,True,True,True,1791155230
2026-10-04T23:07:17+00:00,600,6,4,True,True,True,1791155230
2026-10-04T23:07:17+00:00,440,15,0,True,True,True,1791155230
2026-10-04T23:07:17+00:00,612,14,2,True,True,True,1791155230
2026-10-04T23:07:17+00:00,491,18,0,True,True,True,1791155230
2026-10-04T23:07:17+00:00,493,26,0,True,True,True,1791155230
2026-10-04T23:07:17+00:00,410,7,18,True,True,True,1791155230
2026-10-04T23:07:17+00:00,605,5,13,True,True,True,1791155230
2026-10-04T23:07:17+00:00,388,3,14,True,True,True,1791155230
2026-10-04T23:07:17+00:00,591,14,9,True,True,True,1791155230
2026-10-04T23:07:17+00:00,592,0,17,True,True,True,1791155230
2026-10-04T23:07:17+00:00,585,0,0,True,True,True,1791155230
2026-10-04T23:07:17+00:00,565,1,17,True,True,True,1791155230
2026-10-04T23:07:17+00:00,571,8,11,True,True,True,1791155230
2026-10-04T23:07:17+00:00,568,2,13,True,True,True,1791155230
2026-10-04T23:07:17+00:00,588,7,12,True,True,True,1791155230
2026-10-04T23:07:17+00:00,584,4,31,True,True,True,1791155230
2026-10-04T23:07:17+00:00,569,18,8,True,True,True,1791155230
2026-10-04T23:07:17+00:00,577,5,24,True,True,True,1791155230
2026-10-04T23:07:17+00:00,564,1,28,True,True,True,1791155230
2026-10-04T23:07:17+00:00,570,2,13,True,True,True,1791155230
2026-10-04T23:07:17+00:00,572,10,29,True,True,True,1791155230
2026-10-04T23:07:17+00:00,586,1,24,True,True,True,1791155230
2026-10-04T23:07:17+00:00,576,11,6,True,True,True,1791155230
2026-10-04T23:07:17+00:00,566,22,2,True,True,True,1791155230
2026-10-04T23:07:17+00:00,602,7,11,True,True,True,1791155230
2026-10-04T23:07:17+00:00,575,0,29,True,True,True,1791155230
2026-10-04T23:07:17+00:00,567,21,17,True,True,True,1791155230
2026-10-04T23:07:17+00:00,582,19,6,True,True,True,1791155230
2026-10-04T23:07:17+00:00,595,22,1,True,True,True,1791155230
2026-10-04T23:07:17+00:00,542,16,2,True,True,True,1791155230
2026-10-04T23:07:17+00:00,563,6,10,True,True,True,1791155230
2026-10-04T23:07:17+00:00,558,5,10,True,True,True,1791155230
2026-10-04T23:07:17+00:00,552,5,13,True,True,True,1791155230
2026-10-04T23:07:17+00:00,555,5,9,True,True,True,1791155230
2026-10-04T23:07:17+00:00,573,6,18,True,True,True,1791155230
2026-10-04T23:07:17+00:00,561,9,13,True,True,True,1791155230
2026-10-04T23:07:17+00:00,615,7,14,True,True,True,1791155230
2026-10-04T23:07:17+00:00,543,13,5,True,True,True,1791155230
2026-10-04T23:07:17+00:00,554,3,16,True,True,True,1791155230
2026-10-04T23:07:17+00:00,574,11,0,True,True,True,1791155230
2026-10-04T23:07:17+00:00,560,3,5,True,True,True,1791155230
2026-10-04T23:07:17+00:00,548,2,15,True,True,True,1791155230
2026-10-04T23:07:17+00:00,559,5,12,True,True,True,1791155230
2026-10-04T23:07:17+00:00,545,8,30,True,True,True,1791155230
2026-10-04T23:07:17+00:00,550,0,9,True,True,True,1791155230
2026-10-04T23:07:17+00:00,541,2,10,True,True,True,1791155230
2026-10-04T23:07:17+00:00,527,9,1,True,True,True,1791155230
2026-10-04T23:07:17+00:00,529,5,16,True,True,True,1791155230
2026-10-04T23:07:17+00:00,526,8,6,True,True,True,1791155230
2026-10-04T23:07:17+00:00,537,14,5,True,True,True,1791155230
2026-10-04T23:07:17+00:00,547,4,23,True,True,True,1791155230
2026-10-04T23:07:17+00:00,601,4,14,True,True,True,1791155230
2026-10-04T23:07:17+00:00,533,9,3,True,True,True,1791155230
2026-10-04T23:07:17+00:00,535,13,12,True,True,True,1791155230
2026-10-04T23:07:17+00:00,524,3,17,True,True,True,1791155230
2026-10-04T23:07:17+00:00,519,11,11,True,True,True,1791155230
2026-10-04T23:07:17+00:00,534,14,25,True,True,True,1791155230
2026-10-04T23:07:17+00:00,521,10,3,True,True,True,1791155230
2026-10-04T23:07:17+00:00,518,2,16,True,True,True,1791155230
2026-10-04T23:07:17+00:00,556,4,14,True,True,True,1791155230
2026-10-04T23:07:17+00:00,525,2,12,True,True,True,1791155230
2026-10-04T23:07:17+00:00,517,0,15,True,True,True,1791155230
2026-10-04T23:07:17+00:00,523,12,18,True,True,True,1791155230
2026-10-04T23:07:17+00:00,522,5,4,True,True,True,1791155230
2026-10-04T23:07:17+00:00,594,0,17,True,True,True,1791155230
2026-10-04T23:07:17+00:00,532,2,19,True,True,True,1791155230
2026-10-04T23:07:17+00:00,509,8,3,True,True,True,1791155230
2026-10-04T23:07:17+00:00,531,6,12,True,True,True,1791155230
2026-10-04T23:07:17+00:00,536,2,7,True,True,True,1791155230
2026-10-04T23:07:17+00:00,562,15,22,True,True,True,1791155230
2026-10-04T23:07:17+00:00,511,3,19,True,True,True,1791155230
2026-10-04T23:07:17+00:00,505,3,18,True,True,True,1791155230
2026-10-04T23:07:17+00:00,501,5,13,True,True,True,1791155230
2026-10-04T23:07:17+00:00,514,5,7,True,True,True,1791155230
2026-10-04T23:07:17+00:00,500,4,13,True,True,True,1791155230
2026-10-04T23:07:17+00:00,503,17,11,True,True,True,1791155230
2026-10-04T23:07:17+00:00,513,1,13,True,True,True,1791155230
2026-10-04T23:07:17+00:00,498,0,12,True,True,True,1791155230
2026-10-04T23:07:17+00:00,507,15,1,True,True,True,1791155230
2026-10-04T23:07:17+00:00,512,14,13,True,True,True,1791155230
2026-10-04T23:07:17+00:00,619,15,27,True,True,True,1791155230
2026-10-04T23:07:17+00:00,474,27,15,True,True,True,1791155230
2026-10-04T23:07:17+00:00,580,9,36,True,True,True,1791155230
2026-10-04T23:07:17+00:00,496,23,20,True,True,True,1791155230
2026-10-04T23:07:17+00:00,482,1,16,True,True,True,1791155230
2026-10-04T23:07:17+00:00,407,1,12,True,True,True,1791155230
2026-10-04T23:07:17+00:00,409,0,25,True,True,True,1791155230
2026-10-04T23:07:17+00:00,451,1,18,True,True,True,1791155230
2026-10-04T23:07:17+00:00,402,5,14,True,True,True,1791155230
2026-10-04T23:07:17+00:00,516,2,12,True,True,True,1791155230
2026-10-04T23:07:17+00:00,625,7,33,True,True,True,1791155230
2026-10-04T23:07:17+00:00,429,4,16,True,True,True,1791155230
2026-10-04T23:07:17+00:00,380,17,5,True,True,True,1791155230
2026-10-04T23:07:17+00:00,583,4,13,True,True,True,1791155230
2026-10-04T23:07:17+00:00,398,4,12,True,True,True,1791155230
2026-10-04T23:07:17+00:00,381,14,1,True,True,True,1791155230
2026-10-04T23:07:17+00:00,464,13,30,True,True,True,1791155230
2026-10-04T23:07:17+00:00,442,12,4,True,True,True,1791155230
2026-10-04T23:07:17+00:00,483,12,8,True,True,True,1791155230
2026-10-04T23:07:17+00:00,458,4,11,True,True,True,1791155230
2026-10-04T23:07:17+00:00,499,3,13,True,True,True,1791155230
2026-10-04T23:07:17+00:00,472,16,4,True,True,True,1791155230
2026-10-04T23:07:17+00:00,506,2,22,True,True,True,1791155230
2026-10-04T23:07:17+00:00,465,2,27,True,True,True,1791155230
2026-10-04T23:07:17+00:00,611,4,33,True,True,True,1791155230
2026-10-04T23:07:17+00:00,404,11,15,True,True,True,1791155230
2026-10-04T23:07:17+00:00,579,4,13,True,True,True,1791155230
2026-10-04T23:07:17+00:00,589,5,22,True,True,True,1791155230
2026-10-04T23:07:17+00:00,434,0,20,True,True,True,1791155230
2026-10-04T23:07:17+00:00,462,3,12,True,True,True,1791155230
2026-10-04T23:07:17+00:00,578,9,13,True,True,True,1791155230
2026-10-04T23:07:17+00:00,415,2,10,True,True,True,1791155230
2026-10-04T23:07:17+00:00,423,8,12,True,True,True,1791155230
2026-10-04T23:07:17+00:00,412,6,1,True,True,True,1791155230
2026-10-04T23:07:17+00:00,387,12,2,True,True,True,1791155230
2026-10-04T23:07:17+00:00,441,2,13,True,True,True,1791155230
2026-10-04T23:07:17+00:00,454,1,21,True,True,True,1791155230
2026-10-04T23:07:17+00:00,436,1,11,True,True,True,1791155230
2026-10-04T23:07:17+00:00,394,2,16,True,True,True,1791155230
2026-10-04T23:07:17+00:00,497,13,14,True,True,True,1791155230
2026-10-04T23:07:17+00:00,581,13,10,True,True,True,1791155230
2026-10-04T23:07:17+00:00,461,2,16,True,True,True,1791155230
2026-10-04T23:07:17+00:00,599,9,36,True,True,True,1791155230
2026-10-04T23:07:17+00:00,428,5,18,True,True,True,1791155230
2026-10-04T23:07:17+00:00,400,2,22,True,True,True,1791155230
2026-10-04T23:07:17+00:00,487,4,17,True,True,True,1791155230
2026-10-04T23:07:17+00:00,438,17,22,True,True,True,1791155230
2026-10-04T23:07:17+00:00,459,1,11,True,True,True,1791155230
2026-10-04T23:07:17+00:00,433,6,11,True,True,True,1791155230
2026-10-04T23:07:17+00:00,399,1,29,True,True,True,1791155230
2026-10-04T23:07:17+00:00,489,4,23,True,True,True,1791155230
2026-10-04T23:07:17+00:00,742,13,14,True,True,True,1791155230
2026-10-04T23:07:17+00:00,551,19,11,True,True,True,1791155230
2026-10-04T23:07:17+00:00,406,1,9,True,True,True,1791155230
2026-10-04T23:07:17+00:00,488,12,10,True,True,True,1791155230
2026-10-04T23:07:17+00:00,540,5,28,True,True,True,1791155230
2026-10-04T23:07:17+00:00,431,4,16,True,True,True,1791155230
2026-10-04T23:07:17+00:00,393,19,1,True,True,True,1791155230
2026-10-04T23:07:17+00:00,420,4,13,True,True,True,1791155230
2026-10-04T23:07:17+00:00,397,0,30,True,True,True,1791155230
2026-10-04T23:07:17+00:00,390,7,22,True,True,True,1791155230
2026-10-04T23:07:17+00:00,449,18,6,True,True,True,1791155230
2026-10-04T23:07:17+00:00,430,5,37,True,True,True,1791155230
2026-10-04T23:07:17+00:00,484,12,22,True,True,True,1791155230
2026-10-04T23:07:17+00:00,479,5,25,True,True,True,1791155230
2026-10-04T23:07:17+00:00,403,4,9,True,True,True,1791155230
2026-10-04T23:07:17+00:00,435,6,24,True,True,True,1791155230
2026-10-04T23:07:17+00:00,426,7,13,True,True,True,1791155230
2026-10-04T23:07:17+00:00,450,8,6,True,True,True,1791155230
2026-10-04T23:07:17+00:00,456,15,18,True,True,True,1791155230
2026-10-04T23:07:17+00:00,468,13,2,True,True,True,1791155230
2026-10-04T23:07:17+00:00,453,14,19,True,True,True,1791155230
2026-10-04T23:07:17+00:00,466,1,14,True,True,True,1791155230
2026-10-04T23:07:17+00:00,469,5,25,True,True,True,1791155230
2026-10-04T23:07:17+00:00,416,1,14,True,True,True,1791155230
2026-10-04T23:07:17+00:00,391,9,4,True,True,True,1791155230
2026-10-04T23:07:17+00:00,389,2,12,True,True,True,1791155230
2026-10-04T23:07:17+00:00,470,10,4,True,True,True,1791155230
2026-10-04T23:07:17+00:00,384,7,7,True,True,True,1791155230
2026-10-04T23:07:17+00:00,425,2,5,True,True,True,1791155230
2026-10-04T23:07:17+00:00,411,3,8,True,True,True,1791155230
2026-10-04T23:07:17+00:00,598,11,22,True,True,True,1791155230
2026-10-04T23:07:17+00:00,444,11,7,True,True,True,1791155230
2026-10-04T23:07:17+00:00,447,10,20,True,True,True,1791155230
2026-10-04T23:07:17+00:00,408,6,7,True,True,True,1791155230
2026-10-04T23:07:17+00:00,737,23,1,True,True,True,1791155230
2026-10-04T23:07:17+00:00,432,5,6,True,True,True,1791155230
2026-10-04T23:07:17+00:00,401,5,0,True,True,True,1791155230
2026-10-04T23:07:17+00:00,452,4,24,True,True,True,1791155230
2026-10-04T23:07:17+00:00,392,1,6,True,True,True,1791155230
2026-10-04T23:07:17+00:00,481,11,30,True,True,True,1791155230
2026-10-04T23:07:17+00:00,495,4,36,True,True,True,1791155230
2026-10-04T23:07:17+00:00,478,6,7,True,True,True,1791155230
2026-10-04T23:07:17+00:00,414,5,6,True,True,True,1791155230
2026-10-04T23:07:17+00:00,476,13,6,True,True,True,1791155230
2026-10-04T23:07:17+00:00,445,9,9,True,True,True,1791155230
2026-10-04T23:07:17+00:00,748,9,18,True,True,True,1791155230
2026-10-04T23:07:17+00:00,473,1,6,True,True,True,1791155230
2026-10-04T23:07:17+00:00,383,1,23,True,True,True,1791155230
2026-10-04T23:07:17+00:00,480,12,11,True,True,True,1791155230
2026-10-04T23:07:17+00:00,421,17,2,True,True,True,1791155230
2026-10-04T23:07:17+00:00,746,8,3,True,True,True,1791155230
2026-10-04T23:07:17+00:00,417,3,11,True,True,True,1791155230
2026-10-04T23:07:17+00:00,427,9,5,True,True,True,1791155230
2026-10-04T23:07:17+00:00,395,2,12,True,True,True,1791155230
2026-10-04T23:07:17+00:00,418,11,16,True,True,True,1791155230
2026-10-04T23:07:17+00:00,413,0,10,True,True,True,1791155230
2026-10-04T23:07:17+00:00,486,7,14,True,True,True,1791155230
2026-10-04T23:07:17+00:00,597,15,0,True,True,True,1791155230
2026-10-04T23:07:17+00:00,422,4,5,True,True,True,1791155230
2026-10-04T23:07:17+00:00,382,5,3,True,True,True,1791155230
2026-10-04T23:07:17+00:00,396,10,11,True,True,True,1791155230
2026-10-04T23:07:17+00:00,735,10,1,True,True,True,1791155230
2026-10-04T23:07:17+00:00,437,4,20,True,True,True,1791155230
2026-10-04T23:07:17+00:00,446,13,8,True,True,True,1791155230
2026-10-04T23:07:17+00:00,424,2,4,True,True,True,1791155230
2026-10-04T23:07:17+00:00,455,12,0,True,True,True,1791155230
2026-10-04T23:07:17+00:00,457,1,9,True,True,True,1791155230
2026-10-04T23:07:17+00:00,377,6,23,True,True,True,1791155230
2026-10-04T23:07:17+00:00,738,7,5,True,True,True,1791155230
2026-10-04T23:07:17+00:00,460,12,17,True,True,True,1791155230
2026-10-04T23:07:17+00:00,744,5,4,True,True,True,1791155230
2026-10-04T23:07:17+00:00,485,7,12,True,True,True,1791155230
2026-10-04T23:22:17+00:00,6026,4,27,True,True,True,1791156132
2026-10-04T23:22:17+00:00,5431,16,5,True,True,True,1791156132
2026-10-04T23:22:17+00:00,5424,1,17,True,True,True,1791156132
2026-10-04T23:22:17+00:00,5220,0,19,True,True,True,1791156132
2026-10-04T23:22:17+00:00,5217,7,22,True,True,True,1791156132
2026-10-04T23:22:17+00:00,5113,13,1,True,True,True,1791156132
2026-10-04T23:22:17+00:00,4683,0,20,True,True,True,1791156132
2026-10-04T23:22:17+00:00,4552,4,14,True,True,True,1791156132
2026-10-04T23:22:17+00:00,3725,2,16,True,True,True,1791156132
2026-10-04T23:22:17+00:00,2358,2,9,True,True,True,1791156132
2026-10-04T23:22:17+00:00,2357,2,19,True,True,True,1791156132
2026-10-04T23:22:17+00:00,2355,0,12,True,True,True,1791156132
2026-10-04T23:22:17+00:00,2351,3,14,True,True,True,1791156132
2026-10-04T23:22:17+00:00,2350,17,6,True,True,True,1791156132
2026-10-04T23:22:17+00:00,2349,5,16,True,True,True,1791156132
2026-10-04T23:22:17+00:00,2347,7,23,True,True,True,1791156132
2026-10-04T23:22:17+00:00,2340,10,14,True,True,True,1791156132
2026-10-04T23:22:17+00:00,2339,18,10,True,True,True,1791156132
2026-10-04T23:22:17+00:00,2337,12,2,True,True,True,1791156132
2026-10-04T23:22:17+00:00,2334,0,11,True,True,True,1791156132
2026-10-04T23:22:17+00:00,2333,11,4,True,True,True,1791156132
2026-10-04T23:22:17+00:00,2332,1,8,True,True,True,1791156132
2026-10-04T23:22:17+00:00,2330,12,1,True,True,True,1791156132
2026-10-04T23:22:17+00:00,2329,13,1,True,True,True,1791156132
2026-10-04T23:22:17+00:00,2328,5,14,True,True,True,1791156132
2026-10-04T23:22:17+00:00,2315,8,10,True,True,True,1791156132
2026-10-04T23:22:17+00:00,2308,1,7,True,True,True,1791156132
2026-10-04T23:22:17+00:00,2307,8,21,True,True,True,1791156132
2026-10-04T23:22:17+00:00,2306,11,7,True,True,True,1791156132
2026-10-04T23:22:17+00:00,2305,11,3,True,True,True,1791156132
2026-10-04T23:22:17+00:00,2304,2,14,True,True,True,1791156132
2026-10-04T23:22:17+00:00,2280,9,3,True,True,True,1791156132
2026-10-04T23:22:17+00:00,2270,7,10,True,True,True,1791156132
2026-10-04T23:22:17+00:00,1919,2,4,True,True,True,1791156132
2026-10-04T23:22:17+00:00,1755,1,30,True,True,True,1791156132
2026-10-04T23:22:17+00:00,1101,3,20,True,True,True,1791156132
2026-10-04T23:22:17+00:00,1023,9,4,True,True,True,1791156132
2026-10-04T23:22:17+00:00,1009,3,7,True,True,True,1791156132
2026-10-04T23:22:17+00:00,970,6,18,True,True,True,1791156132
2026-10-04T23:22:17+00:00,787,9,3,True,True,True,1791156132
2026-10-04T23:22:17+00:00,627,3,27,True,True,True,1791156132
2026-10-04T23:22:17+00:00,623,10,9,True,True,True,1791156132
2026-10-04T23:22:17+00:00,624,14,4,True,True,True,1791156132
2026-10-04T23:22:17+00:00,626,5,17,True,True,True,1791156132
2026-10-04T23:22:17+00:00,614,5,18,True,True,True,1791156132
2026-10-04T23:22:17+00:00,616,12,3,True,True,True,1791156132
2026-10-04T23:22:17+00:00,618,8,34,True,True,True,1791156132
2026-10-04T23:22:17+00:00,621,8,17,True,True,True,1791156132
2026-10-04T23:22:17+00:00,622,19,9,True,True,True,1791156132
2026-10-04T23:22:17+00:00,613,1,15,True,True,True,1791156132
2026-10-04T23:22:17+00:00,620,16,23,True,True,True,1791156132
2026-10-04T23:22:17+00:00,596,4,14,True,True,True,1791156132
2026-10-04T23:22:17+00:00,617,5,12,True,True,True,1791156132
2026-10-04T23:22:17+00:00,609,15,12,True,True,True,1791156132
2026-10-04T23:22:17+00:00,607,16,12,True,True,True,1791156132
2026-10-04T23:22:17+00:00,603,13,5,True,True,True,1791156132
2026-10-04T23:22:17+00:00,590,2,35,True,True,True,1791156132
2026-10-04T23:22:17+00:00,610,4,15,True,True,True,1791156132
2026-10-04T23:22:17+00:00,608,4,14,True,True,True,1791156132
2026-10-04T23:22:17+00:00,593,11,18,True,True,True,1791156132
2026-10-04T23:22:17+00:00,530,2,7,True,True,True,1791156132
2026-10-04T23:22:17+00:00,463,16,1,True,True,True,1791156132
2026-10-04T23:22:17+00:00,475,16,7,True,True,True,1791156132
2026-10-04T23:22:17+00:00,439,9,14,True,True,True,1791156132
2026-10-04T23:22:17+00:00,600,6,4,True,True,True,1791156132
2026-10-04T23:22:17+00:00,440,15,0,True,True,True,1791156132
2026-10-04T23:22:17+00:00,612,14,2,True,True,True,1791156132
2026-10-04T23:22:17+00:00,491,17,1,True,True,True,1791156132
2026-10-04T23:22:17+00:00,493,26,0,True,True,True,1791156132
2026-10-04T23:22:17+00:00,410,7,18,True,True,True,1791156132
2026-10-04T23:22:17+00:00,605,5,13,True,True,True,1791156132
2026-10-04T23:22:17+00:00,388,3,14,True,True,True,1791156132
2026-10-04T23:22:17+00:00,591,14,9,True,True,True,1791156132
2026-10-04T23:22:17+00:00,592,0,17,True,True,True,1791156132
2026-10-04T23:22:17+00:00,585,0,0,True,True,True,1791156132
2026-10-04T23:22:17+00:00,565,1,17,True,True,True,1791156132
2026-10-04T23:22:17+00:00,571,8,11,True,True,True,1791156132
2026-10-04T23:22:17+00:00,568,2,13,True,True,True,1791156132
2026-10-04T23:22:17+00:00,588,7,12,True,True,True,1791156132
2026-10-04T23:22:17+00:00,584,4,31,True,True,True,1791156132
2026-10-04T23:22:17+00:00,569,18,8,True,True,True,1791156132
2026-10-04T23:22:17+00:00,577,5,24,True,True,True,1791156132
2026-10-04T23:22:17+00:00,564,1,28,True,True,True,1791156132
2026-10-04T23:22:17+00:00,570,2,13,True,True,True,1791156132
2026-10-04T23:22:17+00:00,572,10,29,True,True,True,1791156132
2026-10-04T23:22:17+00:00,586,1,24,True,True,True,1791156132
2026-10-04T23:22:17+00:00,576,11,6,True,True,True,1791156132
2026-10-04T23:22:17+00:00,566,22,2,True,True,True,1791156132
2026-10-04T23:22:17+00:00,602,7,11,True,True,True,1791156132
2026-10-04T23:22:17+00:00,575,0,29,True,True,True,1791156132
2026-10-04T23:22:17+00:00,567,21,17,True,True,True,1791156132
2026-10-04T23:22:17+00:00,582,19,6,True,True,True,1791156132
2026-10-04T23:22:17+00:00,595,22,1,True,True,True,1791156132
2026-10-04T23:22:17+00:00,542,16,2,True,True,True,1791156132
2026-10-04T23:22:17+00:00,563,6,10,True,True,True,1791156132
2026-10-04T23:22:17+00:00,558,5,10,True,True,True,1791156132
2026-10-04T23:22:17+00:00,552,5,13,True,True,True,1791156132
2026-10-04T23:22:17+00:00,555,5,9,True,True,True,1791156132
2026-10-04T23:22:17+00:00,573,6,18,True,True,True,1791156132
2026-10-04T23:22:17+00:00,561,9,13,True,True,True,1791156132
2026-10-04T23:22:17+00:00,615,7,14,True,True,True,1791156132
2026-10-04T23:22:17+00:00,543,13,5,True,True,True,1791156132
2026-10-04T23:22:17+00:00,554,3,16,True,True,True,1791156132
2026-10-04T23:22:17+00:00,574,11,0,True,True,True,1791156132
2026-10-04T23:22:17+00:00,560,3,5,True,True,True,1791156132
2026-10-04T23:22:17+00:00,548,2,15,True,True,True,1791156132
2026-10-04T23:22:17+00:00,559,5,12,True,True,True,1791156132
2026-10-04T23:22:17+00:00,545,8,30,True,True,True,1791156132
2026-10-04T23:22:17+00:00,550,0,9,True,True,True,1791156132
2026-10-04T23:22:17+00:00,541,2,10,True,True,True,1791156132
2026-10-04T23:22:17+00:00,527,9,1,True,True,True,1791156132
2026-10-04T23:22:17+00:00,529,5,16,True,True,True,1791156132
2026-10-04T23:22:17+00:00,526,8,6,True,True,True,1791156132
2026-10-04T23:22:17+00:00,537,14,5,True,True,True,1791156132
2026-10-04T23:22:17+00:00,547,4,23,True,True,True,1791156132
2026-10-04T23:22:17+00:00,601,4,14,True,True,True,1791156132
2026-10-04T23:22:17+00:00,533,9,3,True,True,True,1791156132
2026-10-04T23:22:17+00:00,535,13,12,True,True,True,1791156132
2026-10-04T23:22:17+00:00,524,3,17,True,True,True,1791156132
2026-10-04T23:22:17+00:00,519,11,11,True,True,True,1791156132
2026-10-04T23:22:17+00:00,534,14,25,True,True,True,1791156132
2026-10-04T23:22:17+00:00,521,10,3,True,True,True,1791156132
2026-10-04T23:22:17+00:00,518,2,16,True,True,True,1791156132
2026-10-04T23:22:17+00:00,556,4,14,True,True,True,1791156132
2026-10-04T23:22:17+00:00,525,2,12,True,True,True,1791156132
2026-10-04T23:22:17+00:00,517,0,15,True,True,True,1791156132
2026-10-04T23:22:17+00:00,523,12,18,True,True,True,1791156132
2026-10-04T23:22:17+00:00,522,5,4,True,True,True,1791156132
2026-10-04T23:22:17+00:00,594,0,17,True,True,True,1791156132
2026-10-04T23:22:17+00:00,532,2,19,True,True,True,1791156132
2026-10-04T23:22:17+00:00,509,8,3,True,True,True,1791156132
2026-10-04T23:22:17+00:00,531,6,12,True,True,True,1791156132
2026-10-04T23:22:17+00:00,536,2,7,True,True,True,1791156132
2026-10-04T23:22:17+00:00,562,15,22,True,True,True,1791156132
2026-10-04T23:22:17+00:00,511,3,19,True,True,True,1791156132
2026-10-04T23:22:17+00:00,505,3,18,True,True,True,1791156132
2026-10-04T23:22:17+00:00,501,5,13,True,True,True,1791156132
2026-10-04T23:22:17+00:00,514,5,7,True,True,True,1791156132
2026-10-04T23:22:17+00:00,500,4,13,True,True,True,1791156132
2026-10-04T23:22:17+00:00,503,17,11,True,True,True,1791156132
2026-10-04T23:22:17+00:00,513,1,13,True,True,True,1791156132
2026-10-04T23:22:17+00:00,498,0,12,True,True,True,1791156132
2026-10-04T23:22:17+00:00,507,15,1,True,True,True,1791156132
2026-10-04T23:22:17+00:00,512,14,13,True,True,True,1791156132
2026-10-04T23:22:17+00:00,619,15,27,True,True,True,1791156132
2026-10-04T23:22:17+00:00,474,27,15,True,True,True,1791156132
2026-10-04T23:22:17+00:00,580,9,36,True,True,True,1791156132
2026-10-04T23:22:17+00:00,496,23,20,True,True,True,1791156132
2026-10-04T23:22:17+00:00,482,1,16,True,True,True,1791156132
2026-10-04T23:22:17+00:00,407,1,12,True,True,True,1791156132
2026-10-04T23:22:17+00:00,409,0,25,True,True,True,1791156132
2026-10-04T23:22:17+00:00,451,1,18,True,True,True,1791156132
2026-10-04T23:22:17+00:00,402,5,14,True,True,True,1791156132
2026-10-04T23:22:17+00:00,516,2,12,True,True,True,1791156132
2026-10-04T23:22:17+00:00,625,7,33,True,True,True,1791156132
2026-10-04T23:22:17+00:00,429,4,16,True,True,True,1791156132
2026-10-04T23:22:17+00:00,380,17,5,True,True,True,1791156132
2026-10-04T23:22:17+00:00,583,4,13,True,True,True,1791156132
2026-10-04T23:22:17+00:00,398,4,12,True,True,True,1791156132
2026-10-04T23:22:17+00:00,381,14,1,True,True,True,1791156132
2026-10-04T23:22:17+00:00,464,13,30,True,True,True,1791156132
2026-10-04T23:22:17+00:00,442,12,4,True,True,True,1791156132
2026-10-04T23:22:17+00:00,483,12,8,True,True,True,1791156132
2026-10-04T23:22:17+00:00,458,4,11,True,True,True,1791156132
2026-10-04T23:22:17+00:00,499,3,13,True,True,True,1791156132
2026-10-04T23:22:17+00:00,472,16,4,True,True,True,1791156132
2026-10-04T23:22:17+00:00,506,2,22,True,True,True,1791156132
2026-10-04T23:22:17+00:00,465,2,27,True,True,True,1791156132
2026-10-04T23:22:17+00:00,611,4,33,True,True,True,1791156132
2026-10-04T23:22:17+00:00,404,11,15,True,True,True,1791156132
2026-10-04T23:22:17+00:00,579,4,13,True,True,True,1791156132
2026-10-04T23:22:17+00:00,589,5,22,True,True,True,1791156132
2026-10-04T23:22:17+00:00,434,0,20,True,True,True,1791156132
2026-10-04T23:22:17+00:00,462,3,12,True,True,True,1791156132
2026-10-04T23:22:17+00:00,578,9,13,True,True,True,1791156132
2026-10-04T23:22:17+00:00,415,2,10,True,True,True,1791156132
2026-10-04T23:22:17+00:00,423,8,12,True,True,True,1791156132
2026-10-04T23:22:17+00:00,412,6,1,True,True,True,1791156132
2026-10-04T23:22:17+00:00,387,12,2,True,True,True,1791156132
2026-10-04T23:22:17+00:00,441,2,13,True,True,True,1791156132
2026-10-04T23:22:17+00:00,454,1,21,True,True,True,1791156132
2026-10-04T23:22:17+00:00,436,1,11,True,True,True,1791156132
2026-10-04T23:22:17+00:00,394,2,16,True,True,True,1791156132
2026-10-04T23:22:17+00:00,497,13,14,True,True,True,1791156132
2026-10-04T23:22:17+00:00,581,13,10,True,True,True,1791156132
2026-10-04T23:22:17+00:00,461,2,16,True,True,True,1791156132
2026-10-04T23:22:17+00:00,599,9,36,True,True,True,1791156132
2026-10-04T23:22:17+00:00,428,5,18,True,True,True,1791156132
2026-10-04T23:22:17+00:00,400,2,22,True,True,True,1791156132
2026-10-04T23:22:17+00:00,487,4,17,True,True,True,1791156132
2026-10-04T23:22:17+00:00,438,18,21,True,True,True,1791156132
2026-10-04T23:22:17+00:00,459,1,11,True,True,True,1791156132
2026-10-04T23:22:17+00:00,433,6,11,True,True,True,1791156132
2026-10-04T23:22:17+00:00,399,1,29,True,True,True,1791156132
2026-10-04T23:22:17+00:00,489,4,23,True,True,True,1791156132
2026-10-04T23:22:17+00:00,742,13,14,True,True,True,1791156132
2026-10-04T23:22:17+00:00,551,19,11,True,True,True,1791156132
2026-10-04T23:22:17+00:00,406,1,9,True,True,True,1791156132
2026-10-04T23:22:17+00:00,488,12,10,True,True,True,1791156132
2026-10-04T23:22:17+00:00,540,5,28,True,True,True,1791156132
2026-10-04T23:22:17+00:00,431,4,16,True,True,True,1791156132
2026-10-04T23:22:17+00:00,393,19,1,True,True,True,1791156132
2026-10-04T23:22:17+00:00,420,4,13,True,True,True,1791156132
2026-10-04T23:22:17+00:00,397,0,30,True,True,True,1791156132
2026-10-04T23:22:17+00:00,390,7,22,True,True,True,1791156132
2026-10-04T23:22:17+00:00,449,18,6,True,True,True,1791156132
2026-10-04T23:22:17+00:00,430,5,37,True,True,True,1791156132
2026-10-04T23:22:17+00:00,484,12,22,True,True,True,1791156132
2026-10-04T23:22:17+00:00,479,5,25,True,True,True,1791156132
2026-10-04T23:22:17+00:00,403,4,9,True,True,True,1791156132
2026-10-04T23:22:17+00:00,435,6,24,True,True,True,1791156132
2026-10-04T23:22:17+00:00,426,7,13,True,True,True,1791156132
2026-10-04T23:22:17+00:00,450,8,6,True,True,True,1791156132
2026-10-04T23:22:17+00:00,456,15,18,True,True,True,1791156132
2026-10-04T23:22:17+00:00,468,13,2,True,True,True,1791156132
2026-10-04T23:22:17+00:00,453,14,19,True,True,True,1791156132
2026-10-04T23:22:17+00:00,466,1,14,True,True,True,1791156132
2026-10-04T23:22:17+00:00,469,5,25,True,True,True,1791156132
2026-10-04T23:22:17+00:00,416,1,14,True,True,True,1791156132
2026-10-04T23:22:17+00:00,391,9,4,True,True,True,1791156132
2026-10-04T23:22:17+00:00,389,2,12,True,True,True,1791156132
2026-10-04T23:22:17+00:00,470,10,4,True,True,True,1791156132
2026-10-04T23:22:17+00:00,384,7,7,True,True,True,1791156132
2026-10-04T23:22:17+00:00,425,2,5,True,True,True,1791156132
2026-10-04T23:22:17+00:00,411,3,8,True,True,True,1791156132
2026-10-04T23:22:17+00:00,598,11,22,True,True,True,1791156132
2026-10-04T23:22:17+00:00,444,11,7,True,True,True,1791156132
2026-10-04T23:22:17+00:00,447,10,20,True,True,True,1791156132
2026-10-04T23:22:17+00:00,408,6,7,True,True,True,1791156132
2026-10-04T23:22:17+00:00,737,23,1,True,True,True,1791156132
2026-10-04T23:22:17+00:00,432,5,6,True,True,True,1791156132
2026-10-04T23:22:17+00:00,401,5,0,True,True,True,1791156132
2026-10-04T23:22:17+00:00,452,4,24,True,True,True,1791156132
2026-10-04T23:22:17+00:00,392,1,6,True,True,True,1791156132
2026-10-04T23:22:17+00:00,481,11,30,True,True,True,1791156132
2026-10-04T23:22:17+00:00,495,4,36,True,True,True,1791156132
2026-10-04T23:22:17+00:00,478,6,7,True,True,True,1791156132
2026-10-04T23:22:17+00:00,414,5,6,True,True,True,1791156132
2026-10-04T23:22:17+00:00,476,13,6,True,True,True,1791156132
2026-10-04T23:22:17+00:00,445,9,9,True,True,True,1791156132
2026-10-04T23:22:17+00:00,748,9,18,True,True,True,1791156132
2026-10-04T23:22:17+00:00,473,1,6,True,True,True,1791156132
2026-10-04T23:22:17+00:00,383,1,23,True,True,True,1791156132
2026-10-04T23:22:17+00:00,480,12,11,True,True,True,1791156132
2026-10-04T23:22:17+00:00,421,17,2,True,True,True,1791156132
2026-10-04T23:22:17+00:00,746,8,3,True,True,True,1791156132
2026-10-04T23:22:17+00:00,417,3,11,True,True,True,1791156132
2026-10-04T23:22:17+00:00,427,9,5,True,True,True,1791156132
2026-10-04T23:22:17+00:00,395,2,12,True,True,True,1791156132
2026-10-04T23:22:17+00:00,418,11,16,True,True,True,1791156132
2026-10-04T23:22:17+00:00,413,0,10,True,True,True,1791156132
2026-10-04T23:22:17+00:00,486,7,14,True,True,True,1791156132
2026-10-04T23:22:17+00:00,597,15,0,True,True,True,1791156132
2026-10-04T23:22:17+00:00,422,4,5,True,True,True,1791156132
2026-10-04T23:22:17+00:00,382,5,3,True,True,True,1791156132
2026-10-04T23:22:17+00:00,396,10,11,True,True,True,1791156132
2026-10-04T23:22:17+00:00,735,10,1,True,True,True,1791156132
2026-10-04T23:22:17+00:00,437,4,20,True,True,True,1791156132
2026-10-04T23:22:17+00:00,446,13,8,True,True,True,1791156132
2026-10-04T23:22:17+00:00,424,2,4,True,True,True,1791156132
2026-10-04T23:22:17+00:00,455,12,0,True,True,True,1791156132
2026-10-04T23:22:17+00:00,457,1,9,True,True,True,1791156132
2026-10-04T23:22:17+00:00,377,6,23,True,True,True,1791156132
2026-10-04T23:22:17+00:00,738,7,5,True,True,True,1791156132
2026-10-04T23:22:17+00:00,460,12,17,True,True,True,1791156132
2026-10-04T23:22:17+00:00,744,5,4,True,True,True,1791156132
2026-10-04T23:22:17+00:00,485,7,12,True,True,True,1791156132
2026-10-04T23:37:17+00:00,6026,4,27,True,True,True,1791157035
2026-10-04T23:37:17+00:00,5431,16,5,True,True,True,1791157035
2026-10-04T23:37:17+00:00,5424,1,17,True,True,True,1791157035
2026-10-04T23:37:17+00:00,5220,0,19,True,True,True,1791157035
2026-10-04T23:37:17+00:00,5217,7,22,True,True,True,1791157035
2026-10-04T23:37:17+00:00,5113,13,1,True,True,True,1791157035
2026-10-04T23:37:17+00:00,4683,0,20,True,True,True,1791157035
2026-10-04T23:37:17+00:00,4552,4,14,True,True,True,1791157035
2026-10-04T23:37:17+00:00,3725,2,16,True,True,True,1791157035
2026-10-04T23:37:17+00:00,2358,2,9,True,True,True,1791157035
2026-10-04T23:37:17+00:00,2357,2,19,True,True,True,1791157035
2026-10-04T23:37:17+00:00,2355,0,12,True,True,True,1791157035
2026-10-04T23:37:17+00:00,2351,3,14,True,True,True,1791157035
2026-10-04T23:37:17+00:00,2350,17,6,True,True,True,1791157035
2026-10-04T23:37:17+00:00,2349,5,16,True,True,True,1791157035
2026-10-04T23:37:17+00:00,2347,7,23,True,True,True,1791157035
2026-10-04T23:37:17+00:00,2340,10,14,True,True,True,1791157035
2026-10-04T23:37:17+00:00,2339,18,10,True,True,True,1791157035
2026-10-04T23:37:17+00:00,2337,12,2,True,True,True,1791157035
2026-10-04T23:37:17+00:00,2334,0,11,True,True,True,1791157035
2026-10-04T23:37:17+00:00,2333,11,4,True,True,True,1791157035
2026-10-04T23:37:17+00:00,2332,1,8,True,True,True,1791157035
2026-10-04T23:37:17+00:00,2330,12,1,True,True,True,1791157035
2026-10-04T23:37:17+00:00,2329,13,1,True,True,True,1791157035
2026-10-04T23:37:17+00:00,2328,5,14,True,True,True,1791157035
2026-10-04T23:37:17+00:00,2315,8,10,True,True,True,1791157035
2026-10-04T23:37:17+00:00,2308,1,7,True,True,True,1791157035
2026-10-04T23:37:17+00:00,2307,8,21,True,True,True,1791157035
2026-10-04T23:37:17+00:00,2306,11,7,True,True,True,1791157035
2026-10-04T23:37:17+00:00,2305,11,3,True,True,True,1791157035
2026-10-04T23:37:17+00:00,2304,2,14,True,True,True,1791157035
2026-10-04T23:37:17+00:00,2280,9,3,True,True,True,1791157035
2026-10-04T23:37:17+00:00,2270,7,10,True,True,True,1791157035
2026-10-04T23:37:17+00:00,1919,2,4,True,True,True,1791157035
2026-10-04T23:37:17+00:00,1755,1,30,True,True,True,1791157035
2026-10-04T23:37:17+00:00,1101,3,20,True,True,True,1791157035
2026-10-04T23:37:17+00:00,1023,9,4,True,True,True,1791157035
2026-10-04T23:37:17+00:00,1009,3,7,True,True,True,1791157035
2026-10-04T23:37:17+00:00,970,6,18,True,True,True,1791157035
2026-10-04T23:37:17+00:00,787,9,3,True,True,True,1791157035
2026-10-04T23:37:17+00:00,627,3,27,True,True,True,1791157035
2026-10-04T23:37:17+00:00,623,10,9,True,True,True,1791157035
2026-10-04T23:37:17+00:00,624,14,4,True,True,True,1791157035
2026-10-04T23:37:17+00:00,626,5,17,True,True,True,1791157035
2026-10-04T23:37:17+00:00,614,5,18,True,True,True,1791157035
2026-10-04T23:37:17+00:00,616,12,3,True,True,True,1791157035
2026-10-04T23:37:17+00:00,618,8,34,True,True,True,1791157035
2026-10-04T23:37:17+00:00,621,8,17,True,True,True,1791157035
2026-10-04T23:37:17+00:00,622,19,9,True,True,True,1791157035
2026-10-04T23:37:17+00:00,613,1,15,True,True,True,1791157035
2026-10-04T23:37:17+00:00,620,16,23,True,True,True,1791157035
2026-10-04T23:37:17+00:00,596,4,14,True,True,True,1791157035
2026-10-04T23:37:17+00:00,617,5,12,True,True,True,1791157035
2026-10-04T23:37:17+00:00,609,15,12,True,True,True,1791157035
2026-10-04T23:37:17+00:00,607,16,12,True,True,True,1791157035
2026-10-04T23:37:17+00:00,603,13,5,True,True,True,1791157035
2026-10-04T23:37:17+00:00,590,2,35,True,True,True,1791157035
2026-10-04T23:37:17+00:00,610,4,15,True,True,True,1791157035
2026-10-04T23:37:17+00:00,608,4,14,True,True,True,1791157035
2026-10-04T23:37:17+00:00,593,11,18,True,True,True,1791157035
2026-10-04T23:37:17+00:00,530,2,7,True,True,True,1791157035
2026-10-04T23:37:17+00:00,463,16,1,True,True,True,1791157035
2026-10-04T23:37:17+00:00,475,16,7,True,True,True,1791157035
2026-10-04T23:37:17+00:00,439,9,14,True,True,True,1791157035
2026-10-04T23:37:17+00:00,600,6,4,True,True,True,1791157035
2026-10-04T23:37:17+00:00,440,15,0,True,True,True,1791157035
2026-10-04T23:37:17+00:00,612,14,2,True,True,True,1791157035
2026-10-04T23:37:17+00:00,491,18,0,True,True,True,1791157035
2026-10-04T23:37:17+00:00,493,26,0,True,True,True,1791157035
2026-10-04T23:37:17+00:00,410,7,18,True,True,True,1791157035
2026-10-04T23:37:17+00:00,605,5,13,True,True,True,1791157035
2026-10-04T23:37:17+00:00,388,3,14,True,True,True,1791157035
2026-10-04T23:37:17+00:00,591,14,9,True,True,True,1791157035
2026-10-04T23:37:17+00:00,592,0,17,True,True,True,1791157035
2026-10-04T23:37:17+00:00,585,0,0,True,True,True,1791157035
2026-10-04T23:37:17+00:00,565,1,17,True,True,True,1791157035
2026-10-04T23:37:17+00:00,571,8,11,True,True,True,1791157035
2026-10-04T23:37:17+00:00,568,2,13,True,True,True,1791157035
2026-10-04T23:37:17+00:00,588,7,12,True,True,True,1791157035
2026-10-04T23:37:17+00:00,584,4,31,True,True,True,1791157035
2026-10-04T23:37:17+00:00,569,18,8,True,True,True,1791157035
2026-10-04T23:37:17+00:00,577,5,24,True,True,True,1791157035
2026-10-04T23:37:17+00:00,564,1,28,True,True,True,1791157035
2026-10-04T23:37:17+00:00,570,2,13,True,True,True,1791157035
2026-10-04T23:37:17+00:00,572,10,29,True,True,True,1791157035
2026-10-04T23:37:17+00:00,586,1,24,True,True,True,1791157035
2026-10-04T23:37:17+00:00,576,11,6,True,True,True,1791157035
2026-10-04T23:37:17+00:00,566,22,2,True,True,True,1791157035
2026-10-04T23:37:17+00:00,602,7,11,True,True,True,1791157035
2026-10-04T23:37:17+00:00,575,0,29,True,True,True,1791157035
2026-10-04T23:37:17+00:00,567,21,17,True,True,True,1791157035
2026-10-04T23:37:17+00:00,582,19,6,True,True,True,1791157035
2026-10-04T23:37:17+00:00,595,22,1,True,True,True,1791157035
2026-10-04T23:37:17+00:00,542,16,2,True,True,True,1791157035
2026-10-04T23:37:17+00:00,563,6,10,True,True,True,1791157035
2026-10-04T23:37:17+00:00,558,5,10,True,True,True,1791157035
2026-10-04T23:37:17+00:00,552,5,13,True,True,True,1791157035
2026-10-04T23:37:17+00:00,555,5,9,True,True,True,1791157035
2026-10-04T23:37:17+00:00,573,6,18,True,True,True,1791157035
2026-10-04T23:37:17+00:00,561,9,13,True,True,True,1791157035
2026-10-04T23:37:17+00:00,615,7,14,True,True,True,1791157035
2026-10-04T23:37:17+00:00,543,13,5,True,True,True,1791157035
2026-10-04T23:37:17+00:00,554,3,16,True,True,True,1791157035
2026-10-04T23:37:17+00:00,574,11,0,True,True,True,1791157035
2026-10-04T23:37:17+00:00,560,3,5,True,True,True,1791157035
2026-10-04T23:37:17+00:00,548,2,15,True,True,True,1791157035
2026-10-04T23:37:17+00:00,559,5,12,True,True,True,1791157035
2026-10-04T23:37:17+00:00,545,8,30,True,True,True,1791157035
2026-10-04T23:37:17+00:00,550,0,9,True,True,True,1791157035
2026-10-04T23:37:17+00:00,541,2,10,True,True,True,1791157035
2026-10-04T23:37:17+00:00,527,9,1,True,True,True,1791157035
2026-10-04T23:37:17+00:00,529,5,16,True,True,True,1791157035
2026-10-04T23:37:17+00:00,526,8,6,True,True,True,1791157035
2026-10-04T23:37:17+00:00,537,14,5,True,True,True,1791157035
2026-10-04T23:37:17+00:00,547,4,23,True,True,True,1791157035
2026-10-04T23:37:17+00:00,601,4,14,True,True,True,1791157035
2026-10-04T23:37:17+00:00,533,9,3,True,True,True,1791157035
2026-10-04T23:37:17+00:00,535,13,12,True,True,True,1791157035
2026-10-04T23:37:17+00:00,524,3,17,True,True,True,1791157035
2026-10-04T23:37:17+00:00,519,11,11,True,True,True,1791157035
2026-10-04T23:37:17+00:00,534,14,25,True,True,True,1791157035
2026-10-04T23:37:17+00:00,521,10,3,True,True,True,1791157035
2026-10-04T23:37:17+00:00,518,2,16,True,True,True,1791157035
2026-10-04T23:37:17+00:00,556,4,14,True,True,True,1791157035
2026-10-04T23:37:17+00:00,525,2,12,True,True,True,1791157035
2026-10-04T23:37:17+00:00,517,0,15,True,True,True,1791157035
2026-10-04T23:37:17+00:00,523,12,18,True,True,True,1791157035
2026-10-04T23:37:17+00:00,522,5,4,True,True,True,1791157035
2026-10-04T23:37:17+00:00,594,0,17,True,True,True,1791157035
2026-10-04T23:37:17+00:00,532,2,19,True,True,True,1791157035
2026-10-04T23:37:17+00:00,509,8,3,True,True,True,1791157035
2026-10-04T23:37:17+00:00,531,6,12,True,True,True,1791157035
2026-10-04T23:37:17+00:00,536,2,7,True,True,True,1791157035
2026-10-04T23:37:17+00:00,562,15,22,True,True,True,1791157035
2026-10-04T23:37:17+00:00,511,3,19,True,True,True,1791157035
2026-10-04T23:37:17+00:00,505,3,18,True,True,True,1791157035
2026-10-04T23:37:17+00:00,501,5,13,True,True,True,1791157035
2026-10-04T23:37:17+00:00,514,5,7,True,True,True,1791157035
2026-10-04T23:37:17+00:00,500,4,13,True,True,True,1791157035
2026-10-04T23:37:17+00:00,503,17,11,True,True,True,1791157035
2026-10-04T23:37:17+00:00,513,1,13,True,True,True,1791157035
2026-10-04T23:37:17+00:00,498,0,12,True,True,True,1791157035
2026-10-04T23:37:17+00:00,507,15,1,True,True,True,1791157035
2026-10-04T23:37:17+00:00,512,14,13,True,True,True,1791157035
2026-10-04T23:37:17+00:00,619,15,27,True,True,True,1791157035
2026-10-04T23:37:17+00:00,474,27,15,True,True,True,1791157035
2026-10-04T23:37:17+00:00,580,9,36,True,True,True,1791157035
2026-10-04T23:37:17+00:00,496,23,20,True,True,True,1791157035
2026-10-04T23:37:17+00:00,482,1,16,True,True,True,1791157035
2026-10-04T23:37:17+00:00,407,1,12,True,True,True,1791157035
2026-10-04T23:37:17+00:00,409,0,25,True,True,True,1791157035
2026-10-04T23:37:17+00:00,451,1,18,True,True,True,1791157035
2026-10-04T23:37:17+00:00,402,5,14,True,True,True,1791157035
2026-10-04T23:37:17+00:00,516,2,12,True,True,True,1791157035
2026-10-04T23:37:17+00:00,625,7,33,True,True,True,1791157035
2026-10-04T23:37:17+00:00,429,4,16,True,True,True,1791157035
2026-10-04T23:37:17+00:00,380,17,5,True,True,True,1791157035
2026-10-04T23:37:17+00:00,583,4,13,True,True,True,1791157035
2026-10-04T23:37:17+00:00,398,4,12,True,True,True,1791157035
2026-10-04T23:37:17+00:00,381,14,1,True,True,True,1791157035
2026-10-04T23:37:17+00:00,464,13,30,True,True,True,1791157035
2026-10-04T23:37:17+00:00,442,12,4,True,True,True,1791157035
2026-10-04T23:37:17+00:00,483,12,8,True,True,True,1791157035
2026-10-04T23:37:17+00:00,458,4,11,True,True,True,1791157035
2026-10-04T23:37:17+00:00,499,3,13,True,True,True,1791157035
2026-10-04T23:37:17+00:00,472,16,4,True,True,True,1791157035
2026-10-04T23:37:17+00:00,506,2,22,True,True,True,1791157035
2026-10-04T23:37:17+00:00,465,2,27,True,True,True,1791157035
2026-10-04T23:37:17+00:00,611,4,33,True,True,True,1791157035
2026-10-04T23:37:17+00:00,404,11,15,True,True,True,1791157035
2026-10-04T23:37:17+00:00,579,4,13,True,True,True,1791157035
2026-10-04T23:37:17+00:00,589,5,22,True,True,True,1791157035
2026-10-04T23:37:17+00:00,434,0,20,True,True,True,1791157035
2026-10-04T23:37:17+00:00,462,3,12,True,True,True,1791157035
2026-10-04T23:37:17+00:00,578,9,13,True,True,True,1791157035
2026-10-04T23:37:17+00:00,415,2,10,True,True,True,1791157035
2026-10-04T23:37:17+00:00,423,8,12,True,True,True,1791157035
2026-10-04T23:37:17+00:00,412,6,1,True,True,True,1791157035
2026-10-04T23:37:17+00:00,387,12,2,True,True,True,1791157035
2026-10-04T23:37:17+00:00,441,2,13,True,True,True,1791157035
2026-10-04T23:37:17+00:00,454,1,21,True,True,True,1791157035
2026-10-04T23:37:17+00:00,436,1,11,True,True,True,1791157035
2026-10-04T23:37:17+00:00,394,2,16,True,True,True,1791157035
2026-10-04T23:37:17+00:00,497,13,14,True,True,True,1791157035
2026-10-04T23:37:17+00:00,581,13,10,True,True,True,1791157035
2026-10-04T23:37:17+00:00,461,2,16,True,True,True,1791157035
2026-10-04T23:37:17+00:00,599,9,36,True,True,True,1791157035
2026-10-04T23:37:17+00:00,428,5,18,True,True,True,1791157035
2026-10-04T23:37:17+00:00,400,2,22,True,True,True,1791157035
2026-10-04T23:37:17+00:00,487,4,17,True,True,True,1791157035
2026-10-04T23:37:17+00:00,438,18,21,True,True,True,1791157035
2026-10-04T23:37:17+00:00,459,1,11,True,True,True,1791157035
2026-10-04T23:37:17+00:00,433,6,11,True,True,True,1791157035
2026-10-04T23:37:17+00:00,399,1,29,True,True,True,1791157035
2026-10-04T23:37:17+00:00,489,4,23,True,True,True,1791157035
2026-10-04T23:37:17+00:00,742,13,14,True,True,True,1791157035
2026-10-04T23:37:17+00:00,551,19,11,True,True,True,1791157035
2026-10-04T23:37:17+00:00,406,1,9,True,True,True,1791157035
2026-10-04T23:37:17+00:00,488,12,10,True,True,True,1791157035
2026-10-04T23:37:17+00:00,540,5,28,True,True,True,1791157035
2026-10-04T23:37:17+00:00,431,4,16,True,True,True,1791157035
2026-10-04T23:37:17+00:00,393,19,1,True,True,True,1791157035
2026-10-04T23:37:17+00:00,420,4,13,True,True,True,1791157035
2026-10-04T23:37:17+00:00,397,0,30,True,True,True,1791157035
2026-10-04T23:37:17+00:00,390,7,22,True,True,True,1791157035
2026-10-04T23:37:17+00:00,449,18,6,True,True,True,1791157035
2026-10-04T23:37:17+00:00,430,5,37,True,True,True,1791157035
2026-10-04T23:37:17+00:00,484,12,22,True,True,True,1791157035
2026-10-04T23:37:17+00:00,479,5,25,True,True,True,1791157035
2026-10-04T23:37:17+00:00,403,4,9,True,True,True,1791157035
2026-10-04T23:37:17+00:00,435,6,24,True,True,True,1791157035
2026-10-04T23:37:17+00:00,426,7,13,True,True,True,1791157035
2026-10-04T23:37:17+00:00,450,8,6,True,True,True,1791157035
2026-10-04T23:37:17+00:00,456,15,18,True,True,True,1791157035
2026-10-04T23:37:17+00:00,468,13,2,True,True,True,1791157035
2026-10-04T23:37:17+00:00,453,14,19,True,True,True,1791157035
2026-10-04T23:37:17+00:00,466,1,14,True,True,True,1791157035
2026-10-04T23:37:17+00:00,469,5,25,True,True,True,1791157035
2026-10-04T23:37:17+00:00,416,1,14,True,True,True,1791157035
2026-10-04T23:37:17+00:00,391,9,4,True,True,True,1791157035
2026-10-04T23:37:17+00:00,389,2,12,True,True,True,1791157035
2026-10-04T23:37:17+00:00,470,10,4,True,True,True,1791157035
2026-10-04T23:37:17+00:00,384,7,7,True,True,True,1791157035
2026-10-04T23:37:17+00:00,425,2,5,True,True,True,1791157035
2026-10-04T23:37:17+00:00,411,3,8,True,True,True,1791157035
2026-10-04T23:37:17+00:00,598,11,22,True,True,True,1791157035
2026-10-04T23:37:17+00:00,444,11,7,True,True,True,1791157035
2026-10-04T23:37:17+00:00,447,10,20,True,True,True,1791157035
2026-10-04T23:37:17+00:00,408,6,7,True,True,True,1791157035
2026-10-04T23:37:17+00:00,737,23,1,True,True,True,1791157035
2026-10-04T23:37:17+00:00,432,5,6,True,True,True,1791157035
2026-10-04T23:37:17+00:00,401,5,0,True,True,True,1791157035
2026-10-04T23:37:17+00:00,452,4,24,True,True,True,1791157035
2026-10-04T23:37:17+00:00,392,1,6,True,True,True,1791157035
2026-10-04T23:37:17+00:00,481,11,30,True,True,True,1791157035
2026-10-04T23:37:17+00:00,495,4,36,True,True,True,1791157035
2026-10-04T23:37:17+00:00,478,6,7,True,True,True,1791157035
2026-10-04T23:37:17+00:00,414,5,6,True,True,True,1791157035
2026-10-04T23:37:17+00:00,476,13,6,True,True,True,1791157035
2026-10-04T23:37:17+00:00,445,9,9,True,True,True,1791157035
2026-10-04T23:37:17+00:00,748,9,18,True,True,True,1791157035
2026-10-04T23:37:17+00:00,473,1,6,True,True,True,1791157035
2026-10-04T23:37:17+00:00,383,1,23,True,True,True,1791157035
2026-10-04T23:37:17+00:00,480,12,11,True,True,True,1791157035
2026-10-04T23:37:17+00:00,421,17,2,True,True,True,1791157035
2026-10-04T23:37:17+00:00,746,8,3,True,True,True,1791157035
2026-10-04T23:37:17+00:00,417,3,11,True,True,True,1791157035
2026-10-04T23:37:17+00:00,427,9,5,True,True,True,1791157035
2026-10-04T23:37:17+00:00,395,2,12,True,True,True,1791157035
2026-10-04T23:37:17+00:00,418,11,16,True,True,True,1791157035
2026-10-04T23:37:17+00:00,413,0,10,True,True,True,1791157035
2026-10-04T23:37:17+00:00,486,7,14,True,True,True,1791157035
2026-10-04T23:37:17+00:00,597,15,0,True,True,True,1791157035
2026-10-04T23:37:17+00:00,422,4,5,True,True,True,1791157035
2026-10-04T23:37:17+00:00,382,5,3,True,True,True,1791157035
2026-10-04T23:37:17+00:00,396,10,11,True,True,True,1791157035
2026-10-04T23:37:17+00:00,735,10,1,True,True,True,1791157035
2026-10-04T23:37:17+00:00,437,4,20,True,True,True,1791157035
2026-10-04T23:37:17+00:00,446,13,8,True,True,True,1791157035
2026-10-04T23:37:17+00:00,424,2,4,True,True,True,1791157035
2026-10-04T23:37:17+00:00,455,12,0,True,True,True,1791157035
2026-10-04T23:37:17+00:00,457,1,9,True,True,True,1791157035
2026-10-04T23:37:17+00:00,377,6,23,True,True,True,1791157035
2026-10-04T23:37:17+00:00,738,7,5,True,True,True,1791157035
2026-10-04T23:37:17+00:00,460,12,17,True,True,True,1791157035
2026-10-04T23:37:17+00:00,744,5,4,True,True,True,1791157035
2026-10-04T23:37:17+00:00,485,7,12,True,True,True,1791157035
2026-10-04T23:52:17+00:00,6026,4,27,True,True,True,1791157937
2026-10-04T23:52:17+00:00,5431,16,5,True,True,True,1791157937
2026-10-04T23:52:17+00:00,5424,1,17,True,True,True,1791157937
2026-10-04T23:52:17+00:00,5220,0,19,True,True,True,1791157937
2026-10-04T23:52:17+00:00,5217,7,22,True,True,True,1791157937
2026-10-04T23:52:17+00:00,5113,13,1,True,True,True,1791157937
2026-10-04T23:52:17+00:00,4683,0,20,True,True,True,1791157937
2026-10-04T23:52:17+00:00,4552,4,14,True,True,True,1791157937
2026-10-04T23:52:17+00:00,3725,2,16,True,True,True,1791157937
2026-10-04T23:52:17+00:00,2358,2,9,True,True,True,1791157937
2026-10-04T23:52:17+00:00,2357,2,19,True,True,True,1791157937
2026-10-04T23:52:17+00:00,2355,0,12,True,True,True,1791157937
2026-10-04T23:52:17+00:00,2351,3,14,True,True,True,1791157937
2026-10-04T23:52:17+00:00,2350,17,6,True,True,True,1791157937
2026-10-04T23:52:17+00:00,2349,5,16,True,True,True,1791157937
2026-10-04T23:52:17+00:00,2347,7,23,True,True,True,1791157937
2026-10-04T23:52:17+00:00,2340,10,14,True,True,True,1791157937
2026-10-04T23:52:17+00:00,2339,18,10,True,True,True,1791157937
2026-10-04T23:52:17+00:00,2337,12,2,True,True,True,1791157937
2026-10-04T23:52:17+00:00,2334,0,11,True,True,True,1791157937
2026-10-04T23:52:17+00:00,2333,11,4,True,True,True,1791157937
2026-10-04T23:52:17+00:00,2332,1,8,True,True,True,1791157937
2026-10-04T23:52:17+00:00,2330,12,1,True,True,True,1791157937
2026-10-04T23:52:17+00:00,2329,13,1,True,True,True,1791157937
2026-10-04T23:52:17+00:00,2328,5,14,True,True,True,1791157937
2026-10-04T23:52:17+00:00,2315,8,10,True,True,True,1791157937
2026-10-04T23:52:17+00:00,2308,1,7,True,True,True,1791157937
2026-10-04T23:52:17+00:00,2307,8,21,True,True,True,1791157937
2026-10-04T23:52:17+00:00,2306,11,7,True,True,True,1791157937
2026-10-04T23:52:17+00:00,2305,11,3,True,True,True,1791157937
2026-10-04T23:52:17+00:00,2304,2,14,True,True,True,1791157937
2026-10-04T23:52:17+00:00,2280,9,3,True,True,True,1791157937
2026-10-04T23:52:17+00:00,2270,7,10,True,True,True,1791157937
2026-10-04T23:52:17+00:00,1919,2,4,True,True,True,1791157937
2026-10-04T23:52:17+00:00,1755,1,30,True,True,True,1791157937
2026-10-04T23:52:17+00:00,1101,3,20,True,True,True,1791157937
2026-10-04T23:52:17+00:00,1023,9,4,True,True,True,1791157937
2026-10-04T23:52:17+00:00,1009,3,7,True,True,True,1791157937
2026-10-04T23:52:17+00:00,970,6,18,True,True,True,1791157937
2026-10-04T23:52:17+00:00,787,9,3,True,True,True,1791157937
2026-10-04T23:52:17+00:00,627,3,27,True,True,True,1791157937
2026-10-04T23:52:17+00:00,623,10,9,True,True,True,1791157937
2026-10-04T23:52:17+00:00,624,14,4,True,True,True,1791157937
2026-10-04T23:52:17+00:00,626,5,17,True,True,True,1791157937
2026-10-04T23:52:17+00:00,614,5,18,True,True,True,1791157937
2026-10-04T23:52:17+00:00,616,12,3,True,True,True,1791157937
2026-10-04T23:52:17+00:00,618,8,34,True,True,True,1791157937
2026-10-04T23:52:17+00:00,621,8,17,True,True,True,1791157937
2026-10-04T23:52:17+00:00,622,19,9,True,True,True,1791157937
2026-10-04T23:52:17+00:00,613,1,15,True,True,True,1791157937
2026-10-04T23:52:17+00:00,620,16,23,True,True,True,1791157937
2026-10-04T23:52:17+00:00,596,4,14,True,True,True,1791157937
2026-10-04T23:52:17+00:00,617,5,12,True,True,True,1791157937
2026-10-04T23:52:17+00:00,609,15,12,True,True,True,1791157937
2026-10-04T23:52:17+00:00,607,16,12,True,True,True,1791157937
2026-10-04T23:52:17+00:00,603,13,5,True,True,True,1791157937
2026-10-04T23:52:17+00:00,590,2,35,True,True,True,1791157937
2026-10-04T23:52:17+00:00,610,4,15,True,True,True,1791157937
2026-10-04T23:52:17+00:00,608,4,14,True,True,True,1791157937
2026-10-04T23:52:17+00:00,593,11,18,True,True,True,1791157937
2026-10-04T23:52:17+00:00,530,2,7,True,True,True,1791157937
2026-10-04T23:52:17+00:00,463,16,1,True,True,True,1791157937
2026-10-04T23:52:17+00:00,475,16,7,True,True,True,1791157937
2026-10-04T23:52:17+00:00,439,9,14,True,True,True,1791157937
2026-10-04T23:52:17+00:00,600,6,4,True,True,True,1791157937
2026-10-04T23:52:17+00:00,440,15,0,True,True,True,1791157937
2026-10-04T23:52:17+00:00,612,14,2,True,True,True,1791157937
2026-10-04T23:52:17+00:00,491,18,0,True,True,True,1791157937
2026-10-04T23:52:17+00:00,493,26,0,True,True,True,1791157937
2026-10-04T23:52:17+00:00,410,7,18,True,True,True,1791157937
2026-10-04T23:52:17+00:00,605,5,13,True,True,True,1791157937
2026-10-04T23:52:17+00:00,388,3,14,True,True,True,1791157937
2026-10-04T23:52:17+00:00,591,14,9,True,True,True,1791157937
2026-10-04T23:52:17+00:00,592,0,17,True,True,True,1791157937
2026-10-04T23:52:17+00:00,585,0,0,True,True,True,1791157937
2026-10-04T23:52:17+00:00,565,1,17,True,True,True,1791157937
2026-10-04T23:52:17+00:00,571,8,11,True,True,True,1791157937
2026-10-04T23:52:17+00:00,568,2,13,True,True,True,1791157937
2026-10-04T23:52:17+00:00,588,7,12,True,True,True,1791157937
2026-10-04T23:52:17+00:00,584,4,31,True,True,True,1791157937
2026-10-04T23:52:17+00:00,569,18,8,True,True,True,1791157937
2026-10-04T23:52:17+00:00,577,5,24,True,True,True,1791157937
2026-10-04T23:52:17+00:00,564,1,28,True,True,True,1791157937
2026-10-04T23:52:17+00:00,570,2,13,True,True,True,1791157937
2026-10-04T23:52:17+00:00,572,10,29,True,True,True,1791157937
2026-10-04T23:52:17+00:00,586,1,24,True,True,True,1791157937
2026-10-04T23:52:17+00:00,576,11,6,True,True,True,1791157937
2026-10-04T23:52:17+00:00,566,22,2,True,True,True,1791157937
2026-10-04T23:52:17+00:00,602,7,11,True,True,True,1791157937
2026-10-04T23:52:17+00:00,575,0,29,True,True,True,1791157937
2026-10-04T23:52:17+00:00,567,21,17,True,True,True,1791157937
2026-10-04T23:52:17+00:00,582,19,6,True,True,True,1791157937
2026-10-04T23:52:17+00:00,595,22,1,True,True,True,1791157937
2026-10-04T23:52:17+00:00,542,16,2,True,True,True,1791157937
2026-10-04T23:52:17+00:00,563,6,10,True,True,True,1791157937
2026-10-04T23:52:17+00:00,558,5,10,True,True,True,1791157937
2026-10-04T23:52:17+00:00,552,5,13,True,True,True,1791157937
2026-10-04T23:52:17+00:00,555,5,9,True,True,True,1791157937
2026-10-04T23:52:17+00:00,573,6,18,True,True,True,1791157937
2026-10-04T23:52:17+00:00,561,9,13,True,True,True,1791157937
2026-10-04T23:52:17+00:00,615,7,14,True,True,True,1791157937
2026-10-04T23:52:17+00:00,543,13,5,True,True,True,1791157937
2026-10-04T23:52:17+00:00,554,3,16,True,True,True,1791157937
2026-10-04T23:52:17+00:00,574,11,0,True,True,True,1791157937
2026-10-04T23:52:17+00:00,560,3,5,True,True,True,1791157937
2026-10-04T23:52:17+00:00,548,2,15,True,True,True,1791157937
2026-10-04T23:52:17+00:00,559,5,12,True,True,True,1791157937
2026-10-04T23:52:17+00:00,545,8,30,True,True,True,1791157937
2026-10-04T23:52:17+00:00,550,0,9,True,True,True,1791157937
2026-10-04T23:52:17+00:00,541,2,10,True,True,True,1791157937
2026-10-04T23:52:17+00:00,527,9,1,True,True,True,1791157937
2026-10-04T23:52:17+00:00,529,5,16,True,True,True,1791157937
2026-10-04T23:52:17+00:00,526,8,6,True,True,True,1791157937
2026-10-04T23:52:17+00:00,537,14,5,True,True,True,1791157937
2026-10-04T23:52:17+00:00,547,4,23,True,True,True,1791157937
2026-10-04T23:52:17+00:00,601,4,14,True,True,True,1791157937
2026-10-04T23:52:17+00:00,533,9,3,True,True,True,1791157937
2026-10-04T23:52:17+00:00,535,13,12,True,True,True,1791157937
2026-10-04T23:52:17+00:00,524,3,17,True,True,True,1791157937
2026-10-04T23:52:17+00:00,519,11,11,True,True,True,1791157937
2026-10-04T23:52:17+00:00,534,14,25,True,True,True,1791157937
2026-10-04T23:52:17+00:00,521,10,3,True,True,True,1791157937
2026-10-04T23:52:17+00:00,518,2,16,True,True,True,1791157937
2026-10-04T23:52:17+00:00,556,4,14,True,True,True,1791157937
2026-10-04T23:52:17+00:00,525,2,12,True,True,True,1791157937
2026-10-04T23:52:17+00:00,517,0,15,True,True,True,1791157937
2026-10-04T23:52:17+00:00,523,12,18,True,True,True,1791157937
2026-10-04T23:52:17+00:00,522,5,4,True,True,True,1791157937
2026-10-04T23:52:17+00:00,594,0,17,True,True,True,1791157937
2026-10-04T23:52:17+00:00,532,2,19,True,True,True,1791157937
2026-10-04T23:52:17+00:00,509,8,3,True,True,True,1791157937
2026-10-04T23:52:17+00:00,531,6,12,True,True,True,1791157937
2026-10-04T23:52:17+00:00,536,2,7,True,True,True,1791157937
2026-10-04T23:52:17+00:00,562,15,22,True,True,True,1791157937
2026-10-04T23:52:17+00:00,511,3,19,True,True,True,1791157937
2026-10-04T23:52:17+00:00,505,3,18,True,True,True,1791157937
2026-10-04T23:52:17+00:00,501,5,13,True,True,True,1791157937
2026-10-04T23:52:17+00:00,514,5,7,True,True,True,1791157937
2026-10-04T23:52:17+00:00,500,4,13,True,True,True,1791157937
2026-10-04T23:52:17+00:00,503,17,11,True,True,True,1791157937
2026-10-04T23:52:17+00:00,513,1,13,True,True,True,1791157937
2026-10-04T23:52:17+00:00,498,0,12,True,True,True,1791157937
2026-10-04T23:52:17+00:00,507,15,1,True,True,True,1791157937
2026-10-04T23:52:17+00:00,512,14,13,True,True,True,1791157937
2026-10-04T23:52:17+00:00,619,15,27,True,True,True,1791157937
2026-10-04T23:52:17+00:00,474,27,15,True,True,True,1791157937
2026-10-04T23:52:17+00:00,580,9,36,True,True,True,1791157937
2026-10-04T23:52:17+00:00,496,23,20,True,True,True,1791157937
2026-10-04T23:52:17+00:00,482,1,16,True,True,True,1791157937
2026-10-04T23:52:17+00:00,407,1,12,True,True,True,1791157937
2026-10-04T23:52:17+00:00,409,0,25,True,True,True,1791157937
2026-10-04T23:52:17+00:00,451,1,18,True,True,True,1791157937
2026-10-04T23:52:17+00:00,402,5,14,True,True,True,1791157937
2026-10-04T23:52:17+00:00,516,2,12,True,True,True,1791157937
2026-10-04T23:52:17+00:00,625,7,33,True,True,True,1791157937
2026-10-04T23:52:17+00:00,429,4,16,True,True,True,1791157937
2026-10-04T23:52:17+00:00,380,17,5,True,True,True,1791157937
2026-10-04T23:52:17+00:00,583,4,13,True,True,True,1791157937
2026-10-04T23:52:17+00:00,398,4,12,True,True,True,1791157937
2026-10-04T23:52:17+00:00,381,14,1,True,True,True,1791157937
2026-10-04T23:52:17+00:00,464,13,30,True,True,True,1791157937
2026-10-04T23:52:17+00:00,442,12,4,True,True,True,1791157937
2026-10-04T23:52:17+00:00,483,12,8,True,True,True,1791157937
2026-10-04T23:52:17+00:00,458,4,11,True,True,True,1791157937
2026-10-04T23:52:17+00:00,499,3,13,True,True,True,1791157937
2026-10-04T23:52:17+00:00,472,16,4,True,True,True,1791157937
2026-10-04T23:52:17+00:00,506,2,22,True,True,True,1791157937
2026-10-04T23:52:17+00:00,465,2,27,True,True,True,1791157937
2026-10-04T23:52:17+00:00,611,4,33,True,True,True,1791157937
2026-10-04T23:52:17+00:00,404,11,15,True,True,True,1791157937
2026-10-04T23:52:17+00:00,579,4,13,True,True,True,1791157937
2026-10-04T23:52:17+00:00,589,5,22,True,True,True,1791157937
2026-10-04T23:52:17+00:00,434,0,20,True,True,True,1791157937
2026-10-04T23:52:17+00:00,462,3,12,True,True,True,1791157937
2026-10-04T23:52:17+00:00,578,9,13,True,True,True,1791157937
2026-10-04T23:52:17+00:00,415,2,10,True,True,True,1791157937
2026-10-04T23:52:17+00:00,423,8,12,True,True,True,1791157937
2026-10-04T23:52:17+00:00,412,6,1,True,True,True,1791157937
2026-10-04T23:52:17+00:00,387,12,2,True,True,True,1791157937
2026-10-04T23:52:17+00:00,441,2,13,True,True,True,1791157937
2026-10-04T23:52:17+00:00,454,1,21,True,True,True,1791157937
2026-10-04T23:52:17+00:00,436,1,11,True,True,True,1791157937
2026-10-04T23:52:17+00:00,394,2,16,True,True,True,1791157937
2026-10-04T23:52:17+00:00,497,13,14,True,True,True,1791157937
2026-10-04T23:52:17+00:00,581,13,10,True,True,True,1791157937
2026-10-04T23:52:17+00:00,461,2,16,True,True,True,1791157937
2026-10-04T23:52:17+00:00,599,9,36,True,True,True,1791157937
2026-10-04T23:52:17+00:00,428,5,18,True,True,True,1791157937
2026-10-04T23:52:17+00:00,400,2,22,True,True,True,1791157937
2026-10-04T23:52:17+00:00,487,4,17,True,True,True,1791157937
2026-10-04T23:52:17+00:00,438,18,21,True,True,True,1791157937
2026-10-04T23:52:17+00:00,459,1,11,True,True,True,1791157937
2026-10-04T23:52:17+00:00,433,6,11,True,True,True,1791157937
2026-10-04T23:52:17+00:00,399,1,29,True,True,True,1791157937
2026-10-04T23:52:17+00:00,489,4,23,True,True,True,1791157937
2026-10-04T23:52:17+00:00,742,13,14,True,True,True,1791157937
2026-10-04T23:52:17+00:00,551,19,11,True,True,True,1791157937
2026-10-04T23:52:17+00:00,406,1,9,True,True,True,1791157937
2026-10-04T23:52:17+00:00,488,12,10,True,True,True,1791157937
2026-10-04T23:52:17+00:00,540,5,28,True,True,True,1791157937
2026-10-04T23:52:17+00:00,431,4,16,True,True,True,1791157937
2026-10-04T23:52:17+00:00,393,19,1,True,True,True,1791157937
2026-10-04T23:52:17+00:00,420,4,13,True,True,True,1791157937
2026-10-04T23:52:17+00:00,397,0,30,True,True,True,1791157937
2026-10-04T23:52:17+00:00,390,7,22,True,True,True,1791157937
2026-10-04T23:52:17+00:00,449,18,6,True,True,True,1791157937
2026-10-04T23:52:17+00:00,430,5,37,True,True,True,1791157937
2026-10-04T23:52:17+00:00,484,12,22,True,True,True,1791157937
2026-10-04T23:52:17+00:00,479,5,25,True,True,True,1791157937
2026-10-04T23:52:17+00:00,403,4,9,True,True,True,1791157937
2026-10-04T23:52:17+00:00,435,6,24,True,True,True,1791157937
2026-10-04T23:52:17+00:00,426,7,13,True,True,True,1791157937
2026-10-04T23:52:17+00:00,450,8,6,True,True,True,1791157937
2026-10-04T23:52:17+00:00,456,15,18,True,True,True,1791157937
2026-10-04T23:52:17+00:00,468,13,2,True,True,True,1791157937
2026-10-04T23:52:17+00:00,453,14,19,True,True,True,1791157937
2026-10-04T23:52:17+00:00,466,1,14,True,True,True,1791157937
2026-10-04T23:52:17+00:00,469,5,25,True,True,True,1791157937
2026-10-04T23:52:17+00:00,416,1,14,True,True,True,1791157937
2026-10-04T23:52:17+00:00,391,9,4,True,True,True,1791157937
2026-10-04T23:52:17+00:00,389,2,12,True,True,True,1791157937
2026-10-04T23:52:17+00:00,470,10,4,True,True,True,1791157937
2026-10-04T23:52:17+00:00,384,7,7,True,True,True,1791157937
2026-10-04T23:52:17+00:00,425,2,5,True,True,True,1791157937
2026-10-04T23:52:17+00:00,411,3,8,True,True,True,1791157937
2026-10-04T23:52:17+00:00,598,11,22,True,True,True,1791157937
2026-10-04T23:52:17+00:00,444,11,7,True,True,True,1791157937
2026-10-04T23:52:17+00:00,447,10,20,True,True,True,1791157937
2026-10-04T23:52:17+00:00,408,6,7,True,True,True,1791157937
2026-10-04T23:52:17+00:00,737,23,1,True,True,True,1791157937
2026-10-04T23:52:17+00:00,432,5,6,True,True,True,1791157937
2026-10-04T23:52:17+00:00,401,5,0,True,True,True,1791157937
2026-10-04T23:52:17+00:00,452,4,24,True,True,True,1791157937
2026-10-04T23:52:17+00:00,392,1,6,True,True,True,1791157937
2026-10-04T23:52:17+00:00,481,11,30,True,True,True,1791157937
2026-10-04T23:52:17+00:00,495,4,36,True,True,True,1791157937
2026-10-04T23:52:17+00:00,478,6,7,True,True,True,1791157937
2026-10-04T23:52:17+00:00,414,5,6,True,True,True,1791157937
2026-10-04T23:52:17+00:00,476,13,6,True,True,True,1791157937
2026-10-04T23:52:17+00:00,445,9,9,True,True,True,1791157937
2026-10-04T23:52:17+00:00,748,9,18,True,True,True,1791157937
2026-10-04T23:52:17+00:00,473,1,6,True,True,True,1791157937
2026-10-04T23:52:17+00:00,383,1,23,True,True,True,1791157937
2026-10-04T23:52:17+00:00,480,12,11,True,True,True,1791157937
2026-10-04T23:52:17+00:00,421,17,2,True,True,True,1791157937
2026-10-04T23:52:17+00:00,746,8,3,True,True,True,1791157937
2026-10-04T23:52:17+00:00,417,3,11,True,True,True,1791157937
2026-10-04T23:52:17+00:00,427,9,5,True,True,True,1791157937
2026-10-04T23:52:17+00:00,395,2,12,True,True,True,1791157937
2026-10-04T23:52:17+00:00,418,11,16,True,True,True,1791157937
2026-10-04T23:52:17+00:00,413,0,10,True,True,True,1791157937
2026-10-04T23:52:17+00:00,486,7,14,True,True,True,1791157937
2026-10-04T23:52:17+00:00,597,15,0,True,True,True,1791157937
2026-10-04T23:52:17+00:00,422,4,5,True,True,True,1791157937
2026-10-04T23:52:17+00:00,382,5,3,True,True,True,1791157937
2026-10-04T23:52:17+00:00,396,10,11,True,True,True,1791157937
2026-10-04T23:52:17+00:00,735,10,1,True,True,True,1791157937
2026-10-04T23:52:17+00:00,437,4,20,True,True,True,1791157937
2026-10-04T23:52:17+00:00,446,13,8,True,True,True,1791157937
2026-10-04T23:52:17+00:00,424,2,4,True,True,True,1791157937
2026-10-04T23:52:17+00:00,455,12,0,True,True,True,1791157937
2026-10-04T23:52:17+00:00,457,1,9,True,True,True,1791157937
2026-10-04T23:52:17+00:00,377,6,23,True,True,True,1791157937
2026-10-04T23:52:17+00:00,738,7,5,True,True,True,1791157937
2026-10-04T23:52:17+00:00,460,12,17,True,True,True,1791157937
2026-10-04T23:52:17+00:00,744,5,4,True,True,True,1791157937
2026-10-04T23:52:17+00:00,485,7,12,True,True,True,1791157937
