polled_at_utc,station_id,num_bikes_available,num_docks_available,is_renting,is_returning,is_installed,last_reported
2026-09-09T04:59:49+00:00,5431,2,16,True,True,True,1788929984
2026-09-09T04:59:49+00:00,5424,4,13,True,True,True,1788929984
2026-09-09T04:59:49+00:00,5220,1,18,True,True,True,1788929984
2026-09-09T04:59:49+00:00,5113,7,5,True,True,True,1788929984
2026-09-09T04:59:49+00:00,4683,5,14,True,True,True,1788929984
2026-09-09T04:59:49+00:00,4552,16,2,True,True,True,1788929984
2026-09-09T04:59:49+00:00,3725,1,17,True,True,True,1788929984
2026-09-09T04:59:49+00:00,2355,0,12,True,True,True,1788929984
2026-09-09T04:59:49+00:00,2351,0,16,True,True,True,1788929984
2026-09-09T04:59:49+00:00,2350,0,23,True,True,True,1788929984
2026-09-09T04:59:49+00:00,2349,2,18,True,True,True,1788929984
2026-09-09T04:59:49+00:00,2347,12,16,True,True,True,1788929984
2026-09-09T04:59:49+00:00,2340,1,22,True,True,True,1788929984
2026-09-09T04:59:49+00:00,2339,7,20,True,True,True,1788929984
2026-09-09T04:59:49+00:00,2334,12,0,True,True,True,1788929984
2026-09-09T04:59:49+00:00,2333,6,7,True,True,True,1788929984
2026-09-09T04:59:49+00:00,2332,8,4,True,True,True,1788929984
2026-09-09T04:59:49+00:00,2330,2,11,True,True,True,1788929984
2026-09-09T04:59:49+00:00,2328,9,10,True,True,True,1788929984
2026-09-09T04:59:49+00:00,2315,13,3,True,True,True,1788929984
2026-09-09T04:59:49+00:00,2308,0,6,True,True,True,1788929984
2026-09-09T04:59:49+00:00,2307,2,27,True,True,True,1788929984
2026-09-09T04:59:49+00:00,2306,2,16,True,True,True,1788929984
2026-09-09T04:59:49+00:00,2305,6,9,True,True,True,1788929984
2026-09-09T04:59:49+00:00,2304,8,9,True,True,True,1788929984
2026-09-09T04:59:49+00:00,2270,1,18,True,True,True,1788929984
2026-09-09T04:59:49+00:00,1919,4,0,True,True,True,1788929984
2026-09-09T04:59:49+00:00,1009,1,8,True,True,True,1788929984
2026-09-09T04:59:49+00:00,970,10,14,True,True,True,1788929984
2026-09-09T04:59:49+00:00,627,3,26,True,True,True,1788929984
2026-09-09T04:59:49+00:00,624,8,9,True,True,True,1788929984
2026-09-09T04:59:49+00:00,626,4,18,True,True,True,1788929984
2026-09-09T04:59:49+00:00,614,3,21,True,True,True,1788929984
2026-09-09T04:59:49+00:00,616,1,14,True,True,True,1788929984
2026-09-09T04:59:49+00:00,618,0,40,True,True,True,1788929984
2026-09-09T04:59:49+00:00,621,10,16,True,True,True,1788929984
2026-09-09T04:59:49+00:00,622,2,23,True,True,True,1788929984
2026-09-09T04:59:49+00:00,613,1,17,True,True,True,1788929984
2026-09-09T04:59:49+00:00,620,4,31,True,True,True,1788929984
2026-09-09T04:59:49+00:00,596,9,7,True,True,True,1788929984
2026-09-09T04:59:49+00:00,617,11,6,True,True,True,1788929984
2026-09-09T04:59:49+00:00,609,0,27,True,True,True,1788929984
2026-09-09T04:59:49+00:00,607,13,10,True,True,True,1788929984
2026-09-09T04:59:49+00:00,603,3,14,True,True,True,1788929984
2026-09-09T04:59:49+00:00,590,0,35,True,True,True,1788929984
2026-09-09T04:59:49+00:00,610,9,9,True,True,True,1788929984
2026-09-09T04:59:49+00:00,608,8,12,True,True,True,1788929984
2026-09-09T04:59:49+00:00,593,1,28,True,True,True,1788929984
2026-09-09T04:59:49+00:00,530,2,7,True,True,True,1788929984
2026-09-09T04:59:49+00:00,463,13,5,True,True,True,1788929984
2026-09-09T04:59:49+00:00,475,12,12,True,True,True,1788929984
2026-09-09T04:59:49+00:00,439,10,10,True,True,True,1788929984
2026-09-09T04:59:49+00:00,600,11,0,True,True,True,1788929984
2026-09-09T04:59:49+00:00,440,5,10,True,True,True,1788929984
2026-09-09T04:59:49+00:00,612,13,4,True,True,True,1788929984
2026-09-09T04:59:49+00:00,491,12,4,True,True,True,1788929984
2026-09-09T04:59:49+00:00,493,22,6,True,True,True,1788929984
2026-09-09T04:59:49+00:00,410,2,24,True,True,True,1788929984
2026-09-09T04:59:49+00:00,605,17,1,True,True,True,1788929984
2026-09-09T04:59:49+00:00,388,0,18,True,True,True,1788929984
2026-09-09T04:59:49+00:00,591,15,8,True,True,True,1788929984
2026-09-09T04:59:49+00:00,592,0,18,True,True,True,1788929984
2026-09-09T04:59:49+00:00,585,11,6,True,True,True,1788929984
2026-09-09T04:59:49+00:00,565,2,14,True,True,True,1788929984
2026-09-09T04:59:49+00:00,568,2,12,True,True,True,1788929984
2026-09-09T04:59:49+00:00,588,0,16,True,True,True,1788929984
2026-09-09T04:59:49+00:00,584,11,22,True,True,True,1788929984
2026-09-09T04:59:49+00:00,569,8,20,True,True,True,1788929984
2026-09-09T04:59:49+00:00,564,1,28,True,True,True,1788929984
2026-09-09T04:59:49+00:00,570,2,13,True,True,True,1788929984
2026-09-09T04:59:49+00:00,572,3,35,True,True,True,1788929984
2026-09-09T04:59:49+00:00,587,0,15,False,False,False,1788929984
2026-09-09T04:59:49+00:00,586,23,1,True,True,True,1788929984
2026-09-09T04:59:49+00:00,566,12,11,True,True,True,1788929984
2026-09-09T04:59:49+00:00,602,6,12,True,True,True,1788929984
2026-09-09T04:59:49+00:00,575,17,11,True,True,True,1788929984
2026-09-09T04:59:49+00:00,567,2,37,True,True,True,1788929984
2026-09-09T04:59:49+00:00,582,1,24,True,True,True,1788929984
2026-09-09T04:59:49+00:00,595,15,7,True,True,True,1788929984
2026-09-09T04:59:49+00:00,542,13,5,True,True,True,1788929984
2026-09-09T04:59:49+00:00,563,0,13,True,True,True,1788929984
2026-09-09T04:59:49+00:00,552,9,8,True,True,True,1788929984
2026-09-09T04:59:49+00:00,555,4,9,True,True,True,1788929984
2026-09-09T04:59:49+00:00,561,4,17,True,True,True,1788929984
2026-09-09T04:59:49+00:00,543,1,19,True,True,True,1788929984
2026-09-09T04:59:49+00:00,554,18,2,True,True,True,1788929984
2026-09-09T04:59:49+00:00,574,4,8,True,True,True,1788929984
2026-09-09T04:59:49+00:00,560,1,7,True,True,True,1788929984
2026-09-09T04:59:49+00:00,548,0,16,True,True,True,1788929984
2026-09-09T04:59:49+00:00,559,3,13,True,True,True,1788929984
2026-09-09T04:59:49+00:00,550,3,6,True,True,True,1788929984
2026-09-09T04:59:49+00:00,541,3,7,True,True,True,1788929984
2026-09-09T04:59:49+00:00,527,8,3,True,True,True,1788929984
2026-09-09T04:59:49+00:00,529,0,18,True,True,True,1788929984
2026-09-09T04:59:49+00:00,537,7,8,True,True,True,1788929984
2026-09-09T04:59:49+00:00,601,0,19,True,True,True,1788929984
2026-09-09T04:59:49+00:00,535,0,21,True,True,True,1788929984
2026-09-09T04:59:49+00:00,524,1,18,True,True,True,1788929984
2026-09-09T04:59:49+00:00,519,11,6,True,True,True,1788929984
2026-09-09T04:59:49+00:00,534,8,29,True,True,True,1788929984
2026-09-09T04:59:49+00:00,521,10,4,True,True,True,1788929984
2026-09-09T04:59:49+00:00,518,0,17,True,True,True,1788929984
2026-09-09T04:59:49+00:00,556,4,14,True,True,True,1788929984
2026-09-09T04:59:49+00:00,525,0,14,True,True,True,1788929984
2026-09-09T04:59:49+00:00,517,4,13,True,True,True,1788929984
2026-09-09T04:59:49+00:00,523,13,16,True,True,True,1788929984
2026-09-09T04:59:49+00:00,522,3,5,True,True,True,1788929984
2026-09-09T04:59:49+00:00,594,12,6,True,True,True,1788929984
2026-09-09T04:59:49+00:00,532,7,13,True,True,True,1788929984
2026-09-09T04:59:49+00:00,531,2,12,True,True,True,1788929984
2026-09-09T04:59:49+00:00,536,0,9,True,True,True,1788929984
2026-09-09T04:59:49+00:00,562,0,32,True,True,True,1788929984
2026-09-09T04:59:49+00:00,511,8,15,True,True,True,1788929984
2026-09-09T04:59:49+00:00,505,5,15,True,True,True,1788929984
2026-09-09T04:59:49+00:00,501,1,16,True,True,True,1788929984
2026-09-09T04:59:49+00:00,514,8,4,True,True,True,1788929984
2026-09-09T04:59:49+00:00,500,3,12,True,True,True,1788929984
2026-09-09T04:59:49+00:00,503,26,3,True,True,True,1788929984
2026-09-09T04:59:49+00:00,513,0,15,True,True,True,1788929984
2026-09-09T04:59:49+00:00,498,0,11,True,True,True,1788929984
2026-09-09T04:59:49+00:00,507,6,12,True,True,True,1788929984
2026-09-09T04:59:49+00:00,512,5,22,True,True,True,1788929984
2026-09-09T04:59:49+00:00,619,0,42,True,True,True,1788929984
2026-09-09T04:59:49+00:00,474,0,42,True,True,True,1788929984
2026-09-09T04:59:49+00:00,580,0,43,True,True,True,1788929984
2026-09-09T04:59:49+00:00,496,0,42,True,True,True,1788929984
2026-09-09T04:59:49+00:00,482,0,18,True,True,True,1788929984
2026-09-09T04:59:49+00:00,407,1,10,True,True,True,1788929984
2026-09-09T04:59:49+00:00,409,0,22,True,True,True,1788929984
2026-09-09T04:59:49+00:00,451,2,1,True,True,True,1788929984
2026-09-09T04:59:49+00:00,402,5,14,True,True,True,1788929984
2026-09-09T04:59:49+00:00,516,6,7,True,True,True,1788929984
2026-09-09T04:59:49+00:00,429,4,16,True,True,True,1788929984
2026-09-09T04:59:49+00:00,380,1,20,True,True,True,1788929984
2026-09-09T04:59:49+00:00,583,11,7,True,True,True,1788929984
2026-09-09T04:59:49+00:00,398,3,12,True,True,True,1788929984
2026-09-09T04:59:49+00:00,381,14,1,True,True,True,1788929984
2026-09-09T04:59:49+00:00,464,31,10,True,True,True,1788929984
2026-09-09T04:59:49+00:00,442,9,4,True,True,True,1788929984
2026-09-09T04:59:49+00:00,483,7,14,True,True,True,1788929984
2026-09-09T04:59:49+00:00,458,1,13,True,True,True,1788929984
2026-09-09T04:59:49+00:00,499,9,5,True,True,True,1788929984
2026-09-09T04:59:49+00:00,472,2,15,True,True,True,1788929984
2026-09-09T04:59:49+00:00,506,21,5,True,True,True,1788929984
2026-09-09T04:59:49+00:00,465,3,24,True,True,True,1788929984
2026-09-09T04:59:49+00:00,404,0,26,True,True,True,1788929984
2026-09-09T04:59:49+00:00,579,8,6,True,True,True,1788929984
2026-09-09T04:59:49+00:00,589,12,13,True,True,True,1788929984
2026-09-09T04:59:49+00:00,434,1,12,True,True,True,1788929984
2026-09-09T04:59:49+00:00,462,3,8,True,True,True,1788929984
2026-09-09T04:59:49+00:00,578,10,14,True,True,True,1788929984
2026-09-09T04:59:49+00:00,415,1,8,True,True,True,1788929984
2026-09-09T04:59:49+00:00,423,8,10,True,True,True,1788929984
2026-09-09T04:59:49+00:00,412,2,2,True,True,True,1788929984
2026-09-09T04:59:49+00:00,454,9,11,False,False,False,1788929984
2026-09-09T04:59:49+00:00,436,4,8,True,True,True,1788929984
2026-09-09T04:59:49+00:00,394,0,20,True,True,True,1788929984
2026-09-09T04:59:49+00:00,497,3,24,True,True,True,1788929984
2026-09-09T04:59:49+00:00,581,10,11,True,True,True,1788929984
2026-09-09T04:59:49+00:00,461,3,15,True,True,True,1788929984
2026-09-09T04:59:49+00:00,599,27,18,True,True,True,1788929984
2026-09-09T04:59:49+00:00,428,10,12,True,True,True,1788929984
2026-09-09T04:59:49+00:00,400,8,14,True,True,True,1788929984
2026-09-09T04:59:49+00:00,487,7,14,True,True,True,1788929984
2026-09-09T04:59:49+00:00,438,18,22,True,True,True,1788929984
2026-09-09T04:59:49+00:00,459,2,9,True,True,True,1788929984
2026-09-09T04:59:49+00:00,433,5,11,True,True,True,1788929984
2026-09-09T04:59:49+00:00,399,3,26,True,True,True,1788929984
2026-09-09T04:59:49+00:00,489,5,21,True,True,True,1788929984
2026-09-09T04:59:49+00:00,742,15,11,True,True,True,1788929984
2026-09-09T04:59:49+00:00,551,7,27,True,True,True,1788929984
2026-09-09T04:59:49+00:00,406,9,1,True,True,True,1788929984
2026-09-09T04:59:49+00:00,488,1,22,True,True,True,1788929984
2026-09-09T04:59:49+00:00,540,0,34,True,True,True,1788929984
2026-09-09T04:59:49+00:00,431,6,12,True,True,True,1788929984
2026-09-09T04:59:49+00:00,393,8,11,True,True,True,1788929984
2026-09-09T04:59:49+00:00,420,4,17,True,True,True,1788929984
2026-09-09T04:59:49+00:00,397,13,19,True,True,True,1788929984
2026-09-09T04:59:49+00:00,484,3,31,True,True,True,1788929984
2026-09-09T04:59:49+00:00,479,9,16,True,True,True,1788929984
2026-09-09T04:59:49+00:00,403,2,12,True,True,True,1788929984
2026-09-09T04:59:49+00:00,435,4,23,True,True,True,1788929984
2026-09-09T04:59:49+00:00,426,2,18,True,True,True,1788929984
2026-09-09T04:59:49+00:00,450,8,5,True,True,True,1788929984
2026-09-09T04:59:49+00:00,456,9,24,True,True,True,1788929984
2026-09-09T04:59:49+00:00,468,10,2,True,True,True,1788929984
2026-09-09T04:59:49+00:00,453,3,29,True,True,True,1788929984
2026-09-09T04:59:49+00:00,466,2,12,True,True,True,1788929984
2026-09-09T04:59:49+00:00,469,1,25,True,True,True,1788929984
2026-09-09T04:59:49+00:00,416,0,14,True,True,True,1788929984
2026-09-09T04:59:49+00:00,391,2,6,True,True,True,1788929984
2026-09-09T04:59:49+00:00,389,4,13,True,True,True,1788929984
2026-09-09T04:59:49+00:00,470,4,6,True,True,True,1788929984
2026-09-09T04:59:49+00:00,384,5,7,True,True,True,1788929984
2026-09-09T04:59:49+00:00,425,4,4,True,True,True,1788929984
2026-09-09T04:59:49+00:00,411,0,12,True,True,True,1788929984
2026-09-09T04:59:49+00:00,598,25,3,True,True,True,1788929984
2026-09-09T04:59:49+00:00,444,15,2,True,True,True,1788929984
2026-09-09T04:59:49+00:00,447,25,2,True,True,True,1788929984
2026-09-09T04:59:49+00:00,408,6,4,True,True,True,1788929984
2026-09-09T04:59:49+00:00,737,21,1,True,True,True,1788929984
2026-09-09T04:59:49+00:00,432,0,11,True,True,True,1788929984
2026-09-09T04:59:49+00:00,401,3,3,True,True,True,1788929984
2026-09-09T04:59:49+00:00,392,2,6,True,True,True,1788929984
2026-09-09T04:59:49+00:00,495,6,32,True,True,True,1788929984
2026-09-09T04:59:49+00:00,478,1,10,True,True,True,1788929984
2026-09-09T04:59:49+00:00,476,5,13,True,True,True,1788929984
2026-09-09T04:59:49+00:00,445,2,15,True,True,True,1788929984
2026-09-09T04:59:49+00:00,748,12,15,True,True,True,1788929984
2026-09-09T04:59:49+00:00,473,4,2,True,True,True,1788929984
2026-09-09T04:59:49+00:00,383,1,26,True,True,True,1788929984
2026-09-09T04:59:49+00:00,480,9,13,True,True,True,1788929984
2026-09-09T04:59:49+00:00,421,15,4,True,True,True,1788929984
2026-09-09T04:59:49+00:00,746,8,3,True,True,True,1788929984
2026-09-09T04:59:49+00:00,417,3,9,True,True,True,1788929984
2026-09-09T04:59:49+00:00,427,3,10,True,True,True,1788929984
2026-09-09T04:59:49+00:00,395,0,14,True,True,True,1788929984
2026-09-09T04:59:49+00:00,418,1,22,True,True,True,1788929984
2026-09-09T04:59:49+00:00,413,1,12,True,True,True,1788929984
2026-09-09T04:59:49+00:00,486,5,17,True,True,True,1788929984
2026-09-09T04:59:49+00:00,597,0,7,True,True,True,1788929984
2026-09-09T04:59:49+00:00,422,0,10,True,True,True,1788929984
2026-09-09T04:59:49+00:00,382,3,5,True,True,True,1788929984
2026-09-09T04:59:49+00:00,735,13,0,True,True,True,1788929984
2026-09-09T04:59:49+00:00,437,0,24,True,True,True,1788929984
2026-09-09T04:59:49+00:00,446,1,19,True,True,True,1788929984
2026-09-09T04:59:49+00:00,424,3,2,True,True,True,1788929984
2026-09-09T04:59:49+00:00,455,7,2,True,True,True,1788929984
2026-09-09T04:59:49+00:00,457,4,5,True,True,True,1788929984
2026-09-09T04:59:49+00:00,377,18,11,True,True,True,1788929984
2026-09-09T04:59:49+00:00,738,6,6,True,True,True,1788929984
2026-09-09T04:59:49+00:00,460,23,3,True,True,True,1788929984
2026-09-09T04:59:49+00:00,744,5,3,True,True,True,1788929984
2026-09-09T04:59:49+00:00,485,13,5,True,True,True,1788929984
2026-09-09T05:14:49+00:00,5431,2,16,True,True,True,1788930882
2026-09-09T05:14:49+00:00,5424,4,13,True,True,True,1788930882
2026-09-09T05:14:49+00:00,5220,2,17,True,True,True,1788930882
2026-09-09T05:14:49+00:00,5113,7,5,True,True,True,1788930882
2026-09-09T05:14:49+00:00,4683,5,14,True,True,True,1788930882
2026-09-09T05:14:49+00:00,4552,17,1,True,True,True,1788930882
2026-09-09T05:14:49+00:00,3725,1,17,True,True,True,1788930882
2026-09-09T05:14:49+00:00,2355,0,12,True,True,True,1788930882
2026-09-09T05:14:49+00:00,2351,0,16,True,True,True,1788930882
2026-09-09T05:14:49+00:00,2350,0,23,True,True,True,1788930882
2026-09-09T05:14:49+00:00,2349,2,18,True,True,True,1788930882
2026-09-09T05:14:49+00:00,2347,12,16,True,True,True,1788930882
2026-09-09T05:14:49+00:00,2340,0,23,True,True,True,1788930882
2026-09-09T05:14:49+00:00,2339,7,20,True,True,True,1788930882
2026-09-09T05:14:49+00:00,2334,12,0,True,True,True,1788930882
2026-09-09T05:14:49+00:00,2333,6,7,True,True,True,1788930882
2026-09-09T05:14:49+00:00,2332,8,4,True,True,True,1788930882
2026-09-09T05:14:49+00:00,2330,8,5,True,True,True,1788930882
2026-09-09T05:14:49+00:00,2328,11,8,True,True,True,1788930882
2026-09-09T05:14:49+00:00,2315,13,3,True,True,True,1788930882
2026-09-09T05:14:49+00:00,2308,0,6,True,True,True,1788930882
2026-09-09T05:14:49+00:00,2307,2,27,True,True,True,1788930882
2026-09-09T05:14:49+00:00,2306,3,15,True,True,True,1788930882
2026-09-09T05:14:49+00:00,2305,5,10,True,True,True,1788930882
2026-09-09T05:14:49+00:00,2304,8,9,True,True,True,1788930882
2026-09-09T05:14:49+00:00,2270,0,19,True,True,True,1788930882
2026-09-09T05:14:49+00:00,1919,4,0,True,True,True,1788930882
2026-09-09T05:14:49+00:00,1009,1,8,True,True,True,1788930882
2026-09-09T05:14:49+00:00,970,10,14,True,True,True,1788930882
2026-09-09T05:14:49+00:00,627,3,26,True,True,True,1788930882
2026-09-09T05:14:49+00:00,624,4,13,True,True,True,1788930882
2026-09-09T05:14:49+00:00,626,3,19,True,True,True,1788930882
2026-09-09T05:14:49+00:00,614,3,21,True,True,True,1788930882
2026-09-09T05:14:49+00:00,616,1,14,True,True,True,1788930882
2026-09-09T05:14:49+00:00,618,0,40,True,True,True,1788930882
2026-09-09T05:14:49+00:00,621,10,16,True,True,True,1788930882
2026-09-09T05:14:49+00:00,622,1,24,True,True,True,1788930882
2026-09-09T05:14:49+00:00,613,1,17,True,True,True,1788930882
2026-09-09T05:14:49+00:00,620,0,34,True,True,True,1788930882
2026-09-09T05:14:49+00:00,596,9,7,True,True,True,1788930882
2026-09-09T05:14:49+00:00,617,10,7,True,True,True,1788930882
2026-09-09T05:14:49+00:00,609,0,27,True,True,True,1788930882
2026-09-09T05:14:49+00:00,607,11,12,True,True,True,1788930882
2026-09-09T05:14:49+00:00,603,3,14,True,True,True,1788930882
2026-09-09T05:14:49+00:00,590,2,33,True,True,True,1788930882
2026-09-09T05:14:49+00:00,610,7,11,True,True,True,1788930882
2026-09-09T05:14:49+00:00,608,8,12,True,True,True,1788930882
2026-09-09T05:14:49+00:00,593,1,28,True,True,True,1788930882
2026-09-09T05:14:49+00:00,530,3,6,True,True,True,1788930882
2026-09-09T05:14:49+00:00,463,13,5,True,True,True,1788930882
2026-09-09T05:14:49+00:00,475,10,14,True,True,True,1788930882
2026-09-09T05:14:49+00:00,439,10,10,True,True,True,1788930882
2026-09-09T05:14:49+00:00,600,11,0,True,True,True,1788930882
2026-09-09T05:14:49+00:00,440,5,10,True,True,True,1788930882
2026-09-09T05:14:49+00:00,612,11,6,True,True,True,1788930882
2026-09-09T05:14:49+00:00,491,13,3,True,True,True,1788930882
2026-09-09T05:14:49+00:00,493,22,6,True,True,True,1788930882
2026-09-09T05:14:49+00:00,410,2,24,True,True,True,1788930882
2026-09-09T05:14:49+00:00,605,17,1,True,True,True,1788930882
2026-09-09T05:14:49+00:00,388,0,18,True,True,True,1788930882
2026-09-09T05:14:49+00:00,591,14,9,True,True,True,1788930882
2026-09-09T05:14:49+00:00,592,0,18,True,True,True,1788930882
2026-09-09T05:14:49+00:00,585,11,6,True,True,True,1788930882
2026-09-09T05:14:49+00:00,565,2,14,True,True,True,1788930882
2026-09-09T05:14:49+00:00,568,2,12,True,True,True,1788930882
2026-09-09T05:14:49+00:00,588,0,16,True,True,True,1788930882
2026-09-09T05:14:49+00:00,584,11,22,True,True,True,1788930882
2026-09-09T05:14:49+00:00,569,8,20,True,True,True,1788930882
2026-09-09T05:14:49+00:00,564,1,28,True,True,True,1788930882
2026-09-09T05:14:49+00:00,570,2,13,True,True,True,1788930882
2026-09-09T05:14:49+00:00,572,4,34,True,True,True,1788930882
2026-09-09T05:14:49+00:00,587,0,15,False,False,False,1788930882
2026-09-09T05:14:49+00:00,586,23,1,True,True,True,1788930882
2026-09-09T05:14:49+00:00,566,12,11,True,True,True,1788930882
2026-09-09T05:14:49+00:00,602,6,12,True,True,True,1788930882
2026-09-09T05:14:49+00:00,575,17,11,True,True,True,1788930882
2026-09-09T05:14:49+00:00,567,2,37,True,True,True,1788930882
2026-09-09T05:14:49+00:00,582,1,24,True,True,True,1788930882
2026-09-09T05:14:49+00:00,595,15,7,True,True,True,1788930882
2026-09-09T05:14:49+00:00,542,12,6,True,True,True,1788930882
2026-09-09T05:14:49+00:00,563,0,13,True,True,True,1788930882
2026-09-09T05:14:49+00:00,552,10,7,True,True,True,1788930882
2026-09-09T05:14:49+00:00,555,4,9,True,True,True,1788930882
2026-09-09T05:14:49+00:00,561,3,18,True,True,True,1788930882
2026-09-09T05:14:49+00:00,543,1,19,True,True,True,1788930882
2026-09-09T05:14:49+00:00,554,18,2,True,True,True,1788930882
2026-09-09T05:14:49+00:00,574,5,7,True,True,True,1788930882
2026-09-09T05:14:49+00:00,560,1,7,True,True,True,1788930882
2026-09-09T05:14:49+00:00,548,0,16,True,True,True,1788930882
2026-09-09T05:14:49+00:00,559,3,12,True,True,True,1788930882
2026-09-09T05:14:49+00:00,550,1,8,True,True,True,1788930882
2026-09-09T05:14:49+00:00,541,4,6,True,True,True,1788930882
2026-09-09T05:14:49+00:00,527,9,2,True,True,True,1788930882
2026-09-09T05:14:49+00:00,529,0,18,True,True,True,1788930882
2026-09-09T05:14:49+00:00,537,10,5,True,True,True,1788930882
2026-09-09T05:14:49+00:00,601,0,19,True,True,True,1788930882
2026-09-09T05:14:49+00:00,535,1,20,True,True,True,1788930882
2026-09-09T05:14:49+00:00,524,1,18,True,True,True,1788930882
2026-09-09T05:14:49+00:00,519,8,9,True,True,True,1788930882
2026-09-09T05:14:49+00:00,534,8,29,True,True,True,1788930882
2026-09-09T05:14:49+00:00,521,9,5,True,True,True,1788930882
2026-09-09T05:14:49+00:00,518,0,17,True,True,True,1788930882
2026-09-09T05:14:49+00:00,556,4,14,True,True,True,1788930882
2026-09-09T05:14:49+00:00,525,0,14,True,True,True,1788930882
2026-09-09T05:14:49+00:00,517,4,13,True,True,True,1788930882
2026-09-09T05:14:49+00:00,523,15,14,True,True,True,1788930882
2026-09-09T05:14:49+00:00,522,3,5,True,True,True,1788930882
2026-09-09T05:14:49+00:00,594,12,6,True,True,True,1788930882
2026-09-09T05:14:49+00:00,532,7,13,True,True,True,1788930882
2026-09-09T05:14:49+00:00,531,2,12,True,True,True,1788930882
2026-09-09T05:14:49+00:00,536,0,9,True,True,True,1788930882
2026-09-09T05:14:49+00:00,562,0,32,True,True,True,1788930882
2026-09-09T05:14:49+00:00,511,9,14,True,True,True,1788930882
2026-09-09T05:14:49+00:00,505,4,16,True,True,True,1788930882
2026-09-09T05:14:49+00:00,501,0,17,True,True,True,1788930882
2026-09-09T05:14:49+00:00,514,7,5,True,True,True,1788930882
2026-09-09T05:14:49+00:00,500,4,11,True,True,True,1788930882
2026-09-09T05:14:49+00:00,503,24,5,True,True,True,1788930882
2026-09-09T05:14:49+00:00,513,0,15,True,True,True,1788930882
2026-09-09T05:14:49+00:00,498,0,11,True,True,True,1788930882
2026-09-09T05:14:49+00:00,507,5,13,True,True,True,1788930882
2026-09-09T05:14:49+00:00,512,4,23,True,True,True,1788930882
2026-09-09T05:14:49+00:00,619,0,42,True,True,True,1788930882
2026-09-09T05:14:49+00:00,474,0,42,True,True,True,1788930882
2026-09-09T05:14:49+00:00,580,0,43,True,True,True,1788930882
2026-09-09T05:14:49+00:00,496,0,42,True,True,True,1788930882
2026-09-09T05:14:49+00:00,482,0,18,True,True,True,1788930882
2026-09-09T05:14:49+00:00,407,1,10,True,True,True,1788930882
2026-09-09T05:14:49+00:00,409,0,21,True,True,True,1788930882
2026-09-09T05:14:49+00:00,451,2,1,True,True,True,1788930882
2026-09-09T05:14:49+00:00,402,6,13,True,True,True,1788930882
2026-09-09T05:14:49+00:00,516,5,8,True,True,True,1788930882
2026-09-09T05:14:49+00:00,429,4,16,True,True,True,1788930882
2026-09-09T05:14:49+00:00,380,1,20,True,True,True,1788930882
2026-09-09T05:14:49+00:00,583,11,7,True,True,True,1788930882
2026-09-09T05:14:49+00:00,398,4,11,True,True,True,1788930882
2026-09-09T05:14:49+00:00,381,14,1,True,True,True,1788930882
2026-09-09T05:14:49+00:00,464,31,10,True,True,True,1788930882
2026-09-09T05:14:49+00:00,442,8,5,True,True,True,1788930882
2026-09-09T05:14:49+00:00,483,7,14,True,True,True,1788930882
2026-09-09T05:14:49+00:00,458,1,13,True,True,True,1788930882
2026-09-09T05:14:49+00:00,499,10,4,True,True,True,1788930882
2026-09-09T05:14:49+00:00,472,2,15,True,True,True,1788930882
2026-09-09T05:14:49+00:00,506,21,5,True,True,True,1788930882
2026-09-09T05:14:49+00:00,465,4,23,True,True,True,1788930882
2026-09-09T05:14:49+00:00,404,1,25,True,True,True,1788930882
2026-09-09T05:14:49+00:00,579,8,6,True,True,True,1788930882
2026-09-09T05:14:49+00:00,589,12,13,True,True,True,1788930882
2026-09-09T05:14:49+00:00,434,3,10,True,True,True,1788930882
2026-09-09T05:14:49+00:00,462,3,8,True,True,True,1788930882
2026-09-09T05:14:49+00:00,578,9,15,True,True,True,1788930882
2026-09-09T05:14:49+00:00,415,1,8,True,True,True,1788930882
2026-09-09T05:14:49+00:00,423,7,11,True,True,True,1788930882
2026-09-09T05:14:49+00:00,412,2,2,True,True,True,1788930882
2026-09-09T05:14:49+00:00,454,9,11,False,False,False,1788930882
2026-09-09T05:14:49+00:00,436,2,10,True,True,True,1788930882
2026-09-09T05:14:49+00:00,394,0,20,True,True,True,1788930882
2026-09-09T05:14:49+00:00,497,3,24,True,True,True,1788930882
2026-09-09T05:14:49+00:00,581,10,11,True,True,True,1788930882
2026-09-09T05:14:49+00:00,461,3,15,True,True,True,1788930882
2026-09-09T05:14:49+00:00,599,29,16,True,True,True,1788930882
2026-09-09T05:14:49+00:00,428,10,12,True,True,True,1788930882
2026-09-09T05:14:49+00:00,400,8,14,True,True,True,1788930882
2026-09-09T05:14:49+00:00,487,7,14,True,True,True,1788930882
2026-09-09T05:14:49+00:00,438,18,22,True,True,True,1788930882
2026-09-09T05:14:49+00:00,459,1,10,True,True,True,1788930882
2026-09-09T05:14:49+00:00,433,5,11,True,True,True,1788930882
2026-09-09T05:14:49+00:00,399,2,27,True,True,True,1788930882
2026-09-09T05:14:49+00:00,489,9,17,True,True,True,1788930882
2026-09-09T05:14:49+00:00,742,15,11,True,True,True,1788930882
2026-09-09T05:14:49+00:00,551,7,27,True,True,True,1788930882
2026-09-09T05:14:49+00:00,406,8,2,True,True,True,1788930882
2026-09-09T05:14:49+00:00,488,0,23,True,True,True,1788930882
2026-09-09T05:14:49+00:00,540,1,34,True,True,True,1788930882
2026-09-09T05:14:49+00:00,431,5,12,True,True,True,1788930882
2026-09-09T05:14:49+00:00,393,7,12,True,True,True,1788930882
2026-09-09T05:14:49+00:00,420,1,20,True,True,True,1788930882
2026-09-09T05:14:49+00:00,397,13,19,True,True,True,1788930882
2026-09-09T05:14:49+00:00,484,4,30,True,True,True,1788930882
2026-09-09T05:14:49+00:00,479,9,16,True,True,True,1788930882
2026-09-09T05:14:49+00:00,403,1,13,True,True,True,1788930882
2026-09-09T05:14:49+00:00,435,4,23,True,True,True,1788930882
2026-09-09T05:14:49+00:00,426,1,19,True,True,True,1788930882
2026-09-09T05:14:49+00:00,450,8,5,True,True,True,1788930882
2026-09-09T05:14:49+00:00,456,9,24,True,True,True,1788930882
2026-09-09T05:14:49+00:00,468,9,3,True,True,True,1788930882
2026-09-09T05:14:49+00:00,453,3,29,True,True,True,1788930882
2026-09-09T05:14:49+00:00,466,2,12,True,True,True,1788930882
2026-09-09T05:14:49+00:00,469,1,25,True,True,True,1788930882
2026-09-09T05:14:49+00:00,416,0,14,True,True,True,1788930882
2026-09-09T05:14:49+00:00,391,1,7,True,True,True,1788930882
2026-09-09T05:14:49+00:00,389,4,13,True,True,True,1788930882
2026-09-09T05:14:49+00:00,470,4,6,True,True,True,1788930882
2026-09-09T05:14:49+00:00,384,5,7,True,True,True,1788930882
2026-09-09T05:14:49+00:00,425,4,4,True,True,True,1788930882
2026-09-09T05:14:49+00:00,411,0,12,True,True,True,1788930882
2026-09-09T05:14:49+00:00,598,24,4,True,True,True,1788930882
2026-09-09T05:14:49+00:00,444,14,3,True,True,True,1788930882
2026-09-09T05:14:49+00:00,447,24,3,True,True,True,1788930882
2026-09-09T05:14:49+00:00,408,6,4,True,True,True,1788930882
2026-09-09T05:14:49+00:00,737,21,1,True,True,True,1788930882
2026-09-09T05:14:49+00:00,432,0,11,True,True,True,1788930882
2026-09-09T05:14:49+00:00,401,3,3,True,True,True,1788930882
2026-09-09T05:14:49+00:00,392,2,6,True,True,True,1788930882
2026-09-09T05:14:49+00:00,495,6,32,True,True,True,1788930882
2026-09-09T05:14:49+00:00,478,3,8,True,True,True,1788930882
2026-09-09T05:14:49+00:00,476,5,13,True,True,True,1788930882
2026-09-09T05:14:49+00:00,445,3,14,True,True,True,1788930882
2026-09-09T05:14:49+00:00,748,11,16,True,True,True,1788930882
2026-09-09T05:14:49+00:00,473,4,2,True,True,True,1788930882
2026-09-09T05:14:49+00:00,383,0,27,True,True,True,1788930882
2026-09-09T05:14:49+00:00,480,9,13,True,True,True,1788930882
2026-09-09T05:14:49+00:00,421,13,6,True,True,True,1788930882
2026-09-09T05:14:49+00:00,746,7,4,True,True,True,1788930882
2026-09-09T05:14:49+00:00,417,3,9,True,True,True,1788930882
2026-09-09T05:14:49+00:00,427,2,11,True,True,True,1788930882
2026-09-09T05:14:49+00:00,395,1,13,True,True,True,1788930882
2026-09-09T05:14:49+00:00,418,1,22,True,True,True,1788930882
2026-09-09T05:14:49+00:00,413,1,12,True,True,True,1788930882
2026-09-09T05:14:49+00:00,486,5,17,True,True,True,1788930882
2026-09-09T05:14:49+00:00,597,1,6,True,True,True,1788930882
2026-09-09T05:14:49+00:00,422,0,10,True,True,True,1788930882
2026-09-09T05:14:49+00:00,382,3,4,True,True,True,1788930882
2026-09-09T05:14:49+00:00,735,13,0,True,True,True,1788930882
2026-09-09T05:14:49+00:00,437,1,23,True,True,True,1788930882
2026-09-09T05:14:49+00:00,446,2,18,True,True,True,1788930882
2026-09-09T05:14:49+00:00,424,1,4,True,True,True,1788930882
2026-09-09T05:14:49+00:00,455,6,3,True,True,True,1788930882
2026-09-09T05:14:49+00:00,457,5,4,True,True,True,1788930882
2026-09-09T05:14:49+00:00,377,18,11,True,True,True,1788930882
2026-09-09T05:14:49+00:00,738,6,6,True,True,True,1788930882
2026-09-09T05:14:49+00:00,460,23,3,True,True,True,1788930882
2026-09-09T05:14:49+00:00,744,5,3,True,True,True,1788930882
2026-09-09T05:14:49+00:00,485,12,6,True,True,True,1788930882
2026-09-09T05:29:49+00:00,5431,2,16,True,True,True,1788931774
2026-09-09T05:29:49+00:00,5424,4,13,True,True,True,1788931774
2026-09-09T05:29:49+00:00,5220,2,17,True,True,True,1788931774
2026-09-09T05:29:49+00:00,5113,8,4,True,True,True,1788931774
2026-09-09T05:29:49+00:00,4683,5,14,True,True,True,1788931774
2026-09-09T05:29:49+00:00,4552,17,1,True,True,True,1788931774
2026-09-09T05:29:49+00:00,3725,2,16,True,True,True,1788931774
2026-09-09T05:29:49+00:00,2355,0,12,True,True,True,1788931774
2026-09-09T05:29:49+00:00,2351,0,16,True,True,True,1788931774
2026-09-09T05:29:49+00:00,2350,0,23,True,True,True,1788931774
2026-09-09T05:29:49+00:00,2349,2,18,True,True,True,1788931774
2026-09-09T05:29:49+00:00,2347,12,16,True,True,True,1788931774
2026-09-09T05:29:49+00:00,2340,0,23,True,True,True,1788931774
2026-09-09T05:29:49+00:00,2339,8,19,True,True,True,1788931774
2026-09-09T05:29:49+00:00,2334,12,0,True,True,True,1788931774
2026-09-09T05:29:49+00:00,2333,6,7,True,True,True,1788931774
2026-09-09T05:29:49+00:00,2332,8,4,True,True,True,1788931774
2026-09-09T05:29:49+00:00,2330,9,4,True,True,True,1788931774
2026-09-09T05:29:49+00:00,2328,11,8,True,True,True,1788931774
2026-09-09T05:29:49+00:00,2315,14,2,True,True,True,1788931774
2026-09-09T05:29:49+00:00,2308,1,5,True,True,True,1788931774
2026-09-09T05:29:49+00:00,2307,2,27,True,True,True,1788931774
2026-09-09T05:29:49+00:00,2306,3,15,True,True,True,1788931774
2026-09-09T05:29:49+00:00,2305,5,10,True,True,True,1788931774
2026-09-09T05:29:49+00:00,2304,8,9,True,True,True,1788931774
2026-09-09T05:29:49+00:00,2270,0,19,True,True,True,1788931774
2026-09-09T05:29:49+00:00,1919,4,0,True,True,True,1788931774
2026-09-09T05:29:49+00:00,1009,1,8,True,True,True,1788931774
2026-09-09T05:29:49+00:00,970,10,14,True,True,True,1788931774
2026-09-09T05:29:49+00:00,627,4,25,True,True,True,1788931774
2026-09-09T05:29:49+00:00,624,3,14,True,True,True,1788931774
2026-09-09T05:29:49+00:00,626,3,19,True,True,True,1788931774
2026-09-09T05:29:49+00:00,614,3,21,True,True,True,1788931774
2026-09-09T05:29:49+00:00,616,1,14,True,True,True,1788931774
2026-09-09T05:29:49+00:00,618,0,40,True,True,True,1788931774
2026-09-09T05:29:49+00:00,621,10,16,True,True,True,1788931774
2026-09-09T05:29:49+00:00,622,1,24,True,True,True,1788931774
2026-09-09T05:29:49+00:00,613,1,17,True,True,True,1788931774
2026-09-09T05:29:49+00:00,620,0,35,True,True,True,1788931774
2026-09-09T05:29:49+00:00,596,8,8,True,True,True,1788931774
2026-09-09T05:29:49+00:00,617,10,7,True,True,True,1788931774
2026-09-09T05:29:49+00:00,609,0,27,True,True,True,1788931774
2026-09-09T05:29:49+00:00,607,11,12,True,True,True,1788931774
2026-09-09T05:29:49+00:00,603,3,14,True,True,True,1788931774
2026-09-09T05:29:49+00:00,590,2,33,True,True,True,1788931774
2026-09-09T05:29:49+00:00,610,7,11,True,True,True,1788931774
2026-09-09T05:29:49+00:00,608,8,12,True,True,True,1788931774
2026-09-09T05:29:49+00:00,593,0,29,True,True,True,1788931774
2026-09-09T05:29:49+00:00,530,2,7,True,True,True,1788931774
2026-09-09T05:29:49+00:00,463,12,6,True,True,True,1788931774
2026-09-09T05:29:49+00:00,475,11,13,True,True,True,1788931774
2026-09-09T05:29:49+00:00,439,10,10,True,True,True,1788931774
2026-09-09T05:29:49+00:00,600,11,0,True,True,True,1788931774
2026-09-09T05:29:49+00:00,440,6,9,True,True,True,1788931774
2026-09-09T05:29:49+00:00,612,10,7,True,True,True,1788931774
2026-09-09T05:29:49+00:00,491,13,3,True,True,True,1788931774
2026-09-09T05:29:49+00:00,493,22,6,True,True,True,1788931774
2026-09-09T05:29:49+00:00,410,1,25,True,True,True,1788931774
2026-09-09T05:29:49+00:00,605,17,1,True,True,True,1788931774
2026-09-09T05:29:49+00:00,388,0,18,True,True,True,1788931774
2026-09-09T05:29:49+00:00,591,13,10,True,True,True,1788931774
2026-09-09T05:29:49+00:00,592,0,18,True,True,True,1788931774
2026-09-09T05:29:49+00:00,585,11,6,True,True,True,1788931774
2026-09-09T05:29:49+00:00,565,2,14,True,True,True,1788931774
2026-09-09T05:29:49+00:00,568,2,12,True,True,True,1788931774
2026-09-09T05:29:49+00:00,588,0,16,True,True,True,1788931774
2026-09-09T05:29:49+00:00,584,8,25,True,True,True,1788931774
2026-09-09T05:29:49+00:00,569,10,18,True,True,True,1788931774
2026-09-09T05:29:49+00:00,564,2,27,True,True,True,1788931774
2026-09-09T05:29:49+00:00,570,2,13,True,True,True,1788931774
2026-09-09T05:29:49+00:00,572,5,33,True,True,True,1788931774
2026-09-09T05:29:49+00:00,587,0,15,False,False,False,1788931774
2026-09-09T05:29:49+00:00,586,22,2,True,True,True,1788931774
2026-09-09T05:29:49+00:00,566,12,12,True,True,True,1788931774
2026-09-09T05:29:49+00:00,602,6,12,True,True,True,1788931774
2026-09-09T05:29:49+00:00,575,17,11,True,True,True,1788931774
2026-09-09T05:29:49+00:00,567,2,37,True,True,True,1788931774
2026-09-09T05:29:49+00:00,582,2,23,True,True,True,1788931774
2026-09-09T05:29:49+00:00,595,15,7,True,True,True,1788931774
2026-09-09T05:29:49+00:00,542,12,6,True,True,True,1788931774
2026-09-09T05:29:49+00:00,563,2,11,True,True,True,1788931774
2026-09-09T05:29:49+00:00,552,10,7,True,True,True,1788931774
2026-09-09T05:29:49+00:00,555,4,9,True,True,True,1788931774
2026-09-09T05:29:49+00:00,561,3,18,True,True,True,1788931774
2026-09-09T05:29:49+00:00,543,2,18,True,True,True,1788931774
2026-09-09T05:29:49+00:00,554,18,2,True,True,True,1788931774
2026-09-09T05:29:49+00:00,574,4,8,True,True,True,1788931774
2026-09-09T05:29:49+00:00,560,1,7,True,True,True,1788931774
2026-09-09T05:29:49+00:00,548,0,16,True,True,True,1788931774
2026-09-09T05:29:49+00:00,559,2,13,True,True,True,1788931774
2026-09-09T05:29:49+00:00,550,1,8,True,True,True,1788931774
2026-09-09T05:29:49+00:00,541,4,5,True,True,True,1788931774
2026-09-09T05:29:49+00:00,527,8,3,True,True,True,1788931774
2026-09-09T05:29:49+00:00,529,0,18,True,True,True,1788931774
2026-09-09T05:29:49+00:00,537,13,2,True,True,True,1788931774
2026-09-09T05:29:49+00:00,601,0,19,True,True,True,1788931774
2026-09-09T05:29:49+00:00,535,0,20,True,True,True,1788931774
2026-09-09T05:29:49+00:00,524,1,18,True,True,True,1788931774
2026-09-09T05:29:49+00:00,519,7,10,True,True,True,1788931774
2026-09-09T05:29:49+00:00,534,8,29,True,True,True,1788931774
2026-09-09T05:29:49+00:00,521,9,5,True,True,True,1788931774
2026-09-09T05:29:49+00:00,518,0,17,True,True,True,1788931774
2026-09-09T05:29:49+00:00,556,4,14,True,True,True,1788931774
2026-09-09T05:29:49+00:00,525,0,14,True,True,True,1788931774
2026-09-09T05:29:49+00:00,517,4,13,True,True,True,1788931774
2026-09-09T05:29:49+00:00,523,12,17,True,True,True,1788931774
2026-09-09T05:29:49+00:00,522,3,5,True,True,True,1788931774
2026-09-09T05:29:49+00:00,594,12,6,True,True,True,1788931774
2026-09-09T05:29:49+00:00,532,7,13,True,True,True,1788931774
2026-09-09T05:29:49+00:00,531,2,12,True,True,True,1788931774
2026-09-09T05:29:49+00:00,536,2,7,True,True,True,1788931774
2026-09-09T05:29:49+00:00,562,0,32,True,True,True,1788931774
2026-09-09T05:29:49+00:00,511,10,13,True,True,True,1788931774
2026-09-09T05:29:49+00:00,505,4,16,True,True,True,1788931774
2026-09-09T05:29:49+00:00,501,0,17,True,True,True,1788931774
2026-09-09T05:29:49+00:00,514,6,6,True,True,True,1788931774
2026-09-09T05:29:49+00:00,500,4,11,True,True,True,1788931774
2026-09-09T05:29:49+00:00,503,24,5,True,True,True,1788931774
2026-09-09T05:29:49+00:00,513,0,15,True,True,True,1788931774
2026-09-09T05:29:49+00:00,498,0,11,True,True,True,1788931774
2026-09-09T05:29:49+00:00,507,3,15,True,True,True,1788931774
2026-09-09T05:29:49+00:00,512,5,22,True,True,True,1788931774
2026-09-09T05:29:49+00:00,619,0,42,True,True,True,1788931774
2026-09-09T05:29:49+00:00,474,0,42,True,True,True,1788931774
2026-09-09T05:29:49+00:00,580,0,43,True,True,True,1788931774
2026-09-09T05:29:49+00:00,496,0,42,True,True,True,1788931774
2026-09-09T05:29:49+00:00,482,0,18,True,True,True,1788931774
2026-09-09T05:29:49+00:00,407,0,11,True,True,True,1788931774
2026-09-09T05:29:49+00:00,409,0,21,True,True,True,1788931774
2026-09-09T05:29:49+00:00,451,7,2,True,True,True,1788931774
2026-09-09T05:29:49+00:00,402,5,13,True,True,True,1788931774
2026-09-09T05:29:49+00:00,516,4,9,True,True,True,1788931774
2026-09-09T05:29:49+00:00,429,5,15,True,True,True,1788931774
2026-09-09T05:29:49+00:00,380,0,21,True,True,True,1788931774
2026-09-09T05:29:49+00:00,583,11,7,True,True,True,1788931774
2026-09-09T05:29:49+00:00,398,2,13,True,True,True,1788931774
2026-09-09T05:29:49+00:00,381,15,0,True,True,True,1788931774
2026-09-09T05:29:49+00:00,464,32,9,True,True,True,1788931774
2026-09-09T05:29:49+00:00,442,7,6,True,True,True,1788931774
2026-09-09T05:29:49+00:00,483,7,14,True,True,True,1788931774
2026-09-09T05:29:49+00:00,458,0,14,True,True,True,1788931774
2026-09-09T05:29:49+00:00,499,9,5,True,True,True,1788931774
2026-09-09T05:29:49+00:00,472,2,15,True,True,True,1788931774
2026-09-09T05:29:49+00:00,506,21,5,True,True,True,1788931774
2026-09-09T05:29:49+00:00,465,4,23,True,True,True,1788931774
2026-09-09T05:29:49+00:00,404,1,25,True,True,True,1788931774
2026-09-09T05:29:49+00:00,579,7,7,True,True,True,1788931774
2026-09-09T05:29:49+00:00,589,12,13,True,True,True,1788931774
2026-09-09T05:29:49+00:00,434,4,9,True,True,True,1788931774
2026-09-09T05:29:49+00:00,462,1,10,True,True,True,1788931774
2026-09-09T05:29:49+00:00,578,6,18,True,True,True,1788931774
2026-09-09T05:29:49+00:00,415,1,8,True,True,True,1788931774
2026-09-09T05:29:49+00:00,423,6,12,True,True,True,1788931774
2026-09-09T05:29:49+00:00,412,2,2,True,True,True,1788931774
2026-09-09T05:29:49+00:00,454,9,11,False,False,False,1788931774
2026-09-09T05:29:49+00:00,436,0,12,True,True,True,1788931774
2026-09-09T05:29:49+00:00,394,0,20,True,True,True,1788931774
2026-09-09T05:29:49+00:00,497,3,24,True,True,True,1788931774
2026-09-09T05:29:49+00:00,581,10,11,True,True,True,1788931774
2026-09-09T05:29:49+00:00,461,3,15,True,True,True,1788931774
2026-09-09T05:29:49+00:00,599,30,15,True,True,True,1788931774
2026-09-09T05:29:49+00:00,428,10,12,True,True,True,1788931774
2026-09-09T05:29:49+00:00,400,8,14,True,True,True,1788931774
2026-09-09T05:29:49+00:00,487,6,15,True,True,True,1788931774
2026-09-09T05:29:49+00:00,438,18,22,True,True,True,1788931774
2026-09-09T05:29:49+00:00,459,1,10,True,True,True,1788931774
2026-09-09T05:29:49+00:00,433,4,12,True,True,True,1788931774
2026-09-09T05:29:49+00:00,399,1,28,True,True,True,1788931774
2026-09-09T05:29:49+00:00,489,3,23,True,True,True,1788931774
2026-09-09T05:29:49+00:00,742,15,11,True,True,True,1788931774
2026-09-09T05:29:49+00:00,551,7,27,True,True,True,1788931774
2026-09-09T05:29:49+00:00,406,5,5,True,True,True,1788931774
2026-09-09T05:29:49+00:00,488,0,23,True,True,True,1788931774
2026-09-09T05:29:49+00:00,540,1,34,True,True,True,1788931774
2026-09-09T05:29:49+00:00,431,5,13,True,True,True,1788931774
2026-09-09T05:29:49+00:00,393,5,14,True,True,True,1788931774
2026-09-09T05:29:49+00:00,420,1,20,True,True,True,1788931774
2026-09-09T05:29:49+00:00,397,14,18,True,True,True,1788931774
2026-09-09T05:29:49+00:00,484,4,30,True,True,True,1788931774
2026-09-09T05:29:49+00:00,479,10,15,True,True,True,1788931774
2026-09-09T05:29:49+00:00,403,2,12,True,True,True,1788931774
2026-09-09T05:29:49+00:00,435,5,22,True,True,True,1788931774
2026-09-09T05:29:49+00:00,426,1,19,True,True,True,1788931774
2026-09-09T05:29:49+00:00,450,7,6,True,True,True,1788931774
2026-09-09T05:29:49+00:00,456,9,24,True,True,True,1788931774
2026-09-09T05:29:49+00:00,468,9,3,True,True,True,1788931774
2026-09-09T05:29:49+00:00,453,3,29,True,True,True,1788931774
2026-09-09T05:29:49+00:00,466,2,12,True,True,True,1788931774
2026-09-09T05:29:49+00:00,469,1,25,True,True,True,1788931774
2026-09-09T05:29:49+00:00,416,0,14,True,True,True,1788931774
2026-09-09T05:29:49+00:00,391,1,7,True,True,True,1788931774
2026-09-09T05:29:49+00:00,389,5,12,True,True,True,1788931774
2026-09-09T05:29:49+00:00,470,4,6,True,True,True,1788931774
2026-09-09T05:29:49+00:00,384,6,6,True,True,True,1788931774
2026-09-09T05:29:49+00:00,425,3,5,True,True,True,1788931774
2026-09-09T05:29:49+00:00,411,0,12,True,True,True,1788931774
2026-09-09T05:29:49+00:00,598,24,4,True,True,True,1788931774
2026-09-09T05:29:49+00:00,444,14,3,True,True,True,1788931774
2026-09-09T05:29:49+00:00,447,25,2,True,True,True,1788931774
2026-09-09T05:29:49+00:00,408,8,2,True,True,True,1788931774
2026-09-09T05:29:49+00:00,737,20,2,True,True,True,1788931774
2026-09-09T05:29:49+00:00,432,0,11,True,True,True,1788931774
2026-09-09T05:29:49+00:00,401,2,4,True,True,True,1788931774
2026-09-09T05:29:49+00:00,392,3,5,True,True,True,1788931774
2026-09-09T05:29:49+00:00,495,7,31,True,True,True,1788931774
2026-09-09T05:29:49+00:00,478,4,7,True,True,True,1788931774
2026-09-09T05:29:49+00:00,476,5,13,True,True,True,1788931774
2026-09-09T05:29:49+00:00,445,3,14,True,True,True,1788931774
2026-09-09T05:29:49+00:00,748,10,17,True,True,True,1788931774
2026-09-09T05:29:49+00:00,473,4,2,True,True,True,1788931774
2026-09-09T05:29:49+00:00,383,0,27,True,True,True,1788931774
2026-09-09T05:29:49+00:00,480,9,13,True,True,True,1788931774
2026-09-09T05:29:49+00:00,421,12,7,True,True,True,1788931774
2026-09-09T05:29:49+00:00,746,7,4,True,True,True,1788931774
2026-09-09T05:29:49+00:00,417,2,10,True,True,True,1788931774
2026-09-09T05:29:49+00:00,427,2,11,True,True,True,1788931774
2026-09-09T05:29:49+00:00,395,1,13,True,True,True,1788931774
2026-09-09T05:29:49+00:00,418,1,22,True,True,True,1788931774
2026-09-09T05:29:49+00:00,413,0,13,True,True,True,1788931774
2026-09-09T05:29:49+00:00,486,5,17,True,True,True,1788931774
2026-09-09T05:29:49+00:00,597,1,6,True,True,True,1788931774
2026-09-09T05:29:49+00:00,422,0,10,True,True,True,1788931774
2026-09-09T05:29:49+00:00,382,3,4,True,True,True,1788931774
2026-09-09T05:29:49+00:00,735,13,0,True,True,True,1788931774
2026-09-09T05:29:49+00:00,437,3,21,True,True,True,1788931774
2026-09-09T05:29:49+00:00,446,1,19,True,True,True,1788931774
2026-09-09T05:29:49+00:00,424,1,4,True,True,True,1788931774
2026-09-09T05:29:49+00:00,455,7,2,True,True,True,1788931774
2026-09-09T05:29:49+00:00,457,5,4,True,True,True,1788931774
2026-09-09T05:29:49+00:00,377,18,11,True,True,True,1788931774
2026-09-09T05:29:49+00:00,738,6,6,True,True,True,1788931774
2026-09-09T05:29:49+00:00,460,23,3,True,True,True,1788931774
2026-09-09T05:29:49+00:00,744,1,7,True,True,True,1788931774
2026-09-09T05:29:49+00:00,485,11,6,True,True,True,1788931774
2026-09-09T05:44:49+00:00,5431,2,16,True,True,True,1788932676
2026-09-09T05:44:49+00:00,5424,4,13,True,True,True,1788932676
2026-09-09T05:44:49+00:00,5220,2,17,True,True,True,1788932676
2026-09-09T05:44:49+00:00,5113,8,4,True,True,True,1788932676
2026-09-09T05:44:49+00:00,4683,4,15,True,True,True,1788932676
2026-09-09T05:44:49+00:00,4552,17,1,True,True,True,1788932676
2026-09-09T05:44:49+00:00,3725,2,16,True,True,True,1788932676
2026-09-09T05:44:49+00:00,2355,1,11,True,True,True,1788932676
2026-09-09T05:44:49+00:00,2351,0,16,True,True,True,1788932676
2026-09-09T05:44:49+00:00,2350,1,22,True,True,True,1788932676
2026-09-09T05:44:49+00:00,2349,2,18,True,True,True,1788932676
2026-09-09T05:44:49+00:00,2347,12,16,True,True,True,1788932676
2026-09-09T05:44:49+00:00,2340,0,23,True,True,True,1788932676
2026-09-09T05:44:49+00:00,2339,8,19,True,True,True,1788932676
2026-09-09T05:44:49+00:00,2334,12,0,True,True,True,1788932676
2026-09-09T05:44:49+00:00,2333,7,6,True,True,True,1788932676
2026-09-09T05:44:49+00:00,2332,8,4,True,True,True,1788932676
2026-09-09T05:44:49+00:00,2330,12,1,True,True,True,1788932676
2026-09-09T05:44:49+00:00,2328,16,3,True,True,True,1788932676
2026-09-09T05:44:49+00:00,2315,14,1,True,True,True,1788932676
2026-09-09T05:44:49+00:00,2308,2,4,True,True,True,1788932676
2026-09-09T05:44:49+00:00,2307,2,27,True,True,True,1788932676
2026-09-09T05:44:49+00:00,2306,2,16,True,True,True,1788932676
2026-09-09T05:44:49+00:00,2305,5,10,True,True,True,1788932676
2026-09-09T05:44:49+00:00,2304,8,10,True,True,True,1788932676
2026-09-09T05:44:49+00:00,2270,0,19,True,True,True,1788932676
2026-09-09T05:44:49+00:00,1919,3,1,True,True,True,1788932676
2026-09-09T05:44:49+00:00,1009,2,7,True,True,True,1788932676
2026-09-09T05:44:49+00:00,970,10,14,True,True,True,1788932676
2026-09-09T05:44:49+00:00,627,4,25,True,True,True,1788932676
2026-09-09T05:44:49+00:00,624,3,14,True,True,True,1788932676
2026-09-09T05:44:49+00:00,626,4,18,True,True,True,1788932676
2026-09-09T05:44:49+00:00,614,4,20,True,True,True,1788932676
2026-09-09T05:44:49+00:00,616,1,14,True,True,True,1788932676
2026-09-09T05:44:49+00:00,618,0,40,True,True,True,1788932676
2026-09-09T05:44:49+00:00,621,8,18,True,True,True,1788932676
2026-09-09T05:44:49+00:00,622,2,23,True,True,True,1788932676
2026-09-09T05:44:49+00:00,613,0,18,True,True,True,1788932676
2026-09-09T05:44:49+00:00,620,0,35,True,True,True,1788932676
2026-09-09T05:44:49+00:00,596,7,9,True,True,True,1788932676
2026-09-09T05:44:49+00:00,617,8,9,True,True,True,1788932676
2026-09-09T05:44:49+00:00,609,1,26,True,True,True,1788932676
2026-09-09T05:44:49+00:00,607,7,16,True,True,True,1788932676
2026-09-09T05:44:49+00:00,603,2,15,True,True,True,1788932676
2026-09-09T05:44:49+00:00,590,5,30,True,True,True,1788932676
2026-09-09T05:44:49+00:00,610,7,13,True,True,True,1788932676
2026-09-09T05:44:49+00:00,608,7,13,True,True,True,1788932676
2026-09-09T05:44:49+00:00,593,0,29,True,True,True,1788932676
2026-09-09T05:44:49+00:00,530,1,8,True,True,True,1788932676
2026-09-09T05:44:49+00:00,463,12,6,True,True,True,1788932676
2026-09-09T05:44:49+00:00,475,11,13,True,True,True,1788932676
2026-09-09T05:44:49+00:00,439,8,12,True,True,True,1788932676
2026-09-09T05:44:49+00:00,600,11,0,True,True,True,1788932676
2026-09-09T05:44:49+00:00,440,7,8,True,True,True,1788932676
2026-09-09T05:44:49+00:00,612,11,6,True,True,True,1788932676
2026-09-09T05:44:49+00:00,491,13,3,True,True,True,1788932676
2026-09-09T05:44:49+00:00,493,21,6,True,True,True,1788932676
2026-09-09T05:44:49+00:00,410,1,25,True,True,True,1788932676
2026-09-09T05:44:49+00:00,605,17,1,True,True,True,1788932676
2026-09-09T05:44:49+00:00,388,0,18,True,True,True,1788932676
2026-09-09T05:44:49+00:00,591,13,10,True,True,True,1788932676
2026-09-09T05:44:49+00:00,592,0,18,True,True,True,1788932676
2026-09-09T05:44:49+00:00,585,11,6,True,True,True,1788932676
2026-09-09T05:44:49+00:00,565,2,14,True,True,True,1788932676
2026-09-09T05:44:49+00:00,568,2,12,True,True,True,1788932676
2026-09-09T05:44:49+00:00,588,0,16,True,True,True,1788932676
2026-09-09T05:44:49+00:00,584,8,25,True,True,True,1788932676
2026-09-09T05:44:49+00:00,569,9,19,True,True,True,1788932676
2026-09-09T05:44:49+00:00,564,0,29,True,True,True,1788932676
2026-09-09T05:44:49+00:00,570,2,13,True,True,True,1788932676
2026-09-09T05:44:49+00:00,572,6,32,True,True,True,1788932676
2026-09-09T05:44:49+00:00,587,0,15,False,False,False,1788932676
2026-09-09T05:44:49+00:00,586,22,2,True,True,True,1788932676
2026-09-09T05:44:49+00:00,566,12,12,True,True,True,1788932676
2026-09-09T05:44:49+00:00,602,6,12,True,True,True,1788932676
2026-09-09T05:44:49+00:00,575,17,11,True,True,True,1788932676
2026-09-09T05:44:49+00:00,567,4,35,True,True,True,1788932676
2026-09-09T05:44:49+00:00,582,2,23,True,True,True,1788932676
2026-09-09T05:44:49+00:00,595,15,7,True,True,True,1788932676
2026-09-09T05:44:49+00:00,542,12,6,True,True,True,1788932676
2026-09-09T05:44:49+00:00,563,5,8,True,True,True,1788932676
2026-09-09T05:44:49+00:00,552,11,6,True,True,True,1788932676
2026-09-09T05:44:49+00:00,555,2,11,True,True,True,1788932676
2026-09-09T05:44:49+00:00,561,3,18,True,True,True,1788932676
2026-09-09T05:44:49+00:00,543,2,18,True,True,True,1788932676
2026-09-09T05:44:49+00:00,554,18,2,True,True,True,1788932676
2026-09-09T05:44:49+00:00,574,5,7,True,True,True,1788932676
2026-09-09T05:44:49+00:00,560,1,7,True,True,True,1788932676
2026-09-09T05:44:49+00:00,548,0,16,True,True,True,1788932676
2026-09-09T05:44:49+00:00,559,2,12,True,True,True,1788932676
2026-09-09T05:44:49+00:00,550,1,8,True,True,True,1788932676
2026-09-09T05:44:49+00:00,541,6,3,True,True,True,1788932676
2026-09-09T05:44:49+00:00,527,8,3,True,True,True,1788932676
2026-09-09T05:44:49+00:00,529,0,18,True,True,True,1788932676
2026-09-09T05:44:49+00:00,537,15,0,True,True,True,1788932676
2026-09-09T05:44:49+00:00,601,0,19,True,True,True,1788932676
2026-09-09T05:44:49+00:00,535,0,20,True,True,True,1788932676
2026-09-09T05:44:49+00:00,524,1,18,True,True,True,1788932676
2026-09-09T05:44:49+00:00,519,6,11,True,True,True,1788932676
2026-09-09T05:44:49+00:00,534,9,28,True,True,True,1788932676
2026-09-09T05:44:49+00:00,521,7,7,True,True,True,1788932676
2026-09-09T05:44:49+00:00,518,0,17,True,True,True,1788932676
2026-09-09T05:44:49+00:00,556,3,14,True,True,True,1788932676
2026-09-09T05:44:49+00:00,525,0,14,True,True,True,1788932676
2026-09-09T05:44:49+00:00,517,4,13,True,True,True,1788932676
2026-09-09T05:44:49+00:00,523,1,28,True,True,True,1788932676
2026-09-09T05:44:49+00:00,522,4,4,True,True,True,1788932676
2026-09-09T05:44:49+00:00,594,11,7,True,True,True,1788932676
2026-09-09T05:44:49+00:00,532,7,13,True,True,True,1788932676
2026-09-09T05:44:49+00:00,531,2,12,True,True,True,1788932676
2026-09-09T05:44:49+00:00,536,2,7,True,True,True,1788932676
2026-09-09T05:44:49+00:00,562,1,31,True,True,True,1788932676
2026-09-09T05:44:49+00:00,511,12,11,True,True,True,1788932676
2026-09-09T05:44:49+00:00,505,4,16,True,True,True,1788932676
2026-09-09T05:44:49+00:00,501,0,17,True,True,True,1788932676
2026-09-09T05:44:49+00:00,514,5,7,True,True,True,1788932676
2026-09-09T05:44:49+00:00,500,2,13,True,True,True,1788932676
2026-09-09T05:44:49+00:00,503,23,6,True,True,True,1788932676
2026-09-09T05:44:49+00:00,513,0,15,True,True,True,1788932676
2026-09-09T05:44:49+00:00,498,0,11,True,True,True,1788932676
2026-09-09T05:44:49+00:00,507,3,15,True,True,True,1788932676
2026-09-09T05:44:49+00:00,512,5,22,True,True,True,1788932676
2026-09-09T05:44:49+00:00,619,0,42,True,True,True,1788932676
2026-09-09T05:44:49+00:00,474,0,42,True,True,True,1788932676
2026-09-09T05:44:49+00:00,580,1,42,True,True,True,1788932676
2026-09-09T05:44:49+00:00,496,0,42,True,True,True,1788932676
2026-09-09T05:44:49+00:00,482,0,18,True,True,True,1788932676
2026-09-09T05:44:49+00:00,407,0,10,True,True,True,1788932676
2026-09-09T05:44:49+00:00,409,1,20,True,True,True,1788932676
2026-09-09T05:44:49+00:00,451,7,2,True,True,True,1788932676
2026-09-09T05:44:49+00:00,402,3,15,True,True,True,1788932676
2026-09-09T05:44:49+00:00,516,3,10,True,True,True,1788932676
2026-09-09T05:44:49+00:00,429,6,14,True,True,True,1788932676
2026-09-09T05:44:49+00:00,380,0,21,True,True,True,1788932676
2026-09-09T05:44:49+00:00,583,9,9,True,True,True,1788932676
2026-09-09T05:44:49+00:00,398,1,14,True,True,True,1788932676
2026-09-09T05:44:49+00:00,381,15,0,True,True,True,1788932676
2026-09-09T05:44:49+00:00,464,32,9,True,True,True,1788932676
2026-09-09T05:44:49+00:00,442,7,6,True,True,True,1788932676
2026-09-09T05:44:49+00:00,483,5,16,True,True,True,1788932676
2026-09-09T05:44:49+00:00,458,0,14,True,True,True,1788932676
2026-09-09T05:44:49+00:00,499,6,8,True,True,True,1788932676
2026-09-09T05:44:49+00:00,472,1,16,True,True,True,1788932676
2026-09-09T05:44:49+00:00,506,21,5,True,True,True,1788932676
2026-09-09T05:44:49+00:00,465,6,21,True,True,True,1788932676
2026-09-09T05:44:49+00:00,404,5,21,True,True,True,1788932676
2026-09-09T05:44:49+00:00,579,5,9,True,True,True,1788932676
2026-09-09T05:44:49+00:00,589,12,13,True,True,True,1788932676
2026-09-09T05:44:49+00:00,434,5,8,True,True,True,1788932676
2026-09-09T05:44:49+00:00,462,0,11,True,True,True,1788932676
2026-09-09T05:44:49+00:00,578,6,18,True,True,True,1788932676
2026-09-09T05:44:49+00:00,415,1,8,True,True,True,1788932676
2026-09-09T05:44:49+00:00,423,6,12,True,True,True,1788932676
2026-09-09T05:44:49+00:00,412,4,0,True,True,True,1788932676
2026-09-09T05:44:49+00:00,454,9,11,False,False,False,1788932676
2026-09-09T05:44:49+00:00,436,0,12,True,True,True,1788932676
2026-09-09T05:44:49+00:00,394,0,20,True,True,True,1788932676
2026-09-09T05:44:49+00:00,497,2,25,True,True,True,1788932676
2026-09-09T05:44:49+00:00,581,10,11,True,True,True,1788932676
2026-09-09T05:44:49+00:00,461,4,15,True,True,True,1788932676
2026-09-09T05:44:49+00:00,599,33,12,True,True,True,1788932676
2026-09-09T05:44:49+00:00,428,9,13,True,True,True,1788932676
2026-09-09T05:44:49+00:00,400,7,15,True,True,True,1788932676
2026-09-09T05:44:49+00:00,487,6,15,True,True,True,1788932676
2026-09-09T05:44:49+00:00,438,18,22,True,True,True,1788932676
2026-09-09T05:44:49+00:00,459,1,10,True,True,True,1788932676
2026-09-09T05:44:49+00:00,433,4,12,True,True,True,1788932676
2026-09-09T05:44:49+00:00,399,1,28,True,True,True,1788932676
2026-09-09T05:44:49+00:00,489,2,24,True,True,True,1788932676
2026-09-09T05:44:49+00:00,742,15,11,True,True,True,1788932676
2026-09-09T05:44:49+00:00,551,7,27,True,True,True,1788932676
2026-09-09T05:44:49+00:00,406,4,6,True,True,True,1788932676
2026-09-09T05:44:49+00:00,488,0,23,True,True,True,1788932676
2026-09-09T05:44:49+00:00,540,1,34,True,True,True,1788932676
2026-09-09T05:44:49+00:00,431,6,12,True,True,True,1788932676
2026-09-09T05:44:49+00:00,393,3,16,True,True,True,1788932676
2026-09-09T05:44:49+00:00,420,0,21,True,True,True,1788932676
2026-09-09T05:44:49+00:00,397,15,17,True,True,True,1788932676
2026-09-09T05:44:49+00:00,484,4,30,True,True,True,1788932676
2026-09-09T05:44:49+00:00,479,8,16,True,True,True,1788932676
2026-09-09T05:44:49+00:00,403,2,12,True,True,True,1788932676
2026-09-09T05:44:49+00:00,435,5,22,True,True,True,1788932676
2026-09-09T05:44:49+00:00,426,1,19,True,True,True,1788932676
2026-09-09T05:44:49+00:00,450,6,7,True,True,True,1788932676
2026-09-09T05:44:49+00:00,456,10,23,True,True,True,1788932676
2026-09-09T05:44:49+00:00,468,8,4,True,True,True,1788932676
2026-09-09T05:44:49+00:00,453,3,29,True,True,True,1788932676
2026-09-09T05:44:49+00:00,466,2,12,True,True,True,1788932676
2026-09-09T05:44:49+00:00,469,1,25,True,True,True,1788932676
2026-09-09T05:44:49+00:00,416,0,14,True,True,True,1788932676
2026-09-09T05:44:49+00:00,391,1,7,True,True,True,1788932676
2026-09-09T05:44:49+00:00,389,5,12,True,True,True,1788932676
2026-09-09T05:44:49+00:00,470,5,5,True,True,True,1788932676
2026-09-09T05:44:49+00:00,384,6,6,True,True,True,1788932676
2026-09-09T05:44:49+00:00,425,1,7,True,True,True,1788932676
2026-09-09T05:44:49+00:00,411,1,11,True,True,True,1788932676
2026-09-09T05:44:49+00:00,598,22,6,True,True,True,1788932676
2026-09-09T05:44:49+00:00,444,15,2,True,True,True,1788932676
2026-09-09T05:44:49+00:00,447,26,1,True,True,True,1788932676
2026-09-09T05:44:49+00:00,408,9,1,True,True,True,1788932676
2026-09-09T05:44:49+00:00,737,19,3,True,True,True,1788932676
2026-09-09T05:44:49+00:00,432,0,11,True,True,True,1788932676
2026-09-09T05:44:49+00:00,401,2,4,True,True,True,1788932676
2026-09-09T05:44:49+00:00,392,3,5,True,True,True,1788932676
2026-09-09T05:44:49+00:00,495,7,31,True,True,True,1788932676
2026-09-09T05:44:49+00:00,478,5,6,True,True,True,1788932676
2026-09-09T05:44:49+00:00,476,8,10,True,True,True,1788932676
2026-09-09T05:44:49+00:00,445,3,14,True,True,True,1788932676
2026-09-09T05:44:49+00:00,748,10,17,True,True,True,1788932676
2026-09-09T05:44:49+00:00,473,4,2,True,True,True,1788932676
2026-09-09T05:44:49+00:00,383,0,27,True,True,True,1788932676
2026-09-09T05:44:49+00:00,480,11,11,True,True,True,1788932676
2026-09-09T05:44:49+00:00,421,8,11,True,True,True,1788932676
2026-09-09T05:44:49+00:00,746,7,4,True,True,True,1788932676
2026-09-09T05:44:49+00:00,417,2,10,True,True,True,1788932676
2026-09-09T05:44:49+00:00,427,2,11,True,True,True,1788932676
2026-09-09T05:44:49+00:00,395,0,14,True,True,True,1788932676
2026-09-09T05:44:49+00:00,418,1,22,True,True,True,1788932676
2026-09-09T05:44:49+00:00,413,0,13,True,True,True,1788932676
2026-09-09T05:44:49+00:00,486,5,17,True,True,True,1788932676
2026-09-09T05:44:49+00:00,597,0,7,True,True,True,1788932676
2026-09-09T05:44:49+00:00,422,0,10,True,True,True,1788932676
2026-09-09T05:44:49+00:00,382,0,7,True,True,True,1788932676
2026-09-09T05:44:49+00:00,735,13,0,True,True,True,1788932676
2026-09-09T05:44:49+00:00,437,2,22,True,True,True,1788932676
2026-09-09T05:44:49+00:00,446,1,19,True,True,True,1788932676
2026-09-09T05:44:49+00:00,424,0,5,True,True,True,1788932676
2026-09-09T05:44:49+00:00,455,7,2,True,True,True,1788932676
2026-09-09T05:44:49+00:00,457,2,7,True,True,True,1788932676
2026-09-09T05:44:49+00:00,377,18,11,True,True,True,1788932676
2026-09-09T05:44:49+00:00,738,6,6,True,True,True,1788932676
2026-09-09T05:44:49+00:00,460,22,4,True,True,True,1788932676
2026-09-09T05:44:49+00:00,744,0,8,True,True,True,1788932676
2026-09-09T05:44:49+00:00,485,9,8,True,True,True,1788932676
2026-09-09T05:59:49+00:00,5431,2,16,True,True,True,1788933586
2026-09-09T05:59:49+00:00,5424,4,13,True,True,True,1788933586
2026-09-09T05:59:49+00:00,5220,2,17,True,True,True,1788933586
2026-09-09T05:59:49+00:00,5113,8,4,True,True,True,1788933586
2026-09-09T05:59:49+00:00,4683,5,14,True,True,True,1788933586
2026-09-09T05:59:49+00:00,4552,17,1,True,True,True,1788933586
2026-09-09T05:59:49+00:00,3725,1,17,True,True,True,1788933586
2026-09-09T05:59:49+00:00,2355,1,11,True,True,True,1788933586
2026-09-09T05:59:49+00:00,2351,0,16,True,True,True,1788933586
2026-09-09T05:59:49+00:00,2350,2,21,True,True,True,1788933586
2026-09-09T05:59:49+00:00,2349,2,18,True,True,True,1788933586
2026-09-09T05:59:49+00:00,2347,12,16,True,True,True,1788933586
2026-09-09T05:59:49+00:00,2340,0,23,True,True,True,1788933586
2026-09-09T05:59:49+00:00,2339,12,15,True,True,True,1788933586
2026-09-09T05:59:49+00:00,2334,12,0,True,True,True,1788933586
2026-09-09T05:59:49+00:00,2333,7,6,True,True,True,1788933586
2026-09-09T05:59:49+00:00,2332,8,4,True,True,True,1788933586
2026-09-09T05:59:49+00:00,2330,12,1,True,True,True,1788933586
2026-09-09T05:59:49+00:00,2328,18,1,True,True,True,1788933586
2026-09-09T05:59:49+00:00,2315,15,0,True,True,True,1788933586
2026-09-09T05:59:49+00:00,2308,4,2,True,True,True,1788933586
2026-09-09T05:59:49+00:00,2307,2,27,True,True,True,1788933586
2026-09-09T05:59:49+00:00,2306,1,17,True,True,True,1788933586
2026-09-09T05:59:49+00:00,2305,0,15,True,True,True,1788933586
2026-09-09T05:59:49+00:00,2304,8,10,True,True,True,1788933586
2026-09-09T05:59:49+00:00,2270,0,19,True,True,True,1788933586
2026-09-09T05:59:49+00:00,1919,4,0,True,True,True,1788933586
2026-09-09T05:59:49+00:00,1009,1,8,True,True,True,1788933586
2026-09-09T05:59:49+00:00,970,10,14,True,True,True,1788933586
2026-09-09T05:59:49+00:00,627,5,24,True,True,True,1788933586
2026-09-09T05:59:49+00:00,624,3,14,True,True,True,1788933586
2026-09-09T05:59:49+00:00,626,5,17,True,True,True,1788933586
2026-09-09T05:59:49+00:00,614,2,22,True,True,True,1788933586
2026-09-09T05:59:49+00:00,616,1,14,True,True,True,1788933586
2026-09-09T05:59:49+00:00,618,0,40,True,True,True,1788933586
2026-09-09T05:59:49+00:00,621,7,19,True,True,True,1788933586
2026-09-09T05:59:49+00:00,622,1,24,True,True,True,1788933586
2026-09-09T05:59:49+00:00,613,0,18,True,True,True,1788933586
2026-09-09T05:59:49+00:00,620,1,34,True,True,True,1788933586
2026-09-09T05:59:49+00:00,596,7,9,True,True,True,1788933586
2026-09-09T05:59:49+00:00,617,6,11,True,True,True,1788933586
2026-09-09T05:59:49+00:00,609,4,23,True,True,True,1788933586
2026-09-09T05:59:49+00:00,607,5,18,True,True,True,1788933586
2026-09-09T05:59:49+00:00,603,0,17,True,True,True,1788933586
2026-09-09T05:59:49+00:00,590,5,30,True,True,True,1788933586
2026-09-09T05:59:49+00:00,610,5,15,True,True,True,1788933586
2026-09-09T05:59:49+00:00,608,7,13,True,True,True,1788933586
2026-09-09T05:59:49+00:00,593,0,29,True,True,True,1788933586
2026-09-09T05:59:49+00:00,530,0,9,True,True,True,1788933586
2026-09-09T05:59:49+00:00,463,12,6,True,True,True,1788933586
2026-09-09T05:59:49+00:00,475,11,13,True,True,True,1788933586
2026-09-09T05:59:49+00:00,439,6,14,True,True,True,1788933586
2026-09-09T05:59:49+00:00,600,11,0,True,True,True,1788933586
2026-09-09T05:59:49+00:00,440,6,9,True,True,True,1788933586
2026-09-09T05:59:49+00:00,612,12,5,True,True,True,1788933586
2026-09-09T05:59:49+00:00,491,12,4,True,True,True,1788933586
2026-09-09T05:59:49+00:00,493,19,9,True,True,True,1788933586
2026-09-09T05:59:49+00:00,410,1,25,True,True,True,1788933586
2026-09-09T05:59:49+00:00,605,16,2,True,True,True,1788933586
2026-09-09T05:59:49+00:00,388,0,18,True,True,True,1788933586
2026-09-09T05:59:49+00:00,591,11,11,True,True,True,1788933586
2026-09-09T05:59:49+00:00,592,0,18,True,True,True,1788933586
2026-09-09T05:59:49+00:00,585,11,6,True,True,True,1788933586
2026-09-09T05:59:49+00:00,565,2,14,True,True,True,1788933586
2026-09-09T05:59:49+00:00,568,1,13,True,True,True,1788933586
2026-09-09T05:59:49+00:00,588,0,16,True,True,True,1788933586
2026-09-09T05:59:49+00:00,584,5,28,True,True,True,1788933586
2026-09-09T05:59:49+00:00,569,9,19,True,True,True,1788933586
2026-09-09T05:59:49+00:00,564,0,29,True,True,True,1788933586
2026-09-09T05:59:49+00:00,570,2,13,True,True,True,1788933586
2026-09-09T05:59:49+00:00,572,8,30,True,True,True,1788933586
2026-09-09T05:59:49+00:00,587,0,15,False,False,False,1788933586
2026-09-09T05:59:49+00:00,586,22,2,True,True,True,1788933586
2026-09-09T05:59:49+00:00,566,14,10,True,True,True,1788933586
2026-09-09T05:59:49+00:00,602,6,12,True,True,True,1788933586
2026-09-09T05:59:49+00:00,575,17,11,True,True,True,1788933586
2026-09-09T05:59:49+00:00,567,4,35,True,True,True,1788933586
2026-09-09T05:59:49+00:00,582,1,24,True,True,True,1788933586
2026-09-09T05:59:49+00:00,595,15,7,True,True,True,1788933586
2026-09-09T05:59:49+00:00,542,11,7,True,True,True,1788933586
2026-09-09T05:59:49+00:00,563,4,9,True,True,True,1788933586
2026-09-09T05:59:49+00:00,552,12,5,True,True,True,1788933586
2026-09-09T05:59:49+00:00,555,0,13,True,True,True,1788933586
2026-09-09T05:59:49+00:00,561,3,18,True,True,True,1788933586
2026-09-09T05:59:49+00:00,543,2,18,True,True,True,1788933586
2026-09-09T05:59:49+00:00,554,18,2,True,True,True,1788933586
2026-09-09T05:59:49+00:00,574,9,3,True,True,True,1788933586
2026-09-09T05:59:49+00:00,560,1,7,True,True,True,1788933586
2026-09-09T05:59:49+00:00,548,1,15,True,True,True,1788933586
2026-09-09T05:59:49+00:00,559,3,12,True,True,True,1788933586
2026-09-09T05:59:49+00:00,550,0,9,True,True,True,1788933586
2026-09-09T05:59:49+00:00,541,7,2,True,True,True,1788933586
2026-09-09T05:59:49+00:00,527,7,4,True,True,True,1788933586
2026-09-09T05:59:49+00:00,529,0,18,True,True,True,1788933586
2026-09-09T05:59:49+00:00,537,15,0,True,True,True,1788933586
2026-09-09T05:59:49+00:00,601,0,19,True,True,True,1788933586
2026-09-09T05:59:49+00:00,535,0,20,True,True,True,1788933586
2026-09-09T05:59:49+00:00,524,1,18,True,True,True,1788933586
2026-09-09T05:59:49+00:00,519,5,12,True,True,True,1788933586
2026-09-09T05:59:49+00:00,534,10,27,True,True,True,1788933586
2026-09-09T05:59:49+00:00,521,7,7,True,True,True,1788933586
2026-09-09T05:59:49+00:00,518,0,17,True,True,True,1788933586
2026-09-09T05:59:49+00:00,556,3,15,True,True,True,1788933586
2026-09-09T05:59:49+00:00,525,0,14,True,True,True,1788933586
2026-09-09T05:59:49+00:00,517,4,13,True,True,True,1788933586
2026-09-09T05:59:49+00:00,523,4,25,True,True,True,1788933586
2026-09-09T05:59:49+00:00,522,5,3,True,True,True,1788933586
2026-09-09T05:59:49+00:00,594,12,7,True,True,True,1788933586
2026-09-09T05:59:49+00:00,532,7,13,True,True,True,1788933586
2026-09-09T05:59:49+00:00,531,1,13,True,True,True,1788933586
2026-09-09T05:59:49+00:00,536,2,7,True,True,True,1788933586
2026-09-09T05:59:49+00:00,562,2,30,True,True,True,1788933586
2026-09-09T05:59:49+00:00,511,16,7,True,True,True,1788933586
2026-09-09T05:59:49+00:00,505,4,16,True,True,True,1788933586
2026-09-09T05:59:49+00:00,501,0,17,True,True,True,1788933586
2026-09-09T05:59:49+00:00,514,4,8,True,True,True,1788933586
2026-09-09T05:59:49+00:00,500,2,13,True,True,True,1788933586
2026-09-09T05:59:49+00:00,503,23,6,True,True,True,1788933586
2026-09-09T05:59:49+00:00,513,0,15,True,True,True,1788933586
2026-09-09T05:59:49+00:00,498,0,11,True,True,True,1788933586
2026-09-09T05:59:49+00:00,507,2,16,True,True,True,1788933586
2026-09-09T05:59:49+00:00,512,5,22,True,True,True,1788933586
2026-09-09T05:59:49+00:00,619,0,42,True,True,True,1788933586
2026-09-09T05:59:49+00:00,474,0,42,True,True,True,1788933586
2026-09-09T05:59:49+00:00,580,1,42,True,True,True,1788933586
2026-09-09T05:59:49+00:00,496,0,42,True,True,True,1788933586
2026-09-09T05:59:49+00:00,482,0,18,True,True,True,1788933586
2026-09-09T05:59:49+00:00,407,0,10,True,True,True,1788933586
2026-09-09T05:59:49+00:00,409,1,20,True,True,True,1788933586
2026-09-09T05:59:49+00:00,451,7,2,True,True,True,1788933586
2026-09-09T05:59:49+00:00,402,3,15,True,True,True,1788933586
2026-09-09T05:59:49+00:00,516,3,10,True,True,True,1788933586
2026-09-09T05:59:49+00:00,429,7,13,True,True,True,1788933586
2026-09-09T05:59:49+00:00,380,0,21,True,True,True,1788933586
2026-09-09T05:59:49+00:00,583,9,9,True,True,True,1788933586
2026-09-09T05:59:49+00:00,398,0,14,True,True,True,1788933586
2026-09-09T05:59:49+00:00,381,15,0,True,True,True,1788933586
2026-09-09T05:59:49+00:00,464,30,11,True,True,True,1788933586
2026-09-09T05:59:49+00:00,442,8,5,True,True,True,1788933586
2026-09-09T05:59:49+00:00,483,5,16,True,True,True,1788933586
2026-09-09T05:59:49+00:00,458,0,14,True,True,True,1788933586
2026-09-09T05:59:49+00:00,499,6,8,True,True,True,1788933586
2026-09-09T05:59:49+00:00,472,1,16,True,True,True,1788933586
2026-09-09T05:59:49+00:00,506,22,4,True,True,True,1788933586
2026-09-09T05:59:49+00:00,465,10,17,True,True,True,1788933586
2026-09-09T05:59:49+00:00,404,4,22,True,True,True,1788933586
2026-09-09T05:59:49+00:00,579,2,12,True,True,True,1788933586
2026-09-09T05:59:49+00:00,589,12,13,True,True,True,1788933586
2026-09-09T05:59:49+00:00,434,6,7,True,True,True,1788933586
2026-09-09T05:59:49+00:00,462,0,11,True,True,True,1788933586
2026-09-09T05:59:49+00:00,578,6,18,True,True,True,1788933586
2026-09-09T05:59:49+00:00,415,1,8,True,True,True,1788933586
2026-09-09T05:59:49+00:00,423,5,13,True,True,True,1788933586
2026-09-09T05:59:49+00:00,412,4,0,True,True,True,1788933586
2026-09-09T05:59:49+00:00,454,9,11,False,False,False,1788933586
2026-09-09T05:59:49+00:00,436,0,12,True,True,True,1788933586
2026-09-09T05:59:49+00:00,394,0,20,True,True,True,1788933586
2026-09-09T05:59:49+00:00,497,3,24,True,True,True,1788933586
2026-09-09T05:59:49+00:00,581,10,11,True,True,True,1788933586
2026-09-09T05:59:49+00:00,461,5,15,True,True,True,1788933586
2026-09-09T05:59:49+00:00,599,33,12,True,True,True,1788933586
2026-09-09T05:59:49+00:00,428,9,12,True,True,True,1788933586
2026-09-09T05:59:49+00:00,400,6,16,True,True,True,1788933586
2026-09-09T05:59:49+00:00,487,4,17,True,True,True,1788933586
2026-09-09T05:59:49+00:00,438,17,23,True,True,True,1788933586
2026-09-09T05:59:49+00:00,459,1,10,True,True,True,1788933586
2026-09-09T05:59:49+00:00,433,0,16,True,True,True,1788933586
2026-09-09T05:59:49+00:00,399,0,29,True,True,True,1788933586
2026-09-09T05:59:49+00:00,489,4,22,True,True,True,1788933586
2026-09-09T05:59:49+00:00,742,15,11,True,True,True,1788933586
2026-09-09T05:59:49+00:00,551,5,29,True,True,True,1788933586
2026-09-09T05:59:49+00:00,406,3,7,True,True,True,1788933586
2026-09-09T05:59:49+00:00,488,0,23,True,True,True,1788933586
2026-09-09T05:59:49+00:00,540,1,34,True,True,True,1788933586
2026-09-09T05:59:49+00:00,431,4,14,True,True,True,1788933586
2026-09-09T05:59:49+00:00,393,0,19,True,True,True,1788933586
2026-09-09T05:59:49+00:00,420,0,21,True,True,True,1788933586
2026-09-09T05:59:49+00:00,397,14,18,True,True,True,1788933586
2026-09-09T05:59:49+00:00,484,5,29,True,True,True,1788933586
2026-09-09T05:59:49+00:00,479,10,14,True,True,True,1788933586
2026-09-09T05:59:49+00:00,403,2,12,True,True,True,1788933586
2026-09-09T05:59:49+00:00,435,3,24,True,True,True,1788933586
2026-09-09T05:59:49+00:00,426,1,19,True,True,True,1788933586
2026-09-09T05:59:49+00:00,450,4,9,True,True,True,1788933586
2026-09-09T05:59:49+00:00,456,10,23,True,True,True,1788933586
2026-09-09T05:59:49+00:00,468,7,5,True,True,True,1788933586
2026-09-09T05:59:49+00:00,453,4,28,True,True,True,1788933586
2026-09-09T05:59:49+00:00,466,2,12,True,True,True,1788933586
2026-09-09T05:59:49+00:00,469,2,24,True,True,True,1788933586
2026-09-09T05:59:49+00:00,416,1,13,True,True,True,1788933586
2026-09-09T05:59:49+00:00,391,0,8,True,True,True,1788933586
2026-09-09T05:59:49+00:00,389,5,12,True,True,True,1788933586
2026-09-09T05:59:49+00:00,470,6,4,True,True,True,1788933586
2026-09-09T05:59:49+00:00,384,9,3,True,True,True,1788933586
2026-09-09T05:59:49+00:00,425,1,7,True,True,True,1788933586
2026-09-09T05:59:49+00:00,411,1,11,True,True,True,1788933586
2026-09-09T05:59:49+00:00,598,20,8,True,True,True,1788933586
2026-09-09T05:59:49+00:00,444,15,2,True,True,True,1788933586
2026-09-09T05:59:49+00:00,447,25,2,True,True,True,1788933586
2026-09-09T05:59:49+00:00,408,6,4,True,True,True,1788933586
2026-09-09T05:59:49+00:00,737,18,4,True,True,True,1788933586
2026-09-09T05:59:49+00:00,432,0,11,True,True,True,1788933586
2026-09-09T05:59:49+00:00,401,2,4,True,True,True,1788933586
2026-09-09T05:59:49+00:00,392,4,4,True,True,True,1788933586
2026-09-09T05:59:49+00:00,495,11,27,True,True,True,1788933586
2026-09-09T05:59:49+00:00,478,7,4,True,True,True,1788933586
2026-09-09T05:59:49+00:00,476,11,7,True,True,True,1788933586
2026-09-09T05:59:49+00:00,445,3,14,True,True,True,1788933586
2026-09-09T05:59:49+00:00,748,10,17,True,True,True,1788933586
2026-09-09T05:59:49+00:00,473,5,1,True,True,True,1788933586
2026-09-09T05:59:49+00:00,383,1,26,True,True,True,1788933586
2026-09-09T05:59:49+00:00,480,11,11,True,True,True,1788933586
2026-09-09T05:59:49+00:00,421,2,17,True,True,True,1788933586
2026-09-09T05:59:49+00:00,746,7,4,True,True,True,1788933586
2026-09-09T05:59:49+00:00,417,1,11,True,True,True,1788933586
2026-09-09T05:59:49+00:00,427,1,12,True,True,True,1788933586
2026-09-09T05:59:49+00:00,395,0,14,True,True,True,1788933586
2026-09-09T05:59:49+00:00,418,1,22,True,True,True,1788933586
2026-09-09T05:59:49+00:00,413,0,13,True,True,True,1788933586
2026-09-09T05:59:49+00:00,486,5,17,True,True,True,1788933586
2026-09-09T05:59:49+00:00,597,4,3,True,True,True,1788933586
2026-09-09T05:59:49+00:00,422,0,10,True,True,True,1788933586
2026-09-09T05:59:49+00:00,382,0,7,True,True,True,1788933586
2026-09-09T05:59:49+00:00,735,13,0,True,True,True,1788933586
2026-09-09T05:59:49+00:00,437,5,19,True,True,True,1788933586
2026-09-09T05:59:49+00:00,446,0,20,True,True,True,1788933586
2026-09-09T05:59:49+00:00,424,1,4,True,True,True,1788933586
2026-09-09T05:59:49+00:00,455,5,4,True,True,True,1788933586
2026-09-09T05:59:49+00:00,457,0,9,True,True,True,1788933586
2026-09-09T05:59:49+00:00,377,20,9,True,True,True,1788933586
2026-09-09T05:59:49+00:00,738,7,5,True,True,True,1788933586
2026-09-09T05:59:49+00:00,460,21,5,True,True,True,1788933586
2026-09-09T05:59:49+00:00,744,0,8,True,True,True,1788933586
2026-09-09T05:59:49+00:00,485,4,13,True,True,True,1788933586
2026-09-09T06:14:49+00:00,5431,2,16,True,True,True,1788934487
2026-09-09T06:14:49+00:00,5424,4,13,True,True,True,1788934487
2026-09-09T06:14:49+00:00,5220,2,17,True,True,True,1788934487
2026-09-09T06:14:49+00:00,5113,8,4,True,True,True,1788934487
2026-09-09T06:14:49+00:00,4683,5,13,True,True,True,1788934487
2026-09-09T06:14:49+00:00,4552,18,0,True,True,True,1788934487
2026-09-09T06:14:49+00:00,3725,1,17,True,True,True,1788934487
2026-09-09T06:14:49+00:00,2355,0,12,True,True,True,1788934487
2026-09-09T06:14:49+00:00,2351,0,16,True,True,True,1788934487
2026-09-09T06:14:49+00:00,2350,3,20,True,True,True,1788934487
2026-09-09T06:14:49+00:00,2349,2,18,True,True,True,1788934487
2026-09-09T06:14:49+00:00,2347,12,16,True,True,True,1788934487
2026-09-09T06:14:49+00:00,2340,0,23,True,True,True,1788934487
2026-09-09T06:14:49+00:00,2339,13,15,True,True,True,1788934487
2026-09-09T06:14:49+00:00,2334,12,0,True,True,True,1788934487
2026-09-09T06:14:49+00:00,2333,8,5,True,True,True,1788934487
2026-09-09T06:14:49+00:00,2332,7,5,True,True,True,1788934487
2026-09-09T06:14:49+00:00,2330,13,0,True,True,True,1788934487
2026-09-09T06:14:49+00:00,2328,19,0,True,True,True,1788934487
2026-09-09T06:14:49+00:00,2315,15,0,True,True,True,1788934487
2026-09-09T06:14:49+00:00,2308,4,2,True,True,True,1788934487
2026-09-09T06:14:49+00:00,2307,2,27,True,True,True,1788934487
2026-09-09T06:14:49+00:00,2306,1,17,True,True,True,1788934487
2026-09-09T06:14:49+00:00,2305,0,15,True,True,True,1788934487
2026-09-09T06:14:49+00:00,2304,9,9,True,True,True,1788934487
2026-09-09T06:14:49+00:00,2270,0,19,True,True,True,1788934487
2026-09-09T06:14:49+00:00,1919,4,0,True,True,True,1788934487
2026-09-09T06:14:49+00:00,1009,1,8,True,True,True,1788934487
2026-09-09T06:14:49+00:00,970,12,12,True,True,True,1788934487
2026-09-09T06:14:49+00:00,627,5,24,True,True,True,1788934487
2026-09-09T06:14:49+00:00,624,3,14,True,True,True,1788934487
2026-09-09T06:14:49+00:00,626,6,16,True,True,True,1788934487
2026-09-09T06:14:49+00:00,614,0,24,True,True,True,1788934487
2026-09-09T06:14:49+00:00,616,1,14,True,True,True,1788934487
2026-09-09T06:14:49+00:00,618,0,40,True,True,True,1788934487
2026-09-09T06:14:49+00:00,621,6,20,True,True,True,1788934487
2026-09-09T06:14:49+00:00,622,0,25,True,True,True,1788934487
2026-09-09T06:14:49+00:00,613,0,18,True,True,True,1788934487
2026-09-09T06:14:49+00:00,620,0,35,True,True,True,1788934487
2026-09-09T06:14:49+00:00,596,8,8,True,True,True,1788934487
2026-09-09T06:14:49+00:00,617,4,13,True,True,True,1788934487
2026-09-09T06:14:49+00:00,609,7,20,True,True,True,1788934487
2026-09-09T06:14:49+00:00,607,5,19,True,True,True,1788934487
2026-09-09T06:14:49+00:00,603,0,17,True,True,True,1788934487
2026-09-09T06:14:49+00:00,590,6,29,True,True,True,1788934487
2026-09-09T06:14:49+00:00,610,5,15,True,True,True,1788934487
2026-09-09T06:14:49+00:00,608,7,13,True,True,True,1788934487
2026-09-09T06:14:49+00:00,593,16,13,True,True,True,1788934487
2026-09-09T06:14:49+00:00,530,0,9,True,True,True,1788934487
2026-09-09T06:14:49+00:00,463,12,6,True,True,True,1788934487
2026-09-09T06:14:49+00:00,475,12,12,True,True,True,1788934487
2026-09-09T06:14:49+00:00,439,3,17,True,True,True,1788934487
2026-09-09T06:14:49+00:00,600,9,2,True,True,True,1788934487
2026-09-09T06:14:49+00:00,440,6,10,True,True,True,1788934487
2026-09-09T06:14:49+00:00,612,10,7,True,True,True,1788934487
2026-09-09T06:14:49+00:00,491,11,5,True,True,True,1788934487
2026-09-09T06:14:49+00:00,493,20,8,True,True,True,1788934487
2026-09-09T06:14:49+00:00,410,0,26,True,True,True,1788934487
2026-09-09T06:14:49+00:00,605,16,2,True,True,True,1788934487
2026-09-09T06:14:49+00:00,388,0,18,True,True,True,1788934487
2026-09-09T06:14:49+00:00,591,10,13,True,True,True,1788934487
2026-09-09T06:14:49+00:00,592,0,18,True,True,True,1788934487
2026-09-09T06:14:49+00:00,585,13,4,True,True,True,1788934487
2026-09-09T06:14:49+00:00,565,2,14,True,True,True,1788934487
2026-09-09T06:14:49+00:00,568,1,13,True,True,True,1788934487
2026-09-09T06:14:49+00:00,588,0,16,True,True,True,1788934487
2026-09-09T06:14:49+00:00,584,5,28,True,True,True,1788934487
2026-09-09T06:14:49+00:00,569,9,19,True,True,True,1788934487
2026-09-09T06:14:49+00:00,564,1,28,True,True,True,1788934487
2026-09-09T06:14:49+00:00,570,2,13,True,True,True,1788934487
2026-09-09T06:14:49+00:00,572,12,26,True,True,True,1788934487
2026-09-09T06:14:49+00:00,587,0,15,False,False,False,1788934487
2026-09-09T06:14:49+00:00,586,22,2,True,True,True,1788934487
2026-09-09T06:14:49+00:00,566,13,11,True,True,True,1788934487
2026-09-09T06:14:49+00:00,602,6,12,True,True,True,1788934487
2026-09-09T06:14:49+00:00,575,17,11,True,True,True,1788934487
2026-09-09T06:14:49+00:00,567,4,35,True,True,True,1788934487
2026-09-09T06:14:49+00:00,582,0,25,True,True,True,1788934487
2026-09-09T06:14:49+00:00,595,15,7,True,True,True,1788934487
2026-09-09T06:14:49+00:00,542,11,7,True,True,True,1788934487
2026-09-09T06:14:49+00:00,563,5,8,True,True,True,1788934487
2026-09-09T06:14:49+00:00,552,12,5,True,True,True,1788934487
2026-09-09T06:14:49+00:00,555,1,12,True,True,True,1788934487
2026-09-09T06:14:49+00:00,561,2,19,True,True,True,1788934487
2026-09-09T06:14:49+00:00,543,2,18,True,True,True,1788934487
2026-09-09T06:14:49+00:00,554,17,3,True,True,True,1788934487
2026-09-09T06:14:49+00:00,574,9,3,True,True,True,1788934487
2026-09-09T06:14:49+00:00,560,1,7,True,True,True,1788934487
2026-09-09T06:14:49+00:00,548,0,16,True,True,True,1788934487
2026-09-09T06:14:49+00:00,559,5,10,True,True,True,1788934487
2026-09-09T06:14:49+00:00,550,0,9,True,True,True,1788934487
2026-09-09T06:14:49+00:00,541,7,2,True,True,True,1788934487
2026-09-09T06:14:49+00:00,527,7,4,True,True,True,1788934487
2026-09-09T06:14:49+00:00,529,0,18,True,True,True,1788934487
2026-09-09T06:14:49+00:00,537,15,0,True,True,True,1788934487
2026-09-09T06:14:49+00:00,601,0,19,True,True,True,1788934487
2026-09-09T06:14:49+00:00,535,0,20,True,True,True,1788934487
2026-09-09T06:14:49+00:00,524,1,18,True,True,True,1788934487
2026-09-09T06:14:49+00:00,519,5,12,True,True,True,1788934487
2026-09-09T06:14:49+00:00,534,14,23,True,True,True,1788934487
2026-09-09T06:14:49+00:00,521,8,6,True,True,True,1788934487
2026-09-09T06:14:49+00:00,518,0,17,True,True,True,1788934487
2026-09-09T06:14:49+00:00,556,2,16,True,True,True,1788934487
2026-09-09T06:14:49+00:00,525,1,13,True,True,True,1788934487
2026-09-09T06:14:49+00:00,517,3,14,True,True,True,1788934487
2026-09-09T06:14:49+00:00,523,12,17,True,True,True,1788934487
2026-09-09T06:14:49+00:00,522,5,3,True,True,True,1788934487
2026-09-09T06:14:49+00:00,594,7,12,True,True,True,1788934487
2026-09-09T06:14:49+00:00,532,7,13,True,True,True,1788934487
2026-09-09T06:14:49+00:00,531,1,13,True,True,True,1788934487
2026-09-09T06:14:49+00:00,536,2,7,True,True,True,1788934487
2026-09-09T06:14:49+00:00,562,3,28,True,True,True,1788934487
2026-09-09T06:14:49+00:00,511,21,2,True,True,True,1788934487
2026-09-09T06:14:49+00:00,505,3,17,True,True,True,1788934487
2026-09-09T06:14:49+00:00,501,0,17,True,True,True,1788934487
2026-09-09T06:14:49+00:00,514,2,10,True,True,True,1788934487
2026-09-09T06:14:49+00:00,500,2,13,True,True,True,1788934487
2026-09-09T06:14:49+00:00,503,19,10,True,True,True,1788934487
2026-09-09T06:14:49+00:00,513,0,15,True,True,True,1788934487
2026-09-09T06:14:49+00:00,498,0,11,True,True,True,1788934487
2026-09-09T06:14:49+00:00,507,0,18,True,True,True,1788934487
2026-09-09T06:14:49+00:00,512,3,24,True,True,True,1788934487
2026-09-09T06:14:49+00:00,619,0,42,True,True,True,1788934487
2026-09-09T06:14:49+00:00,474,0,42,True,True,True,1788934487
2026-09-09T06:14:49+00:00,580,1,42,True,True,True,1788934487
2026-09-09T06:14:49+00:00,496,0,42,True,True,True,1788934487
2026-09-09T06:14:49+00:00,482,0,18,True,True,True,1788934487
2026-09-09T06:14:49+00:00,407,0,10,True,True,True,1788934487
2026-09-09T06:14:49+00:00,409,0,21,True,True,True,1788934487
2026-09-09T06:14:49+00:00,451,6,3,True,True,True,1788934487
2026-09-09T06:14:49+00:00,402,3,15,True,True,True,1788934487
2026-09-09T06:14:49+00:00,516,2,11,True,True,True,1788934487
2026-09-09T06:14:49+00:00,429,13,7,True,True,True,1788934487
2026-09-09T06:14:49+00:00,380,1,20,True,True,True,1788934487
2026-09-09T06:14:49+00:00,583,8,10,True,True,True,1788934487
2026-09-09T06:14:49+00:00,398,1,13,True,True,True,1788934487
2026-09-09T06:14:49+00:00,381,15,0,True,True,True,1788934487
2026-09-09T06:14:49+00:00,464,28,13,True,True,True,1788934487
2026-09-09T06:14:49+00:00,442,10,3,True,True,True,1788934487
2026-09-09T06:14:49+00:00,483,6,15,True,True,True,1788934487
2026-09-09T06:14:49+00:00,458,0,14,True,True,True,1788934487
2026-09-09T06:14:49+00:00,499,4,10,True,True,True,1788934487
2026-09-09T06:14:49+00:00,472,0,17,True,True,True,1788934487
2026-09-09T06:14:49+00:00,506,21,5,True,True,True,1788934487
2026-09-09T06:14:49+00:00,465,13,14,True,True,True,1788934487
2026-09-09T06:14:49+00:00,404,6,20,True,True,True,1788934487
2026-09-09T06:14:49+00:00,579,3,11,True,True,True,1788934487
2026-09-09T06:14:49+00:00,589,12,13,True,True,True,1788934487
2026-09-09T06:14:49+00:00,434,6,7,True,True,True,1788934487
2026-09-09T06:14:49+00:00,462,0,10,True,True,True,1788934487
2026-09-09T06:14:49+00:00,578,2,22,True,True,True,1788934487
2026-09-09T06:14:49+00:00,415,0,9,True,True,True,1788934487
2026-09-09T06:14:49+00:00,423,4,14,True,True,True,1788934487
2026-09-09T06:14:49+00:00,412,4,0,True,True,True,1788934487
2026-09-09T06:14:49+00:00,454,9,11,False,False,False,1788934487
2026-09-09T06:14:49+00:00,436,0,12,True,True,True,1788934487
2026-09-09T06:14:49+00:00,394,0,20,True,True,True,1788934487
2026-09-09T06:14:49+00:00,497,3,24,True,True,True,1788934487
2026-09-09T06:14:49+00:00,581,9,12,True,True,True,1788934487
2026-09-09T06:14:49+00:00,461,5,15,True,True,True,1788934487
2026-09-09T06:14:49+00:00,599,34,11,True,True,True,1788934487
2026-09-09T06:14:49+00:00,428,9,12,True,True,True,1788934487
2026-09-09T06:14:49+00:00,400,6,16,True,True,True,1788934487
2026-09-09T06:14:49+00:00,487,2,19,True,True,True,1788934487
2026-09-09T06:14:49+00:00,438,19,21,True,True,True,1788934487
2026-09-09T06:14:49+00:00,459,0,11,True,True,True,1788934487
2026-09-09T06:14:49+00:00,433,0,16,True,True,True,1788934487
2026-09-09T06:14:49+00:00,399,0,29,True,True,True,1788934487
2026-09-09T06:14:49+00:00,489,9,17,True,True,True,1788934487
2026-09-09T06:14:49+00:00,742,14,12,True,True,True,1788934487
2026-09-09T06:14:49+00:00,551,5,29,True,True,True,1788934487
2026-09-09T06:14:49+00:00,406,4,6,True,True,True,1788934487
2026-09-09T06:14:49+00:00,488,0,23,True,True,True,1788934487
2026-09-09T06:14:49+00:00,540,1,34,True,True,True,1788934487
2026-09-09T06:14:49+00:00,431,3,15,True,True,True,1788934487
2026-09-09T06:14:49+00:00,393,0,19,True,True,True,1788934487
2026-09-09T06:14:49+00:00,420,11,10,True,True,True,1788934487
2026-09-09T06:14:49+00:00,397,15,17,True,True,True,1788934487
2026-09-09T06:14:49+00:00,484,8,25,True,True,True,1788934487
2026-09-09T06:14:49+00:00,479,11,13,True,True,True,1788934487
2026-09-09T06:14:49+00:00,403,2,12,True,True,True,1788934487
2026-09-09T06:14:49+00:00,435,4,23,True,True,True,1788934487
2026-09-09T06:14:49+00:00,426,1,19,True,True,True,1788934487
2026-09-09T06:14:49+00:00,450,1,12,True,True,True,1788934487
2026-09-09T06:14:49+00:00,456,10,23,True,True,True,1788934487
2026-09-09T06:14:49+00:00,468,6,6,True,True,True,1788934487
2026-09-09T06:14:49+00:00,453,5,27,True,True,True,1788934487
2026-09-09T06:14:49+00:00,466,2,12,True,True,True,1788934487
2026-09-09T06:14:49+00:00,469,2,24,True,True,True,1788934487
2026-09-09T06:14:49+00:00,416,0,14,True,True,True,1788934487
2026-09-09T06:14:49+00:00,391,0,8,True,True,True,1788934487
2026-09-09T06:14:49+00:00,389,3,14,True,True,True,1788934487
2026-09-09T06:14:49+00:00,470,6,4,True,True,True,1788934487
2026-09-09T06:14:49+00:00,384,7,5,True,True,True,1788934487
2026-09-09T06:14:49+00:00,425,1,7,True,True,True,1788934487
2026-09-09T06:14:49+00:00,411,0,12,True,True,True,1788934487
2026-09-09T06:14:49+00:00,598,19,9,True,True,True,1788934487
2026-09-09T06:14:49+00:00,444,13,4,True,True,True,1788934487
2026-09-09T06:14:49+00:00,447,25,2,True,True,True,1788934487
2026-09-09T06:14:49+00:00,408,6,6,True,True,True,1788934487
2026-09-09T06:14:49+00:00,737,18,4,True,True,True,1788934487
2026-09-09T06:14:49+00:00,432,0,11,True,True,True,1788934487
2026-09-09T06:14:49+00:00,401,2,4,True,True,True,1788934487
2026-09-09T06:14:49+00:00,392,4,4,True,True,True,1788934487
2026-09-09T06:14:49+00:00,495,13,25,True,True,True,1788934487
2026-09-09T06:14:49+00:00,478,9,2,True,True,True,1788934487
2026-09-09T06:14:49+00:00,476,12,6,True,True,True,1788934487
2026-09-09T06:14:49+00:00,445,3,14,True,True,True,1788934487
2026-09-09T06:14:49+00:00,748,10,17,True,True,True,1788934487
2026-09-09T06:14:49+00:00,473,3,3,True,True,True,1788934487
2026-09-09T06:14:49+00:00,383,1,26,True,True,True,1788934487
2026-09-09T06:14:49+00:00,480,12,10,True,True,True,1788934487
2026-09-09T06:14:49+00:00,421,0,19,True,True,True,1788934487
2026-09-09T06:14:49+00:00,746,5,6,True,True,True,1788934487
2026-09-09T06:14:49+00:00,417,0,12,True,True,True,1788934487
2026-09-09T06:14:49+00:00,427,0,13,True,True,True,1788934487
2026-09-09T06:14:49+00:00,395,0,14,True,True,True,1788934487
2026-09-09T06:14:49+00:00,418,1,22,True,True,True,1788934487
2026-09-09T06:14:49+00:00,413,1,12,True,True,True,1788934487
2026-09-09T06:14:49+00:00,486,5,17,True,True,True,1788934487
2026-09-09T06:14:49+00:00,597,6,1,True,True,True,1788934487
2026-09-09T06:14:49+00:00,422,0,10,True,True,True,1788934487
2026-09-09T06:14:49+00:00,382,0,7,True,True,True,1788934487
2026-09-09T06:14:49+00:00,735,11,2,True,True,True,1788934487
2026-09-09T06:14:49+00:00,437,5,19,True,True,True,1788934487
2026-09-09T06:14:49+00:00,446,0,20,True,True,True,1788934487
2026-09-09T06:14:49+00:00,424,0,5,True,True,True,1788934487
2026-09-09T06:14:49+00:00,455,3,6,True,True,True,1788934487
2026-09-09T06:14:49+00:00,457,0,9,True,True,True,1788934487
2026-09-09T06:14:49+00:00,377,20,9,True,True,True,1788934487
2026-09-09T06:14:49+00:00,738,7,5,True,True,True,1788934487
2026-09-09T06:14:49+00:00,460,21,6,True,True,True,1788934487
2026-09-09T06:14:49+00:00,744,0,8,True,True,True,1788934487
2026-09-09T06:14:49+00:00,485,0,17,True,True,True,1788934487
2026-09-09T06:29:49+00:00,5431,3,15,True,True,True,1788935373
2026-09-09T06:29:49+00:00,5424,3,14,True,True,True,1788935373
2026-09-09T06:29:49+00:00,5220,2,17,True,True,True,1788935373
2026-09-09T06:29:49+00:00,5113,7,5,True,True,True,1788935373
2026-09-09T06:29:49+00:00,4683,5,13,True,True,True,1788935373
2026-09-09T06:29:49+00:00,4552,17,1,True,True,True,1788935373
2026-09-09T06:29:49+00:00,3725,1,17,True,True,True,1788935373
2026-09-09T06:29:49+00:00,2355,0,12,True,True,True,1788935373
2026-09-09T06:29:49+00:00,2351,0,16,True,True,True,1788935373
2026-09-09T06:29:49+00:00,2350,4,19,True,True,True,1788935373
2026-09-09T06:29:49+00:00,2349,2,18,True,True,True,1788935373
2026-09-09T06:29:49+00:00,2347,12,16,True,True,True,1788935373
2026-09-09T06:29:49+00:00,2340,0,23,True,True,True,1788935373
2026-09-09T06:29:49+00:00,2339,14,14,True,True,True,1788935373
2026-09-09T06:29:49+00:00,2334,12,0,True,True,True,1788935373
2026-09-09T06:29:49+00:00,2333,10,4,True,True,True,1788935373
2026-09-09T06:29:49+00:00,2332,7,5,True,True,True,1788935373
2026-09-09T06:29:49+00:00,2330,13,0,True,True,True,1788935373
2026-09-09T06:29:49+00:00,2328,19,0,True,True,True,1788935373
2026-09-09T06:29:49+00:00,2315,15,0,True,True,True,1788935373
2026-09-09T06:29:49+00:00,2308,6,0,True,True,True,1788935373
2026-09-09T06:29:49+00:00,2307,2,27,True,True,True,1788935373
2026-09-09T06:29:49+00:00,2306,3,15,True,True,True,1788935373
2026-09-09T06:29:49+00:00,2305,0,15,True,True,True,1788935373
2026-09-09T06:29:49+00:00,2304,9,9,True,True,True,1788935373
2026-09-09T06:29:49+00:00,2270,0,19,True,True,True,1788935373
2026-09-09T06:29:49+00:00,1919,4,0,True,True,True,1788935373
2026-09-09T06:29:49+00:00,1009,1,8,True,True,True,1788935373
2026-09-09T06:29:49+00:00,970,12,12,True,True,True,1788935373
2026-09-09T06:29:49+00:00,627,5,24,True,True,True,1788935373
2026-09-09T06:29:49+00:00,624,2,15,True,True,True,1788935373
2026-09-09T06:29:49+00:00,626,7,15,True,True,True,1788935373
2026-09-09T06:29:49+00:00,614,0,24,True,True,True,1788935373
2026-09-09T06:29:49+00:00,616,5,10,True,True,True,1788935373
2026-09-09T06:29:49+00:00,618,0,40,True,True,True,1788935373
2026-09-09T06:29:49+00:00,621,5,21,True,True,True,1788935373
2026-09-09T06:29:49+00:00,622,0,25,True,True,True,1788935373
2026-09-09T06:29:49+00:00,613,0,18,True,True,True,1788935373
2026-09-09T06:29:49+00:00,620,0,35,True,True,True,1788935373
2026-09-09T06:29:49+00:00,596,6,10,True,True,True,1788935373
2026-09-09T06:29:49+00:00,617,0,17,True,True,True,1788935373
2026-09-09T06:29:49+00:00,609,12,15,True,True,True,1788935373
2026-09-09T06:29:49+00:00,607,3,21,True,True,True,1788935373
2026-09-09T06:29:49+00:00,603,0,17,True,True,True,1788935373
2026-09-09T06:29:49+00:00,590,8,27,True,True,True,1788935373
2026-09-09T06:29:49+00:00,610,4,16,True,True,True,1788935373
2026-09-09T06:29:49+00:00,608,7,13,True,True,True,1788935373
2026-09-09T06:29:49+00:00,593,15,14,True,True,True,1788935373
2026-09-09T06:29:49+00:00,530,0,9,True,True,True,1788935373
2026-09-09T06:29:49+00:00,463,10,8,True,True,True,1788935373
2026-09-09T06:29:49+00:00,475,11,13,True,True,True,1788935373
2026-09-09T06:29:49+00:00,439,2,18,True,True,True,1788935373
2026-09-09T06:29:49+00:00,600,8,3,True,True,True,1788935373
2026-09-09T06:29:49+00:00,440,4,12,True,True,True,1788935373
2026-09-09T06:29:49+00:00,612,8,9,True,True,True,1788935373
2026-09-09T06:29:49+00:00,491,11,5,True,True,True,1788935373
2026-09-09T06:29:49+00:00,493,18,10,True,True,True,1788935373
2026-09-09T06:29:49+00:00,410,0,26,True,True,True,1788935373
2026-09-09T06:29:49+00:00,605,15,3,True,True,True,1788935373
2026-09-09T06:29:49+00:00,388,1,17,True,True,True,1788935373
2026-09-09T06:29:49+00:00,591,10,13,True,True,True,1788935373
2026-09-09T06:29:49+00:00,592,1,17,True,True,True,1788935373
2026-09-09T06:29:49+00:00,585,14,3,True,True,True,1788935373
2026-09-09T06:29:49+00:00,565,2,14,True,True,True,1788935373
2026-09-09T06:29:49+00:00,568,0,14,True,True,True,1788935373
2026-09-09T06:29:49+00:00,588,1,15,True,True,True,1788935373
2026-09-09T06:29:49+00:00,584,4,29,True,True,True,1788935373
2026-09-09T06:29:49+00:00,569,8,20,True,True,True,1788935373
2026-09-09T06:29:49+00:00,564,0,29,True,True,True,1788935373
2026-09-09T06:29:49+00:00,570,2,13,True,True,True,1788935373
2026-09-09T06:29:49+00:00,572,15,22,True,True,True,1788935373
2026-09-09T06:29:49+00:00,587,0,15,False,False,False,1788935373
2026-09-09T06:29:49+00:00,586,20,4,True,True,True,1788935373
2026-09-09T06:29:49+00:00,566,12,12,True,True,True,1788935373
2026-09-09T06:29:49+00:00,602,6,12,True,True,True,1788935373
2026-09-09T06:29:49+00:00,575,18,10,True,True,True,1788935373
2026-09-09T06:29:49+00:00,567,4,35,True,True,True,1788935373
2026-09-09T06:29:49+00:00,582,0,25,True,True,True,1788935373
2026-09-09T06:29:49+00:00,595,15,7,True,True,True,1788935373
2026-09-09T06:29:49+00:00,542,11,7,True,True,True,1788935373
2026-09-09T06:29:49+00:00,563,7,6,True,True,True,1788935373
2026-09-09T06:29:49+00:00,552,15,2,True,True,True,1788935373
2026-09-09T06:29:49+00:00,555,0,13,True,True,True,1788935373
2026-09-09T06:29:49+00:00,561,2,19,True,True,True,1788935373
2026-09-09T06:29:49+00:00,543,3,17,True,True,True,1788935373
2026-09-09T06:29:49+00:00,554,15,5,True,True,True,1788935373
2026-09-09T06:29:49+00:00,574,10,2,True,True,True,1788935373
2026-09-09T06:29:49+00:00,560,1,7,True,True,True,1788935373
2026-09-09T06:29:49+00:00,548,0,16,True,True,True,1788935373
2026-09-09T06:29:49+00:00,559,4,11,True,True,True,1788935373
2026-09-09T06:29:49+00:00,550,0,9,True,True,True,1788935373
2026-09-09T06:29:49+00:00,541,8,1,True,True,True,1788935373
2026-09-09T06:29:49+00:00,527,9,2,True,True,True,1788935373
2026-09-09T06:29:49+00:00,529,0,18,True,True,True,1788935373
2026-09-09T06:29:49+00:00,537,15,0,True,True,True,1788935373
2026-09-09T06:29:49+00:00,601,0,19,True,True,True,1788935373
2026-09-09T06:29:49+00:00,535,0,20,True,True,True,1788935373
2026-09-09T06:29:49+00:00,524,1,18,True,True,True,1788935373
2026-09-09T06:29:49+00:00,519,3,14,True,True,True,1788935373
2026-09-09T06:29:49+00:00,534,17,19,True,True,True,1788935373
2026-09-09T06:29:49+00:00,521,9,5,True,True,True,1788935373
2026-09-09T06:29:49+00:00,518,0,17,True,True,True,1788935373
2026-09-09T06:29:49+00:00,556,0,18,True,True,True,1788935373
2026-09-09T06:29:49+00:00,525,1,13,True,True,True,1788935373
2026-09-09T06:29:49+00:00,517,4,13,True,True,True,1788935373
2026-09-09T06:29:49+00:00,523,15,14,True,True,True,1788935373
2026-09-09T06:29:49+00:00,522,7,1,True,True,True,1788935373
2026-09-09T06:29:49+00:00,594,5,14,True,True,True,1788935373
2026-09-09T06:29:49+00:00,532,8,12,True,True,True,1788935373
2026-09-09T06:29:49+00:00,531,1,13,True,True,True,1788935373
2026-09-09T06:29:49+00:00,536,2,7,True,True,True,1788935373
2026-09-09T06:29:49+00:00,562,7,24,True,True,True,1788935373
2026-09-09T06:29:49+00:00,511,20,3,True,True,True,1788935373
2026-09-09T06:29:49+00:00,505,3,17,True,True,True,1788935373
2026-09-09T06:29:49+00:00,501,0,17,True,True,True,1788935373
2026-09-09T06:29:49+00:00,514,2,10,True,True,True,1788935373
2026-09-09T06:29:49+00:00,500,2,13,True,True,True,1788935373
2026-09-09T06:29:49+00:00,503,15,14,True,True,True,1788935373
2026-09-09T06:29:49+00:00,513,0,15,True,True,True,1788935373
2026-09-09T06:29:49+00:00,498,0,11,True,True,True,1788935373
2026-09-09T06:29:49+00:00,507,0,18,True,True,True,1788935373
2026-09-09T06:29:49+00:00,512,2,25,True,True,True,1788935373
2026-09-09T06:29:49+00:00,619,0,42,True,True,True,1788935373
2026-09-09T06:29:49+00:00,474,1,41,True,True,True,1788935373
2026-09-09T06:29:49+00:00,580,1,42,True,True,True,1788935373
2026-09-09T06:29:49+00:00,496,0,42,True,True,True,1788935373
2026-09-09T06:29:49+00:00,482,0,18,True,True,True,1788935373
2026-09-09T06:29:49+00:00,407,0,10,True,True,True,1788935373
2026-09-09T06:29:49+00:00,409,0,21,True,True,True,1788935373
2026-09-09T06:29:49+00:00,451,4,3,True,True,True,1788935373
2026-09-09T06:29:49+00:00,402,3,15,True,True,True,1788935373
2026-09-09T06:29:49+00:00,516,2,11,True,True,True,1788935373
2026-09-09T06:29:49+00:00,429,13,7,True,True,True,1788935373
2026-09-09T06:29:49+00:00,380,0,21,True,True,True,1788935373
2026-09-09T06:29:49+00:00,583,8,10,True,True,True,1788935373
2026-09-09T06:29:49+00:00,398,0,14,True,True,True,1788935373
2026-09-09T06:29:49+00:00,381,15,0,True,True,True,1788935373
2026-09-09T06:29:49+00:00,464,30,13,True,True,True,1788935373
2026-09-09T06:29:49+00:00,442,11,2,True,True,True,1788935373
2026-09-09T06:29:49+00:00,483,7,14,True,True,True,1788935373
2026-09-09T06:29:49+00:00,458,2,12,True,True,True,1788935373
2026-09-09T06:29:49+00:00,499,1,13,True,True,True,1788935373
2026-09-09T06:29:49+00:00,472,0,17,True,True,True,1788935373
2026-09-09T06:29:49+00:00,506,20,6,True,True,True,1788935373
2026-09-09T06:29:49+00:00,465,19,8,True,True,True,1788935373
2026-09-09T06:29:49+00:00,404,5,21,True,True,True,1788935373
2026-09-09T06:29:49+00:00,579,2,12,True,True,True,1788935373
2026-09-09T06:29:49+00:00,589,12,13,True,True,True,1788935373
2026-09-09T06:29:49+00:00,434,5,8,True,True,True,1788935373
2026-09-09T06:29:49+00:00,462,0,10,True,True,True,1788935373
2026-09-09T06:29:49+00:00,578,1,23,True,True,True,1788935373
2026-09-09T06:29:49+00:00,415,0,9,True,True,True,1788935373
2026-09-09T06:29:49+00:00,423,2,16,True,True,True,1788935373
2026-09-09T06:29:49+00:00,412,4,0,True,True,True,1788935373
2026-09-09T06:29:49+00:00,454,9,11,True,True,True,1788935373
2026-09-09T06:29:49+00:00,436,0,12,True,True,True,1788935373
2026-09-09T06:29:49+00:00,394,0,20,True,True,True,1788935373
2026-09-09T06:29:49+00:00,497,2,25,True,True,True,1788935373
2026-09-09T06:29:49+00:00,581,10,11,True,True,True,1788935373
2026-09-09T06:29:49+00:00,461,4,16,True,True,True,1788935373
2026-09-09T06:29:49+00:00,599,36,9,True,True,True,1788935373
2026-09-09T06:29:49+00:00,428,8,13,True,True,True,1788935373
2026-09-09T06:29:49+00:00,400,7,15,True,True,True,1788935373
2026-09-09T06:29:49+00:00,487,1,20,True,True,True,1788935373
2026-09-09T06:29:49+00:00,438,19,21,True,True,True,1788935373
2026-09-09T06:29:49+00:00,459,0,11,True,True,True,1788935373
2026-09-09T06:29:49+00:00,433,0,16,True,True,True,1788935373
2026-09-09T06:29:49+00:00,399,0,29,True,True,True,1788935373
2026-09-09T06:29:49+00:00,489,14,12,True,True,True,1788935373
2026-09-09T06:29:49+00:00,742,14,12,True,True,True,1788935373
2026-09-09T06:29:49+00:00,551,3,31,True,True,True,1788935373
2026-09-09T06:29:49+00:00,406,4,6,True,True,True,1788935373
2026-09-09T06:29:49+00:00,488,0,23,True,True,True,1788935373
2026-09-09T06:29:49+00:00,540,0,35,True,True,True,1788935373
2026-09-09T06:29:49+00:00,431,3,15,True,True,True,1788935373
2026-09-09T06:29:49+00:00,393,0,19,True,True,True,1788935373
2026-09-09T06:29:49+00:00,420,11,10,True,True,True,1788935373
2026-09-09T06:29:49+00:00,397,14,18,True,True,True,1788935373
2026-09-09T06:29:49+00:00,484,10,23,True,True,True,1788935373
2026-09-09T06:29:49+00:00,479,14,10,True,True,True,1788935373
2026-09-09T06:29:49+00:00,403,2,12,True,True,True,1788935373
2026-09-09T06:29:49+00:00,435,4,23,True,True,True,1788935373
2026-09-09T06:29:49+00:00,426,1,19,True,True,True,1788935373
2026-09-09T06:29:49+00:00,450,1,12,True,True,True,1788935373
2026-09-09T06:29:49+00:00,456,10,23,True,True,True,1788935373
2026-09-09T06:29:49+00:00,468,7,5,True,True,True,1788935373
2026-09-09T06:29:49+00:00,453,5,27,True,True,True,1788935373
2026-09-09T06:29:49+00:00,466,1,13,True,True,True,1788935373
2026-09-09T06:29:49+00:00,469,0,26,True,True,True,1788935373
2026-09-09T06:29:49+00:00,416,0,14,True,True,True,1788935373
2026-09-09T06:29:49+00:00,391,0,8,True,True,True,1788935373
2026-09-09T06:29:49+00:00,389,4,13,True,True,True,1788935373
2026-09-09T06:29:49+00:00,470,5,5,True,True,True,1788935373
2026-09-09T06:29:49+00:00,384,9,2,True,True,True,1788935373
2026-09-09T06:29:49+00:00,425,0,8,True,True,True,1788935373
2026-09-09T06:29:49+00:00,411,0,12,True,True,True,1788935373
2026-09-09T06:29:49+00:00,598,18,10,True,True,True,1788935373
2026-09-09T06:29:49+00:00,444,11,6,True,True,True,1788935373
2026-09-09T06:29:49+00:00,447,26,1,True,True,True,1788935373
2026-09-09T06:29:49+00:00,408,9,5,True,True,True,1788935373
2026-09-09T06:29:49+00:00,737,16,6,True,True,True,1788935373
2026-09-09T06:29:49+00:00,432,0,11,True,True,True,1788935373
2026-09-09T06:29:49+00:00,401,2,4,True,True,True,1788935373
2026-09-09T06:29:49+00:00,392,6,2,True,True,True,1788935373
2026-09-09T06:29:49+00:00,495,14,24,True,True,True,1788935373
2026-09-09T06:29:49+00:00,478,11,0,True,True,True,1788935373
2026-09-09T06:29:49+00:00,476,14,4,True,True,True,1788935373
2026-09-09T06:29:49+00:00,445,3,14,True,True,True,1788935373
2026-09-09T06:29:49+00:00,748,10,17,True,True,True,1788935373
2026-09-09T06:29:49+00:00,473,3,3,True,True,True,1788935373
2026-09-09T06:29:49+00:00,383,1,26,True,True,True,1788935373
2026-09-09T06:29:49+00:00,480,15,7,True,True,True,1788935373
2026-09-09T06:29:49+00:00,421,0,19,True,True,True,1788935373
2026-09-09T06:29:49+00:00,746,6,5,True,True,True,1788935373
2026-09-09T06:29:49+00:00,417,0,12,True,True,True,1788935373
2026-09-09T06:29:49+00:00,427,0,13,True,True,True,1788935373
2026-09-09T06:29:49+00:00,395,0,14,True,True,True,1788935373
2026-09-09T06:29:49+00:00,418,1,22,True,True,True,1788935373
2026-09-09T06:29:49+00:00,413,0,13,True,True,True,1788935373
2026-09-09T06:29:49+00:00,486,4,18,True,True,True,1788935373
2026-09-09T06:29:49+00:00,597,6,1,True,True,True,1788935373
2026-09-09T06:29:49+00:00,422,0,10,True,True,True,1788935373
2026-09-09T06:29:49+00:00,382,0,7,True,True,True,1788935373
2026-09-09T06:29:49+00:00,735,11,2,True,True,True,1788935373
2026-09-09T06:29:49+00:00,437,6,18,True,True,True,1788935373
2026-09-09T06:29:49+00:00,446,0,20,True,True,True,1788935373
2026-09-09T06:29:49+00:00,424,0,5,True,True,True,1788935373
2026-09-09T06:29:49+00:00,455,1,8,True,True,True,1788935373
2026-09-09T06:29:49+00:00,457,0,9,True,True,True,1788935373
2026-09-09T06:29:49+00:00,377,20,9,True,True,True,1788935373
2026-09-09T06:29:49+00:00,738,6,6,True,True,True,1788935373
2026-09-09T06:29:49+00:00,460,20,7,True,True,True,1788935373
2026-09-09T06:29:49+00:00,744,0,8,True,True,True,1788935373
2026-09-09T06:29:49+00:00,485,0,17,True,True,True,1788935373
2026-09-09T06:44:49+00:00,5431,3,15,True,True,True,1788936276
2026-09-09T06:44:49+00:00,5424,3,14,True,True,True,1788936276
2026-09-09T06:44:49+00:00,5220,2,17,True,True,True,1788936276
2026-09-09T06:44:49+00:00,5113,7,5,True,True,True,1788936276
2026-09-09T06:44:49+00:00,4683,6,12,True,True,True,1788936276
2026-09-09T06:44:49+00:00,4552,17,1,True,True,True,1788936276
2026-09-09T06:44:49+00:00,3725,1,17,True,True,True,1788936276
2026-09-09T06:44:49+00:00,2355,0,12,True,True,True,1788936276
2026-09-09T06:44:49+00:00,2351,0,16,True,True,True,1788936276
2026-09-09T06:44:49+00:00,2350,4,19,True,True,True,1788936276
2026-09-09T06:44:49+00:00,2349,2,18,True,True,True,1788936276
2026-09-09T06:44:49+00:00,2347,12,16,True,True,True,1788936276
2026-09-09T06:44:49+00:00,2340,0,23,True,True,True,1788936276
2026-09-09T06:44:49+00:00,2339,14,14,True,True,True,1788936276
2026-09-09T06:44:49+00:00,2334,12,0,True,True,True,1788936276
2026-09-09T06:44:49+00:00,2333,11,4,True,True,True,1788936276
2026-09-09T06:44:49+00:00,2332,7,5,True,True,True,1788936276
2026-09-09T06:44:49+00:00,2330,13,0,True,True,True,1788936276
2026-09-09T06:44:49+00:00,2328,19,0,True,True,True,1788936276
2026-09-09T06:44:49+00:00,2315,15,0,True,True,True,1788936276
2026-09-09T06:44:49+00:00,2308,6,0,True,True,True,1788936276
2026-09-09T06:44:49+00:00,2307,2,27,True,True,True,1788936276
2026-09-09T06:44:49+00:00,2306,2,16,True,True,True,1788936276
2026-09-09T06:44:49+00:00,2305,0,15,True,True,True,1788936276
2026-09-09T06:44:49+00:00,2304,9,9,True,True,True,1788936276
2026-09-09T06:44:49+00:00,2270,0,19,True,True,True,1788936276
2026-09-09T06:44:49+00:00,1919,4,0,True,True,True,1788936276
2026-09-09T06:44:49+00:00,1009,1,8,True,True,True,1788936276
2026-09-09T06:44:49+00:00,970,12,12,True,True,True,1788936276
2026-09-09T06:44:49+00:00,627,3,26,True,True,True,1788936276
2026-09-09T06:44:49+00:00,624,1,16,True,True,True,1788936276
2026-09-09T06:44:49+00:00,626,6,16,True,True,True,1788936276
2026-09-09T06:44:49+00:00,614,0,24,True,True,True,1788936276
2026-09-09T06:44:49+00:00,616,6,9,True,True,True,1788936276
2026-09-09T06:44:49+00:00,618,0,40,True,True,True,1788936276
2026-09-09T06:44:49+00:00,621,4,22,True,True,True,1788936276
2026-09-09T06:44:49+00:00,622,0,25,True,True,True,1788936276
2026-09-09T06:44:49+00:00,613,0,18,True,True,True,1788936276
2026-09-09T06:44:49+00:00,620,0,35,True,True,True,1788936276
2026-09-09T06:44:49+00:00,596,4,12,True,True,True,1788936276
2026-09-09T06:44:49+00:00,617,0,17,True,True,True,1788936276
2026-09-09T06:44:49+00:00,609,20,7,True,True,True,1788936276
2026-09-09T06:44:49+00:00,607,2,21,True,True,True,1788936276
2026-09-09T06:44:49+00:00,603,0,17,True,True,True,1788936276
2026-09-09T06:44:49+00:00,590,8,27,True,True,True,1788936276
2026-09-09T06:44:49+00:00,610,4,16,True,True,True,1788936276
2026-09-09T06:44:49+00:00,608,6,14,True,True,True,1788936276
2026-09-09T06:44:49+00:00,593,13,16,True,True,True,1788936276
2026-09-09T06:44:49+00:00,530,2,6,True,True,True,1788936276
2026-09-09T06:44:49+00:00,463,9,9,True,True,True,1788936276
2026-09-09T06:44:49+00:00,475,10,14,True,True,True,1788936276
2026-09-09T06:44:49+00:00,439,2,18,True,True,True,1788936276
2026-09-09T06:44:49+00:00,600,7,4,True,True,True,1788936276
2026-09-09T06:44:49+00:00,440,4,12,True,True,True,1788936276
2026-09-09T06:44:49+00:00,612,8,9,True,True,True,1788936276
2026-09-09T06:44:49+00:00,491,14,2,True,True,True,1788936276
2026-09-09T06:44:49+00:00,493,15,13,True,True,True,1788936276
2026-09-09T06:44:49+00:00,410,0,26,True,True,True,1788936276
2026-09-09T06:44:49+00:00,605,15,3,True,True,True,1788936276
2026-09-09T06:44:49+00:00,388,1,17,True,True,True,1788936276
2026-09-09T06:44:49+00:00,591,8,15,True,True,True,1788936276
2026-09-09T06:44:49+00:00,592,0,18,True,True,True,1788936276
2026-09-09T06:44:49+00:00,585,14,3,True,True,True,1788936276
2026-09-09T06:44:49+00:00,565,1,15,True,True,True,1788936276
2026-09-09T06:44:49+00:00,568,0,14,True,True,True,1788936276
2026-09-09T06:44:49+00:00,588,1,15,True,True,True,1788936276
2026-09-09T06:44:49+00:00,584,2,30,True,True,True,1788936276
2026-09-09T06:44:49+00:00,569,8,20,True,True,True,1788936276
2026-09-09T06:44:49+00:00,564,2,27,True,True,True,1788936276
2026-09-09T06:44:49+00:00,570,2,13,True,True,True,1788936276
2026-09-09T06:44:49+00:00,572,17,19,True,True,True,1788936276
2026-09-09T06:44:49+00:00,587,0,15,False,False,False,1788936276
2026-09-09T06:44:49+00:00,586,19,5,True,True,True,1788936276
2026-09-09T06:44:49+00:00,566,11,13,True,True,True,1788936276
2026-09-09T06:44:49+00:00,602,6,12,True,True,True,1788936276
2026-09-09T06:44:49+00:00,575,18,10,True,True,True,1788936276
2026-09-09T06:44:49+00:00,567,4,35,True,True,True,1788936276
2026-09-09T06:44:49+00:00,582,0,25,True,True,True,1788936276
2026-09-09T06:44:49+00:00,595,15,7,True,True,True,1788936276
2026-09-09T06:44:49+00:00,542,11,7,True,True,True,1788936276
2026-09-09T06:44:49+00:00,563,10,3,True,True,True,1788936276
2026-09-09T06:44:49+00:00,552,15,2,True,True,True,1788936276
2026-09-09T06:44:49+00:00,555,0,13,True,True,True,1788936276
2026-09-09T06:44:49+00:00,561,1,19,True,True,True,1788936276
2026-09-09T06:44:49+00:00,543,2,18,True,True,True,1788936276
2026-09-09T06:44:49+00:00,554,15,5,True,True,True,1788936276
2026-09-09T06:44:49+00:00,574,10,2,True,True,True,1788936276
2026-09-09T06:44:49+00:00,560,1,7,True,True,True,1788936276
2026-09-09T06:44:49+00:00,548,0,16,True,True,True,1788936276
2026-09-09T06:44:49+00:00,559,4,11,True,True,True,1788936276
2026-09-09T06:44:49+00:00,550,0,9,True,True,True,1788936276
2026-09-09T06:44:49+00:00,541,9,0,True,True,True,1788936276
2026-09-09T06:44:49+00:00,527,10,1,True,True,True,1788936276
2026-09-09T06:44:49+00:00,529,1,17,True,True,True,1788936276
2026-09-09T06:44:49+00:00,537,15,0,True,True,True,1788936276
2026-09-09T06:44:49+00:00,601,0,19,True,True,True,1788936276
2026-09-09T06:44:49+00:00,535,0,20,True,True,True,1788936276
2026-09-09T06:44:49+00:00,524,1,18,True,True,True,1788936276
2026-09-09T06:44:49+00:00,519,0,17,True,True,True,1788936276
2026-09-09T06:44:49+00:00,534,19,17,True,True,True,1788936276
2026-09-09T06:44:49+00:00,521,4,10,True,True,True,1788936276
2026-09-09T06:44:49+00:00,518,0,16,True,True,True,1788936276
2026-09-09T06:44:49+00:00,556,0,18,True,True,True,1788936276
2026-09-09T06:44:49+00:00,525,1,13,True,True,True,1788936276
2026-09-09T06:44:49+00:00,517,4,13,True,True,True,1788936276
2026-09-09T06:44:49+00:00,523,17,13,True,True,True,1788936276
2026-09-09T06:44:49+00:00,522,7,1,True,True,True,1788936276
2026-09-09T06:44:49+00:00,594,5,14,True,True,True,1788936276
2026-09-09T06:44:49+00:00,532,9,11,True,True,True,1788936276
2026-09-09T06:44:49+00:00,531,2,12,True,True,True,1788936276
2026-09-09T06:44:49+00:00,536,3,6,True,True,True,1788936276
2026-09-09T06:44:49+00:00,562,9,22,True,True,True,1788936276
2026-09-09T06:44:49+00:00,511,22,1,True,True,True,1788936276
2026-09-09T06:44:49+00:00,505,1,19,True,True,True,1788936276
2026-09-09T06:44:49+00:00,501,1,16,True,True,True,1788936276
2026-09-09T06:44:49+00:00,514,2,10,True,True,True,1788936276
2026-09-09T06:44:49+00:00,500,3,13,True,True,True,1788936276
2026-09-09T06:44:49+00:00,503,14,15,True,True,True,1788936276
2026-09-09T06:44:49+00:00,513,0,15,True,True,True,1788936276
2026-09-09T06:44:49+00:00,498,0,11,True,True,True,1788936276
2026-09-09T06:44:49+00:00,507,0,18,True,True,True,1788936276
2026-09-09T06:44:49+00:00,512,2,25,True,True,True,1788936276
2026-09-09T06:44:49+00:00,619,0,42,True,True,True,1788936276
2026-09-09T06:44:49+00:00,474,2,40,True,True,True,1788936276
2026-09-09T06:44:49+00:00,580,1,42,True,True,True,1788936276
2026-09-09T06:44:49+00:00,496,0,42,True,True,True,1788936276
2026-09-09T06:44:49+00:00,482,0,18,True,True,True,1788936276
2026-09-09T06:44:49+00:00,407,0,10,True,True,True,1788936276
2026-09-09T06:44:49+00:00,409,0,21,True,True,True,1788936276
2026-09-09T06:44:49+00:00,451,2,4,True,True,True,1788936276
2026-09-09T06:44:49+00:00,402,3,15,True,True,True,1788936276
2026-09-09T06:44:49+00:00,516,1,12,True,True,True,1788936276
2026-09-09T06:44:49+00:00,429,14,5,True,True,True,1788936276
2026-09-09T06:44:49+00:00,380,0,21,True,True,True,1788936276
2026-09-09T06:44:49+00:00,583,4,14,True,True,True,1788936276
2026-09-09T06:44:49+00:00,398,1,13,True,True,True,1788936276
2026-09-09T06:44:49+00:00,381,0,15,True,True,True,1788936276
2026-09-09T06:44:49+00:00,464,28,15,True,True,True,1788936276
2026-09-09T06:44:49+00:00,442,11,2,True,True,True,1788936276
2026-09-09T06:44:49+00:00,483,7,14,True,True,True,1788936276
2026-09-09T06:44:49+00:00,458,2,12,True,True,True,1788936276
2026-09-09T06:44:49+00:00,499,0,14,True,True,True,1788936276
2026-09-09T06:44:49+00:00,472,0,17,True,True,True,1788936276
2026-09-09T06:44:49+00:00,506,20,6,True,True,True,1788936276
2026-09-09T06:44:49+00:00,465,25,2,True,True,True,1788936276
2026-09-09T06:44:49+00:00,404,6,20,True,True,True,1788936276
2026-09-09T06:44:49+00:00,579,1,13,True,True,True,1788936276
2026-09-09T06:44:49+00:00,589,12,13,True,True,True,1788936276
2026-09-09T06:44:49+00:00,434,4,9,True,True,True,1788936276
2026-09-09T06:44:49+00:00,462,0,10,True,True,True,1788936276
2026-09-09T06:44:49+00:00,578,0,24,True,True,True,1788936276
2026-09-09T06:44:49+00:00,415,0,9,True,True,True,1788936276
2026-09-09T06:44:49+00:00,423,2,16,True,True,True,1788936276
2026-09-09T06:44:49+00:00,412,5,0,True,True,True,1788936276
2026-09-09T06:44:49+00:00,454,9,11,True,True,True,1788936276
2026-09-09T06:44:49+00:00,436,0,12,True,True,True,1788936276
2026-09-09T06:44:49+00:00,394,1,19,True,True,True,1788936276
2026-09-09T06:44:49+00:00,497,3,24,True,True,True,1788936276
2026-09-09T06:44:49+00:00,581,8,13,True,True,True,1788936276
2026-09-09T06:44:49+00:00,461,4,16,True,True,True,1788936276
2026-09-09T06:44:49+00:00,599,40,5,True,True,True,1788936276
2026-09-09T06:44:49+00:00,428,8,13,True,True,True,1788936276
2026-09-09T06:44:49+00:00,400,7,15,True,True,True,1788936276
2026-09-09T06:44:49+00:00,487,0,21,True,True,True,1788936276
2026-09-09T06:44:49+00:00,438,19,21,True,True,True,1788936276
2026-09-09T06:44:49+00:00,459,0,11,True,True,True,1788936276
2026-09-09T06:44:49+00:00,433,0,16,True,True,True,1788936276
2026-09-09T06:44:49+00:00,399,0,29,True,True,True,1788936276
2026-09-09T06:44:49+00:00,489,18,8,True,True,True,1788936276
2026-09-09T06:44:49+00:00,742,12,14,True,True,True,1788936276
2026-09-09T06:44:49+00:00,551,1,33,True,True,True,1788936276
2026-09-09T06:44:49+00:00,406,4,6,True,True,True,1788936276
2026-09-09T06:44:49+00:00,488,0,23,True,True,True,1788936276
2026-09-09T06:44:49+00:00,540,0,35,True,True,True,1788936276
2026-09-09T06:44:49+00:00,431,3,15,True,True,True,1788936276
2026-09-09T06:44:49+00:00,393,0,19,True,True,True,1788936276
2026-09-09T06:44:49+00:00,420,11,10,True,True,True,1788936276
2026-09-09T06:44:49+00:00,397,14,18,True,True,True,1788936276
2026-09-09T06:44:49+00:00,484,11,22,True,True,True,1788936276
2026-09-09T06:44:49+00:00,479,16,8,True,True,True,1788936276
2026-09-09T06:44:49+00:00,403,1,13,True,True,True,1788936276
2026-09-09T06:44:49+00:00,435,3,24,True,True,True,1788936276
2026-09-09T06:44:49+00:00,426,0,19,True,True,True,1788936276
2026-09-09T06:44:49+00:00,450,0,13,True,True,True,1788936276
2026-09-09T06:44:49+00:00,456,9,24,True,True,True,1788936276
2026-09-09T06:44:49+00:00,468,7,5,True,True,True,1788936276
2026-09-09T06:44:49+00:00,453,5,27,True,True,True,1788936276
2026-09-09T06:44:49+00:00,466,1,13,True,True,True,1788936276
2026-09-09T06:44:49+00:00,469,1,25,True,True,True,1788936276
2026-09-09T06:44:49+00:00,416,0,14,True,True,True,1788936276
2026-09-09T06:44:49+00:00,391,0,8,True,True,True,1788936276
2026-09-09T06:44:49+00:00,389,4,13,True,True,True,1788936276
2026-09-09T06:44:49+00:00,470,4,6,True,True,True,1788936276
2026-09-09T06:44:49+00:00,384,10,1,True,True,True,1788936276
2026-09-09T06:44:49+00:00,425,0,8,True,True,True,1788936276
2026-09-09T06:44:49+00:00,411,0,12,True,True,True,1788936276
2026-09-09T06:44:49+00:00,598,17,11,True,True,True,1788936276
2026-09-09T06:44:49+00:00,444,9,8,True,True,True,1788936276
2026-09-09T06:44:49+00:00,447,27,0,True,True,True,1788936276
2026-09-09T06:44:49+00:00,408,7,7,True,True,True,1788936276
2026-09-09T06:44:49+00:00,737,15,7,True,True,True,1788936276
2026-09-09T06:44:49+00:00,432,0,11,True,True,True,1788936276
2026-09-09T06:44:49+00:00,401,1,5,True,True,True,1788936276
2026-09-09T06:44:49+00:00,392,7,1,True,True,True,1788936276
2026-09-09T06:44:49+00:00,495,14,24,True,True,True,1788936276
2026-09-09T06:44:49+00:00,478,11,0,True,True,True,1788936276
2026-09-09T06:44:49+00:00,476,14,4,True,True,True,1788936276
2026-09-09T06:44:49+00:00,445,3,14,True,True,True,1788936276
2026-09-09T06:44:49+00:00,748,10,17,True,True,True,1788936276
2026-09-09T06:44:49+00:00,473,2,4,True,True,True,1788936276
2026-09-09T06:44:49+00:00,383,0,27,True,True,True,1788936276
2026-09-09T06:44:49+00:00,480,15,7,True,True,True,1788936276
2026-09-09T06:44:49+00:00,421,0,19,True,True,True,1788936276
2026-09-09T06:44:49+00:00,746,7,4,True,True,True,1788936276
2026-09-09T06:44:49+00:00,417,0,12,True,True,True,1788936276
2026-09-09T06:44:49+00:00,427,1,12,True,True,True,1788936276
2026-09-09T06:44:49+00:00,395,0,14,True,True,True,1788936276
2026-09-09T06:44:49+00:00,418,1,22,True,True,True,1788936276
2026-09-09T06:44:49+00:00,413,2,11,True,True,True,1788936276
2026-09-09T06:44:49+00:00,486,3,19,True,True,True,1788936276
2026-09-09T06:44:49+00:00,597,7,2,True,True,True,1788936276
2026-09-09T06:44:49+00:00,422,1,9,True,True,True,1788936276
2026-09-09T06:44:49+00:00,382,0,7,True,True,True,1788936276
2026-09-09T06:44:49+00:00,735,9,4,True,True,True,1788936276
2026-09-09T06:44:49+00:00,437,10,14,True,True,True,1788936276
2026-09-09T06:44:49+00:00,446,1,19,True,True,True,1788936276
2026-09-09T06:44:49+00:00,424,1,4,True,True,True,1788936276
2026-09-09T06:44:49+00:00,455,0,9,True,True,True,1788936276
2026-09-09T06:44:49+00:00,457,0,9,True,True,True,1788936276
2026-09-09T06:44:49+00:00,377,21,8,True,True,True,1788936276
2026-09-09T06:44:49+00:00,738,5,7,True,True,True,1788936276
2026-09-09T06:44:49+00:00,460,18,9,True,True,True,1788936276
2026-09-09T06:44:49+00:00,744,0,8,True,True,True,1788936276
2026-09-09T06:44:49+00:00,485,0,17,True,True,True,1788936276
2026-09-09T06:59:49+00:00,5431,3,15,True,True,True,1788937182
2026-09-09T06:59:49+00:00,5424,3,14,True,True,True,1788937182
2026-09-09T06:59:49+00:00,5220,2,17,True,True,True,1788937182
2026-09-09T06:59:49+00:00,5113,6,6,True,True,True,1788937182
2026-09-09T06:59:49+00:00,4683,6,12,True,True,True,1788937182
2026-09-09T06:59:49+00:00,4552,17,1,True,True,True,1788937182
2026-09-09T06:59:49+00:00,3725,1,17,True,True,True,1788937182
2026-09-09T06:59:49+00:00,2355,0,12,True,True,True,1788937182
2026-09-09T06:59:49+00:00,2351,0,16,True,True,True,1788937182
2026-09-09T06:59:49+00:00,2350,4,19,True,True,True,1788937182
2026-09-09T06:59:49+00:00,2349,2,18,True,True,True,1788937182
2026-09-09T06:59:49+00:00,2347,12,16,True,True,True,1788937182
2026-09-09T06:59:49+00:00,2340,0,23,True,True,True,1788937182
2026-09-09T06:59:49+00:00,2339,14,14,True,True,True,1788937182
2026-09-09T06:59:49+00:00,2334,12,0,True,True,True,1788937182
2026-09-09T06:59:49+00:00,2333,11,4,True,True,True,1788937182
2026-09-09T06:59:49+00:00,2332,6,5,True,True,True,1788937182
2026-09-09T06:59:49+00:00,2330,13,0,True,True,True,1788937182
2026-09-09T06:59:49+00:00,2328,19,0,True,True,True,1788937182
2026-09-09T06:59:49+00:00,2315,15,0,True,True,True,1788937182
2026-09-09T06:59:49+00:00,2308,5,1,True,True,True,1788937182
2026-09-09T06:59:49+00:00,2307,2,27,True,True,True,1788937182
2026-09-09T06:59:49+00:00,2306,2,16,True,True,True,1788937182
2026-09-09T06:59:49+00:00,2305,0,15,True,True,True,1788937182
2026-09-09T06:59:49+00:00,2304,9,9,True,True,True,1788937182
2026-09-09T06:59:49+00:00,2270,0,19,True,True,True,1788937182
2026-09-09T06:59:49+00:00,1919,4,0,True,True,True,1788937182
2026-09-09T06:59:49+00:00,1009,1,8,True,True,True,1788937182
2026-09-09T06:59:49+00:00,970,11,13,True,True,True,1788937182
2026-09-09T06:59:49+00:00,627,4,25,True,True,True,1788937182
2026-09-09T06:59:49+00:00,624,0,16,True,True,True,1788937182
2026-09-09T06:59:49+00:00,626,5,17,True,True,True,1788937182
2026-09-09T06:59:49+00:00,614,0,24,True,True,True,1788937182
2026-09-09T06:59:49+00:00,616,13,2,True,True,True,1788937182
2026-09-09T06:59:49+00:00,618,1,39,True,True,True,1788937182
2026-09-09T06:59:49+00:00,621,4,22,True,True,True,1788937182
2026-09-09T06:59:49+00:00,622,0,25,True,True,True,1788937182
2026-09-09T06:59:49+00:00,613,0,18,True,True,True,1788937182
2026-09-09T06:59:49+00:00,620,0,35,True,True,True,1788937182
2026-09-09T06:59:49+00:00,596,4,12,True,True,True,1788937182
2026-09-09T06:59:49+00:00,617,0,17,True,True,True,1788937182
2026-09-09T06:59:49+00:00,609,23,4,True,True,True,1788937182
2026-09-09T06:59:49+00:00,607,5,19,True,True,True,1788937182
2026-09-09T06:59:49+00:00,603,0,17,True,True,True,1788937182
2026-09-09T06:59:49+00:00,590,9,26,True,True,True,1788937182
2026-09-09T06:59:49+00:00,610,4,16,True,True,True,1788937182
2026-09-09T06:59:49+00:00,608,4,16,True,True,True,1788937182
2026-09-09T06:59:49+00:00,593,12,17,True,True,True,1788937182
2026-09-09T06:59:49+00:00,530,4,5,True,True,True,1788937182
2026-09-09T06:59:49+00:00,463,7,11,True,True,True,1788937182
2026-09-09T06:59:49+00:00,475,10,14,True,True,True,1788937182
2026-09-09T06:59:49+00:00,439,2,18,True,True,True,1788937182
2026-09-09T06:59:49+00:00,600,6,5,True,True,True,1788937182
2026-09-09T06:59:49+00:00,440,4,12,True,True,True,1788937182
2026-09-09T06:59:49+00:00,612,6,11,True,True,True,1788937182
2026-09-09T06:59:49+00:00,491,15,1,True,True,True,1788937182
2026-09-09T06:59:49+00:00,493,14,14,True,True,True,1788937182
2026-09-09T06:59:49+00:00,410,0,26,True,True,True,1788937182
2026-09-09T06:59:49+00:00,605,14,4,True,True,True,1788937182
2026-09-09T06:59:49+00:00,388,1,17,True,True,True,1788937182
2026-09-09T06:59:49+00:00,591,7,16,True,True,True,1788937182
2026-09-09T06:59:49+00:00,592,0,18,True,True,True,1788937182
2026-09-09T06:59:49+00:00,585,17,0,True,True,True,1788937182
2026-09-09T06:59:49+00:00,565,1,15,True,True,True,1788937182
2026-09-09T06:59:49+00:00,568,0,14,True,True,True,1788937182
2026-09-09T06:59:49+00:00,588,1,15,True,True,True,1788937182
2026-09-09T06:59:49+00:00,584,1,32,True,True,True,1788937182
2026-09-09T06:59:49+00:00,569,8,21,True,True,True,1788937182
2026-09-09T06:59:49+00:00,564,1,28,True,True,True,1788937182
2026-09-09T06:59:49+00:00,570,2,13,True,True,True,1788937182
2026-09-09T06:59:49+00:00,572,19,17,True,True,True,1788937182
2026-09-09T06:59:49+00:00,587,0,15,False,False,False,1788937182
2026-09-09T06:59:49+00:00,586,17,7,True,True,True,1788937182
2026-09-09T06:59:49+00:00,566,11,13,True,True,True,1788937182
2026-09-09T06:59:49+00:00,602,6,12,True,True,True,1788937182
2026-09-09T06:59:49+00:00,575,18,10,True,True,True,1788937182
2026-09-09T06:59:49+00:00,567,4,35,True,True,True,1788937182
2026-09-09T06:59:49+00:00,582,0,25,True,True,True,1788937182
2026-09-09T06:59:49+00:00,595,15,7,True,True,True,1788937182
2026-09-09T06:59:49+00:00,542,10,8,True,True,True,1788937182
2026-09-09T06:59:49+00:00,563,10,2,True,True,True,1788937182
2026-09-09T06:59:49+00:00,552,16,2,True,True,True,1788937182
2026-09-09T06:59:49+00:00,555,0,13,True,True,True,1788937182
2026-09-09T06:59:49+00:00,561,1,20,True,True,True,1788937182
2026-09-09T06:59:49+00:00,543,2,18,True,True,True,1788937182
2026-09-09T06:59:49+00:00,554,14,6,True,True,True,1788937182
2026-09-09T06:59:49+00:00,574,10,2,True,True,True,1788937182
2026-09-09T06:59:49+00:00,560,1,7,True,True,True,1788937182
2026-09-09T06:59:49+00:00,548,1,15,True,True,True,1788937182
2026-09-09T06:59:49+00:00,559,4,11,True,True,True,1788937182
2026-09-09T06:59:49+00:00,550,0,9,True,True,True,1788937182
2026-09-09T06:59:49+00:00,541,9,0,True,True,True,1788937182
2026-09-09T06:59:49+00:00,527,10,1,True,True,True,1788937182
2026-09-09T06:59:49+00:00,529,1,17,True,True,True,1788937182
2026-09-09T06:59:49+00:00,537,15,0,True,True,True,1788937182
2026-09-09T06:59:49+00:00,601,0,19,True,True,True,1788937182
2026-09-09T06:59:49+00:00,535,0,20,True,True,True,1788937182
2026-09-09T06:59:49+00:00,524,1,18,True,True,True,1788937182
2026-09-09T06:59:49+00:00,519,0,17,True,True,True,1788937182
2026-09-09T06:59:49+00:00,534,22,13,True,True,True,1788937182
2026-09-09T06:59:49+00:00,521,5,9,True,True,True,1788937182
2026-09-09T06:59:49+00:00,518,0,17,True,True,True,1788937182
2026-09-09T06:59:49+00:00,556,0,18,True,True,True,1788937182
2026-09-09T06:59:49+00:00,525,0,14,True,True,True,1788937182
2026-09-09T06:59:49+00:00,517,1,16,True,True,True,1788937182
2026-09-09T06:59:49+00:00,523,20,10,True,True,True,1788937182
2026-09-09T06:59:49+00:00,522,6,2,True,True,True,1788937182
2026-09-09T06:59:49+00:00,594,5,14,True,True,True,1788937182
2026-09-09T06:59:49+00:00,532,9,11,True,True,True,1788937182
2026-09-09T06:59:49+00:00,531,2,12,True,True,True,1788937182
2026-09-09T06:59:49+00:00,536,3,5,True,True,True,1788937182
2026-09-09T06:59:49+00:00,562,11,20,True,True,True,1788937182
2026-09-09T06:59:49+00:00,511,22,1,True,True,True,1788937182
2026-09-09T06:59:49+00:00,505,2,18,True,True,True,1788937182
2026-09-09T06:59:49+00:00,501,1,16,True,True,True,1788937182
2026-09-09T06:59:49+00:00,514,0,12,True,True,True,1788937182
2026-09-09T06:59:49+00:00,500,3,13,True,True,True,1788937182
2026-09-09T06:59:49+00:00,503,12,17,True,True,True,1788937182
2026-09-09T06:59:49+00:00,513,0,15,True,True,True,1788937182
2026-09-09T06:59:49+00:00,498,0,11,True,True,True,1788937182
2026-09-09T06:59:49+00:00,507,0,18,True,True,True,1788937182
2026-09-09T06:59:49+00:00,512,1,26,True,True,True,1788937182
2026-09-09T06:59:49+00:00,619,0,42,True,True,True,1788937182
2026-09-09T06:59:49+00:00,474,3,39,True,True,True,1788937182
2026-09-09T06:59:49+00:00,580,1,42,True,True,True,1788937182
2026-09-09T06:59:49+00:00,496,0,42,True,True,True,1788937182
2026-09-09T06:59:49+00:00,482,0,18,True,True,True,1788937182
2026-09-09T06:59:49+00:00,407,0,10,True,True,True,1788937182
2026-09-09T06:59:49+00:00,409,0,21,True,True,True,1788937182
2026-09-09T06:59:49+00:00,451,0,6,True,True,True,1788937182
2026-09-09T06:59:49+00:00,402,3,15,True,True,True,1788937182
2026-09-09T06:59:49+00:00,516,1,12,True,True,True,1788937182
2026-09-09T06:59:49+00:00,429,14,6,True,True,True,1788937182
2026-09-09T06:59:49+00:00,380,0,21,True,True,True,1788937182
2026-09-09T06:59:49+00:00,583,3,15,True,True,True,1788937182
2026-09-09T06:59:49+00:00,398,1,13,True,True,True,1788937182
2026-09-09T06:59:49+00:00,381,0,15,True,True,True,1788937182
2026-09-09T06:59:49+00:00,464,29,13,True,True,True,1788937182
2026-09-09T06:59:49+00:00,442,14,1,True,True,True,1788937182
2026-09-09T06:59:49+00:00,483,7,14,True,True,True,1788937182
2026-09-09T06:59:49+00:00,458,2,12,True,True,True,1788937182
2026-09-09T06:59:49+00:00,499,0,14,True,True,True,1788937182
2026-09-09T06:59:49+00:00,472,0,17,True,True,True,1788937182
2026-09-09T06:59:49+00:00,506,20,6,True,True,True,1788937182
2026-09-09T06:59:49+00:00,465,24,3,True,True,True,1788937182
2026-09-09T06:59:49+00:00,404,8,18,True,True,True,1788937182
2026-09-09T06:59:49+00:00,579,1,13,True,True,True,1788937182
2026-09-09T06:59:49+00:00,589,12,13,True,True,True,1788937182
2026-09-09T06:59:49+00:00,434,5,8,True,True,True,1788937182
2026-09-09T06:59:49+00:00,462,1,9,True,True,True,1788937182
2026-09-09T06:59:49+00:00,578,0,24,True,True,True,1788937182
2026-09-09T06:59:49+00:00,415,0,9,True,True,True,1788937182
2026-09-09T06:59:49+00:00,423,3,15,True,True,True,1788937182
2026-09-09T06:59:49+00:00,412,5,0,True,True,True,1788937182
2026-09-09T06:59:49+00:00,454,9,11,True,True,True,1788937182
2026-09-09T06:59:49+00:00,436,0,12,True,True,True,1788937182
2026-09-09T06:59:49+00:00,394,0,20,True,True,True,1788937182
2026-09-09T06:59:49+00:00,497,3,24,True,True,True,1788937182
2026-09-09T06:59:49+00:00,581,7,14,True,True,True,1788937182
2026-09-09T06:59:49+00:00,461,4,16,True,True,True,1788937182
2026-09-09T06:59:49+00:00,599,44,1,True,True,True,1788937182
2026-09-09T06:59:49+00:00,428,9,12,True,True,True,1788937182
2026-09-09T06:59:49+00:00,400,7,15,True,True,True,1788937182
2026-09-09T06:59:49+00:00,487,1,20,True,True,True,1788937182
2026-09-09T06:59:49+00:00,438,19,21,True,True,True,1788937182
2026-09-09T06:59:49+00:00,459,0,11,True,True,True,1788937182
2026-09-09T06:59:49+00:00,433,0,16,True,True,True,1788937182
2026-09-09T06:59:49+00:00,399,0,29,True,True,True,1788937182
2026-09-09T06:59:49+00:00,489,20,6,True,True,True,1788937182
2026-09-09T06:59:49+00:00,742,9,17,True,True,True,1788937182
2026-09-09T06:59:49+00:00,551,1,33,True,True,True,1788937182
2026-09-09T06:59:49+00:00,406,3,7,True,True,True,1788937182
2026-09-09T06:59:49+00:00,488,0,23,True,True,True,1788937182
2026-09-09T06:59:49+00:00,540,0,35,True,True,True,1788937182
2026-09-09T06:59:49+00:00,431,3,15,True,True,True,1788937182
2026-09-09T06:59:49+00:00,393,0,19,True,True,True,1788937182
2026-09-09T06:59:49+00:00,420,10,11,True,True,True,1788937182
2026-09-09T06:59:49+00:00,397,14,18,True,True,True,1788937182
2026-09-09T06:59:49+00:00,484,11,21,True,True,True,1788937182
2026-09-09T06:59:49+00:00,479,20,4,True,True,True,1788937182
2026-09-09T06:59:49+00:00,403,1,13,True,True,True,1788937182
2026-09-09T06:59:49+00:00,435,0,27,True,True,True,1788937182
2026-09-09T06:59:49+00:00,426,0,19,True,True,True,1788937182
2026-09-09T06:59:49+00:00,450,0,13,True,True,True,1788937182
2026-09-09T06:59:49+00:00,456,9,24,True,True,True,1788937182
2026-09-09T06:59:49+00:00,468,9,3,True,True,True,1788937182
2026-09-09T06:59:49+00:00,453,5,27,True,True,True,1788937182
2026-09-09T06:59:49+00:00,466,1,13,True,True,True,1788937182
2026-09-09T06:59:49+00:00,469,1,25,True,True,True,1788937182
2026-09-09T06:59:49+00:00,416,0,14,True,True,True,1788937182
2026-09-09T06:59:49+00:00,391,0,8,True,True,True,1788937182
2026-09-09T06:59:49+00:00,389,5,12,True,True,True,1788937182
2026-09-09T06:59:49+00:00,470,3,7,True,True,True,1788937182
2026-09-09T06:59:49+00:00,384,11,0,True,True,True,1788937182
2026-09-09T06:59:49+00:00,425,0,8,True,True,True,1788937182
2026-09-09T06:59:49+00:00,411,0,12,True,True,True,1788937182
2026-09-09T06:59:49+00:00,598,17,11,True,True,True,1788937182
2026-09-09T06:59:49+00:00,444,6,11,True,True,True,1788937182
2026-09-09T06:59:49+00:00,447,26,0,True,True,True,1788937182
2026-09-09T06:59:49+00:00,408,6,8,True,True,True,1788937182
2026-09-09T06:59:49+00:00,737,16,6,True,True,True,1788937182
2026-09-09T06:59:49+00:00,432,0,11,True,True,True,1788937182
2026-09-09T06:59:49+00:00,401,1,5,True,True,True,1788937182
2026-09-09T06:59:49+00:00,392,7,1,True,True,True,1788937182
2026-09-09T06:59:49+00:00,495,16,22,True,True,True,1788937182
2026-09-09T06:59:49+00:00,478,11,0,True,True,True,1788937182
2026-09-09T06:59:49+00:00,476,17,1,True,True,True,1788937182
2026-09-09T06:59:49+00:00,445,3,14,True,True,True,1788937182
2026-09-09T06:59:49+00:00,748,8,19,True,True,True,1788937182
2026-09-09T06:59:49+00:00,473,0,6,True,True,True,1788937182
2026-09-09T06:59:49+00:00,383,0,27,True,True,True,1788937182
2026-09-09T06:59:49+00:00,480,12,10,True,True,True,1788937182
2026-09-09T06:59:49+00:00,421,0,19,True,True,True,1788937182
2026-09-09T06:59:49+00:00,746,7,4,True,True,True,1788937182
2026-09-09T06:59:49+00:00,417,0,12,True,True,True,1788937182
2026-09-09T06:59:49+00:00,427,1,12,True,True,True,1788937182
2026-09-09T06:59:49+00:00,395,0,14,True,True,True,1788937182
2026-09-09T06:59:49+00:00,418,1,22,True,True,True,1788937182
2026-09-09T06:59:49+00:00,413,1,12,True,True,True,1788937182
2026-09-09T06:59:49+00:00,486,3,19,True,True,True,1788937182
2026-09-09T06:59:49+00:00,597,8,2,True,True,True,1788937182
2026-09-09T06:59:49+00:00,422,1,9,True,True,True,1788937182
2026-09-09T06:59:49+00:00,382,2,5,True,True,True,1788937182
2026-09-09T06:59:49+00:00,735,10,3,True,True,True,1788937182
2026-09-09T06:59:49+00:00,437,12,12,True,True,True,1788937182
2026-09-09T06:59:49+00:00,446,2,18,True,True,True,1788937182
2026-09-09T06:59:49+00:00,424,1,4,True,True,True,1788937182
2026-09-09T06:59:49+00:00,455,0,8,True,True,True,1788937182
2026-09-09T06:59:49+00:00,457,0,9,True,True,True,1788937182
2026-09-09T06:59:49+00:00,377,20,9,True,True,True,1788937182
2026-09-09T06:59:49+00:00,738,5,7,True,True,True,1788937182
2026-09-09T06:59:49+00:00,460,18,9,True,True,True,1788937182
2026-09-09T06:59:49+00:00,744,0,8,True,True,True,1788937182
2026-09-09T06:59:49+00:00,485,2,15,True,True,True,1788937182
2026-09-09T07:14:49+00:00,5431,3,15,True,True,True,1788938086
2026-09-09T07:14:49+00:00,5424,3,14,True,True,True,1788938086
2026-09-09T07:14:49+00:00,5220,2,17,True,True,True,1788938086
2026-09-09T07:14:49+00:00,5113,5,7,True,True,True,1788938086
2026-09-09T07:14:49+00:00,4683,6,12,True,True,True,1788938086
2026-09-09T07:14:49+00:00,4552,18,0,True,True,True,1788938086
2026-09-09T07:14:49+00:00,3725,1,17,True,True,True,1788938086
2026-09-09T07:14:49+00:00,2355,1,11,True,True,True,1788938086
2026-09-09T07:14:49+00:00,2351,0,16,True,True,True,1788938086
2026-09-09T07:14:49+00:00,2350,4,19,True,True,True,1788938086
2026-09-09T07:14:49+00:00,2349,2,18,True,True,True,1788938086
2026-09-09T07:14:49+00:00,2347,12,16,True,True,True,1788938086
2026-09-09T07:14:49+00:00,2340,0,23,True,True,True,1788938086
2026-09-09T07:14:49+00:00,2339,19,9,True,True,True,1788938086
2026-09-09T07:14:49+00:00,2334,11,1,True,True,True,1788938086
2026-09-09T07:14:49+00:00,2333,11,4,True,True,True,1788938086
2026-09-09T07:14:49+00:00,2332,6,5,True,True,True,1788938086
2026-09-09T07:14:49+00:00,2330,13,0,True,True,True,1788938086
2026-09-09T07:14:49+00:00,2328,19,0,True,True,True,1788938086
2026-09-09T07:14:49+00:00,2315,16,0,True,True,True,1788938086
2026-09-09T07:14:49+00:00,2308,5,1,True,True,True,1788938086
2026-09-09T07:14:49+00:00,2307,2,27,True,True,True,1788938086
2026-09-09T07:14:49+00:00,2306,3,15,True,True,True,1788938086
2026-09-09T07:14:49+00:00,2305,0,15,True,True,True,1788938086
2026-09-09T07:14:49+00:00,2304,9,9,True,True,True,1788938086
2026-09-09T07:14:49+00:00,2270,0,19,True,True,True,1788938086
2026-09-09T07:14:49+00:00,1919,4,0,True,True,True,1788938086
2026-09-09T07:14:49+00:00,1009,1,8,True,True,True,1788938086
2026-09-09T07:14:49+00:00,970,10,14,True,True,True,1788938086
2026-09-09T07:14:49+00:00,627,4,25,True,True,True,1788938086
2026-09-09T07:14:49+00:00,624,1,16,True,True,True,1788938086
2026-09-09T07:14:49+00:00,626,5,17,True,True,True,1788938086
2026-09-09T07:14:49+00:00,614,0,24,True,True,True,1788938086
2026-09-09T07:14:49+00:00,616,14,1,True,True,True,1788938086
2026-09-09T07:14:49+00:00,618,1,39,True,True,True,1788938086
2026-09-09T07:14:49+00:00,621,4,22,True,True,True,1788938086
2026-09-09T07:14:49+00:00,622,0,25,True,True,True,1788938086
2026-09-09T07:14:49+00:00,613,0,18,True,True,True,1788938086
2026-09-09T07:14:49+00:00,620,0,35,True,True,True,1788938086
2026-09-09T07:14:49+00:00,596,1,15,True,True,True,1788938086
2026-09-09T07:14:49+00:00,617,1,16,True,True,True,1788938086
2026-09-09T07:14:49+00:00,609,24,3,True,True,True,1788938086
2026-09-09T07:14:49+00:00,607,5,19,True,True,True,1788938086
2026-09-09T07:14:49+00:00,603,0,17,True,True,True,1788938086
2026-09-09T07:14:49+00:00,590,8,27,True,True,True,1788938086
2026-09-09T07:14:49+00:00,610,4,16,True,True,True,1788938086
2026-09-09T07:14:49+00:00,608,2,18,True,True,True,1788938086
2026-09-09T07:14:49+00:00,593,12,17,True,True,True,1788938086
2026-09-09T07:14:49+00:00,530,4,5,True,True,True,1788938086
2026-09-09T07:14:49+00:00,463,7,11,True,True,True,1788938086
2026-09-09T07:14:49+00:00,475,9,15,True,True,True,1788938086
2026-09-09T07:14:49+00:00,439,2,18,True,True,True,1788938086
2026-09-09T07:14:49+00:00,600,6,5,True,True,True,1788938086
2026-09-09T07:14:49+00:00,440,5,11,True,True,True,1788938086
2026-09-09T07:14:49+00:00,612,5,12,True,True,True,1788938086
2026-09-09T07:14:49+00:00,491,14,2,True,True,True,1788938086
2026-09-09T07:14:49+00:00,493,13,15,True,True,True,1788938086
2026-09-09T07:14:49+00:00,410,0,26,True,True,True,1788938086
2026-09-09T07:14:49+00:00,605,13,5,True,True,True,1788938086
2026-09-09T07:14:49+00:00,388,1,17,True,True,True,1788938086
2026-09-09T07:14:49+00:00,591,7,16,True,True,True,1788938086
2026-09-09T07:14:49+00:00,592,0,18,True,True,True,1788938086
2026-09-09T07:14:49+00:00,585,17,0,True,True,True,1788938086
2026-09-09T07:14:49+00:00,565,0,16,True,True,True,1788938086
2026-09-09T07:14:49+00:00,568,0,14,True,True,True,1788938086
2026-09-09T07:14:49+00:00,588,1,15,True,True,True,1788938086
2026-09-09T07:14:49+00:00,584,0,33,True,True,True,1788938086
2026-09-09T07:14:49+00:00,569,8,21,True,True,True,1788938086
2026-09-09T07:14:49+00:00,564,0,29,True,True,True,1788938086
2026-09-09T07:14:49+00:00,570,2,13,True,True,True,1788938086
2026-09-09T07:14:49+00:00,572,19,17,True,True,True,1788938086
2026-09-09T07:14:49+00:00,587,0,15,False,False,False,1788938086
2026-09-09T07:14:49+00:00,586,17,7,True,True,True,1788938086
2026-09-09T07:14:49+00:00,566,12,12,True,True,True,1788938086
2026-09-09T07:14:49+00:00,602,6,12,True,True,True,1788938086
2026-09-09T07:14:49+00:00,575,18,10,True,True,True,1788938086
2026-09-09T07:14:49+00:00,567,4,35,True,True,True,1788938086
2026-09-09T07:14:49+00:00,582,0,25,True,True,True,1788938086
2026-09-09T07:14:49+00:00,595,15,7,True,True,True,1788938086
2026-09-09T07:14:49+00:00,542,10,8,True,True,True,1788938086
2026-09-09T07:14:49+00:00,563,11,1,True,True,True,1788938086
2026-09-09T07:14:49+00:00,552,17,1,True,True,True,1788938086
2026-09-09T07:14:49+00:00,555,0,13,True,True,True,1788938086
2026-09-09T07:14:49+00:00,561,0,21,True,True,True,1788938086
2026-09-09T07:14:49+00:00,543,2,18,True,True,True,1788938086
2026-09-09T07:14:49+00:00,554,14,6,True,True,True,1788938086
2026-09-09T07:14:49+00:00,574,10,2,True,True,True,1788938086
2026-09-09T07:14:49+00:00,560,1,7,True,True,True,1788938086
2026-09-09T07:14:49+00:00,548,2,14,True,True,True,1788938086
2026-09-09T07:14:49+00:00,559,4,11,True,True,True,1788938086
2026-09-09T07:14:49+00:00,550,0,9,True,True,True,1788938086
2026-09-09T07:14:49+00:00,541,9,0,True,True,True,1788938086
2026-09-09T07:14:49+00:00,527,10,1,True,True,True,1788938086
2026-09-09T07:14:49+00:00,529,1,17,True,True,True,1788938086
2026-09-09T07:14:49+00:00,537,15,0,True,True,True,1788938086
2026-09-09T07:14:49+00:00,601,0,19,True,True,True,1788938086
2026-09-09T07:14:49+00:00,535,0,20,True,True,True,1788938086
2026-09-09T07:14:49+00:00,524,1,18,True,True,True,1788938086
2026-09-09T07:14:49+00:00,519,0,17,True,True,True,1788938086
2026-09-09T07:14:49+00:00,534,25,10,True,True,True,1788938086
2026-09-09T07:14:49+00:00,521,4,10,True,True,True,1788938086
2026-09-09T07:14:49+00:00,518,0,17,True,True,True,1788938086
2026-09-09T07:14:49+00:00,556,1,17,True,True,True,1788938086
2026-09-09T07:14:49+00:00,525,0,14,True,True,True,1788938086
2026-09-09T07:14:49+00:00,517,1,16,True,True,True,1788938086
2026-09-09T07:14:49+00:00,523,23,7,True,True,True,1788938086
2026-09-09T07:14:49+00:00,522,7,1,True,True,True,1788938086
2026-09-09T07:14:49+00:00,594,4,15,True,True,True,1788938086
2026-09-09T07:14:49+00:00,532,9,11,True,True,True,1788938086
2026-09-09T07:14:49+00:00,531,2,12,True,True,True,1788938086
2026-09-09T07:14:49+00:00,536,4,4,True,True,True,1788938086
2026-09-09T07:14:49+00:00,562,12,19,True,True,True,1788938086
2026-09-09T07:14:49+00:00,511,22,1,True,True,True,1788938086
2026-09-09T07:14:49+00:00,505,0,20,True,True,True,1788938086
2026-09-09T07:14:49+00:00,501,1,16,True,True,True,1788938086
2026-09-09T07:14:49+00:00,514,0,12,True,True,True,1788938086
2026-09-09T07:14:49+00:00,500,4,12,True,True,True,1788938086
2026-09-09T07:14:49+00:00,503,10,19,True,True,True,1788938086
2026-09-09T07:14:49+00:00,513,0,15,True,True,True,1788938086
2026-09-09T07:14:49+00:00,498,0,11,True,True,True,1788938086
2026-09-09T07:14:49+00:00,507,1,17,True,True,True,1788938086
2026-09-09T07:14:49+00:00,512,1,26,True,True,True,1788938086
2026-09-09T07:14:49+00:00,619,1,41,True,True,True,1788938086
2026-09-09T07:14:49+00:00,474,3,39,True,True,True,1788938086
2026-09-09T07:14:49+00:00,580,1,42,True,True,True,1788938086
2026-09-09T07:14:49+00:00,496,0,42,True,True,True,1788938086
2026-09-09T07:14:49+00:00,482,0,18,True,True,True,1788938086
2026-09-09T07:14:49+00:00,407,1,9,True,True,True,1788938086
2026-09-09T07:14:49+00:00,409,0,21,True,True,True,1788938086
2026-09-09T07:14:49+00:00,451,0,6,True,True,True,1788938086
2026-09-09T07:14:49+00:00,402,4,14,True,True,True,1788938086
2026-09-09T07:14:49+00:00,516,1,12,True,True,True,1788938086
2026-09-09T07:14:49+00:00,429,16,4,True,True,True,1788938086
2026-09-09T07:14:49+00:00,380,0,21,True,True,True,1788938086
2026-09-09T07:14:49+00:00,583,2,16,True,True,True,1788938086
2026-09-09T07:14:49+00:00,398,2,12,True,True,True,1788938086
2026-09-09T07:14:49+00:00,381,1,14,True,True,True,1788938086
2026-09-09T07:14:49+00:00,464,30,13,True,True,True,1788938086
2026-09-09T07:14:49+00:00,442,15,0,True,True,True,1788938086
2026-09-09T07:14:49+00:00,483,7,14,True,True,True,1788938086
2026-09-09T07:14:49+00:00,458,1,13,True,True,True,1788938086
2026-09-09T07:14:49+00:00,499,1,14,True,True,True,1788938086
2026-09-09T07:14:49+00:00,472,0,17,True,True,True,1788938086
2026-09-09T07:14:49+00:00,506,18,8,True,True,True,1788938086
2026-09-09T07:14:49+00:00,465,11,16,True,True,True,1788938086
2026-09-09T07:14:49+00:00,404,8,18,True,True,True,1788938086
2026-09-09T07:14:49+00:00,579,0,14,True,True,True,1788938086
2026-09-09T07:14:49+00:00,589,12,13,True,True,True,1788938086
2026-09-09T07:14:49+00:00,434,5,8,True,True,True,1788938086
2026-09-09T07:14:49+00:00,462,1,9,True,True,True,1788938086
2026-09-09T07:14:49+00:00,578,0,24,True,True,True,1788938086
2026-09-09T07:14:49+00:00,415,0,9,True,True,True,1788938086
2026-09-09T07:14:49+00:00,423,3,15,True,True,True,1788938086
2026-09-09T07:14:49+00:00,412,5,0,True,True,True,1788938086
2026-09-09T07:14:49+00:00,454,9,11,True,True,True,1788938086
2026-09-09T07:14:49+00:00,436,0,12,True,True,True,1788938086
2026-09-09T07:14:49+00:00,394,0,20,True,True,True,1788938086
2026-09-09T07:14:49+00:00,497,2,25,True,True,True,1788938086
2026-09-09T07:14:49+00:00,581,7,14,True,True,True,1788938086
2026-09-09T07:14:49+00:00,461,4,16,True,True,True,1788938086
2026-09-09T07:14:49+00:00,599,44,1,True,True,True,1788938086
2026-09-09T07:14:49+00:00,428,7,14,True,True,True,1788938086
2026-09-09T07:14:49+00:00,400,8,14,True,True,True,1788938086
2026-09-09T07:14:49+00:00,487,1,20,True,True,True,1788938086
2026-09-09T07:14:49+00:00,438,19,21,True,True,True,1788938086
2026-09-09T07:14:49+00:00,459,0,11,True,True,True,1788938086
2026-09-09T07:14:49+00:00,433,0,16,True,True,True,1788938086
2026-09-09T07:14:49+00:00,399,0,29,True,True,True,1788938086
2026-09-09T07:14:49+00:00,489,23,3,True,True,True,1788938086
2026-09-09T07:14:49+00:00,742,9,17,True,True,True,1788938086
2026-09-09T07:14:49+00:00,551,1,33,True,True,True,1788938086
2026-09-09T07:14:49+00:00,406,2,8,True,True,True,1788938086
2026-09-09T07:14:49+00:00,488,0,23,True,True,True,1788938086
2026-09-09T07:14:49+00:00,540,0,35,True,True,True,1788938086
2026-09-09T07:14:49+00:00,431,2,16,True,True,True,1788938086
2026-09-09T07:14:49+00:00,393,1,18,True,True,True,1788938086
2026-09-09T07:14:49+00:00,420,9,12,True,True,True,1788938086
2026-09-09T07:14:49+00:00,397,14,18,True,True,True,1788938086
2026-09-09T07:14:49+00:00,484,11,21,True,True,True,1788938086
2026-09-09T07:14:49+00:00,479,21,3,True,True,True,1788938086
2026-09-09T07:14:49+00:00,403,1,13,True,True,True,1788938086
2026-09-09T07:14:49+00:00,435,0,27,True,True,True,1788938086
2026-09-09T07:14:49+00:00,426,1,18,True,True,True,1788938086
2026-09-09T07:14:49+00:00,450,1,12,True,True,True,1788938086
2026-09-09T07:14:49+00:00,456,10,23,True,True,True,1788938086
2026-09-09T07:14:49+00:00,468,9,3,True,True,True,1788938086
2026-09-09T07:14:49+00:00,453,5,27,True,True,True,1788938086
2026-09-09T07:14:49+00:00,466,0,14,True,True,True,1788938086
2026-09-09T07:14:49+00:00,469,1,25,True,True,True,1788938086
2026-09-09T07:14:49+00:00,416,0,14,True,True,True,1788938086
2026-09-09T07:14:49+00:00,391,1,8,True,True,True,1788938086
2026-09-09T07:14:49+00:00,389,6,11,True,True,True,1788938086
2026-09-09T07:14:49+00:00,470,1,9,True,True,True,1788938086
2026-09-09T07:14:49+00:00,384,10,1,True,True,True,1788938086
2026-09-09T07:14:49+00:00,425,0,8,True,True,True,1788938086
2026-09-09T07:14:49+00:00,411,0,12,True,True,True,1788938086
2026-09-09T07:14:49+00:00,598,15,13,True,True,True,1788938086
2026-09-09T07:14:49+00:00,444,7,12,True,True,True,1788938086
2026-09-09T07:14:49+00:00,447,26,1,True,True,True,1788938086
2026-09-09T07:14:49+00:00,408,6,8,True,True,True,1788938086
2026-09-09T07:14:49+00:00,737,16,6,True,True,True,1788938086
2026-09-09T07:14:49+00:00,432,0,11,True,True,True,1788938086
2026-09-09T07:14:49+00:00,401,1,4,True,True,True,1788938086
2026-09-09T07:14:49+00:00,392,7,1,True,True,True,1788938086
2026-09-09T07:14:49+00:00,495,16,22,True,True,True,1788938086
2026-09-09T07:14:49+00:00,478,11,0,True,True,True,1788938086
2026-09-09T07:14:49+00:00,476,18,0,True,True,True,1788938086
2026-09-09T07:14:49+00:00,445,4,13,True,True,True,1788938086
2026-09-09T07:14:49+00:00,748,9,18,True,True,True,1788938086
2026-09-09T07:14:49+00:00,473,0,6,True,True,True,1788938086
2026-09-09T07:14:49+00:00,383,1,26,True,True,True,1788938086
2026-09-09T07:14:49+00:00,480,13,9,True,True,True,1788938086
2026-09-09T07:14:49+00:00,421,0,19,True,True,True,1788938086
2026-09-09T07:14:49+00:00,746,8,3,True,True,True,1788938086
2026-09-09T07:14:49+00:00,417,0,12,True,True,True,1788938086
2026-09-09T07:14:49+00:00,427,1,12,True,True,True,1788938086
2026-09-09T07:14:49+00:00,395,0,14,True,True,True,1788938086
2026-09-09T07:14:49+00:00,418,1,22,True,True,True,1788938086
2026-09-09T07:14:49+00:00,413,2,11,True,True,True,1788938086
2026-09-09T07:14:49+00:00,486,1,21,True,True,True,1788938086
2026-09-09T07:14:49+00:00,597,7,3,True,True,True,1788938086
2026-09-09T07:14:49+00:00,422,0,10,True,True,True,1788938086
2026-09-09T07:14:49+00:00,382,1,6,True,True,True,1788938086
2026-09-09T07:14:49+00:00,735,9,4,True,True,True,1788938086
2026-09-09T07:14:49+00:00,437,14,10,True,True,True,1788938086
2026-09-09T07:14:49+00:00,446,0,20,True,True,True,1788938086
2026-09-09T07:14:49+00:00,424,1,4,True,True,True,1788938086
2026-09-09T07:14:49+00:00,455,1,6,True,True,True,1788938086
2026-09-09T07:14:49+00:00,457,0,9,True,True,True,1788938086
2026-09-09T07:14:49+00:00,377,20,9,True,True,True,1788938086
2026-09-09T07:14:49+00:00,738,5,7,True,True,True,1788938086
2026-09-09T07:14:49+00:00,460,19,8,True,True,True,1788938086
2026-09-09T07:14:49+00:00,744,0,8,True,True,True,1788938086
2026-09-09T07:14:49+00:00,485,0,17,True,True,True,1788938086
2026-09-09T07:29:49+00:00,5431,4,14,True,True,True,1788938975
2026-09-09T07:29:49+00:00,5424,3,14,True,True,True,1788938975
2026-09-09T07:29:49+00:00,5220,2,17,True,True,True,1788938975
2026-09-09T07:29:49+00:00,5113,5,7,True,True,True,1788938975
2026-09-09T07:29:49+00:00,4683,6,12,True,True,True,1788938975
2026-09-09T07:29:49+00:00,4552,18,0,True,True,True,1788938975
2026-09-09T07:29:49+00:00,3725,1,17,True,True,True,1788938975
2026-09-09T07:29:49+00:00,2355,1,11,True,True,True,1788938975
2026-09-09T07:29:49+00:00,2351,1,15,True,True,True,1788938975
2026-09-09T07:29:49+00:00,2350,4,19,True,True,True,1788938975
2026-09-09T07:29:49+00:00,2349,2,18,True,True,True,1788938975
2026-09-09T07:29:49+00:00,2347,12,16,True,True,True,1788938975
2026-09-09T07:29:49+00:00,2340,0,23,True,True,True,1788938975
2026-09-09T07:29:49+00:00,2339,19,9,True,True,True,1788938975
2026-09-09T07:29:49+00:00,2334,11,1,True,True,True,1788938975
2026-09-09T07:29:49+00:00,2333,12,3,True,True,True,1788938975
2026-09-09T07:29:49+00:00,2332,6,5,True,True,True,1788938975
2026-09-09T07:29:49+00:00,2330,13,0,True,True,True,1788938975
2026-09-09T07:29:49+00:00,2328,19,0,True,True,True,1788938975
2026-09-09T07:29:49+00:00,2315,16,0,True,True,True,1788938975
2026-09-09T07:29:49+00:00,2308,4,2,True,True,True,1788938975
2026-09-09T07:29:49+00:00,2307,2,27,True,True,True,1788938975
2026-09-09T07:29:49+00:00,2306,3,15,True,True,True,1788938975
2026-09-09T07:29:49+00:00,2305,0,15,True,True,True,1788938975
2026-09-09T07:29:49+00:00,2304,8,10,True,True,True,1788938975
2026-09-09T07:29:49+00:00,2270,0,19,True,True,True,1788938975
2026-09-09T07:29:49+00:00,1919,4,0,True,True,True,1788938975
2026-09-09T07:29:49+00:00,1009,1,8,True,True,True,1788938975
2026-09-09T07:29:49+00:00,970,10,14,True,True,True,1788938975
2026-09-09T07:29:49+00:00,627,4,25,True,True,True,1788938975
2026-09-09T07:29:49+00:00,624,0,17,True,True,True,1788938975
2026-09-09T07:29:49+00:00,626,5,17,True,True,True,1788938975
2026-09-09T07:29:49+00:00,614,0,24,True,True,True,1788938975
2026-09-09T07:29:49+00:00,616,15,0,True,True,True,1788938975
2026-09-09T07:29:49+00:00,618,1,39,True,True,True,1788938975
2026-09-09T07:29:49+00:00,621,3,23,True,True,True,1788938975
2026-09-09T07:29:49+00:00,622,0,25,True,True,True,1788938975
2026-09-09T07:29:49+00:00,613,0,18,True,True,True,1788938975
2026-09-09T07:29:49+00:00,620,0,35,True,True,True,1788938975
2026-09-09T07:29:49+00:00,596,0,16,True,True,True,1788938975
2026-09-09T07:29:49+00:00,617,1,16,True,True,True,1788938975
2026-09-09T07:29:49+00:00,609,24,3,True,True,True,1788938975
2026-09-09T07:29:49+00:00,607,2,22,True,True,True,1788938975
2026-09-09T07:29:49+00:00,603,0,17,True,True,True,1788938975
2026-09-09T07:29:49+00:00,590,7,28,True,True,True,1788938975
2026-09-09T07:29:49+00:00,610,4,16,True,True,True,1788938975
2026-09-09T07:29:49+00:00,608,2,18,True,True,True,1788938975
2026-09-09T07:29:49+00:00,593,12,17,True,True,True,1788938975
2026-09-09T07:29:49+00:00,530,5,4,True,True,True,1788938975
2026-09-09T07:29:49+00:00,463,7,11,True,True,True,1788938975
2026-09-09T07:29:49+00:00,475,9,15,True,True,True,1788938975
2026-09-09T07:29:49+00:00,439,2,18,True,True,True,1788938975
2026-09-09T07:29:49+00:00,600,6,5,True,True,True,1788938975
2026-09-09T07:29:49+00:00,440,5,11,True,True,True,1788938975
2026-09-09T07:29:49+00:00,612,4,13,True,True,True,1788938975
2026-09-09T07:29:49+00:00,491,14,2,True,True,True,1788938975
2026-09-09T07:29:49+00:00,493,14,14,True,True,True,1788938975
2026-09-09T07:29:49+00:00,410,0,26,True,True,True,1788938975
2026-09-09T07:29:49+00:00,605,12,6,True,True,True,1788938975
2026-09-09T07:29:49+00:00,388,1,17,True,True,True,1788938975
2026-09-09T07:29:49+00:00,591,7,16,True,True,True,1788938975
2026-09-09T07:29:49+00:00,592,0,18,True,True,True,1788938975
2026-09-09T07:29:49+00:00,585,16,1,True,True,True,1788938975
2026-09-09T07:29:49+00:00,565,0,16,True,True,True,1788938975
2026-09-09T07:29:49+00:00,568,0,14,True,True,True,1788938975
2026-09-09T07:29:49+00:00,588,1,15,True,True,True,1788938975
2026-09-09T07:29:49+00:00,584,0,33,True,True,True,1788938975
2026-09-09T07:29:49+00:00,569,8,21,True,True,True,1788938975
2026-09-09T07:29:49+00:00,564,0,29,True,True,True,1788938975
2026-09-09T07:29:49+00:00,570,2,13,True,True,True,1788938975
2026-09-09T07:29:49+00:00,572,19,17,True,True,True,1788938975
2026-09-09T07:29:49+00:00,587,0,15,False,False,False,1788938975
2026-09-09T07:29:49+00:00,586,16,8,True,True,True,1788938975
2026-09-09T07:29:49+00:00,566,11,13,True,True,True,1788938975
2026-09-09T07:29:49+00:00,602,6,12,True,True,True,1788938975
2026-09-09T07:29:49+00:00,575,18,10,True,True,True,1788938975
2026-09-09T07:29:49+00:00,567,4,35,True,True,True,1788938975
2026-09-09T07:29:49+00:00,582,15,10,True,True,True,1788938975
2026-09-09T07:29:49+00:00,595,15,7,True,True,True,1788938975
2026-09-09T07:29:49+00:00,542,9,9,True,True,True,1788938975
2026-09-09T07:29:49+00:00,563,12,0,True,True,True,1788938975
2026-09-09T07:29:49+00:00,552,17,1,True,True,True,1788938975
2026-09-09T07:29:49+00:00,555,0,13,True,True,True,1788938975
2026-09-09T07:29:49+00:00,561,1,20,True,True,True,1788938975
2026-09-09T07:29:49+00:00,543,2,18,True,True,True,1788938975
2026-09-09T07:29:49+00:00,554,13,7,True,True,True,1788938975
2026-09-09T07:29:49+00:00,574,10,2,True,True,True,1788938975
2026-09-09T07:29:49+00:00,560,1,7,True,True,True,1788938975
2026-09-09T07:29:49+00:00,548,2,14,True,True,True,1788938975
2026-09-09T07:29:49+00:00,559,5,10,True,True,True,1788938975
2026-09-09T07:29:49+00:00,550,0,9,True,True,True,1788938975
2026-09-09T07:29:49+00:00,541,8,1,True,True,True,1788938975
2026-09-09T07:29:49+00:00,527,10,1,True,True,True,1788938975
2026-09-09T07:29:49+00:00,529,1,17,True,True,True,1788938975
2026-09-09T07:29:49+00:00,537,15,0,True,True,True,1788938975
2026-09-09T07:29:49+00:00,601,0,19,True,True,True,1788938975
2026-09-09T07:29:49+00:00,535,0,20,True,True,True,1788938975
2026-09-09T07:29:49+00:00,524,1,18,True,True,True,1788938975
2026-09-09T07:29:49+00:00,519,0,17,True,True,True,1788938975
2026-09-09T07:29:49+00:00,534,28,6,True,True,True,1788938975
2026-09-09T07:29:49+00:00,521,4,10,True,True,True,1788938975
2026-09-09T07:29:49+00:00,518,0,17,True,True,True,1788938975
2026-09-09T07:29:49+00:00,556,0,18,True,True,True,1788938975
2026-09-09T07:29:49+00:00,525,0,14,True,True,True,1788938975
2026-09-09T07:29:49+00:00,517,2,15,True,True,True,1788938975
2026-09-09T07:29:49+00:00,523,24,6,True,True,True,1788938975
2026-09-09T07:29:49+00:00,522,6,2,True,True,True,1788938975
2026-09-09T07:29:49+00:00,594,3,16,True,True,True,1788938975
2026-09-09T07:29:49+00:00,532,9,11,True,True,True,1788938975
2026-09-09T07:29:49+00:00,531,1,13,True,True,True,1788938975
2026-09-09T07:29:49+00:00,536,3,5,True,True,True,1788938975
2026-09-09T07:29:49+00:00,562,14,17,True,True,True,1788938975
2026-09-09T07:29:49+00:00,511,23,0,True,True,True,1788938975
2026-09-09T07:29:49+00:00,505,0,20,True,True,True,1788938975
2026-09-09T07:29:49+00:00,501,1,16,True,True,True,1788938975
2026-09-09T07:29:49+00:00,514,1,11,True,True,True,1788938975
2026-09-09T07:29:49+00:00,500,3,13,True,True,True,1788938975
2026-09-09T07:29:49+00:00,503,10,19,True,True,True,1788938975
2026-09-09T07:29:49+00:00,513,0,15,True,True,True,1788938975
2026-09-09T07:29:49+00:00,498,1,10,True,True,True,1788938975
2026-09-09T07:29:49+00:00,507,2,16,True,True,True,1788938975
2026-09-09T07:29:49+00:00,512,1,26,True,True,True,1788938975
2026-09-09T07:29:49+00:00,619,1,41,True,True,True,1788938975
2026-09-09T07:29:49+00:00,474,3,39,True,True,True,1788938975
2026-09-09T07:29:49+00:00,580,3,40,True,True,True,1788938975
2026-09-09T07:29:49+00:00,496,0,42,True,True,True,1788938975
2026-09-09T07:29:49+00:00,482,0,18,True,True,True,1788938975
2026-09-09T07:29:49+00:00,407,0,10,True,True,True,1788938975
2026-09-09T07:29:49+00:00,409,0,21,True,True,True,1788938975
2026-09-09T07:29:49+00:00,451,0,6,True,True,True,1788938975
2026-09-09T07:29:49+00:00,402,2,16,True,True,True,1788938975
2026-09-09T07:29:49+00:00,516,1,12,True,True,True,1788938975
2026-09-09T07:29:49+00:00,429,17,3,True,True,True,1788938975
2026-09-09T07:29:49+00:00,380,0,21,True,True,True,1788938975
2026-09-09T07:29:49+00:00,583,0,18,True,True,True,1788938975
2026-09-09T07:29:49+00:00,398,2,12,True,True,True,1788938975
2026-09-09T07:29:49+00:00,381,3,12,True,True,True,1788938975
2026-09-09T07:29:49+00:00,464,29,14,True,True,True,1788938975
2026-09-09T07:29:49+00:00,442,14,0,True,True,True,1788938975
2026-09-09T07:29:49+00:00,483,7,14,True,True,True,1788938975
2026-09-09T07:29:49+00:00,458,2,12,True,True,True,1788938975
2026-09-09T07:29:49+00:00,499,0,16,True,True,True,1788938975
2026-09-09T07:29:49+00:00,472,0,17,True,True,True,1788938975
2026-09-09T07:29:49+00:00,506,18,8,True,True,True,1788938975
2026-09-09T07:29:49+00:00,465,11,16,True,True,True,1788938975
2026-09-09T07:29:49+00:00,404,9,17,True,True,True,1788938975
2026-09-09T07:29:49+00:00,579,0,14,True,True,True,1788938975
2026-09-09T07:29:49+00:00,589,12,13,True,True,True,1788938975
2026-09-09T07:29:49+00:00,434,5,8,True,True,True,1788938975
2026-09-09T07:29:49+00:00,462,1,9,True,True,True,1788938975
2026-09-09T07:29:49+00:00,578,0,24,True,True,True,1788938975
2026-09-09T07:29:49+00:00,415,1,8,True,True,True,1788938975
2026-09-09T07:29:49+00:00,423,3,15,True,True,True,1788938975
2026-09-09T07:29:49+00:00,412,4,1,True,True,True,1788938975
2026-09-09T07:29:49+00:00,454,9,11,True,True,True,1788938975
2026-09-09T07:29:49+00:00,436,0,12,True,True,True,1788938975
2026-09-09T07:29:49+00:00,394,0,20,True,True,True,1788938975
2026-09-09T07:29:49+00:00,497,0,27,True,True,True,1788938975
2026-09-09T07:29:49+00:00,581,6,15,True,True,True,1788938975
2026-09-09T07:29:49+00:00,461,3,17,True,True,True,1788938975
2026-09-09T07:29:49+00:00,599,44,1,True,True,True,1788938975
2026-09-09T07:29:49+00:00,428,7,14,True,True,True,1788938975
2026-09-09T07:29:49+00:00,400,7,15,True,True,True,1788938975
2026-09-09T07:29:49+00:00,487,1,20,True,True,True,1788938975
2026-09-09T07:29:49+00:00,438,19,21,True,True,True,1788938975
2026-09-09T07:29:49+00:00,459,0,11,True,True,True,1788938975
2026-09-09T07:29:49+00:00,433,0,16,True,True,True,1788938975
2026-09-09T07:29:49+00:00,399,1,28,True,True,True,1788938975
2026-09-09T07:29:49+00:00,489,25,1,True,True,True,1788938975
2026-09-09T07:29:49+00:00,742,9,17,True,True,True,1788938975
2026-09-09T07:29:49+00:00,551,0,34,True,True,True,1788938975
2026-09-09T07:29:49+00:00,406,2,8,True,True,True,1788938975
2026-09-09T07:29:49+00:00,488,0,23,True,True,True,1788938975
2026-09-09T07:29:49+00:00,540,0,35,True,True,True,1788938975
2026-09-09T07:29:49+00:00,431,2,16,True,True,True,1788938975
2026-09-09T07:29:49+00:00,393,1,18,True,True,True,1788938975
2026-09-09T07:29:49+00:00,420,8,13,True,True,True,1788938975
2026-09-09T07:29:49+00:00,397,14,18,True,True,True,1788938975
2026-09-09T07:29:49+00:00,484,11,21,True,True,True,1788938975
2026-09-09T07:29:49+00:00,479,22,0,True,True,True,1788938975
2026-09-09T07:29:49+00:00,403,1,13,True,True,True,1788938975
2026-09-09T07:29:49+00:00,435,1,26,True,True,True,1788938975
2026-09-09T07:29:49+00:00,426,1,18,True,True,True,1788938975
2026-09-09T07:29:49+00:00,450,1,12,True,True,True,1788938975
2026-09-09T07:29:49+00:00,456,10,23,True,True,True,1788938975
2026-09-09T07:29:49+00:00,468,8,4,True,True,True,1788938975
2026-09-09T07:29:49+00:00,453,4,28,True,True,True,1788938975
2026-09-09T07:29:49+00:00,466,0,14,True,True,True,1788938975
2026-09-09T07:29:49+00:00,469,1,25,True,True,True,1788938975
2026-09-09T07:29:49+00:00,416,1,14,True,True,True,1788938975
2026-09-09T07:29:49+00:00,391,3,8,True,True,True,1788938975
2026-09-09T07:29:49+00:00,389,4,13,True,True,True,1788938975
2026-09-09T07:29:49+00:00,470,5,9,True,True,True,1788938975
2026-09-09T07:29:49+00:00,384,11,0,True,True,True,1788938975
2026-09-09T07:29:49+00:00,425,1,7,True,True,True,1788938975
2026-09-09T07:29:49+00:00,411,0,12,True,True,True,1788938975
2026-09-09T07:29:49+00:00,598,18,12,True,True,True,1788938975
2026-09-09T07:29:49+00:00,444,10,9,True,True,True,1788938975
2026-09-09T07:29:49+00:00,447,25,2,True,True,True,1788938975
2026-09-09T07:29:49+00:00,408,5,9,True,True,True,1788938975
2026-09-09T07:29:49+00:00,737,16,6,True,True,True,1788938975
2026-09-09T07:29:49+00:00,432,0,11,True,True,True,1788938975
2026-09-09T07:29:49+00:00,401,1,5,True,True,True,1788938975
2026-09-09T07:29:49+00:00,392,7,1,True,True,True,1788938975
2026-09-09T07:29:49+00:00,495,17,21,True,True,True,1788938975
2026-09-09T07:29:49+00:00,478,11,0,True,True,True,1788938975
2026-09-09T07:29:49+00:00,476,18,0,True,True,True,1788938975
2026-09-09T07:29:49+00:00,445,4,13,True,True,True,1788938975
2026-09-09T07:29:49+00:00,748,10,17,True,True,True,1788938975
2026-09-09T07:29:49+00:00,473,0,6,True,True,True,1788938975
2026-09-09T07:29:49+00:00,383,0,26,True,True,True,1788938975
2026-09-09T07:29:49+00:00,480,13,9,True,True,True,1788938975
2026-09-09T07:29:49+00:00,421,0,19,True,True,True,1788938975
2026-09-09T07:29:49+00:00,746,8,3,True,True,True,1788938975
2026-09-09T07:29:49+00:00,417,0,12,True,True,True,1788938975
2026-09-09T07:29:49+00:00,427,1,12,True,True,True,1788938975
2026-09-09T07:29:49+00:00,395,0,14,True,True,True,1788938975
2026-09-09T07:29:49+00:00,418,1,22,True,True,True,1788938975
2026-09-09T07:29:49+00:00,413,3,10,True,True,True,1788938975
2026-09-09T07:29:49+00:00,486,1,21,True,True,True,1788938975
2026-09-09T07:29:49+00:00,597,6,4,True,True,True,1788938975
2026-09-09T07:29:49+00:00,422,0,10,True,True,True,1788938975
2026-09-09T07:29:49+00:00,382,1,6,True,True,True,1788938975
2026-09-09T07:29:49+00:00,735,8,5,True,True,True,1788938975
2026-09-09T07:29:49+00:00,437,16,8,True,True,True,1788938975
2026-09-09T07:29:49+00:00,446,2,18,True,True,True,1788938975
2026-09-09T07:29:49+00:00,424,0,6,True,True,True,1788938975
2026-09-09T07:29:49+00:00,455,1,6,True,True,True,1788938975
2026-09-09T07:29:49+00:00,457,0,9,True,True,True,1788938975
2026-09-09T07:29:49+00:00,377,19,10,True,True,True,1788938975
2026-09-09T07:29:49+00:00,738,5,7,True,True,True,1788938975
2026-09-09T07:29:49+00:00,460,18,8,True,True,True,1788938975
2026-09-09T07:29:49+00:00,744,0,8,True,True,True,1788938975
2026-09-09T07:29:49+00:00,485,0,17,True,True,True,1788938975
2026-09-09T07:44:49+00:00,5431,3,15,True,True,True,1788939882
2026-09-09T07:44:49+00:00,5424,3,14,True,True,True,1788939882
2026-09-09T07:44:49+00:00,5220,1,18,True,True,True,1788939882
2026-09-09T07:44:49+00:00,5113,5,7,True,True,True,1788939882
2026-09-09T07:44:49+00:00,4683,6,12,True,True,True,1788939882
2026-09-09T07:44:49+00:00,4552,18,0,True,True,True,1788939882
2026-09-09T07:44:49+00:00,3725,1,17,True,True,True,1788939882
2026-09-09T07:44:49+00:00,2355,1,11,True,True,True,1788939882
2026-09-09T07:44:49+00:00,2351,1,15,True,True,True,1788939882
2026-09-09T07:44:49+00:00,2350,4,19,True,True,True,1788939882
2026-09-09T07:44:49+00:00,2349,2,18,True,True,True,1788939882
2026-09-09T07:44:49+00:00,2347,12,16,True,True,True,1788939882
2026-09-09T07:44:49+00:00,2340,0,23,True,True,True,1788939882
2026-09-09T07:44:49+00:00,2339,19,9,True,True,True,1788939882
2026-09-09T07:44:49+00:00,2334,12,0,True,True,True,1788939882
2026-09-09T07:44:49+00:00,2333,13,2,True,True,True,1788939882
2026-09-09T07:44:49+00:00,2332,6,5,True,True,True,1788939882
2026-09-09T07:44:49+00:00,2330,13,0,True,True,True,1788939882
2026-09-09T07:44:49+00:00,2328,19,0,True,True,True,1788939882
2026-09-09T07:44:49+00:00,2315,15,1,True,True,True,1788939882
2026-09-09T07:44:49+00:00,2308,6,0,True,True,True,1788939882
2026-09-09T07:44:49+00:00,2307,2,27,True,True,True,1788939882
2026-09-09T07:44:49+00:00,2306,3,15,True,True,True,1788939882
2026-09-09T07:44:49+00:00,2305,0,15,True,True,True,1788939882
2026-09-09T07:44:49+00:00,2304,8,10,True,True,True,1788939882
2026-09-09T07:44:49+00:00,2270,0,19,True,True,True,1788939882
2026-09-09T07:44:49+00:00,1919,4,0,True,True,True,1788939882
2026-09-09T07:44:49+00:00,1009,1,8,True,True,True,1788939882
2026-09-09T07:44:49+00:00,970,10,14,True,True,True,1788939882
2026-09-09T07:44:49+00:00,627,2,27,True,True,True,1788939882
2026-09-09T07:44:49+00:00,624,0,17,True,True,True,1788939882
2026-09-09T07:44:49+00:00,626,5,16,True,True,True,1788939882
2026-09-09T07:44:49+00:00,614,0,24,True,True,True,1788939882
2026-09-09T07:44:49+00:00,616,15,0,True,True,True,1788939882
2026-09-09T07:44:49+00:00,618,1,39,True,True,True,1788939882
2026-09-09T07:44:49+00:00,621,2,24,True,True,True,1788939882
2026-09-09T07:44:49+00:00,622,0,25,True,True,True,1788939882
2026-09-09T07:44:49+00:00,613,0,18,True,True,True,1788939882
2026-09-09T07:44:49+00:00,620,2,35,True,True,True,1788939882
2026-09-09T07:44:49+00:00,596,2,16,True,True,True,1788939882
2026-09-09T07:44:49+00:00,617,0,17,True,True,True,1788939882
2026-09-09T07:44:49+00:00,609,26,1,True,True,True,1788939882
2026-09-09T07:44:49+00:00,607,2,22,True,True,True,1788939882
2026-09-09T07:44:49+00:00,603,1,16,True,True,True,1788939882
2026-09-09T07:44:49+00:00,590,6,29,True,True,True,1788939882
2026-09-09T07:44:49+00:00,610,3,17,True,True,True,1788939882
2026-09-09T07:44:49+00:00,608,2,18,True,True,True,1788939882
2026-09-09T07:44:49+00:00,593,12,17,True,True,True,1788939882
2026-09-09T07:44:49+00:00,530,5,4,True,True,True,1788939882
2026-09-09T07:44:49+00:00,463,8,10,True,True,True,1788939882
2026-09-09T07:44:49+00:00,475,9,15,True,True,True,1788939882
2026-09-09T07:44:49+00:00,439,2,18,True,True,True,1788939882
2026-09-09T07:44:49+00:00,600,6,5,True,True,True,1788939882
2026-09-09T07:44:49+00:00,440,6,10,True,True,True,1788939882
2026-09-09T07:44:49+00:00,612,4,13,True,True,True,1788939882
2026-09-09T07:44:49+00:00,491,14,2,True,True,True,1788939882
2026-09-09T07:44:49+00:00,493,12,16,True,True,True,1788939882
2026-09-09T07:44:49+00:00,410,0,26,True,True,True,1788939882
2026-09-09T07:44:49+00:00,605,12,6,True,True,True,1788939882
2026-09-09T07:44:49+00:00,388,1,17,True,True,True,1788939882
2026-09-09T07:44:49+00:00,591,7,16,True,True,True,1788939882
2026-09-09T07:44:49+00:00,592,0,18,True,True,True,1788939882
2026-09-09T07:44:49+00:00,585,16,1,True,True,True,1788939882
2026-09-09T07:44:49+00:00,565,0,16,True,True,True,1788939882
2026-09-09T07:44:49+00:00,568,0,14,True,True,True,1788939882
2026-09-09T07:44:49+00:00,588,0,16,True,True,True,1788939882
2026-09-09T07:44:49+00:00,584,1,32,True,True,True,1788939882
2026-09-09T07:44:49+00:00,569,8,21,True,True,True,1788939882
2026-09-09T07:44:49+00:00,564,0,29,True,True,True,1788939882
2026-09-09T07:44:49+00:00,570,2,13,True,True,True,1788939882
2026-09-09T07:44:49+00:00,572,19,17,True,True,True,1788939882
2026-09-09T07:44:49+00:00,587,0,15,False,False,False,1788939882
2026-09-09T07:44:49+00:00,586,15,9,True,True,True,1788939882
2026-09-09T07:44:49+00:00,566,12,12,True,True,True,1788939882
2026-09-09T07:44:49+00:00,602,6,12,True,True,True,1788939882
2026-09-09T07:44:49+00:00,575,18,10,True,True,True,1788939882
2026-09-09T07:44:49+00:00,567,4,35,True,True,True,1788939882
2026-09-09T07:44:49+00:00,582,15,10,True,True,True,1788939882
2026-09-09T07:44:49+00:00,595,15,7,True,True,True,1788939882
2026-09-09T07:44:49+00:00,542,10,8,True,True,True,1788939882
2026-09-09T07:44:49+00:00,563,12,0,True,True,True,1788939882
2026-09-09T07:44:49+00:00,552,18,0,True,True,True,1788939882
2026-09-09T07:44:49+00:00,555,0,13,True,True,True,1788939882
2026-09-09T07:44:49+00:00,561,1,20,True,True,True,1788939882
2026-09-09T07:44:49+00:00,543,2,18,True,True,True,1788939882
2026-09-09T07:44:49+00:00,554,12,8,True,True,True,1788939882
2026-09-09T07:44:49+00:00,574,11,1,True,True,True,1788939882
2026-09-09T07:44:49+00:00,560,1,7,True,True,True,1788939882
2026-09-09T07:44:49+00:00,548,2,14,True,True,True,1788939882
2026-09-09T07:44:49+00:00,559,5,10,True,True,True,1788939882
2026-09-09T07:44:49+00:00,550,0,9,True,True,True,1788939882
2026-09-09T07:44:49+00:00,541,9,0,True,True,True,1788939882
2026-09-09T07:44:49+00:00,527,11,0,True,True,True,1788939882
2026-09-09T07:44:49+00:00,529,1,17,True,True,True,1788939882
2026-09-09T07:44:49+00:00,537,15,0,True,True,True,1788939882
2026-09-09T07:44:49+00:00,601,0,19,True,True,True,1788939882
2026-09-09T07:44:49+00:00,535,0,20,True,True,True,1788939882
2026-09-09T07:44:49+00:00,524,1,18,True,True,True,1788939882
2026-09-09T07:44:49+00:00,519,0,17,True,True,True,1788939882
2026-09-09T07:44:49+00:00,534,33,2,True,True,True,1788939882
2026-09-09T07:44:49+00:00,521,4,10,True,True,True,1788939882
2026-09-09T07:44:49+00:00,518,0,17,True,True,True,1788939882
2026-09-09T07:44:49+00:00,556,0,18,True,True,True,1788939882
2026-09-09T07:44:49+00:00,525,0,14,True,True,True,1788939882
2026-09-09T07:44:49+00:00,517,2,15,True,True,True,1788939882
2026-09-09T07:44:49+00:00,523,24,6,True,True,True,1788939882
2026-09-09T07:44:49+00:00,522,6,2,True,True,True,1788939882
2026-09-09T07:44:49+00:00,594,2,17,True,True,True,1788939882
2026-09-09T07:44:49+00:00,532,9,11,True,True,True,1788939882
2026-09-09T07:44:49+00:00,531,1,13,True,True,True,1788939882
2026-09-09T07:44:49+00:00,536,3,5,True,True,True,1788939882
2026-09-09T07:44:49+00:00,562,15,16,True,True,True,1788939882
2026-09-09T07:44:49+00:00,511,23,0,True,True,True,1788939882
2026-09-09T07:44:49+00:00,505,0,20,True,True,True,1788939882
2026-09-09T07:44:49+00:00,501,1,16,True,True,True,1788939882
2026-09-09T07:44:49+00:00,514,0,12,True,True,True,1788939882
2026-09-09T07:44:49+00:00,500,3,13,True,True,True,1788939882
2026-09-09T07:44:49+00:00,503,8,21,True,True,True,1788939882
2026-09-09T07:44:49+00:00,513,0,15,True,True,True,1788939882
2026-09-09T07:44:49+00:00,498,1,10,True,True,True,1788939882
2026-09-09T07:44:49+00:00,507,3,16,True,True,True,1788939882
2026-09-09T07:44:49+00:00,512,2,25,True,True,True,1788939882
2026-09-09T07:44:49+00:00,619,1,41,True,True,True,1788939882
2026-09-09T07:44:49+00:00,474,4,38,True,True,True,1788939882
2026-09-09T07:44:49+00:00,580,3,40,True,True,True,1788939882
2026-09-09T07:44:49+00:00,496,1,41,True,True,True,1788939882
2026-09-09T07:44:49+00:00,482,0,18,True,True,True,1788939882
2026-09-09T07:44:49+00:00,407,0,10,True,True,True,1788939882
2026-09-09T07:44:49+00:00,409,1,20,True,True,True,1788939882
2026-09-09T07:44:49+00:00,451,0,6,True,True,True,1788939882
2026-09-09T07:44:49+00:00,402,2,16,True,True,True,1788939882
2026-09-09T07:44:49+00:00,516,1,12,True,True,True,1788939882
2026-09-09T07:44:49+00:00,429,17,3,True,True,True,1788939882
2026-09-09T07:44:49+00:00,380,0,21,True,True,True,1788939882
2026-09-09T07:44:49+00:00,583,0,18,True,True,True,1788939882
2026-09-09T07:44:49+00:00,398,3,11,True,True,True,1788939882
2026-09-09T07:44:49+00:00,381,3,12,True,True,True,1788939882
2026-09-09T07:44:49+00:00,464,29,14,True,True,True,1788939882
2026-09-09T07:44:49+00:00,442,14,0,True,True,True,1788939882
2026-09-09T07:44:49+00:00,483,9,12,True,True,True,1788939882
2026-09-09T07:44:49+00:00,458,1,13,True,True,True,1788939882
2026-09-09T07:44:49+00:00,499,0,16,True,True,True,1788939882
2026-09-09T07:44:49+00:00,472,0,17,True,True,True,1788939882
2026-09-09T07:44:49+00:00,506,18,8,True,True,True,1788939882
2026-09-09T07:44:49+00:00,465,11,17,True,True,True,1788939882
2026-09-09T07:44:49+00:00,404,10,16,True,True,True,1788939882
2026-09-09T07:44:49+00:00,579,0,14,True,True,True,1788939882
2026-09-09T07:44:49+00:00,589,12,13,True,True,True,1788939882
2026-09-09T07:44:49+00:00,434,4,9,True,True,True,1788939882
2026-09-09T07:44:49+00:00,462,4,9,True,True,True,1788939882
2026-09-09T07:44:49+00:00,578,0,24,True,True,True,1788939882
2026-09-09T07:44:49+00:00,415,2,7,True,True,True,1788939882
2026-09-09T07:44:49+00:00,423,3,15,True,True,True,1788939882
2026-09-09T07:44:49+00:00,412,5,0,True,True,True,1788939882
2026-09-09T07:44:49+00:00,454,9,11,True,True,True,1788939882
2026-09-09T07:44:49+00:00,436,0,12,True,True,True,1788939882
2026-09-09T07:44:49+00:00,394,0,20,True,True,True,1788939882
2026-09-09T07:44:49+00:00,497,0,27,True,True,True,1788939882
2026-09-09T07:44:49+00:00,581,6,15,True,True,True,1788939882
2026-09-09T07:44:49+00:00,461,3,17,True,True,True,1788939882
2026-09-09T07:44:49+00:00,599,44,2,True,True,True,1788939882
2026-09-09T07:44:49+00:00,428,7,14,True,True,True,1788939882
2026-09-09T07:44:49+00:00,400,10,12,True,True,True,1788939882
2026-09-09T07:44:49+00:00,487,1,20,True,True,True,1788939882
2026-09-09T07:44:49+00:00,438,18,22,True,True,True,1788939882
2026-09-09T07:44:49+00:00,459,0,11,True,True,True,1788939882
2026-09-09T07:44:49+00:00,433,0,16,True,True,True,1788939882
2026-09-09T07:44:49+00:00,399,1,28,True,True,True,1788939882
2026-09-09T07:44:49+00:00,489,25,1,True,True,True,1788939882
2026-09-09T07:44:49+00:00,742,9,17,True,True,True,1788939882
2026-09-09T07:44:49+00:00,551,1,33,True,True,True,1788939882
2026-09-09T07:44:49+00:00,406,3,7,True,True,True,1788939882
2026-09-09T07:44:49+00:00,488,13,10,True,True,True,1788939882
2026-09-09T07:44:49+00:00,540,0,35,True,True,True,1788939882
2026-09-09T07:44:49+00:00,431,1,17,True,True,True,1788939882
2026-09-09T07:44:49+00:00,393,0,19,True,True,True,1788939882
2026-09-09T07:44:49+00:00,420,7,14,True,True,True,1788939882
2026-09-09T07:44:49+00:00,397,14,18,True,True,True,1788939882
2026-09-09T07:44:49+00:00,484,11,21,True,True,True,1788939882
2026-09-09T07:44:49+00:00,479,22,0,True,True,True,1788939882
2026-09-09T07:44:49+00:00,403,2,12,True,True,True,1788939882
2026-09-09T07:44:49+00:00,435,1,26,True,True,True,1788939882
2026-09-09T07:44:49+00:00,426,1,18,True,True,True,1788939882
2026-09-09T07:44:49+00:00,450,1,12,True,True,True,1788939882
2026-09-09T07:44:49+00:00,456,10,23,True,True,True,1788939882
2026-09-09T07:44:49+00:00,468,8,4,True,True,True,1788939882
2026-09-09T07:44:49+00:00,453,4,28,True,True,True,1788939882
2026-09-09T07:44:49+00:00,466,0,14,True,True,True,1788939882
2026-09-09T07:44:49+00:00,469,2,24,True,True,True,1788939882
2026-09-09T07:44:49+00:00,416,1,14,True,True,True,1788939882
2026-09-09T07:44:49+00:00,391,2,9,True,True,True,1788939882
2026-09-09T07:44:49+00:00,389,4,13,True,True,True,1788939882
2026-09-09T07:44:49+00:00,470,5,9,True,True,True,1788939882
2026-09-09T07:44:49+00:00,384,10,1,True,True,True,1788939882
2026-09-09T07:44:49+00:00,425,0,8,True,True,True,1788939882
2026-09-09T07:44:49+00:00,411,0,12,True,True,True,1788939882
2026-09-09T07:44:49+00:00,598,20,11,True,True,True,1788939882
2026-09-09T07:44:49+00:00,444,10,9,True,True,True,1788939882
2026-09-09T07:44:49+00:00,447,25,2,True,True,True,1788939882
2026-09-09T07:44:49+00:00,408,6,8,True,True,True,1788939882
2026-09-09T07:44:49+00:00,737,16,6,True,True,True,1788939882
2026-09-09T07:44:49+00:00,432,0,11,True,True,True,1788939882
2026-09-09T07:44:49+00:00,401,1,5,True,True,True,1788939882
2026-09-09T07:44:49+00:00,392,8,0,True,True,True,1788939882
2026-09-09T07:44:49+00:00,495,17,21,True,True,True,1788939882
2026-09-09T07:44:49+00:00,478,12,0,True,True,True,1788939882
2026-09-09T07:44:49+00:00,476,18,0,True,True,True,1788939882
2026-09-09T07:44:49+00:00,445,5,12,True,True,True,1788939882
2026-09-09T07:44:49+00:00,748,10,17,True,True,True,1788939882
2026-09-09T07:44:49+00:00,473,0,6,True,True,True,1788939882
2026-09-09T07:44:49+00:00,383,0,26,True,True,True,1788939882
2026-09-09T07:44:49+00:00,480,13,9,True,True,True,1788939882
2026-09-09T07:44:49+00:00,421,0,19,True,True,True,1788939882
2026-09-09T07:44:49+00:00,746,8,3,True,True,True,1788939882
2026-09-09T07:44:49+00:00,417,0,12,True,True,True,1788939882
2026-09-09T07:44:49+00:00,427,1,12,True,True,True,1788939882
2026-09-09T07:44:49+00:00,395,0,14,True,True,True,1788939882
2026-09-09T07:44:49+00:00,418,1,22,True,True,True,1788939882
2026-09-09T07:44:49+00:00,413,2,11,True,True,True,1788939882
2026-09-09T07:44:49+00:00,486,1,21,True,True,True,1788939882
2026-09-09T07:44:49+00:00,597,8,2,True,True,True,1788939882
2026-09-09T07:44:49+00:00,422,0,10,True,True,True,1788939882
2026-09-09T07:44:49+00:00,382,1,6,True,True,True,1788939882
2026-09-09T07:44:49+00:00,735,8,5,True,True,True,1788939882
2026-09-09T07:44:49+00:00,437,17,7,True,True,True,1788939882
2026-09-09T07:44:49+00:00,446,1,19,True,True,True,1788939882
2026-09-09T07:44:49+00:00,424,0,6,True,True,True,1788939882
2026-09-09T07:44:49+00:00,455,1,6,True,True,True,1788939882
2026-09-09T07:44:49+00:00,457,0,9,True,True,True,1788939882
2026-09-09T07:44:49+00:00,377,19,10,True,True,True,1788939882
2026-09-09T07:44:49+00:00,738,4,8,True,True,True,1788939882
2026-09-09T07:44:49+00:00,460,20,9,True,True,True,1788939882
2026-09-09T07:44:49+00:00,744,0,8,True,True,True,1788939882
2026-09-09T07:44:49+00:00,485,0,17,True,True,True,1788939882
2026-09-09T07:59:49+00:00,5431,2,16,True,True,True,1788940784
2026-09-09T07:59:49+00:00,5424,3,14,True,True,True,1788940784
2026-09-09T07:59:49+00:00,5220,0,19,True,True,True,1788940784
2026-09-09T07:59:49+00:00,5113,6,6,True,True,True,1788940784
2026-09-09T07:59:49+00:00,4683,6,12,True,True,True,1788940784
2026-09-09T07:59:49+00:00,4552,18,0,True,True,True,1788940784
2026-09-09T07:59:49+00:00,3725,1,17,True,True,True,1788940784
2026-09-09T07:59:49+00:00,2355,1,11,True,True,True,1788940784
2026-09-09T07:59:49+00:00,2351,0,16,True,True,True,1788940784
2026-09-09T07:59:49+00:00,2350,4,19,True,True,True,1788940784
2026-09-09T07:59:49+00:00,2349,2,18,True,True,True,1788940784
2026-09-09T07:59:49+00:00,2347,12,16,True,True,True,1788940784
2026-09-09T07:59:49+00:00,2340,0,23,True,True,True,1788940784
2026-09-09T07:59:49+00:00,2339,19,9,True,True,True,1788940784
2026-09-09T07:59:49+00:00,2334,12,0,True,True,True,1788940784
2026-09-09T07:59:49+00:00,2333,13,2,True,True,True,1788940784
2026-09-09T07:59:49+00:00,2332,7,4,True,True,True,1788940784
2026-09-09T07:59:49+00:00,2330,13,0,True,True,True,1788940784
2026-09-09T07:59:49+00:00,2328,19,0,True,True,True,1788940784
2026-09-09T07:59:49+00:00,2315,15,1,True,True,True,1788940784
2026-09-09T07:59:49+00:00,2308,6,0,True,True,True,1788940784
2026-09-09T07:59:49+00:00,2307,3,26,True,True,True,1788940784
2026-09-09T07:59:49+00:00,2306,3,15,True,True,True,1788940784
2026-09-09T07:59:49+00:00,2305,1,14,True,True,True,1788940784
2026-09-09T07:59:49+00:00,2304,7,11,True,True,True,1788940784
2026-09-09T07:59:49+00:00,2270,0,19,True,True,True,1788940784
2026-09-09T07:59:49+00:00,1919,4,0,True,True,True,1788940784
2026-09-09T07:59:49+00:00,1009,1,8,True,True,True,1788940784
2026-09-09T07:59:49+00:00,970,10,14,True,True,True,1788940784
2026-09-09T07:59:49+00:00,627,2,27,True,True,True,1788940784
2026-09-09T07:59:49+00:00,624,0,17,True,True,True,1788940784
2026-09-09T07:59:49+00:00,626,5,16,True,True,True,1788940784
2026-09-09T07:59:49+00:00,614,0,24,True,True,True,1788940784
2026-09-09T07:59:49+00:00,616,15,0,True,True,True,1788940784
2026-09-09T07:59:49+00:00,618,4,36,True,True,True,1788940784
2026-09-09T07:59:49+00:00,621,2,24,True,True,True,1788940784
2026-09-09T07:59:49+00:00,622,0,25,True,True,True,1788940784
2026-09-09T07:59:49+00:00,613,0,18,True,True,True,1788940784
2026-09-09T07:59:49+00:00,620,3,35,True,True,True,1788940784
2026-09-09T07:59:49+00:00,596,2,16,True,True,True,1788940784
2026-09-09T07:59:49+00:00,617,0,17,True,True,True,1788940784
2026-09-09T07:59:49+00:00,609,27,0,True,True,True,1788940784
2026-09-09T07:59:49+00:00,607,1,23,True,True,True,1788940784
2026-09-09T07:59:49+00:00,603,1,16,True,True,True,1788940784
2026-09-09T07:59:49+00:00,590,4,31,True,True,True,1788940784
2026-09-09T07:59:49+00:00,610,3,17,True,True,True,1788940784
2026-09-09T07:59:49+00:00,608,1,19,True,True,True,1788940784
2026-09-09T07:59:49+00:00,593,12,17,True,True,True,1788940784
2026-09-09T07:59:49+00:00,530,7,2,True,True,True,1788940784
2026-09-09T07:59:49+00:00,463,8,10,True,True,True,1788940784
2026-09-09T07:59:49+00:00,475,9,15,True,True,True,1788940784
2026-09-09T07:59:49+00:00,439,2,18,True,True,True,1788940784
2026-09-09T07:59:49+00:00,600,6,5,True,True,True,1788940784
2026-09-09T07:59:49+00:00,440,6,10,True,True,True,1788940784
2026-09-09T07:59:49+00:00,612,3,14,True,True,True,1788940784
2026-09-09T07:59:49+00:00,491,16,0,True,True,True,1788940784
2026-09-09T07:59:49+00:00,493,12,16,True,True,True,1788940784
2026-09-09T07:59:49+00:00,410,1,25,True,True,True,1788940784
2026-09-09T07:59:49+00:00,605,12,6,True,True,True,1788940784
2026-09-09T07:59:49+00:00,388,1,17,True,True,True,1788940784
2026-09-09T07:59:49+00:00,591,7,16,True,True,True,1788940784
2026-09-09T07:59:49+00:00,592,0,18,True,True,True,1788940784
2026-09-09T07:59:49+00:00,585,16,1,True,True,True,1788940784
2026-09-09T07:59:49+00:00,565,0,16,True,True,True,1788940784
2026-09-09T07:59:49+00:00,568,0,14,True,True,True,1788940784
2026-09-09T07:59:49+00:00,588,0,16,True,True,True,1788940784
2026-09-09T07:59:49+00:00,584,0,33,True,True,True,1788940784
2026-09-09T07:59:49+00:00,569,8,21,True,True,True,1788940784
2026-09-09T07:59:49+00:00,564,0,29,True,True,True,1788940784
2026-09-09T07:59:49+00:00,570,2,13,True,True,True,1788940784
2026-09-09T07:59:49+00:00,572,20,16,True,True,True,1788940784
2026-09-09T07:59:49+00:00,587,0,15,False,False,False,1788940784
2026-09-09T07:59:49+00:00,586,14,10,True,True,True,1788940784
2026-09-09T07:59:49+00:00,566,11,13,True,True,True,1788940784
2026-09-09T07:59:49+00:00,602,6,12,True,True,True,1788940784
2026-09-09T07:59:49+00:00,575,19,9,True,True,True,1788940784
2026-09-09T07:59:49+00:00,567,4,35,True,True,True,1788940784
2026-09-09T07:59:49+00:00,582,13,12,True,True,True,1788940784
2026-09-09T07:59:49+00:00,595,15,7,True,True,True,1788940784
2026-09-09T07:59:49+00:00,542,13,6,True,True,True,1788940784
2026-09-09T07:59:49+00:00,563,12,0,True,True,True,1788940784
2026-09-09T07:59:49+00:00,552,18,0,True,True,True,1788940784
2026-09-09T07:59:49+00:00,555,0,13,True,True,True,1788940784
2026-09-09T07:59:49+00:00,561,1,20,True,True,True,1788940784
2026-09-09T07:59:49+00:00,543,2,18,True,True,True,1788940784
2026-09-09T07:59:49+00:00,554,12,8,True,True,True,1788940784
2026-09-09T07:59:49+00:00,574,11,0,True,True,True,1788940784
2026-09-09T07:59:49+00:00,560,1,7,True,True,True,1788940784
2026-09-09T07:59:49+00:00,548,2,14,True,True,True,1788940784
2026-09-09T07:59:49+00:00,559,5,10,True,True,True,1788940784
2026-09-09T07:59:49+00:00,550,0,9,True,True,True,1788940784
2026-09-09T07:59:49+00:00,541,9,0,True,True,True,1788940784
2026-09-09T07:59:49+00:00,527,11,0,True,True,True,1788940784
2026-09-09T07:59:49+00:00,529,1,17,True,True,True,1788940784
2026-09-09T07:59:49+00:00,537,15,0,True,True,True,1788940784
2026-09-09T07:59:49+00:00,601,0,19,True,True,True,1788940784
2026-09-09T07:59:49+00:00,535,0,20,True,True,True,1788940784
2026-09-09T07:59:49+00:00,524,1,18,True,True,True,1788940784
2026-09-09T07:59:49+00:00,519,0,17,True,True,True,1788940784
2026-09-09T07:59:49+00:00,534,35,0,True,True,True,1788940784
2026-09-09T07:59:49+00:00,521,6,8,True,True,True,1788940784
2026-09-09T07:59:49+00:00,518,0,17,True,True,True,1788940784
2026-09-09T07:59:49+00:00,556,0,18,True,True,True,1788940784
2026-09-09T07:59:49+00:00,525,0,14,True,True,True,1788940784
2026-09-09T07:59:49+00:00,517,2,15,True,True,True,1788940784
2026-09-09T07:59:49+00:00,523,24,6,True,True,True,1788940784
2026-09-09T07:59:49+00:00,522,6,2,True,True,True,1788940784
2026-09-09T07:59:49+00:00,594,2,17,True,True,True,1788940784
2026-09-09T07:59:49+00:00,532,9,11,True,True,True,1788940784
2026-09-09T07:59:49+00:00,531,1,13,True,True,True,1788940784
2026-09-09T07:59:49+00:00,536,3,5,True,True,True,1788940784
2026-09-09T07:59:49+00:00,562,15,16,True,True,True,1788940784
2026-09-09T07:59:49+00:00,511,23,0,True,True,True,1788940784
2026-09-09T07:59:49+00:00,505,0,20,True,True,True,1788940784
2026-09-09T07:59:49+00:00,501,1,16,True,True,True,1788940784
2026-09-09T07:59:49+00:00,514,0,12,True,True,True,1788940784
2026-09-09T07:59:49+00:00,500,3,13,True,True,True,1788940784
2026-09-09T07:59:49+00:00,503,8,21,True,True,True,1788940784
2026-09-09T07:59:49+00:00,513,0,15,True,True,True,1788940784
2026-09-09T07:59:49+00:00,498,1,10,True,True,True,1788940784
2026-09-09T07:59:49+00:00,507,3,16,True,True,True,1788940784
2026-09-09T07:59:49+00:00,512,2,25,True,True,True,1788940784
2026-09-09T07:59:49+00:00,619,2,40,True,True,True,1788940784
2026-09-09T07:59:49+00:00,474,5,37,True,True,True,1788940784
2026-09-09T07:59:49+00:00,580,3,40,True,True,True,1788940784
2026-09-09T07:59:49+00:00,496,1,41,True,True,True,1788940784
2026-09-09T07:59:49+00:00,482,0,18,True,True,True,1788940784
2026-09-09T07:59:49+00:00,407,0,10,True,True,True,1788940784
2026-09-09T07:59:49+00:00,409,1,20,True,True,True,1788940784
2026-09-09T07:59:49+00:00,451,8,6,True,True,True,1788940784
2026-09-09T07:59:49+00:00,402,1,17,True,True,True,1788940784
2026-09-09T07:59:49+00:00,516,1,12,True,True,True,1788940784
2026-09-09T07:59:49+00:00,429,17,3,True,True,True,1788940784
2026-09-09T07:59:49+00:00,380,0,21,True,True,True,1788940784
2026-09-09T07:59:49+00:00,583,0,18,True,True,True,1788940784
2026-09-09T07:59:49+00:00,398,2,12,True,True,True,1788940784
2026-09-09T07:59:49+00:00,381,3,12,True,True,True,1788940784
2026-09-09T07:59:49+00:00,464,28,15,True,True,True,1788940784
2026-09-09T07:59:49+00:00,442,14,0,True,True,True,1788940784
2026-09-09T07:59:49+00:00,483,8,13,True,True,True,1788940784
2026-09-09T07:59:49+00:00,458,1,13,True,True,True,1788940784
2026-09-09T07:59:49+00:00,499,0,16,True,True,True,1788940784
2026-09-09T07:59:49+00:00,472,0,17,True,True,True,1788940784
2026-09-09T07:59:49+00:00,506,17,9,True,True,True,1788940784
2026-09-09T07:59:49+00:00,465,11,17,True,True,True,1788940784
2026-09-09T07:59:49+00:00,404,11,15,True,True,True,1788940784
2026-09-09T07:59:49+00:00,579,0,14,True,True,True,1788940784
2026-09-09T07:59:49+00:00,589,12,13,True,True,True,1788940784
2026-09-09T07:59:49+00:00,434,3,10,True,True,True,1788940784
2026-09-09T07:59:49+00:00,462,4,9,True,True,True,1788940784
2026-09-09T07:59:49+00:00,578,0,24,True,True,True,1788940784
2026-09-09T07:59:49+00:00,415,2,7,True,True,True,1788940784
2026-09-09T07:59:49+00:00,423,4,14,True,True,True,1788940784
2026-09-09T07:59:49+00:00,412,5,0,True,True,True,1788940784
2026-09-09T07:59:49+00:00,454,9,11,True,True,True,1788940784
2026-09-09T07:59:49+00:00,436,1,11,True,True,True,1788940784
2026-09-09T07:59:49+00:00,394,0,20,True,True,True,1788940784
2026-09-09T07:59:49+00:00,497,1,26,True,True,True,1788940784
2026-09-09T07:59:49+00:00,581,5,16,True,True,True,1788940784
2026-09-09T07:59:49+00:00,461,3,17,True,True,True,1788940784
2026-09-09T07:59:49+00:00,599,45,1,True,True,True,1788940784
2026-09-09T07:59:49+00:00,428,7,14,True,True,True,1788940784
2026-09-09T07:59:49+00:00,400,11,11,True,True,True,1788940784
2026-09-09T07:59:49+00:00,487,0,21,True,True,True,1788940784
2026-09-09T07:59:49+00:00,438,18,22,True,True,True,1788940784
2026-09-09T07:59:49+00:00,459,0,11,True,True,True,1788940784
2026-09-09T07:59:49+00:00,433,0,16,True,True,True,1788940784
2026-09-09T07:59:49+00:00,399,1,28,True,True,True,1788940784
2026-09-09T07:59:49+00:00,489,12,14,True,True,True,1788940784
2026-09-09T07:59:49+00:00,742,9,17,True,True,True,1788940784
2026-09-09T07:59:49+00:00,551,0,34,True,True,True,1788940784
2026-09-09T07:59:49+00:00,406,2,8,True,True,True,1788940784
2026-09-09T07:59:49+00:00,488,19,4,True,True,True,1788940784
2026-09-09T07:59:49+00:00,540,0,35,True,True,True,1788940784
2026-09-09T07:59:49+00:00,431,1,17,True,True,True,1788940784
2026-09-09T07:59:49+00:00,393,0,19,True,True,True,1788940784
2026-09-09T07:59:49+00:00,420,4,17,True,True,True,1788940784
2026-09-09T07:59:49+00:00,397,14,18,True,True,True,1788940784
2026-09-09T07:59:49+00:00,484,11,21,True,True,True,1788940784
2026-09-09T07:59:49+00:00,479,22,0,True,True,True,1788940784
2026-09-09T07:59:49+00:00,403,2,12,True,True,True,1788940784
2026-09-09T07:59:49+00:00,435,1,26,True,True,True,1788940784
2026-09-09T07:59:49+00:00,426,0,19,True,True,True,1788940784
2026-09-09T07:59:49+00:00,450,1,12,True,True,True,1788940784
2026-09-09T07:59:49+00:00,456,10,23,True,True,True,1788940784
2026-09-09T07:59:49+00:00,468,7,5,True,True,True,1788940784
2026-09-09T07:59:49+00:00,453,4,28,True,True,True,1788940784
2026-09-09T07:59:49+00:00,466,0,14,True,True,True,1788940784
2026-09-09T07:59:49+00:00,469,2,24,True,True,True,1788940784
2026-09-09T07:59:49+00:00,416,1,14,True,True,True,1788940784
2026-09-09T07:59:49+00:00,391,2,9,True,True,True,1788940784
2026-09-09T07:59:49+00:00,389,4,13,True,True,True,1788940784
2026-09-09T07:59:49+00:00,470,5,9,True,True,True,1788940784
2026-09-09T07:59:49+00:00,384,10,1,True,True,True,1788940784
2026-09-09T07:59:49+00:00,425,0,8,True,True,True,1788940784
2026-09-09T07:59:49+00:00,411,0,12,True,True,True,1788940784
2026-09-09T07:59:49+00:00,598,20,11,True,True,True,1788940784
2026-09-09T07:59:49+00:00,444,10,9,True,True,True,1788940784
2026-09-09T07:59:49+00:00,447,25,2,True,True,True,1788940784
2026-09-09T07:59:49+00:00,408,6,8,True,True,True,1788940784
2026-09-09T07:59:49+00:00,737,16,6,True,True,True,1788940784
2026-09-09T07:59:49+00:00,432,1,10,True,True,True,1788940784
2026-09-09T07:59:49+00:00,401,1,5,True,True,True,1788940784
2026-09-09T07:59:49+00:00,392,8,0,True,True,True,1788940784
2026-09-09T07:59:49+00:00,495,17,21,True,True,True,1788940784
2026-09-09T07:59:49+00:00,478,12,0,True,True,True,1788940784
2026-09-09T07:59:49+00:00,476,18,0,True,True,True,1788940784
2026-09-09T07:59:49+00:00,445,5,12,True,True,True,1788940784
2026-09-09T07:59:49+00:00,748,10,17,True,True,True,1788940784
2026-09-09T07:59:49+00:00,473,0,6,True,True,True,1788940784
2026-09-09T07:59:49+00:00,383,0,26,True,True,True,1788940784
2026-09-09T07:59:49+00:00,480,15,7,True,True,True,1788940784
2026-09-09T07:59:49+00:00,421,0,19,True,True,True,1788940784
2026-09-09T07:59:49+00:00,746,8,3,True,True,True,1788940784
2026-09-09T07:59:49+00:00,417,0,12,True,True,True,1788940784
2026-09-09T07:59:49+00:00,427,1,12,True,True,True,1788940784
2026-09-09T07:59:49+00:00,395,0,14,True,True,True,1788940784
2026-09-09T07:59:49+00:00,418,1,22,True,True,True,1788940784
2026-09-09T07:59:49+00:00,413,0,13,True,True,True,1788940784
2026-09-09T07:59:49+00:00,486,0,22,True,True,True,1788940784
2026-09-09T07:59:49+00:00,597,7,3,True,True,True,1788940784
2026-09-09T07:59:49+00:00,422,1,9,True,True,True,1788940784
2026-09-09T07:59:49+00:00,382,1,6,True,True,True,1788940784
2026-09-09T07:59:49+00:00,735,7,6,True,True,True,1788940784
2026-09-09T07:59:49+00:00,437,19,5,True,True,True,1788940784
2026-09-09T07:59:49+00:00,446,2,19,True,True,True,1788940784
2026-09-09T07:59:49+00:00,424,0,7,True,True,True,1788940784
2026-09-09T07:59:49+00:00,455,2,5,True,True,True,1788940784
2026-09-09T07:59:49+00:00,457,0,9,True,True,True,1788940784
2026-09-09T07:59:49+00:00,377,19,10,True,True,True,1788940784
2026-09-09T07:59:49+00:00,738,3,9,True,True,True,1788940784
2026-09-09T07:59:49+00:00,460,19,10,True,True,True,1788940784
2026-09-09T07:59:49+00:00,744,0,8,True,True,True,1788940784
2026-09-09T07:59:49+00:00,485,1,16,True,True,True,1788940784
2026-09-09T08:14:49+00:00,5431,2,16,True,True,True,1788941677
2026-09-09T08:14:49+00:00,5424,2,15,True,True,True,1788941677
2026-09-09T08:14:49+00:00,5220,0,19,True,True,True,1788941677
2026-09-09T08:14:49+00:00,5113,6,6,True,True,True,1788941677
2026-09-09T08:14:49+00:00,4683,6,12,True,True,True,1788941677
2026-09-09T08:14:49+00:00,4552,18,0,True,True,True,1788941677
2026-09-09T08:14:49+00:00,3725,0,18,True,True,True,1788941677
2026-09-09T08:14:49+00:00,2355,1,11,True,True,True,1788941677
2026-09-09T08:14:49+00:00,2351,0,16,True,True,True,1788941677
2026-09-09T08:14:49+00:00,2350,6,17,True,True,True,1788941677
2026-09-09T08:14:49+00:00,2349,2,18,True,True,True,1788941677
2026-09-09T08:14:49+00:00,2347,12,16,True,True,True,1788941677
2026-09-09T08:14:49+00:00,2340,0,23,True,True,True,1788941677
2026-09-09T08:14:49+00:00,2339,20,8,True,True,True,1788941677
2026-09-09T08:14:49+00:00,2334,12,0,True,True,True,1788941677
2026-09-09T08:14:49+00:00,2333,13,2,True,True,True,1788941677
2026-09-09T08:14:49+00:00,2332,7,4,True,True,True,1788941677
2026-09-09T08:14:49+00:00,2330,14,0,True,True,True,1788941677
2026-09-09T08:14:49+00:00,2328,19,0,True,True,True,1788941677
2026-09-09T08:14:49+00:00,2315,15,1,True,True,True,1788941677
2026-09-09T08:14:49+00:00,2308,6,0,True,True,True,1788941677
2026-09-09T08:14:49+00:00,2307,3,26,True,True,True,1788941677
2026-09-09T08:14:49+00:00,2306,2,16,True,True,True,1788941677
2026-09-09T08:14:49+00:00,2305,1,14,True,True,True,1788941677
2026-09-09T08:14:49+00:00,2304,7,11,True,True,True,1788941677
2026-09-09T08:14:49+00:00,2270,0,19,True,True,True,1788941677
2026-09-09T08:14:49+00:00,1919,4,0,True,True,True,1788941677
2026-09-09T08:14:49+00:00,1009,0,9,True,True,True,1788941677
2026-09-09T08:14:49+00:00,970,9,14,True,True,True,1788941677
2026-09-09T08:14:49+00:00,627,2,27,True,True,True,1788941677
2026-09-09T08:14:49+00:00,624,0,17,True,True,True,1788941677
2026-09-09T08:14:49+00:00,626,5,16,True,True,True,1788941677
2026-09-09T08:14:49+00:00,614,0,24,True,True,True,1788941677
2026-09-09T08:14:49+00:00,616,15,0,True,True,True,1788941677
2026-09-09T08:14:49+00:00,618,5,35,True,True,True,1788941677
2026-09-09T08:14:49+00:00,621,2,24,True,True,True,1788941677
2026-09-09T08:14:49+00:00,622,1,24,True,True,True,1788941677
2026-09-09T08:14:49+00:00,613,0,18,True,True,True,1788941677
2026-09-09T08:14:49+00:00,620,3,35,True,True,True,1788941677
2026-09-09T08:14:49+00:00,596,1,17,True,True,True,1788941677
2026-09-09T08:14:49+00:00,617,0,17,True,True,True,1788941677
2026-09-09T08:14:49+00:00,609,27,0,True,True,True,1788941677
2026-09-09T08:14:49+00:00,607,0,24,True,True,True,1788941677
2026-09-09T08:14:49+00:00,603,1,16,True,True,True,1788941677
2026-09-09T08:14:49+00:00,590,4,31,True,True,True,1788941677
2026-09-09T08:14:49+00:00,610,3,17,True,True,True,1788941677
2026-09-09T08:14:49+00:00,608,0,20,True,True,True,1788941677
2026-09-09T08:14:49+00:00,593,12,17,True,True,True,1788941677
2026-09-09T08:14:49+00:00,530,7,2,True,True,True,1788941677
2026-09-09T08:14:49+00:00,463,8,10,True,True,True,1788941677
2026-09-09T08:14:49+00:00,475,9,15,True,True,True,1788941677
2026-09-09T08:14:49+00:00,439,2,18,True,True,True,1788941677
2026-09-09T08:14:49+00:00,600,6,5,True,True,True,1788941677
2026-09-09T08:14:49+00:00,440,6,10,True,True,True,1788941677
2026-09-09T08:14:49+00:00,612,3,14,True,True,True,1788941677
2026-09-09T08:14:49+00:00,491,16,0,True,True,True,1788941677
2026-09-09T08:14:49+00:00,493,11,17,True,True,True,1788941677
2026-09-09T08:14:49+00:00,410,1,25,True,True,True,1788941677
2026-09-09T08:14:49+00:00,605,12,6,True,True,True,1788941677
2026-09-09T08:14:49+00:00,388,2,16,True,True,True,1788941677
2026-09-09T08:14:49+00:00,591,7,16,True,True,True,1788941677
2026-09-09T08:14:49+00:00,592,0,18,True,True,True,1788941677
2026-09-09T08:14:49+00:00,585,17,0,True,True,True,1788941677
2026-09-09T08:14:49+00:00,565,0,16,True,True,True,1788941677
2026-09-09T08:14:49+00:00,568,0,14,True,True,True,1788941677
2026-09-09T08:14:49+00:00,588,0,16,True,True,True,1788941677
2026-09-09T08:14:49+00:00,584,0,33,True,True,True,1788941677
2026-09-09T08:14:49+00:00,569,8,21,True,True,True,1788941677
2026-09-09T08:14:49+00:00,564,0,29,True,True,True,1788941677
2026-09-09T08:14:49+00:00,570,2,13,True,True,True,1788941677
2026-09-09T08:14:49+00:00,572,20,16,True,True,True,1788941677
2026-09-09T08:14:49+00:00,587,0,15,False,False,False,1788941677
2026-09-09T08:14:49+00:00,586,13,11,True,True,True,1788941677
2026-09-09T08:14:49+00:00,566,11,13,True,True,True,1788941677
2026-09-09T08:14:49+00:00,602,6,12,True,True,True,1788941677
2026-09-09T08:14:49+00:00,575,19,9,True,True,True,1788941677
2026-09-09T08:14:49+00:00,567,5,34,True,True,True,1788941677
2026-09-09T08:14:49+00:00,582,12,13,True,True,True,1788941677
2026-09-09T08:14:49+00:00,595,15,7,True,True,True,1788941677
2026-09-09T08:14:49+00:00,542,12,7,True,True,True,1788941677
2026-09-09T08:14:49+00:00,563,12,0,True,True,True,1788941677
2026-09-09T08:14:49+00:00,552,18,0,True,True,True,1788941677
2026-09-09T08:14:49+00:00,555,0,13,True,True,True,1788941677
2026-09-09T08:14:49+00:00,561,1,20,True,True,True,1788941677
2026-09-09T08:14:49+00:00,543,2,18,True,True,True,1788941677
2026-09-09T08:14:49+00:00,554,12,8,True,True,True,1788941677
2026-09-09T08:14:49+00:00,574,11,0,True,True,True,1788941677
2026-09-09T08:14:49+00:00,560,1,7,True,True,True,1788941677
2026-09-09T08:14:49+00:00,548,2,14,True,True,True,1788941677
2026-09-09T08:14:49+00:00,559,5,10,True,True,True,1788941677
2026-09-09T08:14:49+00:00,550,0,9,True,True,True,1788941677
2026-09-09T08:14:49+00:00,541,9,0,True,True,True,1788941677
2026-09-09T08:14:49+00:00,527,11,0,True,True,True,1788941677
2026-09-09T08:14:49+00:00,529,2,16,True,True,True,1788941677
2026-09-09T08:14:49+00:00,537,16,0,True,True,True,1788941677
2026-09-09T08:14:49+00:00,601,0,19,True,True,True,1788941677
2026-09-09T08:14:49+00:00,535,1,19,True,True,True,1788941677
2026-09-09T08:14:49+00:00,524,1,18,True,True,True,1788941677
2026-09-09T08:14:49+00:00,519,0,17,True,True,True,1788941677
2026-09-09T08:14:49+00:00,534,35,0,True,True,True,1788941677
2026-09-09T08:14:49+00:00,521,8,6,True,True,True,1788941677
2026-09-09T08:14:49+00:00,518,0,17,True,True,True,1788941677
2026-09-09T08:14:49+00:00,556,0,18,True,True,True,1788941677
2026-09-09T08:14:49+00:00,525,0,14,True,True,True,1788941677
2026-09-09T08:14:49+00:00,517,2,15,True,True,True,1788941677
2026-09-09T08:14:49+00:00,523,26,4,True,True,True,1788941677
2026-09-09T08:14:49+00:00,522,6,2,True,True,True,1788941677
2026-09-09T08:14:49+00:00,594,1,17,True,True,True,1788941677
2026-09-09T08:14:49+00:00,532,9,11,True,True,True,1788941677
2026-09-09T08:14:49+00:00,531,1,13,True,True,True,1788941677
2026-09-09T08:14:49+00:00,536,3,5,True,True,True,1788941677
2026-09-09T08:14:49+00:00,562,15,16,True,True,True,1788941677
2026-09-09T08:14:49+00:00,511,22,1,True,True,True,1788941677
2026-09-09T08:14:49+00:00,505,0,20,True,True,True,1788941677
2026-09-09T08:14:49+00:00,501,1,16,True,True,True,1788941677
2026-09-09T08:14:49+00:00,514,0,12,True,True,True,1788941677
2026-09-09T08:14:49+00:00,500,2,14,True,True,True,1788941677
2026-09-09T08:14:49+00:00,503,7,22,True,True,True,1788941677
2026-09-09T08:14:49+00:00,513,0,15,True,True,True,1788941677
2026-09-09T08:14:49+00:00,498,1,10,True,True,True,1788941677
2026-09-09T08:14:49+00:00,507,3,16,True,True,True,1788941677
2026-09-09T08:14:49+00:00,512,1,26,True,True,True,1788941677
2026-09-09T08:14:49+00:00,619,2,40,True,True,True,1788941677
2026-09-09T08:14:49+00:00,474,5,37,True,True,True,1788941677
2026-09-09T08:14:49+00:00,580,5,38,True,True,True,1788941677
2026-09-09T08:14:49+00:00,496,2,40,True,True,True,1788941677
2026-09-09T08:14:49+00:00,482,0,18,True,True,True,1788941677
2026-09-09T08:14:49+00:00,407,0,10,True,True,True,1788941677
2026-09-09T08:14:49+00:00,409,1,20,True,True,True,1788941677
2026-09-09T08:14:49+00:00,451,5,5,True,True,True,1788941677
2026-09-09T08:14:49+00:00,402,0,17,True,True,True,1788941677
2026-09-09T08:14:49+00:00,516,0,13,True,True,True,1788941677
2026-09-09T08:14:49+00:00,429,17,3,True,True,True,1788941677
2026-09-09T08:14:49+00:00,380,0,21,True,True,True,1788941677
2026-09-09T08:14:49+00:00,583,0,18,True,True,True,1788941677
2026-09-09T08:14:49+00:00,398,2,12,True,True,True,1788941677
2026-09-09T08:14:49+00:00,381,4,11,True,True,True,1788941677
2026-09-09T08:14:49+00:00,464,26,17,True,True,True,1788941677
2026-09-09T08:14:49+00:00,442,14,0,True,True,True,1788941677
2026-09-09T08:14:49+00:00,483,8,13,True,True,True,1788941677
2026-09-09T08:14:49+00:00,458,1,13,True,True,True,1788941677
2026-09-09T08:14:49+00:00,499,0,16,True,True,True,1788941677
2026-09-09T08:14:49+00:00,472,0,17,True,True,True,1788941677
2026-09-09T08:14:49+00:00,506,16,10,True,True,True,1788941677
2026-09-09T08:14:49+00:00,465,12,16,True,True,True,1788941677
2026-09-09T08:14:49+00:00,404,13,13,True,True,True,1788941677
2026-09-09T08:14:49+00:00,579,0,14,True,True,True,1788941677
2026-09-09T08:14:49+00:00,589,12,13,True,True,True,1788941677
2026-09-09T08:14:49+00:00,434,2,11,True,True,True,1788941677
2026-09-09T08:14:49+00:00,462,2,11,True,True,True,1788941677
2026-09-09T08:14:49+00:00,578,0,24,True,True,True,1788941677
2026-09-09T08:14:49+00:00,415,2,7,True,True,True,1788941677
2026-09-09T08:14:49+00:00,423,4,14,True,True,True,1788941677
2026-09-09T08:14:49+00:00,412,4,1,True,True,True,1788941677
2026-09-09T08:14:49+00:00,454,9,11,True,True,True,1788941677
2026-09-09T08:14:49+00:00,436,0,12,True,True,True,1788941677
2026-09-09T08:14:49+00:00,394,0,20,True,True,True,1788941677
2026-09-09T08:14:49+00:00,497,1,26,True,True,True,1788941677
2026-09-09T08:14:49+00:00,581,2,19,True,True,True,1788941677
2026-09-09T08:14:49+00:00,461,3,17,True,True,True,1788941677
2026-09-09T08:14:49+00:00,599,45,1,True,True,True,1788941677
2026-09-09T08:14:49+00:00,428,6,15,True,True,True,1788941677
2026-09-09T08:14:49+00:00,400,11,11,True,True,True,1788941677
2026-09-09T08:14:49+00:00,487,0,21,True,True,True,1788941677
2026-09-09T08:14:49+00:00,438,17,23,True,True,True,1788941677
2026-09-09T08:14:49+00:00,459,0,11,True,True,True,1788941677
2026-09-09T08:14:49+00:00,433,0,16,True,True,True,1788941677
2026-09-09T08:14:49+00:00,399,1,28,True,True,True,1788941677
2026-09-09T08:14:49+00:00,489,12,14,True,True,True,1788941677
2026-09-09T08:14:49+00:00,742,9,17,True,True,True,1788941677
2026-09-09T08:14:49+00:00,551,1,33,True,True,True,1788941677
2026-09-09T08:14:49+00:00,406,2,8,True,True,True,1788941677
2026-09-09T08:14:49+00:00,488,19,4,True,True,True,1788941677
2026-09-09T08:14:49+00:00,540,0,35,True,True,True,1788941677
2026-09-09T08:14:49+00:00,431,0,18,True,True,True,1788941677
2026-09-09T08:14:49+00:00,393,0,19,True,True,True,1788941677
2026-09-09T08:14:49+00:00,420,3,18,True,True,True,1788941677
2026-09-09T08:14:49+00:00,397,14,18,True,True,True,1788941677
2026-09-09T08:14:49+00:00,484,10,22,True,True,True,1788941677
2026-09-09T08:14:49+00:00,479,21,1,True,True,True,1788941677
2026-09-09T08:14:49+00:00,403,4,10,True,True,True,1788941677
2026-09-09T08:14:49+00:00,435,2,25,True,True,True,1788941677
2026-09-09T08:14:49+00:00,426,0,19,True,True,True,1788941677
2026-09-09T08:14:49+00:00,450,0,13,True,True,True,1788941677
2026-09-09T08:14:49+00:00,456,10,23,True,True,True,1788941677
2026-09-09T08:14:49+00:00,468,8,4,True,True,True,1788941677
2026-09-09T08:14:49+00:00,453,4,28,True,True,True,1788941677
2026-09-09T08:14:49+00:00,466,0,14,True,True,True,1788941677
2026-09-09T08:14:49+00:00,469,2,24,True,True,True,1788941677
2026-09-09T08:14:49+00:00,416,1,14,True,True,True,1788941677
2026-09-09T08:14:49+00:00,391,1,10,True,True,True,1788941677
2026-09-09T08:14:49+00:00,389,4,13,True,True,True,1788941677
2026-09-09T08:14:49+00:00,470,5,9,True,True,True,1788941677
2026-09-09T08:14:49+00:00,384,10,1,True,True,True,1788941677
2026-09-09T08:14:49+00:00,425,0,8,True,True,True,1788941677
2026-09-09T08:14:49+00:00,411,0,12,True,True,True,1788941677
2026-09-09T08:14:49+00:00,598,20,11,True,True,True,1788941677
2026-09-09T08:14:49+00:00,444,7,12,True,True,True,1788941677
2026-09-09T08:14:49+00:00,447,24,3,True,True,True,1788941677
2026-09-09T08:14:49+00:00,408,8,6,True,True,True,1788941677
2026-09-09T08:14:49+00:00,737,16,6,True,True,True,1788941677
2026-09-09T08:14:49+00:00,432,0,10,True,True,True,1788941677
2026-09-09T08:14:49+00:00,401,1,5,True,True,True,1788941677
2026-09-09T08:14:49+00:00,392,8,0,True,True,True,1788941677
2026-09-09T08:14:49+00:00,495,17,21,True,True,True,1788941677
2026-09-09T08:14:49+00:00,478,12,0,True,True,True,1788941677
2026-09-09T08:14:49+00:00,476,18,0,True,True,True,1788941677
2026-09-09T08:14:49+00:00,445,5,12,True,True,True,1788941677
2026-09-09T08:14:49+00:00,748,10,17,True,True,True,1788941677
2026-09-09T08:14:49+00:00,473,0,6,True,True,True,1788941677
2026-09-09T08:14:49+00:00,383,0,26,True,True,True,1788941677
2026-09-09T08:14:49+00:00,480,16,6,True,True,True,1788941677
2026-09-09T08:14:49+00:00,421,1,18,True,True,True,1788941677
2026-09-09T08:14:49+00:00,746,8,3,True,True,True,1788941677
2026-09-09T08:14:49+00:00,417,0,12,True,True,True,1788941677
2026-09-09T08:14:49+00:00,427,1,12,True,True,True,1788941677
2026-09-09T08:14:49+00:00,395,0,14,True,True,True,1788941677
2026-09-09T08:14:49+00:00,418,1,22,True,True,True,1788941677
2026-09-09T08:14:49+00:00,413,0,13,True,True,True,1788941677
2026-09-09T08:14:49+00:00,486,0,22,True,True,True,1788941677
2026-09-09T08:14:49+00:00,597,6,5,True,True,True,1788941677
2026-09-09T08:14:49+00:00,422,1,9,True,True,True,1788941677
2026-09-09T08:14:49+00:00,382,0,7,True,True,True,1788941677
2026-09-09T08:14:49+00:00,735,7,6,True,True,True,1788941677
2026-09-09T08:14:49+00:00,437,7,17,True,True,True,1788941677
2026-09-09T08:14:49+00:00,446,2,19,True,True,True,1788941677
2026-09-09T08:14:49+00:00,424,0,7,True,True,True,1788941677
2026-09-09T08:14:49+00:00,455,1,6,True,True,True,1788941677
2026-09-09T08:14:49+00:00,457,0,9,True,True,True,1788941677
2026-09-09T08:14:49+00:00,377,19,10,True,True,True,1788941677
2026-09-09T08:14:49+00:00,738,3,9,True,True,True,1788941677
2026-09-09T08:14:49+00:00,460,18,10,True,True,True,1788941677
2026-09-09T08:14:49+00:00,744,1,7,True,True,True,1788941677
2026-09-09T08:14:49+00:00,485,0,17,True,True,True,1788941677
2026-09-09T08:29:49+00:00,5431,1,17,True,True,True,1788942579
2026-09-09T08:29:49+00:00,5424,2,15,True,True,True,1788942579
2026-09-09T08:29:49+00:00,5220,0,19,True,True,True,1788942579
2026-09-09T08:29:49+00:00,5113,6,6,True,True,True,1788942579
2026-09-09T08:29:49+00:00,4683,6,12,True,True,True,1788942579
2026-09-09T08:29:49+00:00,4552,18,0,True,True,True,1788942579
2026-09-09T08:29:49+00:00,3725,0,18,True,True,True,1788942579
2026-09-09T08:29:49+00:00,2355,1,11,True,True,True,1788942579
2026-09-09T08:29:49+00:00,2351,0,16,True,True,True,1788942579
2026-09-09T08:29:49+00:00,2350,6,17,True,True,True,1788942579
2026-09-09T08:29:49+00:00,2349,2,18,True,True,True,1788942579
2026-09-09T08:29:49+00:00,2347,12,16,True,True,True,1788942579
2026-09-09T08:29:49+00:00,2340,0,23,True,True,True,1788942579
2026-09-09T08:29:49+00:00,2339,21,7,True,True,True,1788942579
2026-09-09T08:29:49+00:00,2334,12,0,True,True,True,1788942579
2026-09-09T08:29:49+00:00,2333,13,2,True,True,True,1788942579
2026-09-09T08:29:49+00:00,2332,7,4,True,True,True,1788942579
2026-09-09T08:29:49+00:00,2330,14,0,True,True,True,1788942579
2026-09-09T08:29:49+00:00,2328,19,0,True,True,True,1788942579
2026-09-09T08:29:49+00:00,2315,15,1,True,True,True,1788942579
2026-09-09T08:29:49+00:00,2308,6,0,True,True,True,1788942579
2026-09-09T08:29:49+00:00,2307,3,26,True,True,True,1788942579
2026-09-09T08:29:49+00:00,2306,2,16,True,True,True,1788942579
2026-09-09T08:29:49+00:00,2305,1,14,True,True,True,1788942579
2026-09-09T08:29:49+00:00,2304,7,11,True,True,True,1788942579
2026-09-09T08:29:49+00:00,2270,0,19,True,True,True,1788942579
2026-09-09T08:29:49+00:00,1919,4,0,True,True,True,1788942579
2026-09-09T08:29:49+00:00,1009,0,9,True,True,True,1788942579
2026-09-09T08:29:49+00:00,970,9,15,True,True,True,1788942579
2026-09-09T08:29:49+00:00,627,2,27,True,True,True,1788942579
2026-09-09T08:29:49+00:00,624,0,17,True,True,True,1788942579
2026-09-09T08:29:49+00:00,626,5,16,True,True,True,1788942579
2026-09-09T08:29:49+00:00,614,0,24,True,True,True,1788942579
2026-09-09T08:29:49+00:00,616,15,0,True,True,True,1788942579
2026-09-09T08:29:49+00:00,618,6,33,True,True,True,1788942579
2026-09-09T08:29:49+00:00,621,2,24,True,True,True,1788942579
2026-09-09T08:29:49+00:00,622,2,23,True,True,True,1788942579
2026-09-09T08:29:49+00:00,613,0,18,True,True,True,1788942579
2026-09-09T08:29:49+00:00,620,3,35,True,True,True,1788942579
2026-09-09T08:29:49+00:00,596,1,17,True,True,True,1788942579
2026-09-09T08:29:49+00:00,617,0,17,True,True,True,1788942579
2026-09-09T08:29:49+00:00,609,27,0,True,True,True,1788942579
2026-09-09T08:29:49+00:00,607,2,22,True,True,True,1788942579
2026-09-09T08:29:49+00:00,603,1,16,True,True,True,1788942579
2026-09-09T08:29:49+00:00,590,3,32,True,True,True,1788942579
2026-09-09T08:29:49+00:00,610,3,17,True,True,True,1788942579
2026-09-09T08:29:49+00:00,608,0,20,True,True,True,1788942579
2026-09-09T08:29:49+00:00,593,12,17,True,True,True,1788942579
2026-09-09T08:29:49+00:00,530,9,0,True,True,True,1788942579
2026-09-09T08:29:49+00:00,463,8,10,True,True,True,1788942579
2026-09-09T08:29:49+00:00,475,10,14,True,True,True,1788942579
2026-09-09T08:29:49+00:00,439,2,18,True,True,True,1788942579
2026-09-09T08:29:49+00:00,600,5,6,True,True,True,1788942579
2026-09-09T08:29:49+00:00,440,5,11,True,True,True,1788942579
2026-09-09T08:29:49+00:00,612,3,14,True,True,True,1788942579
2026-09-09T08:29:49+00:00,491,16,0,True,True,True,1788942579
2026-09-09T08:29:49+00:00,493,10,18,True,True,True,1788942579
2026-09-09T08:29:49+00:00,410,1,25,True,True,True,1788942579
2026-09-09T08:29:49+00:00,605,12,6,True,True,True,1788942579
2026-09-09T08:29:49+00:00,388,2,16,True,True,True,1788942579
2026-09-09T08:29:49+00:00,591,7,16,True,True,True,1788942579
2026-09-09T08:29:49+00:00,592,0,18,True,True,True,1788942579
2026-09-09T08:29:49+00:00,585,17,0,True,True,True,1788942579
2026-09-09T08:29:49+00:00,565,0,16,True,True,True,1788942579
2026-09-09T08:29:49+00:00,568,0,14,True,True,True,1788942579
2026-09-09T08:29:49+00:00,588,0,16,True,True,True,1788942579
2026-09-09T08:29:49+00:00,584,0,33,True,True,True,1788942579
2026-09-09T08:29:49+00:00,569,7,22,True,True,True,1788942579
2026-09-09T08:29:49+00:00,564,0,29,True,True,True,1788942579
2026-09-09T08:29:49+00:00,570,2,13,True,True,True,1788942579
2026-09-09T08:29:49+00:00,572,21,15,True,True,True,1788942579
2026-09-09T08:29:49+00:00,587,0,15,False,False,False,1788942579
2026-09-09T08:29:49+00:00,586,13,11,True,True,True,1788942579
2026-09-09T08:29:49+00:00,566,11,13,True,True,True,1788942579
2026-09-09T08:29:49+00:00,602,6,12,True,True,True,1788942579
2026-09-09T08:29:49+00:00,575,19,9,True,True,True,1788942579
2026-09-09T08:29:49+00:00,567,6,33,True,True,True,1788942579
2026-09-09T08:29:49+00:00,582,12,13,True,True,True,1788942579
2026-09-09T08:29:49+00:00,595,15,7,True,True,True,1788942579
2026-09-09T08:29:49+00:00,542,12,7,True,True,True,1788942579
2026-09-09T08:29:49+00:00,563,12,0,True,True,True,1788942579
2026-09-09T08:29:49+00:00,552,17,1,True,True,True,1788942579
2026-09-09T08:29:49+00:00,555,0,13,True,True,True,1788942579
2026-09-09T08:29:49+00:00,561,0,21,True,True,True,1788942579
2026-09-09T08:29:49+00:00,543,2,18,True,True,True,1788942579
2026-09-09T08:29:49+00:00,554,11,9,True,True,True,1788942579
2026-09-09T08:29:49+00:00,574,11,0,True,True,True,1788942579
2026-09-09T08:29:49+00:00,560,1,7,True,True,True,1788942579
2026-09-09T08:29:49+00:00,548,2,14,True,True,True,1788942579
2026-09-09T08:29:49+00:00,559,5,10,True,True,True,1788942579
2026-09-09T08:29:49+00:00,550,0,9,True,True,True,1788942579
2026-09-09T08:29:49+00:00,541,9,0,True,True,True,1788942579
2026-09-09T08:29:49+00:00,527,11,0,True,True,True,1788942579
2026-09-09T08:29:49+00:00,529,3,15,True,True,True,1788942579
2026-09-09T08:29:49+00:00,537,16,0,True,True,True,1788942579
2026-09-09T08:29:49+00:00,601,1,18,True,True,True,1788942579
2026-09-09T08:29:49+00:00,535,1,19,True,True,True,1788942579
2026-09-09T08:29:49+00:00,524,2,17,True,True,True,1788942579
2026-09-09T08:29:49+00:00,519,0,17,True,True,True,1788942579
2026-09-09T08:29:49+00:00,534,34,1,True,True,True,1788942579
2026-09-09T08:29:49+00:00,521,7,7,True,True,True,1788942579
2026-09-09T08:29:49+00:00,518,0,17,True,True,True,1788942579
2026-09-09T08:29:49+00:00,556,0,18,True,True,True,1788942579
2026-09-09T08:29:49+00:00,525,0,14,True,True,True,1788942579
2026-09-09T08:29:49+00:00,517,2,15,True,True,True,1788942579
2026-09-09T08:29:49+00:00,523,25,5,True,True,True,1788942579
2026-09-09T08:29:49+00:00,522,6,2,True,True,True,1788942579
2026-09-09T08:29:49+00:00,594,1,18,True,True,True,1788942579
2026-09-09T08:29:49+00:00,532,9,11,True,True,True,1788942579
2026-09-09T08:29:49+00:00,531,2,12,True,True,True,1788942579
2026-09-09T08:29:49+00:00,536,3,5,True,True,True,1788942579
2026-09-09T08:29:49+00:00,562,16,15,True,True,True,1788942579
2026-09-09T08:29:49+00:00,511,21,2,True,True,True,1788942579
2026-09-09T08:29:49+00:00,505,0,20,True,True,True,1788942579
2026-09-09T08:29:49+00:00,501,1,16,True,True,True,1788942579
2026-09-09T08:29:49+00:00,514,0,12,True,True,True,1788942579
2026-09-09T08:29:49+00:00,500,1,16,True,True,True,1788942579
2026-09-09T08:29:49+00:00,503,8,21,True,True,True,1788942579
2026-09-09T08:29:49+00:00,513,0,15,True,True,True,1788942579
2026-09-09T08:29:49+00:00,498,1,10,True,True,True,1788942579
2026-09-09T08:29:49+00:00,507,3,16,True,True,True,1788942579
2026-09-09T08:29:49+00:00,512,1,26,True,True,True,1788942579
2026-09-09T08:29:49+00:00,619,2,40,True,True,True,1788942579
2026-09-09T08:29:49+00:00,474,6,36,True,True,True,1788942579
2026-09-09T08:29:49+00:00,580,5,38,True,True,True,1788942579
2026-09-09T08:29:49+00:00,496,2,40,True,True,True,1788942579
2026-09-09T08:29:49+00:00,482,0,18,True,True,True,1788942579
2026-09-09T08:29:49+00:00,407,0,10,True,True,True,1788942579
2026-09-09T08:29:49+00:00,409,1,20,True,True,True,1788942579
2026-09-09T08:29:49+00:00,451,4,6,True,True,True,1788942579
2026-09-09T08:29:49+00:00,402,0,18,True,True,True,1788942579
2026-09-09T08:29:49+00:00,516,0,13,True,True,True,1788942579
2026-09-09T08:29:49+00:00,429,17,3,True,True,True,1788942579
2026-09-09T08:29:49+00:00,380,0,21,True,True,True,1788942579
2026-09-09T08:29:49+00:00,583,0,18,True,True,True,1788942579
2026-09-09T08:29:49+00:00,398,1,13,True,True,True,1788942579
2026-09-09T08:29:49+00:00,381,4,11,True,True,True,1788942579
2026-09-09T08:29:49+00:00,464,25,18,True,True,True,1788942579
2026-09-09T08:29:49+00:00,442,14,0,True,True,True,1788942579
2026-09-09T08:29:49+00:00,483,9,12,True,True,True,1788942579
2026-09-09T08:29:49+00:00,458,1,13,True,True,True,1788942579
2026-09-09T08:29:49+00:00,499,0,16,True,True,True,1788942579
2026-09-09T08:29:49+00:00,472,0,17,True,True,True,1788942579
2026-09-09T08:29:49+00:00,506,16,10,True,True,True,1788942579
2026-09-09T08:29:49+00:00,465,11,17,True,True,True,1788942579
2026-09-09T08:29:49+00:00,404,13,13,True,True,True,1788942579
2026-09-09T08:29:49+00:00,579,0,14,True,True,True,1788942579
2026-09-09T08:29:49+00:00,589,12,13,True,True,True,1788942579
2026-09-09T08:29:49+00:00,434,2,11,True,True,True,1788942579
2026-09-09T08:29:49+00:00,462,1,12,True,True,True,1788942579
2026-09-09T08:29:49+00:00,578,0,24,True,True,True,1788942579
2026-09-09T08:29:49+00:00,415,1,8,True,True,True,1788942579
2026-09-09T08:29:49+00:00,423,5,13,True,True,True,1788942579
2026-09-09T08:29:49+00:00,412,5,2,True,True,True,1788942579
2026-09-09T08:29:49+00:00,454,9,11,True,True,True,1788942579
2026-09-09T08:29:49+00:00,436,0,12,True,True,True,1788942579
2026-09-09T08:29:49+00:00,394,0,20,True,True,True,1788942579
2026-09-09T08:29:49+00:00,497,2,25,True,True,True,1788942579
2026-09-09T08:29:49+00:00,581,3,18,True,True,True,1788942579
2026-09-09T08:29:49+00:00,461,3,17,True,True,True,1788942579
2026-09-09T08:29:49+00:00,599,45,1,True,True,True,1788942579
2026-09-09T08:29:49+00:00,428,6,15,True,True,True,1788942579
2026-09-09T08:29:49+00:00,400,12,10,True,True,True,1788942579
2026-09-09T08:29:49+00:00,487,0,21,True,True,True,1788942579
2026-09-09T08:29:49+00:00,438,18,22,True,True,True,1788942579
2026-09-09T08:29:49+00:00,459,0,11,True,True,True,1788942579
2026-09-09T08:29:49+00:00,433,0,16,True,True,True,1788942579
2026-09-09T08:29:49+00:00,399,1,28,True,True,True,1788942579
2026-09-09T08:29:49+00:00,489,14,12,True,True,True,1788942579
2026-09-09T08:29:49+00:00,742,9,17,True,True,True,1788942579
2026-09-09T08:29:49+00:00,551,1,33,True,True,True,1788942579
2026-09-09T08:29:49+00:00,406,2,8,True,True,True,1788942579
2026-09-09T08:29:49+00:00,488,18,5,True,True,True,1788942579
2026-09-09T08:29:49+00:00,540,0,35,True,True,True,1788942579
2026-09-09T08:29:49+00:00,431,0,18,True,True,True,1788942579
2026-09-09T08:29:49+00:00,393,0,19,True,True,True,1788942579
2026-09-09T08:29:49+00:00,420,2,19,True,True,True,1788942579
2026-09-09T08:29:49+00:00,397,14,18,True,True,True,1788942579
2026-09-09T08:29:49+00:00,484,10,22,True,True,True,1788942579
2026-09-09T08:29:49+00:00,479,22,0,True,True,True,1788942579
2026-09-09T08:29:49+00:00,403,3,11,True,True,True,1788942579
2026-09-09T08:29:49+00:00,435,3,24,True,True,True,1788942579
2026-09-09T08:29:49+00:00,426,0,19,True,True,True,1788942579
2026-09-09T08:29:49+00:00,450,0,13,True,True,True,1788942579
2026-09-09T08:29:49+00:00,456,11,22,True,True,True,1788942579
2026-09-09T08:29:49+00:00,468,8,4,True,True,True,1788942579
2026-09-09T08:29:49+00:00,453,4,28,True,True,True,1788942579
2026-09-09T08:29:49+00:00,466,0,14,True,True,True,1788942579
2026-09-09T08:29:49+00:00,469,2,24,True,True,True,1788942579
2026-09-09T08:29:49+00:00,416,1,14,True,True,True,1788942579
2026-09-09T08:29:49+00:00,391,0,11,True,True,True,1788942579
2026-09-09T08:29:49+00:00,389,5,12,True,True,True,1788942579
2026-09-09T08:29:49+00:00,470,4,10,True,True,True,1788942579
2026-09-09T08:29:49+00:00,384,11,0,True,True,True,1788942579
2026-09-09T08:29:49+00:00,425,0,8,True,True,True,1788942579
2026-09-09T08:29:49+00:00,411,0,12,True,True,True,1788942579
2026-09-09T08:29:49+00:00,598,20,11,True,True,True,1788942579
2026-09-09T08:29:49+00:00,444,7,12,True,True,True,1788942579
2026-09-09T08:29:49+00:00,447,25,2,True,True,True,1788942579
2026-09-09T08:29:49+00:00,408,8,6,True,True,True,1788942579
2026-09-09T08:29:49+00:00,737,16,6,True,True,True,1788942579
2026-09-09T08:29:49+00:00,432,0,11,True,True,True,1788942579
2026-09-09T08:29:49+00:00,401,1,5,True,True,True,1788942579
2026-09-09T08:29:49+00:00,392,8,0,True,True,True,1788942579
2026-09-09T08:29:49+00:00,495,19,19,True,True,True,1788942579
2026-09-09T08:29:49+00:00,478,12,0,True,True,True,1788942579
2026-09-09T08:29:49+00:00,476,18,0,True,True,True,1788942579
2026-09-09T08:29:49+00:00,445,5,12,True,True,True,1788942579
2026-09-09T08:29:49+00:00,748,10,17,True,True,True,1788942579
2026-09-09T08:29:49+00:00,473,0,6,True,True,True,1788942579
2026-09-09T08:29:49+00:00,383,0,26,True,True,True,1788942579
2026-09-09T08:29:49+00:00,480,18,4,True,True,True,1788942579
2026-09-09T08:29:49+00:00,421,0,19,True,True,True,1788942579
2026-09-09T08:29:49+00:00,746,8,3,True,True,True,1788942579
2026-09-09T08:29:49+00:00,417,0,12,True,True,True,1788942579
2026-09-09T08:29:49+00:00,427,1,12,True,True,True,1788942579
2026-09-09T08:29:49+00:00,395,0,14,True,True,True,1788942579
2026-09-09T08:29:49+00:00,418,1,22,True,True,True,1788942579
2026-09-09T08:29:49+00:00,413,0,13,True,True,True,1788942579
2026-09-09T08:29:49+00:00,486,0,22,True,True,True,1788942579
2026-09-09T08:29:49+00:00,597,7,4,True,True,True,1788942579
2026-09-09T08:29:49+00:00,422,2,8,True,True,True,1788942579
2026-09-09T08:29:49+00:00,382,0,7,True,True,True,1788942579
2026-09-09T08:29:49+00:00,735,8,5,True,True,True,1788942579
2026-09-09T08:29:49+00:00,437,3,21,True,True,True,1788942579
2026-09-09T08:29:49+00:00,446,1,20,True,True,True,1788942579
2026-09-09T08:29:49+00:00,424,3,6,True,True,True,1788942579
2026-09-09T08:29:49+00:00,455,2,5,True,True,True,1788942579
2026-09-09T08:29:49+00:00,457,0,9,True,True,True,1788942579
2026-09-09T08:29:49+00:00,377,19,10,True,True,True,1788942579
2026-09-09T08:29:49+00:00,738,2,10,True,True,True,1788942579
2026-09-09T08:29:49+00:00,460,16,12,True,True,True,1788942579
2026-09-09T08:29:49+00:00,744,1,7,True,True,True,1788942579
2026-09-09T08:29:49+00:00,485,1,16,True,True,True,1788942579
2026-09-09T08:44:49+00:00,5431,1,17,True,True,True,1788943486
2026-09-09T08:44:49+00:00,5424,2,15,True,True,True,1788943486
2026-09-09T08:44:49+00:00,5220,0,19,True,True,True,1788943486
2026-09-09T08:44:49+00:00,5113,6,6,True,True,True,1788943486
2026-09-09T08:44:49+00:00,4683,6,12,True,True,True,1788943486
2026-09-09T08:44:49+00:00,4552,18,0,True,True,True,1788943486
2026-09-09T08:44:49+00:00,3725,0,18,True,True,True,1788943486
2026-09-09T08:44:49+00:00,2355,2,10,True,True,True,1788943486
2026-09-09T08:44:49+00:00,2351,0,16,True,True,True,1788943486
2026-09-09T08:44:49+00:00,2350,6,17,True,True,True,1788943486
2026-09-09T08:44:49+00:00,2349,2,18,True,True,True,1788943486
2026-09-09T08:44:49+00:00,2347,12,16,True,True,True,1788943486
2026-09-09T08:44:49+00:00,2340,0,23,True,True,True,1788943486
2026-09-09T08:44:49+00:00,2339,21,7,True,True,True,1788943486
2026-09-09T08:44:49+00:00,2334,12,0,True,True,True,1788943486
2026-09-09T08:44:49+00:00,2333,13,2,True,True,True,1788943486
2026-09-09T08:44:49+00:00,2332,8,3,True,True,True,1788943486
2026-09-09T08:44:49+00:00,2330,14,0,True,True,True,1788943486
2026-09-09T08:44:49+00:00,2328,19,0,True,True,True,1788943486
2026-09-09T08:44:49+00:00,2315,16,0,True,True,True,1788943486
2026-09-09T08:44:49+00:00,2308,6,0,True,True,True,1788943486
2026-09-09T08:44:49+00:00,2307,3,26,True,True,True,1788943486
2026-09-09T08:44:49+00:00,2306,2,16,True,True,True,1788943486
2026-09-09T08:44:49+00:00,2305,1,14,True,True,True,1788943486
2026-09-09T08:44:49+00:00,2304,7,11,True,True,True,1788943486
2026-09-09T08:44:49+00:00,2270,0,19,True,True,True,1788943486
2026-09-09T08:44:49+00:00,1919,3,1,True,True,True,1788943486
2026-09-09T08:44:49+00:00,1009,0,9,True,True,True,1788943486
2026-09-09T08:44:49+00:00,970,9,15,True,True,True,1788943486
2026-09-09T08:44:49+00:00,627,2,27,True,True,True,1788943486
2026-09-09T08:44:49+00:00,624,0,17,True,True,True,1788943486
2026-09-09T08:44:49+00:00,626,5,16,True,True,True,1788943486
2026-09-09T08:44:49+00:00,614,0,24,True,True,True,1788943486
2026-09-09T08:44:49+00:00,616,15,0,True,True,True,1788943486
2026-09-09T08:44:49+00:00,618,7,32,True,True,True,1788943486
2026-09-09T08:44:49+00:00,621,2,24,True,True,True,1788943486
2026-09-09T08:44:49+00:00,622,3,22,True,True,True,1788943486
2026-09-09T08:44:49+00:00,613,0,18,True,True,True,1788943486
2026-09-09T08:44:49+00:00,620,2,36,True,True,True,1788943486
2026-09-09T08:44:49+00:00,596,1,17,True,True,True,1788943486
2026-09-09T08:44:49+00:00,617,0,17,True,True,True,1788943486
2026-09-09T08:44:49+00:00,609,27,0,True,True,True,1788943486
2026-09-09T08:44:49+00:00,607,0,24,True,True,True,1788943486
2026-09-09T08:44:49+00:00,603,2,15,True,True,True,1788943486
2026-09-09T08:44:49+00:00,590,3,32,True,True,True,1788943486
2026-09-09T08:44:49+00:00,610,3,17,True,True,True,1788943486
2026-09-09T08:44:49+00:00,608,1,19,True,True,True,1788943486
2026-09-09T08:44:49+00:00,593,12,17,True,True,True,1788943486
2026-09-09T08:44:49+00:00,530,9,0,True,True,True,1788943486
2026-09-09T08:44:49+00:00,463,8,10,True,True,True,1788943486
2026-09-09T08:44:49+00:00,475,10,14,True,True,True,1788943486
2026-09-09T08:44:49+00:00,439,2,18,True,True,True,1788943486
2026-09-09T08:44:49+00:00,600,4,7,True,True,True,1788943486
2026-09-09T08:44:49+00:00,440,3,13,True,True,True,1788943486
2026-09-09T08:44:49+00:00,612,3,14,True,True,True,1788943486
2026-09-09T08:44:49+00:00,491,16,0,True,True,True,1788943486
2026-09-09T08:44:49+00:00,493,10,18,True,True,True,1788943486
2026-09-09T08:44:49+00:00,410,0,26,True,True,True,1788943486
2026-09-09T08:44:49+00:00,605,12,6,True,True,True,1788943486
2026-09-09T08:44:49+00:00,388,2,16,True,True,True,1788943486
2026-09-09T08:44:49+00:00,591,7,16,True,True,True,1788943486
2026-09-09T08:44:49+00:00,592,1,17,True,True,True,1788943486
2026-09-09T08:44:49+00:00,585,17,0,True,True,True,1788943486
2026-09-09T08:44:49+00:00,565,0,16,True,True,True,1788943486
2026-09-09T08:44:49+00:00,568,0,14,True,True,True,1788943486
2026-09-09T08:44:49+00:00,588,0,16,True,True,True,1788943486
2026-09-09T08:44:49+00:00,584,0,33,True,True,True,1788943486
2026-09-09T08:44:49+00:00,569,7,22,True,True,True,1788943486
2026-09-09T08:44:49+00:00,564,1,28,True,True,True,1788943486
2026-09-09T08:44:49+00:00,570,2,13,True,True,True,1788943486
2026-09-09T08:44:49+00:00,572,21,15,True,True,True,1788943486
2026-09-09T08:44:49+00:00,587,0,15,False,False,False,1788943486
2026-09-09T08:44:49+00:00,586,13,11,True,True,True,1788943486
2026-09-09T08:44:49+00:00,566,11,13,True,True,True,1788943486
2026-09-09T08:44:49+00:00,602,6,12,True,True,True,1788943486
2026-09-09T08:44:49+00:00,575,18,10,True,True,True,1788943486
2026-09-09T08:44:49+00:00,567,6,33,True,True,True,1788943486
2026-09-09T08:44:49+00:00,582,11,14,True,True,True,1788943486
2026-09-09T08:44:49+00:00,595,15,7,True,True,True,1788943486
2026-09-09T08:44:49+00:00,542,11,8,True,True,True,1788943486
2026-09-09T08:44:49+00:00,563,12,0,True,True,True,1788943486
2026-09-09T08:44:49+00:00,552,17,1,True,True,True,1788943486
2026-09-09T08:44:49+00:00,555,0,13,True,True,True,1788943486
2026-09-09T08:44:49+00:00,561,0,21,True,True,True,1788943486
2026-09-09T08:44:49+00:00,543,2,18,True,True,True,1788943486
2026-09-09T08:44:49+00:00,554,10,10,True,True,True,1788943486
2026-09-09T08:44:49+00:00,574,10,1,True,True,True,1788943486
2026-09-09T08:44:49+00:00,560,1,7,True,True,True,1788943486
2026-09-09T08:44:49+00:00,548,2,14,True,True,True,1788943486
2026-09-09T08:44:49+00:00,559,6,9,True,True,True,1788943486
2026-09-09T08:44:49+00:00,550,0,9,True,True,True,1788943486
2026-09-09T08:44:49+00:00,541,9,0,True,True,True,1788943486
2026-09-09T08:44:49+00:00,527,11,0,True,True,True,1788943486
2026-09-09T08:44:49+00:00,529,3,15,True,True,True,1788943486
2026-09-09T08:44:49+00:00,537,16,0,True,True,True,1788943486
2026-09-09T08:44:49+00:00,601,1,18,True,True,True,1788943486
2026-09-09T08:44:49+00:00,535,1,19,True,True,True,1788943486
2026-09-09T08:44:49+00:00,524,2,17,True,True,True,1788943486
2026-09-09T08:44:49+00:00,519,1,16,True,True,True,1788943486
2026-09-09T08:44:49+00:00,534,35,0,True,True,True,1788943486
2026-09-09T08:44:49+00:00,521,7,7,True,True,True,1788943486
2026-09-09T08:44:49+00:00,518,0,17,True,True,True,1788943486
2026-09-09T08:44:49+00:00,556,0,18,True,True,True,1788943486
2026-09-09T08:44:49+00:00,525,0,14,True,True,True,1788943486
2026-09-09T08:44:49+00:00,517,2,15,True,True,True,1788943486
2026-09-09T08:44:49+00:00,523,25,5,True,True,True,1788943486
2026-09-09T08:44:49+00:00,522,6,2,True,True,True,1788943486
2026-09-09T08:44:49+00:00,594,1,17,True,True,True,1788943486
2026-09-09T08:44:49+00:00,532,9,11,True,True,True,1788943486
2026-09-09T08:44:49+00:00,531,2,12,True,True,True,1788943486
2026-09-09T08:44:49+00:00,536,3,5,True,True,True,1788943486
2026-09-09T08:44:49+00:00,562,16,15,True,True,True,1788943486
2026-09-09T08:44:49+00:00,511,21,2,True,True,True,1788943486
2026-09-09T08:44:49+00:00,505,0,20,True,True,True,1788943486
2026-09-09T08:44:49+00:00,501,0,17,True,True,True,1788943486
2026-09-09T08:44:49+00:00,514,0,12,True,True,True,1788943486
2026-09-09T08:44:49+00:00,500,2,16,True,True,True,1788943486
2026-09-09T08:44:49+00:00,503,8,21,True,True,True,1788943486
2026-09-09T08:44:49+00:00,513,0,15,True,True,True,1788943486
2026-09-09T08:44:49+00:00,498,1,10,True,True,True,1788943486
2026-09-09T08:44:49+00:00,507,3,16,True,True,True,1788943486
2026-09-09T08:44:49+00:00,512,1,26,True,True,True,1788943486
2026-09-09T08:44:49+00:00,619,2,40,True,True,True,1788943486
2026-09-09T08:44:49+00:00,474,6,36,True,True,True,1788943486
2026-09-09T08:44:49+00:00,580,5,38,True,True,True,1788943486
2026-09-09T08:44:49+00:00,496,1,41,True,True,True,1788943486
2026-09-09T08:44:49+00:00,482,0,18,True,True,True,1788943486
2026-09-09T08:44:49+00:00,407,0,10,True,True,True,1788943486
2026-09-09T08:44:49+00:00,409,0,21,True,True,True,1788943486
2026-09-09T08:44:49+00:00,451,4,6,True,True,True,1788943486
2026-09-09T08:44:49+00:00,402,0,18,True,True,True,1788943486
2026-09-09T08:44:49+00:00,516,0,13,True,True,True,1788943486
2026-09-09T08:44:49+00:00,429,17,3,True,True,True,1788943486
2026-09-09T08:44:49+00:00,380,0,21,True,True,True,1788943486
2026-09-09T08:44:49+00:00,583,0,18,True,True,True,1788943486
2026-09-09T08:44:49+00:00,398,1,13,True,True,True,1788943486
2026-09-09T08:44:49+00:00,381,4,11,True,True,True,1788943486
2026-09-09T08:44:49+00:00,464,25,18,True,True,True,1788943486
2026-09-09T08:44:49+00:00,442,14,0,True,True,True,1788943486
2026-09-09T08:44:49+00:00,483,9,12,True,True,True,1788943486
2026-09-09T08:44:49+00:00,458,1,13,True,True,True,1788943486
2026-09-09T08:44:49+00:00,499,0,16,True,True,True,1788943486
2026-09-09T08:44:49+00:00,472,0,17,True,True,True,1788943486
2026-09-09T08:44:49+00:00,506,15,11,True,True,True,1788943486
2026-09-09T08:44:49+00:00,465,14,14,True,True,True,1788943486
2026-09-09T08:44:49+00:00,404,15,11,True,True,True,1788943486
2026-09-09T08:44:49+00:00,579,0,14,True,True,True,1788943486
2026-09-09T08:44:49+00:00,589,12,13,True,True,True,1788943486
2026-09-09T08:44:49+00:00,434,2,11,True,True,True,1788943486
2026-09-09T08:44:49+00:00,462,1,12,True,True,True,1788943486
2026-09-09T08:44:49+00:00,578,0,24,True,True,True,1788943486
2026-09-09T08:44:49+00:00,415,1,8,True,True,True,1788943486
2026-09-09T08:44:49+00:00,423,6,12,True,True,True,1788943486
2026-09-09T08:44:49+00:00,412,5,2,True,True,True,1788943486
2026-09-09T08:44:49+00:00,454,9,11,True,True,True,1788943486
2026-09-09T08:44:49+00:00,436,1,11,True,True,True,1788943486
2026-09-09T08:44:49+00:00,394,0,20,True,True,True,1788943486
2026-09-09T08:44:49+00:00,497,2,25,True,True,True,1788943486
2026-09-09T08:44:49+00:00,581,3,18,True,True,True,1788943486
2026-09-09T08:44:49+00:00,461,2,18,True,True,True,1788943486
2026-09-09T08:44:49+00:00,599,45,1,True,True,True,1788943486
2026-09-09T08:44:49+00:00,428,6,15,True,True,True,1788943486
2026-09-09T08:44:49+00:00,400,14,8,True,True,True,1788943486
2026-09-09T08:44:49+00:00,487,0,21,True,True,True,1788943486
2026-09-09T08:44:49+00:00,438,19,21,True,True,True,1788943486
2026-09-09T08:44:49+00:00,459,1,10,True,True,True,1788943486
2026-09-09T08:44:49+00:00,433,1,15,True,True,True,1788943486
2026-09-09T08:44:49+00:00,399,1,28,True,True,True,1788943486
2026-09-09T08:44:49+00:00,489,16,10,True,True,True,1788943486
2026-09-09T08:44:49+00:00,742,8,18,True,True,True,1788943486
2026-09-09T08:44:49+00:00,551,3,31,True,True,True,1788943486
2026-09-09T08:44:49+00:00,406,0,10,True,True,True,1788943486
2026-09-09T08:44:49+00:00,488,18,5,True,True,True,1788943486
2026-09-09T08:44:49+00:00,540,0,35,True,True,True,1788943486
2026-09-09T08:44:49+00:00,431,0,18,True,True,True,1788943486
2026-09-09T08:44:49+00:00,393,0,19,True,True,True,1788943486
2026-09-09T08:44:49+00:00,420,2,19,True,True,True,1788943486
2026-09-09T08:44:49+00:00,397,14,18,True,True,True,1788943486
2026-09-09T08:44:49+00:00,484,10,22,True,True,True,1788943486
2026-09-09T08:44:49+00:00,479,22,1,True,True,True,1788943486
2026-09-09T08:44:49+00:00,403,2,12,True,True,True,1788943486
2026-09-09T08:44:49+00:00,435,2,25,True,True,True,1788943486
2026-09-09T08:44:49+00:00,426,1,18,True,True,True,1788943486
2026-09-09T08:44:49+00:00,450,0,13,True,True,True,1788943486
2026-09-09T08:44:49+00:00,456,11,22,True,True,True,1788943486
2026-09-09T08:44:49+00:00,468,7,5,True,True,True,1788943486
2026-09-09T08:44:49+00:00,453,3,29,True,True,True,1788943486
2026-09-09T08:44:49+00:00,466,0,14,True,True,True,1788943486
2026-09-09T08:44:49+00:00,469,2,24,True,True,True,1788943486
2026-09-09T08:44:49+00:00,416,1,14,True,True,True,1788943486
2026-09-09T08:44:49+00:00,391,0,11,True,True,True,1788943486
2026-09-09T08:44:49+00:00,389,5,12,True,True,True,1788943486
2026-09-09T08:44:49+00:00,470,4,10,True,True,True,1788943486
2026-09-09T08:44:49+00:00,384,10,1,True,True,True,1788943486
2026-09-09T08:44:49+00:00,425,0,8,True,True,True,1788943486
2026-09-09T08:44:49+00:00,411,0,12,True,True,True,1788943486
2026-09-09T08:44:49+00:00,598,21,10,True,True,True,1788943486
2026-09-09T08:44:49+00:00,444,5,14,True,True,True,1788943486
2026-09-09T08:44:49+00:00,447,24,3,True,True,True,1788943486
2026-09-09T08:44:49+00:00,408,6,8,True,True,True,1788943486
2026-09-09T08:44:49+00:00,737,16,6,True,True,True,1788943486
2026-09-09T08:44:49+00:00,432,0,11,True,True,True,1788943486
2026-09-09T08:44:49+00:00,401,1,5,True,True,True,1788943486
2026-09-09T08:44:49+00:00,392,8,0,True,True,True,1788943486
2026-09-09T08:44:49+00:00,495,19,19,True,True,True,1788943486
2026-09-09T08:44:49+00:00,478,12,0,True,True,True,1788943486
2026-09-09T08:44:49+00:00,476,18,0,True,True,True,1788943486
2026-09-09T08:44:49+00:00,445,5,12,True,True,True,1788943486
2026-09-09T08:44:49+00:00,748,11,16,True,True,True,1788943486
2026-09-09T08:44:49+00:00,473,0,6,True,True,True,1788943486
2026-09-09T08:44:49+00:00,383,0,26,True,True,True,1788943486
2026-09-09T08:44:49+00:00,480,21,3,True,True,True,1788943486
2026-09-09T08:44:49+00:00,421,0,19,True,True,True,1788943486
2026-09-09T08:44:49+00:00,746,8,3,True,True,True,1788943486
2026-09-09T08:44:49+00:00,417,0,12,True,True,True,1788943486
2026-09-09T08:44:49+00:00,427,1,12,True,True,True,1788943486
2026-09-09T08:44:49+00:00,395,0,14,True,True,True,1788943486
2026-09-09T08:44:49+00:00,418,1,22,True,True,True,1788943486
2026-09-09T08:44:49+00:00,413,0,13,True,True,True,1788943486
2026-09-09T08:44:49+00:00,486,1,21,True,True,True,1788943486
2026-09-09T08:44:49+00:00,597,6,5,True,True,True,1788943486
2026-09-09T08:44:49+00:00,422,2,8,True,True,True,1788943486
2026-09-09T08:44:49+00:00,382,0,7,True,True,True,1788943486
2026-09-09T08:44:49+00:00,735,9,4,True,True,True,1788943486
2026-09-09T08:44:49+00:00,437,4,20,True,True,True,1788943486
2026-09-09T08:44:49+00:00,446,0,21,True,True,True,1788943486
2026-09-09T08:44:49+00:00,424,3,6,True,True,True,1788943486
2026-09-09T08:44:49+00:00,455,3,5,True,True,True,1788943486
2026-09-09T08:44:49+00:00,457,0,9,True,True,True,1788943486
2026-09-09T08:44:49+00:00,377,18,11,True,True,True,1788943486
2026-09-09T08:44:49+00:00,738,2,10,True,True,True,1788943486
2026-09-09T08:44:49+00:00,460,15,13,True,True,True,1788943486
2026-09-09T08:44:49+00:00,744,1,7,True,True,True,1788943486
2026-09-09T08:44:49+00:00,485,1,16,True,True,True,1788943486
2026-09-09T08:59:49+00:00,5431,0,18,True,True,True,1788944387
2026-09-09T08:59:49+00:00,5424,2,15,True,True,True,1788944387
2026-09-09T08:59:49+00:00,5220,0,19,True,True,True,1788944387
2026-09-09T08:59:49+00:00,5113,6,6,True,True,True,1788944387
2026-09-09T08:59:49+00:00,4683,6,12,True,True,True,1788944387
2026-09-09T08:59:49+00:00,4552,18,0,True,True,True,1788944387
2026-09-09T08:59:49+00:00,3725,0,18,True,True,True,1788944387
2026-09-09T08:59:49+00:00,2355,3,9,True,True,True,1788944387
2026-09-09T08:59:49+00:00,2351,1,15,True,True,True,1788944387
2026-09-09T08:59:49+00:00,2350,6,17,True,True,True,1788944387
2026-09-09T08:59:49+00:00,2349,2,18,True,True,True,1788944387
2026-09-09T08:59:49+00:00,2347,12,16,True,True,True,1788944387
2026-09-09T08:59:49+00:00,2340,0,23,True,True,True,1788944387
2026-09-09T08:59:49+00:00,2339,21,7,True,True,True,1788944387
2026-09-09T08:59:49+00:00,2334,12,0,True,True,True,1788944387
2026-09-09T08:59:49+00:00,2333,12,3,True,True,True,1788944387
2026-09-09T08:59:49+00:00,2332,8,3,True,True,True,1788944387
2026-09-09T08:59:49+00:00,2330,13,1,True,True,True,1788944387
2026-09-09T08:59:49+00:00,2328,19,0,True,True,True,1788944387
2026-09-09T08:59:49+00:00,2315,16,0,True,True,True,1788944387
2026-09-09T08:59:49+00:00,2308,6,0,True,True,True,1788944387
2026-09-09T08:59:49+00:00,2307,2,27,True,True,True,1788944387
2026-09-09T08:59:49+00:00,2306,2,16,True,True,True,1788944387
2026-09-09T08:59:49+00:00,2305,2,13,True,True,True,1788944387
2026-09-09T08:59:49+00:00,2304,7,11,True,True,True,1788944387
2026-09-09T08:59:49+00:00,2270,0,19,True,True,True,1788944387
2026-09-09T08:59:49+00:00,1919,3,1,True,True,True,1788944387
2026-09-09T08:59:49+00:00,1009,0,9,True,True,True,1788944387
2026-09-09T08:59:49+00:00,970,9,15,True,True,True,1788944387
2026-09-09T08:59:49+00:00,627,2,27,True,True,True,1788944387
2026-09-09T08:59:49+00:00,624,0,17,True,True,True,1788944387
2026-09-09T08:59:49+00:00,626,5,16,True,True,True,1788944387
2026-09-09T08:59:49+00:00,614,0,24,True,True,True,1788944387
2026-09-09T08:59:49+00:00,616,15,0,True,True,True,1788944387
2026-09-09T08:59:49+00:00,618,7,32,True,True,True,1788944387
2026-09-09T08:59:49+00:00,621,1,25,True,True,True,1788944387
2026-09-09T08:59:49+00:00,622,3,22,True,True,True,1788944387
2026-09-09T08:59:49+00:00,613,0,18,True,True,True,1788944387
2026-09-09T08:59:49+00:00,620,1,37,True,True,True,1788944387
2026-09-09T08:59:49+00:00,596,0,18,True,True,True,1788944387
2026-09-09T08:59:49+00:00,617,0,17,True,True,True,1788944387
2026-09-09T08:59:49+00:00,609,27,0,True,True,True,1788944387
2026-09-09T08:59:49+00:00,607,0,24,True,True,True,1788944387
2026-09-09T08:59:49+00:00,603,2,15,True,True,True,1788944387
2026-09-09T08:59:49+00:00,590,2,33,True,True,True,1788944387
2026-09-09T08:59:49+00:00,610,1,19,True,True,True,1788944387
2026-09-09T08:59:49+00:00,608,1,19,True,True,True,1788944387
2026-09-09T08:59:49+00:00,593,12,17,True,True,True,1788944387
2026-09-09T08:59:49+00:00,530,9,0,True,True,True,1788944387
2026-09-09T08:59:49+00:00,463,9,9,True,True,True,1788944387
2026-09-09T08:59:49+00:00,475,10,14,True,True,True,1788944387
2026-09-09T08:59:49+00:00,439,3,19,True,True,True,1788944387
2026-09-09T08:59:49+00:00,600,4,7,True,True,True,1788944387
2026-09-09T08:59:49+00:00,440,2,13,True,True,True,1788944387
2026-09-09T08:59:49+00:00,612,3,14,True,True,True,1788944387
2026-09-09T08:59:49+00:00,491,16,0,True,True,True,1788944387
2026-09-09T08:59:49+00:00,493,10,18,True,True,True,1788944387
2026-09-09T08:59:49+00:00,410,0,26,True,True,True,1788944387
2026-09-09T08:59:49+00:00,605,11,7,True,True,True,1788944387
2026-09-09T08:59:49+00:00,388,3,15,True,True,True,1788944387
2026-09-09T08:59:49+00:00,591,7,16,True,True,True,1788944387
2026-09-09T08:59:49+00:00,592,1,17,True,True,True,1788944387
2026-09-09T08:59:49+00:00,585,17,0,True,True,True,1788944387
2026-09-09T08:59:49+00:00,565,0,16,True,True,True,1788944387
2026-09-09T08:59:49+00:00,568,0,14,True,True,True,1788944387
2026-09-09T08:59:49+00:00,588,0,16,True,True,True,1788944387
2026-09-09T08:59:49+00:00,584,1,32,True,True,True,1788944387
2026-09-09T08:59:49+00:00,569,7,22,True,True,True,1788944387
2026-09-09T08:59:49+00:00,564,0,29,True,True,True,1788944387
2026-09-09T08:59:49+00:00,570,2,13,True,True,True,1788944387
2026-09-09T08:59:49+00:00,572,22,14,True,True,True,1788944387
2026-09-09T08:59:49+00:00,587,0,15,False,False,False,1788944387
2026-09-09T08:59:49+00:00,586,13,11,True,True,True,1788944387
2026-09-09T08:59:49+00:00,566,11,13,True,True,True,1788944387
2026-09-09T08:59:49+00:00,602,6,12,True,True,True,1788944387
2026-09-09T08:59:49+00:00,575,18,10,True,True,True,1788944387
2026-09-09T08:59:49+00:00,567,6,33,True,True,True,1788944387
2026-09-09T08:59:49+00:00,582,11,14,True,True,True,1788944387
2026-09-09T08:59:49+00:00,595,15,7,True,True,True,1788944387
2026-09-09T08:59:49+00:00,542,11,8,True,True,True,1788944387
2026-09-09T08:59:49+00:00,563,12,0,True,True,True,1788944387
2026-09-09T08:59:49+00:00,552,17,1,True,True,True,1788944387
2026-09-09T08:59:49+00:00,555,2,12,True,True,True,1788944387
2026-09-09T08:59:49+00:00,561,0,21,True,True,True,1788944387
2026-09-09T08:59:49+00:00,543,2,18,True,True,True,1788944387
2026-09-09T08:59:49+00:00,554,10,10,True,True,True,1788944387
2026-09-09T08:59:49+00:00,574,10,1,True,True,True,1788944387
2026-09-09T08:59:49+00:00,560,1,7,True,True,True,1788944387
2026-09-09T08:59:49+00:00,548,2,14,True,True,True,1788944387
2026-09-09T08:59:49+00:00,559,6,9,True,True,True,1788944387
2026-09-09T08:59:49+00:00,550,0,9,True,True,True,1788944387
2026-09-09T08:59:49+00:00,541,9,0,True,True,True,1788944387
2026-09-09T08:59:49+00:00,527,11,0,True,True,True,1788944387
2026-09-09T08:59:49+00:00,529,4,14,True,True,True,1788944387
2026-09-09T08:59:49+00:00,537,16,0,True,True,True,1788944387
2026-09-09T08:59:49+00:00,601,1,18,True,True,True,1788944387
2026-09-09T08:59:49+00:00,535,2,18,True,True,True,1788944387
2026-09-09T08:59:49+00:00,524,2,17,True,True,True,1788944387
2026-09-09T08:59:49+00:00,519,0,17,True,True,True,1788944387
2026-09-09T08:59:49+00:00,534,35,0,True,True,True,1788944387
2026-09-09T08:59:49+00:00,521,7,7,True,True,True,1788944387
2026-09-09T08:59:49+00:00,518,0,17,True,True,True,1788944387
2026-09-09T08:59:49+00:00,556,0,18,True,True,True,1788944387
2026-09-09T08:59:49+00:00,525,0,14,True,True,True,1788944387
2026-09-09T08:59:49+00:00,517,2,15,True,True,True,1788944387
2026-09-09T08:59:49+00:00,523,26,4,True,True,True,1788944387
2026-09-09T08:59:49+00:00,522,6,2,True,True,True,1788944387
2026-09-09T08:59:49+00:00,594,1,17,True,True,True,1788944387
2026-09-09T08:59:49+00:00,532,9,11,True,True,True,1788944387
2026-09-09T08:59:49+00:00,531,1,13,True,True,True,1788944387
2026-09-09T08:59:49+00:00,536,3,5,True,True,True,1788944387
2026-09-09T08:59:49+00:00,562,19,12,True,True,True,1788944387
2026-09-09T08:59:49+00:00,511,22,0,True,True,True,1788944387
2026-09-09T08:59:49+00:00,505,0,20,True,True,True,1788944387
2026-09-09T08:59:49+00:00,501,0,17,True,True,True,1788944387
2026-09-09T08:59:49+00:00,514,0,12,True,True,True,1788944387
2026-09-09T08:59:49+00:00,500,2,15,True,True,True,1788944387
2026-09-09T08:59:49+00:00,503,8,22,True,True,True,1788944387
2026-09-09T08:59:49+00:00,513,0,15,True,True,True,1788944387
2026-09-09T08:59:49+00:00,498,1,10,True,True,True,1788944387
2026-09-09T08:59:49+00:00,507,3,16,True,True,True,1788944387
2026-09-09T08:59:49+00:00,512,1,26,True,True,True,1788944387
2026-09-09T08:59:49+00:00,619,2,40,True,True,True,1788944387
2026-09-09T08:59:49+00:00,474,6,36,True,True,True,1788944387
2026-09-09T08:59:49+00:00,580,4,39,True,True,True,1788944387
2026-09-09T08:59:49+00:00,496,1,41,True,True,True,1788944387
2026-09-09T08:59:49+00:00,482,0,18,True,True,True,1788944387
2026-09-09T08:59:49+00:00,407,0,10,True,True,True,1788944387
2026-09-09T08:59:49+00:00,409,0,21,True,True,True,1788944387
2026-09-09T08:59:49+00:00,451,5,5,True,True,True,1788944387
2026-09-09T08:59:49+00:00,402,0,18,True,True,True,1788944387
2026-09-09T08:59:49+00:00,516,0,13,True,True,True,1788944387
2026-09-09T08:59:49+00:00,429,18,2,True,True,True,1788944387
2026-09-09T08:59:49+00:00,380,0,21,True,True,True,1788944387
2026-09-09T08:59:49+00:00,583,1,17,True,True,True,1788944387
2026-09-09T08:59:49+00:00,398,0,14,True,True,True,1788944387
2026-09-09T08:59:49+00:00,381,4,11,True,True,True,1788944387
2026-09-09T08:59:49+00:00,464,25,18,True,True,True,1788944387
2026-09-09T08:59:49+00:00,442,14,0,True,True,True,1788944387
2026-09-09T08:59:49+00:00,483,7,14,True,True,True,1788944387
2026-09-09T08:59:49+00:00,458,0,13,True,True,True,1788944387
2026-09-09T08:59:49+00:00,499,0,16,True,True,True,1788944387
2026-09-09T08:59:49+00:00,472,0,17,True,True,True,1788944387
2026-09-09T08:59:49+00:00,506,15,11,True,True,True,1788944387
2026-09-09T08:59:49+00:00,465,15,13,True,True,True,1788944387
2026-09-09T08:59:49+00:00,404,17,9,True,True,True,1788944387
2026-09-09T08:59:49+00:00,579,0,14,True,True,True,1788944387
2026-09-09T08:59:49+00:00,589,12,13,True,True,True,1788944387
2026-09-09T08:59:49+00:00,434,1,12,True,True,True,1788944387
2026-09-09T08:59:49+00:00,462,1,12,True,True,True,1788944387
2026-09-09T08:59:49+00:00,578,1,23,True,True,True,1788944387
2026-09-09T08:59:49+00:00,415,1,8,True,True,True,1788944387
2026-09-09T08:59:49+00:00,423,5,13,True,True,True,1788944387
2026-09-09T08:59:49+00:00,412,7,0,True,True,True,1788944387
2026-09-09T08:59:49+00:00,454,9,11,True,True,True,1788944387
2026-09-09T08:59:49+00:00,436,0,12,True,True,True,1788944387
2026-09-09T08:59:49+00:00,394,14,6,True,True,True,1788944387
2026-09-09T08:59:49+00:00,497,2,25,True,True,True,1788944387
2026-09-09T08:59:49+00:00,581,3,18,True,True,True,1788944387
2026-09-09T08:59:49+00:00,461,2,18,True,True,True,1788944387
2026-09-09T08:59:49+00:00,599,45,1,True,True,True,1788944387
2026-09-09T08:59:49+00:00,428,6,15,True,True,True,1788944387
2026-09-09T08:59:49+00:00,400,15,7,True,True,True,1788944387
2026-09-09T08:59:49+00:00,487,0,21,True,True,True,1788944387
2026-09-09T08:59:49+00:00,438,20,20,True,True,True,1788944387
2026-09-09T08:59:49+00:00,459,1,10,True,True,True,1788944387
2026-09-09T08:59:49+00:00,433,0,16,True,True,True,1788944387
2026-09-09T08:59:49+00:00,399,0,29,True,True,True,1788944387
2026-09-09T08:59:49+00:00,489,18,8,True,True,True,1788944387
2026-09-09T08:59:49+00:00,742,8,18,True,True,True,1788944387
2026-09-09T08:59:49+00:00,551,5,30,True,True,True,1788944387
2026-09-09T08:59:49+00:00,406,0,10,True,True,True,1788944387
2026-09-09T08:59:49+00:00,488,18,5,True,True,True,1788944387
2026-09-09T08:59:49+00:00,540,0,35,True,True,True,1788944387
2026-09-09T08:59:49+00:00,431,0,18,True,True,True,1788944387
2026-09-09T08:59:49+00:00,393,16,3,True,True,True,1788944387
2026-09-09T08:59:49+00:00,420,1,20,True,True,True,1788944387
2026-09-09T08:59:49+00:00,397,14,18,True,True,True,1788944387
2026-09-09T08:59:49+00:00,484,10,22,True,True,True,1788944387
2026-09-09T08:59:49+00:00,479,22,1,True,True,True,1788944387
2026-09-09T08:59:49+00:00,403,4,10,True,True,True,1788944387
2026-09-09T08:59:49+00:00,435,2,25,True,True,True,1788944387
2026-09-09T08:59:49+00:00,426,1,18,True,True,True,1788944387
2026-09-09T08:59:49+00:00,450,0,13,True,True,True,1788944387
2026-09-09T08:59:49+00:00,456,12,21,True,True,True,1788944387
2026-09-09T08:59:49+00:00,468,7,5,True,True,True,1788944387
2026-09-09T08:59:49+00:00,453,4,28,True,True,True,1788944387
2026-09-09T08:59:49+00:00,466,0,14,True,True,True,1788944387
2026-09-09T08:59:49+00:00,469,2,24,True,True,True,1788944387
2026-09-09T08:59:49+00:00,416,1,14,True,True,True,1788944387
2026-09-09T08:59:49+00:00,391,0,11,True,True,True,1788944387
2026-09-09T08:59:49+00:00,389,5,12,True,True,True,1788944387
2026-09-09T08:59:49+00:00,470,3,11,True,True,True,1788944387
2026-09-09T08:59:49+00:00,384,9,2,True,True,True,1788944387
2026-09-09T08:59:49+00:00,425,0,8,True,True,True,1788944387
2026-09-09T08:59:49+00:00,411,0,12,True,True,True,1788944387
2026-09-09T08:59:49+00:00,598,21,10,True,True,True,1788944387
2026-09-09T08:59:49+00:00,444,4,15,True,True,True,1788944387
2026-09-09T08:59:49+00:00,447,24,3,True,True,True,1788944387
2026-09-09T08:59:49+00:00,408,5,9,True,True,True,1788944387
2026-09-09T08:59:49+00:00,737,15,7,True,True,True,1788944387
2026-09-09T08:59:49+00:00,432,0,11,True,True,True,1788944387
2026-09-09T08:59:49+00:00,401,1,5,True,True,True,1788944387
2026-09-09T08:59:49+00:00,392,8,0,True,True,True,1788944387
2026-09-09T08:59:49+00:00,495,20,18,True,True,True,1788944387
2026-09-09T08:59:49+00:00,478,12,0,True,True,True,1788944387
2026-09-09T08:59:49+00:00,476,18,0,True,True,True,1788944387
2026-09-09T08:59:49+00:00,445,5,12,True,True,True,1788944387
2026-09-09T08:59:49+00:00,748,12,15,True,True,True,1788944387
2026-09-09T08:59:49+00:00,473,0,6,True,True,True,1788944387
2026-09-09T08:59:49+00:00,383,0,26,True,True,True,1788944387
2026-09-09T08:59:49+00:00,480,21,3,True,True,True,1788944387
2026-09-09T08:59:49+00:00,421,0,19,True,True,True,1788944387
2026-09-09T08:59:49+00:00,746,8,3,True,True,True,1788944387
2026-09-09T08:59:49+00:00,417,0,12,True,True,True,1788944387
2026-09-09T08:59:49+00:00,427,0,13,True,True,True,1788944387
2026-09-09T08:59:49+00:00,395,0,14,True,True,True,1788944387
2026-09-09T08:59:49+00:00,418,1,22,True,True,True,1788944387
2026-09-09T08:59:49+00:00,413,0,13,True,True,True,1788944387
2026-09-09T08:59:49+00:00,486,0,22,True,True,True,1788944387
2026-09-09T08:59:49+00:00,597,7,5,True,True,True,1788944387
2026-09-09T08:59:49+00:00,422,2,8,True,True,True,1788944387
2026-09-09T08:59:49+00:00,382,0,7,True,True,True,1788944387
2026-09-09T08:59:49+00:00,735,8,5,True,True,True,1788944387
2026-09-09T08:59:49+00:00,437,5,19,True,True,True,1788944387
2026-09-09T08:59:49+00:00,446,1,20,True,True,True,1788944387
2026-09-09T08:59:49+00:00,424,6,3,True,True,True,1788944387
2026-09-09T08:59:49+00:00,455,3,5,True,True,True,1788944387
2026-09-09T08:59:49+00:00,457,0,9,True,True,True,1788944387
2026-09-09T08:59:49+00:00,377,18,11,True,True,True,1788944387
2026-09-09T08:59:49+00:00,738,1,11,True,True,True,1788944387
2026-09-09T08:59:49+00:00,460,15,13,True,True,True,1788944387
2026-09-09T08:59:49+00:00,744,1,7,True,True,True,1788944387
2026-09-09T08:59:49+00:00,485,0,17,True,True,True,1788944387
2026-09-09T09:14:49+00:00,5431,0,18,True,True,True,1788945286
2026-09-09T09:14:49+00:00,5424,3,15,True,True,True,1788945286
2026-09-09T09:14:49+00:00,5220,0,19,True,True,True,1788945286
2026-09-09T09:14:49+00:00,5113,7,5,True,True,True,1788945286
2026-09-09T09:14:49+00:00,4683,6,12,True,True,True,1788945286
2026-09-09T09:14:49+00:00,4552,18,0,True,True,True,1788945286
2026-09-09T09:14:49+00:00,3725,0,18,True,True,True,1788945286
2026-09-09T09:14:49+00:00,2355,3,9,True,True,True,1788945286
2026-09-09T09:14:49+00:00,2351,1,15,True,True,True,1788945286
2026-09-09T09:14:49+00:00,2350,6,17,True,True,True,1788945286
2026-09-09T09:14:49+00:00,2349,2,18,True,True,True,1788945286
2026-09-09T09:14:49+00:00,2347,12,16,True,True,True,1788945286
2026-09-09T09:14:49+00:00,2340,0,23,True,True,True,1788945286
2026-09-09T09:14:49+00:00,2339,21,7,True,True,True,1788945286
2026-09-09T09:14:49+00:00,2334,12,0,True,True,True,1788945286
2026-09-09T09:14:49+00:00,2333,12,3,True,True,True,1788945286
2026-09-09T09:14:49+00:00,2332,8,3,True,True,True,1788945286
2026-09-09T09:14:49+00:00,2330,14,0,True,True,True,1788945286
2026-09-09T09:14:49+00:00,2328,19,0,True,True,True,1788945286
2026-09-09T09:14:49+00:00,2315,16,0,True,True,True,1788945286
2026-09-09T09:14:49+00:00,2308,6,0,True,True,True,1788945286
2026-09-09T09:14:49+00:00,2307,2,27,True,True,True,1788945286
2026-09-09T09:14:49+00:00,2306,2,16,True,True,True,1788945286
2026-09-09T09:14:49+00:00,2305,2,13,True,True,True,1788945286
2026-09-09T09:14:49+00:00,2304,7,11,True,True,True,1788945286
2026-09-09T09:14:49+00:00,2270,0,19,True,True,True,1788945286
2026-09-09T09:14:49+00:00,1919,3,1,True,True,True,1788945286
2026-09-09T09:14:49+00:00,1009,0,9,True,True,True,1788945286
2026-09-09T09:14:49+00:00,970,9,15,True,True,True,1788945286
2026-09-09T09:14:49+00:00,627,2,27,True,True,True,1788945286
2026-09-09T09:14:49+00:00,624,0,17,True,True,True,1788945286
2026-09-09T09:14:49+00:00,626,5,16,True,True,True,1788945286
2026-09-09T09:14:49+00:00,614,0,24,True,True,True,1788945286
2026-09-09T09:14:49+00:00,616,15,0,True,True,True,1788945286
2026-09-09T09:14:49+00:00,618,6,33,True,True,True,1788945286
2026-09-09T09:14:49+00:00,621,1,25,True,True,True,1788945286
2026-09-09T09:14:49+00:00,622,3,22,True,True,True,1788945286
2026-09-09T09:14:49+00:00,613,0,18,True,True,True,1788945286
2026-09-09T09:14:49+00:00,620,0,37,True,True,True,1788945286
2026-09-09T09:14:49+00:00,596,0,18,True,True,True,1788945286
2026-09-09T09:14:49+00:00,617,0,17,True,True,True,1788945286
2026-09-09T09:14:49+00:00,609,26,1,True,True,True,1788945286
2026-09-09T09:14:49+00:00,607,2,24,True,True,True,1788945286
2026-09-09T09:14:49+00:00,603,2,15,True,True,True,1788945286
2026-09-09T09:14:49+00:00,590,2,33,True,True,True,1788945286
2026-09-09T09:14:49+00:00,610,2,18,True,True,True,1788945286
2026-09-09T09:14:49+00:00,608,0,20,True,True,True,1788945286
2026-09-09T09:14:49+00:00,593,14,16,True,True,True,1788945286
2026-09-09T09:14:49+00:00,530,8,1,True,True,True,1788945286
2026-09-09T09:14:49+00:00,463,8,10,True,True,True,1788945286
2026-09-09T09:14:49+00:00,475,10,14,True,True,True,1788945286
2026-09-09T09:14:49+00:00,439,2,20,True,True,True,1788945286
2026-09-09T09:14:49+00:00,600,4,7,True,True,True,1788945286
2026-09-09T09:14:49+00:00,440,2,14,True,True,True,1788945286
2026-09-09T09:14:49+00:00,612,2,15,True,True,True,1788945286
2026-09-09T09:14:49+00:00,491,16,0,True,True,True,1788945286
2026-09-09T09:14:49+00:00,493,9,19,True,True,True,1788945286
2026-09-09T09:14:49+00:00,410,0,26,True,True,True,1788945286
2026-09-09T09:14:49+00:00,605,11,7,True,True,True,1788945286
2026-09-09T09:14:49+00:00,388,3,15,True,True,True,1788945286
2026-09-09T09:14:49+00:00,591,7,16,True,True,True,1788945286
2026-09-09T09:14:49+00:00,592,1,17,True,True,True,1788945286
2026-09-09T09:14:49+00:00,585,17,0,True,True,True,1788945286
2026-09-09T09:14:49+00:00,565,0,16,True,True,True,1788945286
2026-09-09T09:14:49+00:00,568,0,14,True,True,True,1788945286
2026-09-09T09:14:49+00:00,588,1,15,True,True,True,1788945286
2026-09-09T09:14:49+00:00,584,0,33,True,True,True,1788945286
2026-09-09T09:14:49+00:00,569,8,21,True,True,True,1788945286
2026-09-09T09:14:49+00:00,564,2,27,True,True,True,1788945286
2026-09-09T09:14:49+00:00,570,2,13,True,True,True,1788945286
2026-09-09T09:14:49+00:00,572,22,14,True,True,True,1788945286
2026-09-09T09:14:49+00:00,587,0,15,False,False,False,1788945286
2026-09-09T09:14:49+00:00,586,13,11,True,True,True,1788945286
2026-09-09T09:14:49+00:00,566,11,13,True,True,True,1788945286
2026-09-09T09:14:49+00:00,602,6,12,True,True,True,1788945286
2026-09-09T09:14:49+00:00,575,18,10,True,True,True,1788945286
2026-09-09T09:14:49+00:00,567,6,33,True,True,True,1788945286
2026-09-09T09:14:49+00:00,582,11,14,True,True,True,1788945286
2026-09-09T09:14:49+00:00,595,15,7,True,True,True,1788945286
2026-09-09T09:14:49+00:00,542,12,7,True,True,True,1788945286
2026-09-09T09:14:49+00:00,563,12,0,True,True,True,1788945286
2026-09-09T09:14:49+00:00,552,17,1,True,True,True,1788945286
2026-09-09T09:14:49+00:00,555,0,13,True,True,True,1788945286
2026-09-09T09:14:49+00:00,561,0,21,True,True,True,1788945286
2026-09-09T09:14:49+00:00,543,1,19,True,True,True,1788945286
2026-09-09T09:14:49+00:00,554,7,12,True,True,True,1788945286
2026-09-09T09:14:49+00:00,574,10,1,True,True,True,1788945286
2026-09-09T09:14:49+00:00,560,1,7,True,True,True,1788945286
2026-09-09T09:14:49+00:00,548,1,15,True,True,True,1788945286
2026-09-09T09:14:49+00:00,559,6,9,True,True,True,1788945286
2026-09-09T09:14:49+00:00,550,0,9,True,True,True,1788945286
2026-09-09T09:14:49+00:00,541,9,0,True,True,True,1788945286
2026-09-09T09:14:49+00:00,527,11,0,True,True,True,1788945286
2026-09-09T09:14:49+00:00,529,4,14,True,True,True,1788945286
2026-09-09T09:14:49+00:00,537,16,0,True,True,True,1788945286
2026-09-09T09:14:49+00:00,601,1,18,True,True,True,1788945286
2026-09-09T09:14:49+00:00,535,3,17,True,True,True,1788945286
2026-09-09T09:14:49+00:00,524,2,17,True,True,True,1788945286
2026-09-09T09:14:49+00:00,519,0,17,True,True,True,1788945286
2026-09-09T09:14:49+00:00,534,35,0,True,True,True,1788945286
2026-09-09T09:14:49+00:00,521,9,5,True,True,True,1788945286
2026-09-09T09:14:49+00:00,518,0,17,True,True,True,1788945286
2026-09-09T09:14:49+00:00,556,0,18,True,True,True,1788945286
2026-09-09T09:14:49+00:00,525,0,14,True,True,True,1788945286
2026-09-09T09:14:49+00:00,517,2,15,True,True,True,1788945286
2026-09-09T09:14:49+00:00,523,27,3,True,True,True,1788945286
2026-09-09T09:14:49+00:00,522,6,2,True,True,True,1788945286
2026-09-09T09:14:49+00:00,594,1,17,True,True,True,1788945286
2026-09-09T09:14:49+00:00,532,8,12,True,True,True,1788945286
2026-09-09T09:14:49+00:00,531,0,14,True,True,True,1788945286
2026-09-09T09:14:49+00:00,536,3,5,True,True,True,1788945286
2026-09-09T09:14:49+00:00,562,19,12,True,True,True,1788945286
2026-09-09T09:14:49+00:00,511,22,0,True,True,True,1788945286
2026-09-09T09:14:49+00:00,505,0,20,True,True,True,1788945286
2026-09-09T09:14:49+00:00,501,0,17,True,True,True,1788945286
2026-09-09T09:14:49+00:00,514,0,12,True,True,True,1788945286
2026-09-09T09:14:49+00:00,500,3,15,True,True,True,1788945286
2026-09-09T09:14:49+00:00,503,7,24,True,True,True,1788945286
2026-09-09T09:14:49+00:00,513,0,15,True,True,True,1788945286
2026-09-09T09:14:49+00:00,498,1,10,True,True,True,1788945286
2026-09-09T09:14:49+00:00,507,3,16,True,True,True,1788945286
2026-09-09T09:14:49+00:00,512,0,27,True,True,True,1788945286
2026-09-09T09:14:49+00:00,619,1,41,True,True,True,1788945286
2026-09-09T09:14:49+00:00,474,6,36,True,True,True,1788945286
2026-09-09T09:14:49+00:00,580,4,39,True,True,True,1788945286
2026-09-09T09:14:49+00:00,496,1,41,True,True,True,1788945286
2026-09-09T09:14:49+00:00,482,0,18,True,True,True,1788945286
2026-09-09T09:14:49+00:00,407,3,9,True,True,True,1788945286
2026-09-09T09:14:49+00:00,409,0,21,True,True,True,1788945286
2026-09-09T09:14:49+00:00,451,4,6,True,True,True,1788945286
2026-09-09T09:14:49+00:00,402,0,18,True,True,True,1788945286
2026-09-09T09:14:49+00:00,516,0,13,True,True,True,1788945286
2026-09-09T09:14:49+00:00,429,18,2,True,True,True,1788945286
2026-09-09T09:14:49+00:00,380,0,21,True,True,True,1788945286
2026-09-09T09:14:49+00:00,583,0,18,True,True,True,1788945286
2026-09-09T09:14:49+00:00,398,1,15,True,True,True,1788945286
2026-09-09T09:14:49+00:00,381,3,12,True,True,True,1788945286
2026-09-09T09:14:49+00:00,464,25,18,True,True,True,1788945286
2026-09-09T09:14:49+00:00,442,14,0,True,True,True,1788945286
2026-09-09T09:14:49+00:00,483,8,13,True,True,True,1788945286
2026-09-09T09:14:49+00:00,458,0,14,True,True,True,1788945286
2026-09-09T09:14:49+00:00,499,0,16,True,True,True,1788945286
2026-09-09T09:14:49+00:00,472,0,17,True,True,True,1788945286
2026-09-09T09:14:49+00:00,506,12,14,True,True,True,1788945286
2026-09-09T09:14:49+00:00,465,16,12,True,True,True,1788945286
2026-09-09T09:14:49+00:00,404,22,4,True,True,True,1788945286
2026-09-09T09:14:49+00:00,579,0,14,True,True,True,1788945286
2026-09-09T09:14:49+00:00,589,12,13,True,True,True,1788945286
2026-09-09T09:14:49+00:00,434,1,12,True,True,True,1788945286
2026-09-09T09:14:49+00:00,462,1,12,True,True,True,1788945286
2026-09-09T09:14:49+00:00,578,0,24,True,True,True,1788945286
2026-09-09T09:14:49+00:00,415,1,8,True,True,True,1788945286
2026-09-09T09:14:49+00:00,423,5,13,True,True,True,1788945286
2026-09-09T09:14:49+00:00,412,8,0,True,True,True,1788945286
2026-09-09T09:14:49+00:00,454,9,11,True,True,True,1788945286
2026-09-09T09:14:49+00:00,436,0,12,True,True,True,1788945286
2026-09-09T09:14:49+00:00,394,16,4,True,True,True,1788945286
2026-09-09T09:14:49+00:00,497,2,25,True,True,True,1788945286
2026-09-09T09:14:49+00:00,581,3,18,True,True,True,1788945286
2026-09-09T09:14:49+00:00,461,2,18,True,True,True,1788945286
2026-09-09T09:14:49+00:00,599,45,1,True,True,True,1788945286
2026-09-09T09:14:49+00:00,428,5,16,True,True,True,1788945286
2026-09-09T09:14:49+00:00,400,16,6,True,True,True,1788945286
2026-09-09T09:14:49+00:00,487,0,21,True,True,True,1788945286
2026-09-09T09:14:49+00:00,438,18,22,True,True,True,1788945286
2026-09-09T09:14:49+00:00,459,1,10,True,True,True,1788945286
2026-09-09T09:14:49+00:00,433,0,16,True,True,True,1788945286
2026-09-09T09:14:49+00:00,399,0,29,True,True,True,1788945286
2026-09-09T09:14:49+00:00,489,19,7,True,True,True,1788945286
2026-09-09T09:14:49+00:00,742,8,18,True,True,True,1788945286
2026-09-09T09:14:49+00:00,551,7,28,True,True,True,1788945286
2026-09-09T09:14:49+00:00,406,0,10,True,True,True,1788945286
2026-09-09T09:14:49+00:00,488,16,7,True,True,True,1788945286
2026-09-09T09:14:49+00:00,540,1,34,True,True,True,1788945286
2026-09-09T09:14:49+00:00,431,0,18,True,True,True,1788945286
2026-09-09T09:14:49+00:00,393,17,2,True,True,True,1788945286
2026-09-09T09:14:49+00:00,420,0,21,True,True,True,1788945286
2026-09-09T09:14:49+00:00,397,15,17,True,True,True,1788945286
2026-09-09T09:14:49+00:00,484,10,22,True,True,True,1788945286
2026-09-09T09:14:49+00:00,479,22,1,True,True,True,1788945286
2026-09-09T09:14:49+00:00,403,3,11,True,True,True,1788945286
2026-09-09T09:14:49+00:00,435,3,24,True,True,True,1788945286
2026-09-09T09:14:49+00:00,426,0,19,True,True,True,1788945286
2026-09-09T09:14:49+00:00,450,0,13,True,True,True,1788945286
2026-09-09T09:14:49+00:00,456,12,21,True,True,True,1788945286
2026-09-09T09:14:49+00:00,468,7,5,True,True,True,1788945286
2026-09-09T09:14:49+00:00,453,4,28,True,True,True,1788945286
2026-09-09T09:14:49+00:00,466,0,14,True,True,True,1788945286
2026-09-09T09:14:49+00:00,469,1,25,True,True,True,1788945286
2026-09-09T09:14:49+00:00,416,0,15,True,True,True,1788945286
2026-09-09T09:14:49+00:00,391,0,11,True,True,True,1788945286
2026-09-09T09:14:49+00:00,389,5,12,True,True,True,1788945286
2026-09-09T09:14:49+00:00,470,3,11,True,True,True,1788945286
2026-09-09T09:14:49+00:00,384,9,2,True,True,True,1788945286
2026-09-09T09:14:49+00:00,425,0,8,True,True,True,1788945286
2026-09-09T09:14:49+00:00,411,0,12,True,True,True,1788945286
2026-09-09T09:14:49+00:00,598,21,10,True,True,True,1788945286
2026-09-09T09:14:49+00:00,444,4,15,True,True,True,1788945286
2026-09-09T09:14:49+00:00,447,22,4,True,True,True,1788945286
2026-09-09T09:14:49+00:00,408,5,9,True,True,True,1788945286
2026-09-09T09:14:49+00:00,737,13,9,True,True,True,1788945286
2026-09-09T09:14:49+00:00,432,0,11,True,True,True,1788945286
2026-09-09T09:14:49+00:00,401,1,5,True,True,True,1788945286
2026-09-09T09:14:49+00:00,392,8,0,True,True,True,1788945286
2026-09-09T09:14:49+00:00,495,23,15,True,True,True,1788945286
2026-09-09T09:14:49+00:00,478,12,0,True,True,True,1788945286
2026-09-09T09:14:49+00:00,476,18,0,True,True,True,1788945286
2026-09-09T09:14:49+00:00,445,5,12,True,True,True,1788945286
2026-09-09T09:14:49+00:00,748,12,15,True,True,True,1788945286
2026-09-09T09:14:49+00:00,473,0,6,True,True,True,1788945286
2026-09-09T09:14:49+00:00,383,1,25,True,True,True,1788945286
2026-09-09T09:14:49+00:00,480,21,3,True,True,True,1788945286
2026-09-09T09:14:49+00:00,421,0,19,True,True,True,1788945286
2026-09-09T09:14:49+00:00,746,8,3,True,True,True,1788945286
2026-09-09T09:14:49+00:00,417,0,12,True,True,True,1788945286
2026-09-09T09:14:49+00:00,427,0,13,True,True,True,1788945286
2026-09-09T09:14:49+00:00,395,0,14,True,True,True,1788945286
2026-09-09T09:14:49+00:00,418,0,23,True,True,True,1788945286
2026-09-09T09:14:49+00:00,413,0,13,True,True,True,1788945286
2026-09-09T09:14:49+00:00,486,1,21,True,True,True,1788945286
2026-09-09T09:14:49+00:00,597,7,5,True,True,True,1788945286
2026-09-09T09:14:49+00:00,422,0,10,True,True,True,1788945286
2026-09-09T09:14:49+00:00,382,0,7,True,True,True,1788945286
2026-09-09T09:14:49+00:00,735,8,5,True,True,True,1788945286
2026-09-09T09:14:49+00:00,437,10,14,True,True,True,1788945286
2026-09-09T09:14:49+00:00,446,0,21,True,True,True,1788945286
2026-09-09T09:14:49+00:00,424,6,3,True,True,True,1788945286
2026-09-09T09:14:49+00:00,455,2,6,True,True,True,1788945286
2026-09-09T09:14:49+00:00,457,0,9,True,True,True,1788945286
2026-09-09T09:14:49+00:00,377,18,11,True,True,True,1788945286
2026-09-09T09:14:49+00:00,738,1,11,True,True,True,1788945286
2026-09-09T09:14:49+00:00,460,15,13,True,True,True,1788945286
2026-09-09T09:14:49+00:00,744,1,7,True,True,True,1788945286
2026-09-09T09:14:49+00:00,485,0,17,True,True,True,1788945286
2026-09-09T09:29:49+00:00,5431,0,18,True,True,True,1788946188
2026-09-09T09:29:49+00:00,5424,3,15,True,True,True,1788946188
2026-09-09T09:29:49+00:00,5220,0,19,True,True,True,1788946188
2026-09-09T09:29:49+00:00,5113,9,3,True,True,True,1788946188
2026-09-09T09:29:49+00:00,4683,5,13,True,True,True,1788946188
2026-09-09T09:29:49+00:00,4552,18,0,True,True,True,1788946188
2026-09-09T09:29:49+00:00,3725,0,18,True,True,True,1788946188
2026-09-09T09:29:49+00:00,2355,4,8,True,True,True,1788946188
2026-09-09T09:29:49+00:00,2351,2,14,True,True,True,1788946188
2026-09-09T09:29:49+00:00,2350,6,17,True,True,True,1788946188
2026-09-09T09:29:49+00:00,2349,2,18,True,True,True,1788946188
2026-09-09T09:29:49+00:00,2347,12,16,True,True,True,1788946188
2026-09-09T09:29:49+00:00,2340,0,23,True,True,True,1788946188
2026-09-09T09:29:49+00:00,2339,21,7,True,True,True,1788946188
2026-09-09T09:29:49+00:00,2334,12,0,True,True,True,1788946188
2026-09-09T09:29:49+00:00,2333,13,2,True,True,True,1788946188
2026-09-09T09:29:49+00:00,2332,8,3,True,True,True,1788946188
2026-09-09T09:29:49+00:00,2330,14,0,True,True,True,1788946188
2026-09-09T09:29:49+00:00,2328,19,0,True,True,True,1788946188
2026-09-09T09:29:49+00:00,2315,16,0,True,True,True,1788946188
2026-09-09T09:29:49+00:00,2308,6,0,True,True,True,1788946188
2026-09-09T09:29:49+00:00,2307,2,26,True,True,True,1788946188
2026-09-09T09:29:49+00:00,2306,2,16,True,True,True,1788946188
2026-09-09T09:29:49+00:00,2305,1,14,True,True,True,1788946188
2026-09-09T09:29:49+00:00,2304,7,11,True,True,True,1788946188
2026-09-09T09:29:49+00:00,2270,0,19,True,True,True,1788946188
2026-09-09T09:29:49+00:00,1919,3,1,True,True,True,1788946188
2026-09-09T09:29:49+00:00,1009,0,9,True,True,True,1788946188
2026-09-09T09:29:49+00:00,970,9,15,True,True,True,1788946188
2026-09-09T09:29:49+00:00,627,2,27,True,True,True,1788946188
2026-09-09T09:29:49+00:00,624,0,17,True,True,True,1788946188
2026-09-09T09:29:49+00:00,626,5,16,True,True,True,1788946188
2026-09-09T09:29:49+00:00,614,0,24,True,True,True,1788946188
2026-09-09T09:29:49+00:00,616,15,0,True,True,True,1788946188
2026-09-09T09:29:49+00:00,618,6,33,True,True,True,1788946188
2026-09-09T09:29:49+00:00,621,1,25,True,True,True,1788946188
2026-09-09T09:29:49+00:00,622,1,24,True,True,True,1788946188
2026-09-09T09:29:49+00:00,613,0,18,True,True,True,1788946188
2026-09-09T09:29:49+00:00,620,0,38,True,True,True,1788946188
2026-09-09T09:29:49+00:00,596,0,17,True,True,True,1788946188
2026-09-09T09:29:49+00:00,617,0,17,True,True,True,1788946188
2026-09-09T09:29:49+00:00,609,27,0,True,True,True,1788946188
2026-09-09T09:29:49+00:00,607,1,25,True,True,True,1788946188
2026-09-09T09:29:49+00:00,603,2,15,True,True,True,1788946188
2026-09-09T09:29:49+00:00,590,1,34,True,True,True,1788946188
2026-09-09T09:29:49+00:00,610,3,17,True,True,True,1788946188
2026-09-09T09:29:49+00:00,608,0,20,True,True,True,1788946188
2026-09-09T09:29:49+00:00,593,13,17,True,True,True,1788946188
2026-09-09T09:29:49+00:00,530,9,0,True,True,True,1788946188
2026-09-09T09:29:49+00:00,463,8,10,True,True,True,1788946188
2026-09-09T09:29:49+00:00,475,10,14,True,True,True,1788946188
2026-09-09T09:29:49+00:00,439,0,22,True,True,True,1788946188
2026-09-09T09:29:49+00:00,600,4,7,True,True,True,1788946188
2026-09-09T09:29:49+00:00,440,2,14,True,True,True,1788946188
2026-09-09T09:29:49+00:00,612,1,16,True,True,True,1788946188
2026-09-09T09:29:49+00:00,491,16,0,True,True,True,1788946188
2026-09-09T09:29:49+00:00,493,9,19,True,True,True,1788946188
2026-09-09T09:29:49+00:00,410,0,26,True,True,True,1788946188
2026-09-09T09:29:49+00:00,605,11,7,True,True,True,1788946188
2026-09-09T09:29:49+00:00,388,3,15,True,True,True,1788946188
2026-09-09T09:29:49+00:00,591,7,16,True,True,True,1788946188
2026-09-09T09:29:49+00:00,592,1,17,True,True,True,1788946188
2026-09-09T09:29:49+00:00,585,17,0,True,True,True,1788946188
2026-09-09T09:29:49+00:00,565,0,16,True,True,True,1788946188
2026-09-09T09:29:49+00:00,568,1,13,True,True,True,1788946188
2026-09-09T09:29:49+00:00,588,1,15,True,True,True,1788946188
2026-09-09T09:29:49+00:00,584,0,33,True,True,True,1788946188
2026-09-09T09:29:49+00:00,569,7,22,True,True,True,1788946188
2026-09-09T09:29:49+00:00,564,1,28,True,True,True,1788946188
2026-09-09T09:29:49+00:00,570,2,13,True,True,True,1788946188
2026-09-09T09:29:49+00:00,572,22,14,True,True,True,1788946188
2026-09-09T09:29:49+00:00,587,0,15,False,False,False,1788946188
2026-09-09T09:29:49+00:00,586,12,12,True,True,True,1788946188
2026-09-09T09:29:49+00:00,566,11,13,True,True,True,1788946188
2026-09-09T09:29:49+00:00,602,6,12,True,True,True,1788946188
2026-09-09T09:29:49+00:00,575,18,10,True,True,True,1788946188
2026-09-09T09:29:49+00:00,567,6,33,True,True,True,1788946188
2026-09-09T09:29:49+00:00,582,11,14,True,True,True,1788946188
2026-09-09T09:29:49+00:00,595,15,7,True,True,True,1788946188
2026-09-09T09:29:49+00:00,542,13,6,True,True,True,1788946188
2026-09-09T09:29:49+00:00,563,12,0,True,True,True,1788946188
2026-09-09T09:29:49+00:00,552,18,0,True,True,True,1788946188
2026-09-09T09:29:49+00:00,555,0,13,True,True,True,1788946188
2026-09-09T09:29:49+00:00,561,0,21,True,True,True,1788946188
2026-09-09T09:29:49+00:00,543,1,19,True,True,True,1788946188
2026-09-09T09:29:49+00:00,554,7,13,True,True,True,1788946188
2026-09-09T09:29:49+00:00,574,10,1,True,True,True,1788946188
2026-09-09T09:29:49+00:00,560,1,7,True,True,True,1788946188
2026-09-09T09:29:49+00:00,548,1,15,True,True,True,1788946188
2026-09-09T09:29:49+00:00,559,6,9,True,True,True,1788946188
2026-09-09T09:29:49+00:00,550,0,9,True,True,True,1788946188
2026-09-09T09:29:49+00:00,541,9,0,True,True,True,1788946188
2026-09-09T09:29:49+00:00,527,11,0,True,True,True,1788946188
2026-09-09T09:29:49+00:00,529,4,14,True,True,True,1788946188
2026-09-09T09:29:49+00:00,537,16,0,True,True,True,1788946188
2026-09-09T09:29:49+00:00,601,1,18,True,True,True,1788946188
2026-09-09T09:29:49+00:00,535,5,15,True,True,True,1788946188
2026-09-09T09:29:49+00:00,524,2,17,True,True,True,1788946188
2026-09-09T09:29:49+00:00,519,0,17,True,True,True,1788946188
2026-09-09T09:29:49+00:00,534,35,0,True,True,True,1788946188
2026-09-09T09:29:49+00:00,521,10,4,True,True,True,1788946188
2026-09-09T09:29:49+00:00,518,0,17,True,True,True,1788946188
2026-09-09T09:29:49+00:00,556,0,18,True,True,True,1788946188
2026-09-09T09:29:49+00:00,525,0,14,True,True,True,1788946188
2026-09-09T09:29:49+00:00,517,2,14,True,True,True,1788946188
2026-09-09T09:29:49+00:00,523,27,3,True,True,True,1788946188
2026-09-09T09:29:49+00:00,522,6,2,True,True,True,1788946188
2026-09-09T09:29:49+00:00,594,1,17,True,True,True,1788946188
2026-09-09T09:29:49+00:00,532,8,12,True,True,True,1788946188
2026-09-09T09:29:49+00:00,531,1,13,True,True,True,1788946188
2026-09-09T09:29:49+00:00,536,3,5,True,True,True,1788946188
2026-09-09T09:29:49+00:00,562,20,10,True,True,True,1788946188
2026-09-09T09:29:49+00:00,511,22,0,True,True,True,1788946188
2026-09-09T09:29:49+00:00,505,1,19,True,True,True,1788946188
2026-09-09T09:29:49+00:00,501,0,17,True,True,True,1788946188
2026-09-09T09:29:49+00:00,514,0,12,True,True,True,1788946188
2026-09-09T09:29:49+00:00,500,5,13,True,True,True,1788946188
2026-09-09T09:29:49+00:00,503,6,25,True,True,True,1788946188
2026-09-09T09:29:49+00:00,513,0,15,True,True,True,1788946188
2026-09-09T09:29:49+00:00,498,0,11,True,True,True,1788946188
2026-09-09T09:29:49+00:00,507,4,15,True,True,True,1788946188
2026-09-09T09:29:49+00:00,512,0,27,True,True,True,1788946188
2026-09-09T09:29:49+00:00,619,1,41,True,True,True,1788946188
2026-09-09T09:29:49+00:00,474,6,36,True,True,True,1788946188
2026-09-09T09:29:49+00:00,580,2,41,True,True,True,1788946188
2026-09-09T09:29:49+00:00,496,1,41,True,True,True,1788946188
2026-09-09T09:29:49+00:00,482,0,18,True,True,True,1788946188
2026-09-09T09:29:49+00:00,407,2,10,True,True,True,1788946188
2026-09-09T09:29:49+00:00,409,0,21,True,True,True,1788946188
2026-09-09T09:29:49+00:00,451,3,7,True,True,True,1788946188
2026-09-09T09:29:49+00:00,402,0,18,True,True,True,1788946188
2026-09-09T09:29:49+00:00,516,0,13,True,True,True,1788946188
2026-09-09T09:29:49+00:00,429,18,2,True,True,True,1788946188
2026-09-09T09:29:49+00:00,380,0,21,True,True,True,1788946188
2026-09-09T09:29:49+00:00,583,0,18,True,True,True,1788946188
2026-09-09T09:29:49+00:00,398,1,15,True,True,True,1788946188
2026-09-09T09:29:49+00:00,381,3,12,True,True,True,1788946188
2026-09-09T09:29:49+00:00,464,25,18,True,True,True,1788946188
2026-09-09T09:29:49+00:00,442,14,0,True,True,True,1788946188
2026-09-09T09:29:49+00:00,483,8,13,True,True,True,1788946188
2026-09-09T09:29:49+00:00,458,1,14,True,True,True,1788946188
2026-09-09T09:29:49+00:00,499,1,15,True,True,True,1788946188
2026-09-09T09:29:49+00:00,472,0,17,True,True,True,1788946188
2026-09-09T09:29:49+00:00,506,13,13,True,True,True,1788946188
2026-09-09T09:29:49+00:00,465,18,10,True,True,True,1788946188
2026-09-09T09:29:49+00:00,404,23,3,True,True,True,1788946188
2026-09-09T09:29:49+00:00,579,0,14,True,True,True,1788946188
2026-09-09T09:29:49+00:00,589,12,13,True,True,True,1788946188
2026-09-09T09:29:49+00:00,434,2,11,True,True,True,1788946188
2026-09-09T09:29:49+00:00,462,0,13,True,True,True,1788946188
2026-09-09T09:29:49+00:00,578,0,24,True,True,True,1788946188
2026-09-09T09:29:49+00:00,415,2,9,True,True,True,1788946188
2026-09-09T09:29:49+00:00,423,7,12,True,True,True,1788946188
2026-09-09T09:29:49+00:00,412,8,0,True,True,True,1788946188
2026-09-09T09:29:49+00:00,454,9,11,True,True,True,1788946188
2026-09-09T09:29:49+00:00,436,0,12,True,True,True,1788946188
2026-09-09T09:29:49+00:00,394,16,4,True,True,True,1788946188
2026-09-09T09:29:49+00:00,497,2,25,True,True,True,1788946188
2026-09-09T09:29:49+00:00,581,2,19,True,True,True,1788946188
2026-09-09T09:29:49+00:00,461,1,19,True,True,True,1788946188
2026-09-09T09:29:49+00:00,599,45,1,True,True,True,1788946188
2026-09-09T09:29:49+00:00,428,5,16,True,True,True,1788946188
2026-09-09T09:29:49+00:00,400,20,2,True,True,True,1788946188
2026-09-09T09:29:49+00:00,487,0,21,True,True,True,1788946188
2026-09-09T09:29:49+00:00,438,18,22,True,True,True,1788946188
2026-09-09T09:29:49+00:00,459,0,11,True,True,True,1788946188
2026-09-09T09:29:49+00:00,433,0,16,True,True,True,1788946188
2026-09-09T09:29:49+00:00,399,0,29,True,True,True,1788946188
2026-09-09T09:29:49+00:00,489,18,8,True,True,True,1788946188
2026-09-09T09:29:49+00:00,742,8,18,True,True,True,1788946188
2026-09-09T09:29:49+00:00,551,5,30,True,True,True,1788946188
2026-09-09T09:29:49+00:00,406,0,10,True,True,True,1788946188
2026-09-09T09:29:49+00:00,488,15,8,True,True,True,1788946188
2026-09-09T09:29:49+00:00,540,0,35,True,True,True,1788946188
2026-09-09T09:29:49+00:00,431,0,18,True,True,True,1788946188
2026-09-09T09:29:49+00:00,393,17,3,True,True,True,1788946188
2026-09-09T09:29:49+00:00,420,0,21,True,True,True,1788946188
2026-09-09T09:29:49+00:00,397,14,18,True,True,True,1788946188
2026-09-09T09:29:49+00:00,484,10,22,True,True,True,1788946188
2026-09-09T09:29:49+00:00,479,22,1,True,True,True,1788946188
2026-09-09T09:29:49+00:00,403,2,12,True,True,True,1788946188
2026-09-09T09:29:49+00:00,435,4,23,True,True,True,1788946188
2026-09-09T09:29:49+00:00,426,0,19,True,True,True,1788946188
2026-09-09T09:29:49+00:00,450,0,13,True,True,True,1788946188
2026-09-09T09:29:49+00:00,456,11,22,True,True,True,1788946188
2026-09-09T09:29:49+00:00,468,7,5,True,True,True,1788946188
2026-09-09T09:29:49+00:00,453,4,28,True,True,True,1788946188
2026-09-09T09:29:49+00:00,466,0,14,True,True,True,1788946188
2026-09-09T09:29:49+00:00,469,1,25,True,True,True,1788946188
2026-09-09T09:29:49+00:00,416,0,15,True,True,True,1788946188
2026-09-09T09:29:49+00:00,391,0,11,True,True,True,1788946188
2026-09-09T09:29:49+00:00,389,5,12,True,True,True,1788946188
2026-09-09T09:29:49+00:00,470,1,13,True,True,True,1788946188
2026-09-09T09:29:49+00:00,384,10,2,True,True,True,1788946188
2026-09-09T09:29:49+00:00,425,0,8,True,True,True,1788946188
2026-09-09T09:29:49+00:00,411,0,12,True,True,True,1788946188
2026-09-09T09:29:49+00:00,598,21,10,True,True,True,1788946188
2026-09-09T09:29:49+00:00,444,3,16,True,True,True,1788946188
2026-09-09T09:29:49+00:00,447,21,6,True,True,True,1788946188
2026-09-09T09:29:49+00:00,408,3,11,True,True,True,1788946188
2026-09-09T09:29:49+00:00,737,13,9,True,True,True,1788946188
2026-09-09T09:29:49+00:00,432,0,11,True,True,True,1788946188
2026-09-09T09:29:49+00:00,401,1,5,True,True,True,1788946188
2026-09-09T09:29:49+00:00,392,8,0,True,True,True,1788946188
2026-09-09T09:29:49+00:00,495,25,13,True,True,True,1788946188
2026-09-09T09:29:49+00:00,478,12,0,True,True,True,1788946188
2026-09-09T09:29:49+00:00,476,18,0,True,True,True,1788946188
2026-09-09T09:29:49+00:00,445,6,11,True,True,True,1788946188
2026-09-09T09:29:49+00:00,748,12,15,True,True,True,1788946188
2026-09-09T09:29:49+00:00,473,0,6,True,True,True,1788946188
2026-09-09T09:29:49+00:00,383,1,25,True,True,True,1788946188
2026-09-09T09:29:49+00:00,480,6,18,True,True,True,1788946188
2026-09-09T09:29:49+00:00,421,0,19,True,True,True,1788946188
2026-09-09T09:29:49+00:00,746,8,3,True,True,True,1788946188
2026-09-09T09:29:49+00:00,417,0,12,True,True,True,1788946188
2026-09-09T09:29:49+00:00,427,0,13,True,True,True,1788946188
2026-09-09T09:29:49+00:00,395,0,14,True,True,True,1788946188
2026-09-09T09:29:49+00:00,418,0,23,True,True,True,1788946188
2026-09-09T09:29:49+00:00,413,0,13,True,True,True,1788946188
2026-09-09T09:29:49+00:00,486,1,21,True,True,True,1788946188
2026-09-09T09:29:49+00:00,597,8,3,True,True,True,1788946188
2026-09-09T09:29:49+00:00,422,0,10,True,True,True,1788946188
2026-09-09T09:29:49+00:00,382,0,7,True,True,True,1788946188
2026-09-09T09:29:49+00:00,735,8,5,True,True,True,1788946188
2026-09-09T09:29:49+00:00,437,11,13,True,True,True,1788946188
2026-09-09T09:29:49+00:00,446,1,20,True,True,True,1788946188
2026-09-09T09:29:49+00:00,424,5,4,True,True,True,1788946188
2026-09-09T09:29:49+00:00,455,2,7,True,True,True,1788946188
2026-09-09T09:29:49+00:00,457,0,9,True,True,True,1788946188
2026-09-09T09:29:49+00:00,377,19,10,True,True,True,1788946188
2026-09-09T09:29:49+00:00,738,1,11,True,True,True,1788946188
2026-09-09T09:29:49+00:00,460,15,13,True,True,True,1788946188
2026-09-09T09:29:49+00:00,744,0,8,True,True,True,1788946188
2026-09-09T09:29:49+00:00,485,0,17,True,True,True,1788946188
2026-09-09T09:44:49+00:00,5431,0,18,True,True,True,1788947089
2026-09-09T09:44:49+00:00,5424,3,15,True,True,True,1788947089
2026-09-09T09:44:49+00:00,5220,0,19,True,True,True,1788947089
2026-09-09T09:44:49+00:00,5113,10,2,True,True,True,1788947089
2026-09-09T09:44:49+00:00,4683,4,13,True,True,True,1788947089
2026-09-09T09:44:49+00:00,4552,18,0,True,True,True,1788947089
2026-09-09T09:44:49+00:00,3725,0,18,True,True,True,1788947089
2026-09-09T09:44:49+00:00,2355,4,8,True,True,True,1788947089
2026-09-09T09:44:49+00:00,2351,2,14,True,True,True,1788947089
2026-09-09T09:44:49+00:00,2350,5,18,True,True,True,1788947089
2026-09-09T09:44:49+00:00,2349,2,18,True,True,True,1788947089
2026-09-09T09:44:49+00:00,2347,13,15,True,True,True,1788947089
2026-09-09T09:44:49+00:00,2340,0,23,True,True,True,1788947089
2026-09-09T09:44:49+00:00,2339,20,8,True,True,True,1788947089
2026-09-09T09:44:49+00:00,2334,12,0,True,True,True,1788947089
2026-09-09T09:44:49+00:00,2333,13,2,True,True,True,1788947089
2026-09-09T09:44:49+00:00,2332,8,3,True,True,True,1788947089
2026-09-09T09:44:49+00:00,2330,13,1,True,True,True,1788947089
2026-09-09T09:44:49+00:00,2328,19,0,True,True,True,1788947089
2026-09-09T09:44:49+00:00,2315,15,1,True,True,True,1788947089
2026-09-09T09:44:49+00:00,2308,6,0,True,True,True,1788947089
2026-09-09T09:44:49+00:00,2307,3,26,True,True,True,1788947089
2026-09-09T09:44:49+00:00,2306,2,16,True,True,True,1788947089
2026-09-09T09:44:49+00:00,2305,0,15,True,True,True,1788947089
2026-09-09T09:44:49+00:00,2304,7,11,True,True,True,1788947089
2026-09-09T09:44:49+00:00,2270,0,19,True,True,True,1788947089
2026-09-09T09:44:49+00:00,1919,3,1,True,True,True,1788947089
2026-09-09T09:44:49+00:00,1009,0,9,True,True,True,1788947089
2026-09-09T09:44:49+00:00,970,9,15,True,True,True,1788947089
2026-09-09T09:44:49+00:00,627,3,26,True,True,True,1788947089
2026-09-09T09:44:49+00:00,624,0,17,True,True,True,1788947089
2026-09-09T09:44:49+00:00,626,5,16,True,True,True,1788947089
2026-09-09T09:44:49+00:00,614,0,24,True,True,True,1788947089
2026-09-09T09:44:49+00:00,616,14,1,True,True,True,1788947089
2026-09-09T09:44:49+00:00,618,6,33,True,True,True,1788947089
2026-09-09T09:44:49+00:00,621,1,25,True,True,True,1788947089
2026-09-09T09:44:49+00:00,622,0,25,True,True,True,1788947089
2026-09-09T09:44:49+00:00,613,0,18,True,True,True,1788947089
2026-09-09T09:44:49+00:00,620,0,38,True,True,True,1788947089
2026-09-09T09:44:49+00:00,596,2,15,True,True,True,1788947089
2026-09-09T09:44:49+00:00,617,0,17,True,True,True,1788947089
2026-09-09T09:44:49+00:00,609,27,0,True,True,True,1788947089
2026-09-09T09:44:49+00:00,607,0,26,True,True,True,1788947089
2026-09-09T09:44:49+00:00,603,2,15,True,True,True,1788947089
2026-09-09T09:44:49+00:00,590,1,34,True,True,True,1788947089
2026-09-09T09:44:49+00:00,610,2,18,True,True,True,1788947089
2026-09-09T09:44:49+00:00,608,1,19,True,True,True,1788947089
2026-09-09T09:44:49+00:00,593,12,18,True,True,True,1788947089
2026-09-09T09:44:49+00:00,530,9,0,True,True,True,1788947089
2026-09-09T09:44:49+00:00,463,9,10,True,True,True,1788947089
2026-09-09T09:44:49+00:00,475,9,15,True,True,True,1788947089
2026-09-09T09:44:49+00:00,439,0,22,True,True,True,1788947089
2026-09-09T09:44:49+00:00,600,4,7,True,True,True,1788947089
2026-09-09T09:44:49+00:00,440,2,14,True,True,True,1788947089
2026-09-09T09:44:49+00:00,612,0,17,True,True,True,1788947089
2026-09-09T09:44:49+00:00,491,16,0,True,True,True,1788947089
2026-09-09T09:44:49+00:00,493,9,19,True,True,True,1788947089
2026-09-09T09:44:49+00:00,410,0,26,True,True,True,1788947089
2026-09-09T09:44:49+00:00,605,11,7,True,True,True,1788947089
2026-09-09T09:44:49+00:00,388,3,15,True,True,True,1788947089
2026-09-09T09:44:49+00:00,591,7,16,True,True,True,1788947089
2026-09-09T09:44:49+00:00,592,1,17,True,True,True,1788947089
2026-09-09T09:44:49+00:00,585,17,0,True,True,True,1788947089
2026-09-09T09:44:49+00:00,565,0,16,True,True,True,1788947089
2026-09-09T09:44:49+00:00,568,0,14,True,True,True,1788947089
2026-09-09T09:44:49+00:00,588,1,15,True,True,True,1788947089
2026-09-09T09:44:49+00:00,584,0,33,True,True,True,1788947089
2026-09-09T09:44:49+00:00,569,7,22,True,True,True,1788947089
2026-09-09T09:44:49+00:00,564,1,28,True,True,True,1788947089
2026-09-09T09:44:49+00:00,570,2,13,True,True,True,1788947089
2026-09-09T09:44:49+00:00,572,22,14,True,True,True,1788947089
2026-09-09T09:44:49+00:00,587,0,15,False,False,False,1788947089
2026-09-09T09:44:49+00:00,586,12,12,True,True,True,1788947089
2026-09-09T09:44:49+00:00,566,11,13,True,True,True,1788947089
2026-09-09T09:44:49+00:00,602,6,12,True,True,True,1788947089
2026-09-09T09:44:49+00:00,575,18,10,True,True,True,1788947089
2026-09-09T09:44:49+00:00,567,6,33,True,True,True,1788947089
2026-09-09T09:44:49+00:00,582,11,14,True,True,True,1788947089
2026-09-09T09:44:49+00:00,595,15,7,True,True,True,1788947089
2026-09-09T09:44:49+00:00,542,12,7,True,True,True,1788947089
2026-09-09T09:44:49+00:00,563,12,0,True,True,True,1788947089
2026-09-09T09:44:49+00:00,552,18,0,True,True,True,1788947089
2026-09-09T09:44:49+00:00,555,0,13,True,True,True,1788947089
2026-09-09T09:44:49+00:00,561,0,21,True,True,True,1788947089
2026-09-09T09:44:49+00:00,543,5,15,True,True,True,1788947089
2026-09-09T09:44:49+00:00,554,7,13,True,True,True,1788947089
2026-09-09T09:44:49+00:00,574,10,1,True,True,True,1788947089
2026-09-09T09:44:49+00:00,560,0,8,True,True,True,1788947089
2026-09-09T09:44:49+00:00,548,1,15,True,True,True,1788947089
2026-09-09T09:44:49+00:00,559,5,10,True,True,True,1788947089
2026-09-09T09:44:49+00:00,550,1,8,True,True,True,1788947089
2026-09-09T09:44:49+00:00,541,8,1,True,True,True,1788947089
2026-09-09T09:44:49+00:00,527,11,0,True,True,True,1788947089
2026-09-09T09:44:49+00:00,529,3,15,True,True,True,1788947089
2026-09-09T09:44:49+00:00,537,16,0,True,True,True,1788947089
2026-09-09T09:44:49+00:00,601,1,18,True,True,True,1788947089
2026-09-09T09:44:49+00:00,535,5,15,True,True,True,1788947089
2026-09-09T09:44:49+00:00,524,2,17,True,True,True,1788947089
2026-09-09T09:44:49+00:00,519,0,17,True,True,True,1788947089
2026-09-09T09:44:49+00:00,534,35,0,True,True,True,1788947089
2026-09-09T09:44:49+00:00,521,10,4,True,True,True,1788947089
2026-09-09T09:44:49+00:00,518,0,17,True,True,True,1788947089
2026-09-09T09:44:49+00:00,556,0,18,True,True,True,1788947089
2026-09-09T09:44:49+00:00,525,0,14,True,True,True,1788947089
2026-09-09T09:44:49+00:00,517,2,14,True,True,True,1788947089
2026-09-09T09:44:49+00:00,523,27,3,True,True,True,1788947089
2026-09-09T09:44:49+00:00,522,6,2,True,True,True,1788947089
2026-09-09T09:44:49+00:00,594,0,18,True,True,True,1788947089
2026-09-09T09:44:49+00:00,532,8,12,True,True,True,1788947089
2026-09-09T09:44:49+00:00,531,1,13,True,True,True,1788947089
2026-09-09T09:44:49+00:00,536,3,5,True,True,True,1788947089
2026-09-09T09:44:49+00:00,562,23,6,True,True,True,1788947089
2026-09-09T09:44:49+00:00,511,22,0,True,True,True,1788947089
2026-09-09T09:44:49+00:00,505,0,20,True,True,True,1788947089
2026-09-09T09:44:49+00:00,501,0,17,True,True,True,1788947089
2026-09-09T09:44:49+00:00,514,0,12,True,True,True,1788947089
2026-09-09T09:44:49+00:00,500,5,13,True,True,True,1788947089
2026-09-09T09:44:49+00:00,503,5,26,True,True,True,1788947089
2026-09-09T09:44:49+00:00,513,0,15,True,True,True,1788947089
2026-09-09T09:44:49+00:00,498,0,11,True,True,True,1788947089
2026-09-09T09:44:49+00:00,507,5,14,True,True,True,1788947089
2026-09-09T09:44:49+00:00,512,1,26,True,True,True,1788947089
2026-09-09T09:44:49+00:00,619,1,41,True,True,True,1788947089
2026-09-09T09:44:49+00:00,474,6,36,True,True,True,1788947089
2026-09-09T09:44:49+00:00,580,2,41,True,True,True,1788947089
2026-09-09T09:44:49+00:00,496,1,41,True,True,True,1788947089
2026-09-09T09:44:49+00:00,482,0,18,True,True,True,1788947089
2026-09-09T09:44:49+00:00,407,2,10,True,True,True,1788947089
2026-09-09T09:44:49+00:00,409,0,21,True,True,True,1788947089
2026-09-09T09:44:49+00:00,451,2,8,True,True,True,1788947089
2026-09-09T09:44:49+00:00,402,2,18,True,True,True,1788947089
2026-09-09T09:44:49+00:00,516,0,13,True,True,True,1788947089
2026-09-09T09:44:49+00:00,429,18,2,True,True,True,1788947089
2026-09-09T09:44:49+00:00,380,0,21,True,True,True,1788947089
2026-09-09T09:44:49+00:00,583,0,18,True,True,True,1788947089
2026-09-09T09:44:49+00:00,398,0,16,True,True,True,1788947089
2026-09-09T09:44:49+00:00,381,3,12,True,True,True,1788947089
2026-09-09T09:44:49+00:00,464,24,19,True,True,True,1788947089
2026-09-09T09:44:49+00:00,442,14,0,True,True,True,1788947089
2026-09-09T09:44:49+00:00,483,7,14,True,True,True,1788947089
2026-09-09T09:44:49+00:00,458,1,14,True,True,True,1788947089
2026-09-09T09:44:49+00:00,499,0,16,True,True,True,1788947089
2026-09-09T09:44:49+00:00,472,0,17,True,True,True,1788947089
2026-09-09T09:44:49+00:00,506,11,15,True,True,True,1788947089
2026-09-09T09:44:49+00:00,465,18,10,True,True,True,1788947089
2026-09-09T09:44:49+00:00,404,26,0,True,True,True,1788947089
2026-09-09T09:44:49+00:00,579,0,14,True,True,True,1788947089
2026-09-09T09:44:49+00:00,589,12,13,True,True,True,1788947089
2026-09-09T09:44:49+00:00,434,1,12,True,True,True,1788947089
2026-09-09T09:44:49+00:00,462,1,12,True,True,True,1788947089
2026-09-09T09:44:49+00:00,578,0,24,True,True,True,1788947089
2026-09-09T09:44:49+00:00,415,1,10,True,True,True,1788947089
2026-09-09T09:44:49+00:00,423,5,14,True,True,True,1788947089
2026-09-09T09:44:49+00:00,412,8,0,True,True,True,1788947089
2026-09-09T09:44:49+00:00,454,9,11,True,True,True,1788947089
2026-09-09T09:44:49+00:00,436,0,12,True,True,True,1788947089
2026-09-09T09:44:49+00:00,394,15,5,True,True,True,1788947089
2026-09-09T09:44:49+00:00,497,4,23,True,True,True,1788947089
2026-09-09T09:44:49+00:00,581,2,19,True,True,True,1788947089
2026-09-09T09:44:49+00:00,461,1,19,True,True,True,1788947089
2026-09-09T09:44:49+00:00,599,45,1,True,True,True,1788947089
2026-09-09T09:44:49+00:00,428,5,16,True,True,True,1788947089
2026-09-09T09:44:49+00:00,400,21,1,True,True,True,1788947089
2026-09-09T09:44:49+00:00,487,0,21,True,True,True,1788947089
2026-09-09T09:44:49+00:00,438,19,21,True,True,True,1788947089
2026-09-09T09:44:49+00:00,459,0,11,True,True,True,1788947089
2026-09-09T09:44:49+00:00,433,0,16,True,True,True,1788947089
2026-09-09T09:44:49+00:00,399,0,29,True,True,True,1788947089
2026-09-09T09:44:49+00:00,489,5,21,True,True,True,1788947089
2026-09-09T09:44:49+00:00,742,4,22,True,True,True,1788947089
2026-09-09T09:44:49+00:00,551,5,30,True,True,True,1788947089
2026-09-09T09:44:49+00:00,406,1,9,True,True,True,1788947089
2026-09-09T09:44:49+00:00,488,14,9,True,True,True,1788947089
2026-09-09T09:44:49+00:00,540,0,35,True,True,True,1788947089
2026-09-09T09:44:49+00:00,431,0,18,True,True,True,1788947089
2026-09-09T09:44:49+00:00,393,18,3,True,True,True,1788947089
2026-09-09T09:44:49+00:00,420,0,21,True,True,True,1788947089
2026-09-09T09:44:49+00:00,397,13,19,True,True,True,1788947089
2026-09-09T09:44:49+00:00,484,8,24,True,True,True,1788947089
2026-09-09T09:44:49+00:00,479,22,1,True,True,True,1788947089
2026-09-09T09:44:49+00:00,403,2,12,True,True,True,1788947089
2026-09-09T09:44:49+00:00,435,4,23,True,True,True,1788947089
2026-09-09T09:44:49+00:00,426,0,19,True,True,True,1788947089
2026-09-09T09:44:49+00:00,450,0,13,True,True,True,1788947089
2026-09-09T09:44:49+00:00,456,11,22,True,True,True,1788947089
2026-09-09T09:44:49+00:00,468,6,5,True,True,True,1788947089
2026-09-09T09:44:49+00:00,453,2,30,True,True,True,1788947089
2026-09-09T09:44:49+00:00,466,0,14,True,True,True,1788947089
2026-09-09T09:44:49+00:00,469,1,25,True,True,True,1788947089
2026-09-09T09:44:49+00:00,416,0,15,True,True,True,1788947089
2026-09-09T09:44:49+00:00,391,0,11,True,True,True,1788947089
2026-09-09T09:44:49+00:00,389,6,11,True,True,True,1788947089
2026-09-09T09:44:49+00:00,470,1,13,True,True,True,1788947089
2026-09-09T09:44:49+00:00,384,10,2,True,True,True,1788947089
2026-09-09T09:44:49+00:00,425,0,8,True,True,True,1788947089
2026-09-09T09:44:49+00:00,411,0,12,True,True,True,1788947089
2026-09-09T09:44:49+00:00,598,17,15,True,True,True,1788947089
2026-09-09T09:44:49+00:00,444,3,16,True,True,True,1788947089
2026-09-09T09:44:49+00:00,447,21,6,True,True,True,1788947089
2026-09-09T09:44:49+00:00,408,4,10,True,True,True,1788947089
2026-09-09T09:44:49+00:00,737,13,9,True,True,True,1788947089
2026-09-09T09:44:49+00:00,432,0,11,True,True,True,1788947089
2026-09-09T09:44:49+00:00,401,1,5,True,True,True,1788947089
2026-09-09T09:44:49+00:00,392,7,1,True,True,True,1788947089
2026-09-09T09:44:49+00:00,495,29,9,True,True,True,1788947089
2026-09-09T09:44:49+00:00,478,12,0,True,True,True,1788947089
2026-09-09T09:44:49+00:00,476,18,0,True,True,True,1788947089
2026-09-09T09:44:49+00:00,445,6,11,True,True,True,1788947089
2026-09-09T09:44:49+00:00,748,14,13,True,True,True,1788947089
2026-09-09T09:44:49+00:00,473,0,6,True,True,True,1788947089
2026-09-09T09:44:49+00:00,383,1,25,True,True,True,1788947089
2026-09-09T09:44:49+00:00,480,6,17,True,True,True,1788947089
2026-09-09T09:44:49+00:00,421,1,18,True,True,True,1788947089
2026-09-09T09:44:49+00:00,746,8,3,True,True,True,1788947089
2026-09-09T09:44:49+00:00,417,0,12,True,True,True,1788947089
2026-09-09T09:44:49+00:00,427,0,13,True,True,True,1788947089
2026-09-09T09:44:49+00:00,395,0,14,True,True,True,1788947089
2026-09-09T09:44:49+00:00,418,0,23,True,True,True,1788947089
2026-09-09T09:44:49+00:00,413,0,13,True,True,True,1788947089
2026-09-09T09:44:49+00:00,486,1,21,True,True,True,1788947089
2026-09-09T09:44:49+00:00,597,9,2,True,True,True,1788947089
2026-09-09T09:44:49+00:00,422,2,8,True,True,True,1788947089
2026-09-09T09:44:49+00:00,382,0,7,True,True,True,1788947089
2026-09-09T09:44:49+00:00,735,7,6,True,True,True,1788947089
2026-09-09T09:44:49+00:00,437,13,11,True,True,True,1788947089
2026-09-09T09:44:49+00:00,446,0,21,True,True,True,1788947089
2026-09-09T09:44:49+00:00,424,7,3,True,True,True,1788947089
2026-09-09T09:44:49+00:00,455,5,6,True,True,True,1788947089
2026-09-09T09:44:49+00:00,457,0,9,True,True,True,1788947089
2026-09-09T09:44:49+00:00,377,19,10,True,True,True,1788947089
2026-09-09T09:44:49+00:00,738,1,11,True,True,True,1788947089
2026-09-09T09:44:49+00:00,460,15,13,True,True,True,1788947089
2026-09-09T09:44:49+00:00,744,0,8,True,True,True,1788947089
2026-09-09T09:44:49+00:00,485,0,17,True,True,True,1788947089
2026-09-09T09:59:49+00:00,5431,0,18,True,True,True,1788947975
2026-09-09T09:59:49+00:00,5424,3,15,True,True,True,1788947975
2026-09-09T09:59:49+00:00,5220,0,19,True,True,True,1788947975
2026-09-09T09:59:49+00:00,5113,9,3,True,True,True,1788947975
2026-09-09T09:59:49+00:00,4683,4,14,True,True,True,1788947975
2026-09-09T09:59:49+00:00,4552,18,0,True,True,True,1788947975
2026-09-09T09:59:49+00:00,3725,0,18,True,True,True,1788947975
2026-09-09T09:59:49+00:00,2355,4,8,True,True,True,1788947975
2026-09-09T09:59:49+00:00,2351,0,16,True,True,True,1788947975
2026-09-09T09:59:49+00:00,2350,5,18,True,True,True,1788947975
2026-09-09T09:59:49+00:00,2349,1,19,True,True,True,1788947975
2026-09-09T09:59:49+00:00,2347,13,15,True,True,True,1788947975
2026-09-09T09:59:49+00:00,2340,0,23,True,True,True,1788947975
2026-09-09T09:59:49+00:00,2339,22,6,True,True,True,1788947975
2026-09-09T09:59:49+00:00,2334,12,0,True,True,True,1788947975
2026-09-09T09:59:49+00:00,2333,14,1,True,True,True,1788947975
2026-09-09T09:59:49+00:00,2332,8,3,True,True,True,1788947975
2026-09-09T09:59:49+00:00,2330,12,2,True,True,True,1788947975
2026-09-09T09:59:49+00:00,2328,19,0,True,True,True,1788947975
2026-09-09T09:59:49+00:00,2315,15,1,True,True,True,1788947975
2026-09-09T09:59:49+00:00,2308,6,0,True,True,True,1788947975
2026-09-09T09:59:49+00:00,2307,3,26,True,True,True,1788947975
2026-09-09T09:59:49+00:00,2306,1,17,True,True,True,1788947975
2026-09-09T09:59:49+00:00,2305,0,15,True,True,True,1788947975
2026-09-09T09:59:49+00:00,2304,5,13,True,True,True,1788947975
2026-09-09T09:59:49+00:00,2270,0,19,True,True,True,1788947975
2026-09-09T09:59:49+00:00,1919,3,2,True,True,True,1788947975
2026-09-09T09:59:49+00:00,1009,0,9,True,True,True,1788947975
2026-09-09T09:59:49+00:00,970,9,15,True,True,True,1788947975
2026-09-09T09:59:49+00:00,627,3,26,True,True,True,1788947975
2026-09-09T09:59:49+00:00,624,0,16,True,True,True,1788947975
2026-09-09T09:59:49+00:00,626,5,16,True,True,True,1788947975
2026-09-09T09:59:49+00:00,614,1,23,True,True,True,1788947975
2026-09-09T09:59:49+00:00,616,14,1,True,True,True,1788947975
2026-09-09T09:59:49+00:00,618,6,34,True,True,True,1788947975
2026-09-09T09:59:49+00:00,621,1,25,True,True,True,1788947975
2026-09-09T09:59:49+00:00,622,0,25,True,True,True,1788947975
2026-09-09T09:59:49+00:00,613,0,18,True,True,True,1788947975
2026-09-09T09:59:49+00:00,620,0,38,True,True,True,1788947975
2026-09-09T09:59:49+00:00,596,2,15,True,True,True,1788947975
2026-09-09T09:59:49+00:00,617,0,17,True,True,True,1788947975
2026-09-09T09:59:49+00:00,609,27,0,True,True,True,1788947975
2026-09-09T09:59:49+00:00,607,0,26,True,True,True,1788947975
2026-09-09T09:59:49+00:00,603,0,17,True,True,True,1788947975
2026-09-09T09:59:49+00:00,590,0,35,True,True,True,1788947975
2026-09-09T09:59:49+00:00,610,2,17,True,True,True,1788947975
2026-09-09T09:59:49+00:00,608,0,20,True,True,True,1788947975
2026-09-09T09:59:49+00:00,593,12,18,True,True,True,1788947975
2026-09-09T09:59:49+00:00,530,9,0,True,True,True,1788947975
2026-09-09T09:59:49+00:00,463,9,10,True,True,True,1788947975
2026-09-09T09:59:49+00:00,475,8,16,True,True,True,1788947975
2026-09-09T09:59:49+00:00,439,0,22,True,True,True,1788947975
2026-09-09T09:59:49+00:00,600,4,7,True,True,True,1788947975
2026-09-09T09:59:49+00:00,440,2,14,True,True,True,1788947975
2026-09-09T09:59:49+00:00,612,0,17,True,True,True,1788947975
2026-09-09T09:59:49+00:00,491,13,3,True,True,True,1788947975
2026-09-09T09:59:49+00:00,493,9,19,True,True,True,1788947975
2026-09-09T09:59:49+00:00,410,0,26,True,True,True,1788947975
2026-09-09T09:59:49+00:00,605,11,7,True,True,True,1788947975
2026-09-09T09:59:49+00:00,388,3,15,True,True,True,1788947975
2026-09-09T09:59:49+00:00,591,7,16,True,True,True,1788947975
2026-09-09T09:59:49+00:00,592,1,17,True,True,True,1788947975
2026-09-09T09:59:49+00:00,585,17,0,True,True,True,1788947975
2026-09-09T09:59:49+00:00,565,0,16,True,True,True,1788947975
2026-09-09T09:59:49+00:00,568,0,14,True,True,True,1788947975
2026-09-09T09:59:49+00:00,588,0,16,True,True,True,1788947975
2026-09-09T09:59:49+00:00,584,0,33,True,True,True,1788947975
2026-09-09T09:59:49+00:00,569,7,22,True,True,True,1788947975
2026-09-09T09:59:49+00:00,564,1,28,True,True,True,1788947975
2026-09-09T09:59:49+00:00,570,2,13,True,True,True,1788947975
2026-09-09T09:59:49+00:00,572,22,14,True,True,True,1788947975
2026-09-09T09:59:49+00:00,587,0,15,False,False,False,1788947975
2026-09-09T09:59:49+00:00,586,12,12,True,True,True,1788947975
2026-09-09T09:59:49+00:00,566,11,13,True,True,True,1788947975
2026-09-09T09:59:49+00:00,602,6,12,True,True,True,1788947975
2026-09-09T09:59:49+00:00,575,18,10,True,True,True,1788947975
2026-09-09T09:59:49+00:00,567,6,33,True,True,True,1788947975
2026-09-09T09:59:49+00:00,582,11,14,True,True,True,1788947975
2026-09-09T09:59:49+00:00,595,15,7,True,True,True,1788947975
2026-09-09T09:59:49+00:00,542,12,7,True,True,True,1788947975
2026-09-09T09:59:49+00:00,563,12,0,True,True,True,1788947975
2026-09-09T09:59:49+00:00,552,17,1,True,True,True,1788947975
2026-09-09T09:59:49+00:00,555,0,13,True,True,True,1788947975
2026-09-09T09:59:49+00:00,561,0,21,True,True,True,1788947975
2026-09-09T09:59:49+00:00,543,18,2,True,True,True,1788947975
2026-09-09T09:59:49+00:00,554,7,13,True,True,True,1788947975
2026-09-09T09:59:49+00:00,574,10,1,True,True,True,1788947975
2026-09-09T09:59:49+00:00,560,0,8,True,True,True,1788947975
2026-09-09T09:59:49+00:00,548,1,15,True,True,True,1788947975
2026-09-09T09:59:49+00:00,559,5,10,True,True,True,1788947975
2026-09-09T09:59:49+00:00,550,1,8,True,True,True,1788947975
2026-09-09T09:59:49+00:00,541,9,0,True,True,True,1788947975
2026-09-09T09:59:49+00:00,527,11,0,True,True,True,1788947975
2026-09-09T09:59:49+00:00,529,3,15,True,True,True,1788947975
2026-09-09T09:59:49+00:00,537,16,0,True,True,True,1788947975
2026-09-09T09:59:49+00:00,601,1,18,True,True,True,1788947975
2026-09-09T09:59:49+00:00,535,8,12,True,True,True,1788947975
2026-09-09T09:59:49+00:00,524,2,17,True,True,True,1788947975
2026-09-09T09:59:49+00:00,519,0,17,True,True,True,1788947975
2026-09-09T09:59:49+00:00,534,35,0,True,True,True,1788947975
2026-09-09T09:59:49+00:00,521,11,3,True,True,True,1788947975
2026-09-09T09:59:49+00:00,518,0,17,True,True,True,1788947975
2026-09-09T09:59:49+00:00,556,0,18,True,True,True,1788947975
2026-09-09T09:59:49+00:00,525,0,14,True,True,True,1788947975
2026-09-09T09:59:49+00:00,517,3,13,True,True,True,1788947975
2026-09-09T09:59:49+00:00,523,27,3,True,True,True,1788947975
2026-09-09T09:59:49+00:00,522,5,3,True,True,True,1788947975
2026-09-09T09:59:49+00:00,594,0,18,True,True,True,1788947975
2026-09-09T09:59:49+00:00,532,9,11,True,True,True,1788947975
2026-09-09T09:59:49+00:00,531,1,13,True,True,True,1788947975
2026-09-09T09:59:49+00:00,536,3,5,True,True,True,1788947975
2026-09-09T09:59:49+00:00,562,29,0,True,True,True,1788947975
2026-09-09T09:59:49+00:00,511,22,0,True,True,True,1788947975
2026-09-09T09:59:49+00:00,505,0,20,True,True,True,1788947975
2026-09-09T09:59:49+00:00,501,2,15,True,True,True,1788947975
2026-09-09T09:59:49+00:00,514,0,12,True,True,True,1788947975
2026-09-09T09:59:49+00:00,500,5,13,True,True,True,1788947975
2026-09-09T09:59:49+00:00,503,5,26,True,True,True,1788947975
2026-09-09T09:59:49+00:00,513,0,15,True,True,True,1788947975
2026-09-09T09:59:49+00:00,498,0,11,True,True,True,1788947975
2026-09-09T09:59:49+00:00,507,5,14,True,True,True,1788947975
2026-09-09T09:59:49+00:00,512,1,26,True,True,True,1788947975
2026-09-09T09:59:49+00:00,619,1,41,True,True,True,1788947975
2026-09-09T09:59:49+00:00,474,6,36,True,True,True,1788947975
2026-09-09T09:59:49+00:00,580,2,41,True,True,True,1788947975
2026-09-09T09:59:49+00:00,496,0,42,True,True,True,1788947975
2026-09-09T09:59:49+00:00,482,0,18,True,True,True,1788947975
2026-09-09T09:59:49+00:00,407,0,11,True,True,True,1788947975
2026-09-09T09:59:49+00:00,409,0,21,True,True,True,1788947975
2026-09-09T09:59:49+00:00,451,0,10,True,True,True,1788947975
2026-09-09T09:59:49+00:00,402,2,18,True,True,True,1788947975
2026-09-09T09:59:49+00:00,516,0,13,True,True,True,1788947975
2026-09-09T09:59:49+00:00,429,18,2,True,True,True,1788947975
2026-09-09T09:59:49+00:00,380,0,21,True,True,True,1788947975
2026-09-09T09:59:49+00:00,583,1,17,True,True,True,1788947975
2026-09-09T09:59:49+00:00,398,0,16,True,True,True,1788947975
2026-09-09T09:59:49+00:00,381,3,12,True,True,True,1788947975
2026-09-09T09:59:49+00:00,464,24,19,True,True,True,1788947975
2026-09-09T09:59:49+00:00,442,14,0,True,True,True,1788947975
2026-09-09T09:59:49+00:00,483,7,14,True,True,True,1788947975
2026-09-09T09:59:49+00:00,458,1,14,True,True,True,1788947975
2026-09-09T09:59:49+00:00,499,0,16,True,True,True,1788947975
2026-09-09T09:59:49+00:00,472,0,17,True,True,True,1788947975
2026-09-09T09:59:49+00:00,506,11,15,True,True,True,1788947975
2026-09-09T09:59:49+00:00,465,19,9,True,True,True,1788947975
2026-09-09T09:59:49+00:00,404,26,0,True,True,True,1788947975
2026-09-09T09:59:49+00:00,579,0,14,True,True,True,1788947975
2026-09-09T09:59:49+00:00,589,12,13,True,True,True,1788947975
2026-09-09T09:59:49+00:00,434,1,12,True,True,True,1788947975
2026-09-09T09:59:49+00:00,462,0,13,True,True,True,1788947975
2026-09-09T09:59:49+00:00,578,1,23,True,True,True,1788947975
2026-09-09T09:59:49+00:00,415,1,10,True,True,True,1788947975
2026-09-09T09:59:49+00:00,423,5,14,True,True,True,1788947975
2026-09-09T09:59:49+00:00,412,6,3,True,True,True,1788947975
2026-09-09T09:59:49+00:00,454,9,11,True,True,True,1788947975
2026-09-09T09:59:49+00:00,436,0,12,True,True,True,1788947975
2026-09-09T09:59:49+00:00,394,13,7,True,True,True,1788947975
2026-09-09T09:59:49+00:00,497,4,23,True,True,True,1788947975
2026-09-09T09:59:49+00:00,581,2,19,True,True,True,1788947975
2026-09-09T09:59:49+00:00,461,1,19,True,True,True,1788947975
2026-09-09T09:59:49+00:00,599,42,4,True,True,True,1788947975
2026-09-09T09:59:49+00:00,428,5,16,True,True,True,1788947975
2026-09-09T09:59:49+00:00,400,20,1,True,True,True,1788947975
2026-09-09T09:59:49+00:00,487,0,21,True,True,True,1788947975
2026-09-09T09:59:49+00:00,438,19,21,True,True,True,1788947975
2026-09-09T09:59:49+00:00,459,0,11,True,True,True,1788947975
2026-09-09T09:59:49+00:00,433,1,15,True,True,True,1788947975
2026-09-09T09:59:49+00:00,399,0,29,True,True,True,1788947975
2026-09-09T09:59:49+00:00,489,9,17,True,True,True,1788947975
2026-09-09T09:59:49+00:00,742,3,23,True,True,True,1788947975
2026-09-09T09:59:49+00:00,551,5,30,True,True,True,1788947975
2026-09-09T09:59:49+00:00,406,2,8,True,True,True,1788947975
2026-09-09T09:59:49+00:00,488,12,11,True,True,True,1788947975
2026-09-09T09:59:49+00:00,540,0,35,True,True,True,1788947975
2026-09-09T09:59:49+00:00,431,0,18,True,True,True,1788947975
2026-09-09T09:59:49+00:00,393,18,3,True,True,True,1788947975
2026-09-09T09:59:49+00:00,420,0,21,True,True,True,1788947975
2026-09-09T09:59:49+00:00,397,13,19,True,True,True,1788947975
2026-09-09T09:59:49+00:00,484,10,22,True,True,True,1788947975
2026-09-09T09:59:49+00:00,479,21,2,True,True,True,1788947975
2026-09-09T09:59:49+00:00,403,3,11,True,True,True,1788947975
2026-09-09T09:59:49+00:00,435,4,23,True,True,True,1788947975
2026-09-09T09:59:49+00:00,426,0,19,True,True,True,1788947975
2026-09-09T09:59:49+00:00,450,0,13,True,True,True,1788947975
2026-09-09T09:59:49+00:00,456,13,20,True,True,True,1788947975
2026-09-09T09:59:49+00:00,468,4,8,True,True,True,1788947975
2026-09-09T09:59:49+00:00,453,2,30,True,True,True,1788947975
2026-09-09T09:59:49+00:00,466,0,13,True,True,True,1788947975
2026-09-09T09:59:49+00:00,469,0,26,True,True,True,1788947975
2026-09-09T09:59:49+00:00,416,0,15,True,True,True,1788947975
2026-09-09T09:59:49+00:00,391,0,11,True,True,True,1788947975
2026-09-09T09:59:49+00:00,389,10,7,True,True,True,1788947975
2026-09-09T09:59:49+00:00,470,0,14,True,True,True,1788947975
2026-09-09T09:59:49+00:00,384,10,2,True,True,True,1788947975
2026-09-09T09:59:49+00:00,425,1,7,True,True,True,1788947975
2026-09-09T09:59:49+00:00,411,0,12,True,True,True,1788947975
2026-09-09T09:59:49+00:00,598,18,14,True,True,True,1788947975
2026-09-09T09:59:49+00:00,444,2,17,True,True,True,1788947975
2026-09-09T09:59:49+00:00,447,20,7,True,True,True,1788947975
2026-09-09T09:59:49+00:00,408,5,9,True,True,True,1788947975
2026-09-09T09:59:49+00:00,737,14,8,True,True,True,1788947975
2026-09-09T09:59:49+00:00,432,0,11,True,True,True,1788947975
2026-09-09T09:59:49+00:00,401,1,5,True,True,True,1788947975
2026-09-09T09:59:49+00:00,392,6,2,True,True,True,1788947975
2026-09-09T09:59:49+00:00,495,28,10,True,True,True,1788947975
2026-09-09T09:59:49+00:00,478,12,0,True,True,True,1788947975
2026-09-09T09:59:49+00:00,476,18,0,True,True,True,1788947975
2026-09-09T09:59:49+00:00,445,6,11,True,True,True,1788947975
2026-09-09T09:59:49+00:00,748,17,10,True,True,True,1788947975
2026-09-09T09:59:49+00:00,473,0,6,True,True,True,1788947975
2026-09-09T09:59:49+00:00,383,0,26,True,True,True,1788947975
2026-09-09T09:59:49+00:00,480,5,18,True,True,True,1788947975
2026-09-09T09:59:49+00:00,421,0,19,True,True,True,1788947975
2026-09-09T09:59:49+00:00,746,8,3,True,True,True,1788947975
2026-09-09T09:59:49+00:00,417,0,12,True,True,True,1788947975
2026-09-09T09:59:49+00:00,427,0,13,True,True,True,1788947975
2026-09-09T09:59:49+00:00,395,0,14,True,True,True,1788947975
2026-09-09T09:59:49+00:00,418,0,23,True,True,True,1788947975
2026-09-09T09:59:49+00:00,413,0,13,True,True,True,1788947975
2026-09-09T09:59:49+00:00,486,1,21,True,True,True,1788947975
2026-09-09T09:59:49+00:00,597,11,0,True,True,True,1788947975
2026-09-09T09:59:49+00:00,422,2,8,True,True,True,1788947975
2026-09-09T09:59:49+00:00,382,0,7,True,True,True,1788947975
2026-09-09T09:59:49+00:00,735,7,6,True,True,True,1788947975
2026-09-09T09:59:49+00:00,437,14,10,True,True,True,1788947975
2026-09-09T09:59:49+00:00,446,3,18,True,True,True,1788947975
2026-09-09T09:59:49+00:00,424,4,6,True,True,True,1788947975
2026-09-09T09:59:49+00:00,455,7,5,True,True,True,1788947975
2026-09-09T09:59:49+00:00,457,1,8,True,True,True,1788947975
2026-09-09T09:59:49+00:00,377,19,10,True,True,True,1788947975
2026-09-09T09:59:49+00:00,738,1,11,True,True,True,1788947975
2026-09-09T09:59:49+00:00,460,14,14,True,True,True,1788947975
2026-09-09T09:59:49+00:00,744,0,8,True,True,True,1788947975
2026-09-09T09:59:49+00:00,485,2,17,True,True,True,1788947975
2026-09-09T10:14:49+00:00,5431,0,18,True,True,True,1788948880
2026-09-09T10:14:49+00:00,5424,3,15,True,True,True,1788948880
2026-09-09T10:14:49+00:00,5220,1,18,True,True,True,1788948880
2026-09-09T10:14:49+00:00,5113,8,4,True,True,True,1788948880
2026-09-09T10:14:49+00:00,4683,4,14,True,True,True,1788948880
2026-09-09T10:14:49+00:00,4552,18,0,True,True,True,1788948880
2026-09-09T10:14:49+00:00,3725,0,18,True,True,True,1788948880
2026-09-09T10:14:49+00:00,2355,3,9,True,True,True,1788948880
2026-09-09T10:14:49+00:00,2351,0,16,True,True,True,1788948880
2026-09-09T10:14:49+00:00,2350,5,18,True,True,True,1788948880
2026-09-09T10:14:49+00:00,2349,1,19,True,True,True,1788948880
2026-09-09T10:14:49+00:00,2347,13,15,True,True,True,1788948880
2026-09-09T10:14:49+00:00,2340,0,23,True,True,True,1788948880
2026-09-09T10:14:49+00:00,2339,22,6,True,True,True,1788948880
2026-09-09T10:14:49+00:00,2334,12,0,True,True,True,1788948880
2026-09-09T10:14:49+00:00,2333,12,3,True,True,True,1788948880
2026-09-09T10:14:49+00:00,2332,8,3,True,True,True,1788948880
2026-09-09T10:14:49+00:00,2330,13,1,True,True,True,1788948880
2026-09-09T10:14:49+00:00,2328,19,0,True,True,True,1788948880
2026-09-09T10:14:49+00:00,2315,15,1,True,True,True,1788948880
2026-09-09T10:14:49+00:00,2308,5,1,True,True,True,1788948880
2026-09-09T10:14:49+00:00,2307,2,27,True,True,True,1788948880
2026-09-09T10:14:49+00:00,2306,1,17,True,True,True,1788948880
2026-09-09T10:14:49+00:00,2305,0,15,True,True,True,1788948880
2026-09-09T10:14:49+00:00,2304,5,13,True,True,True,1788948880
2026-09-09T10:14:49+00:00,2270,0,19,True,True,True,1788948880
2026-09-09T10:14:49+00:00,1919,3,2,True,True,True,1788948880
2026-09-09T10:14:49+00:00,1009,0,9,True,True,True,1788948880
2026-09-09T10:14:49+00:00,970,9,15,True,True,True,1788948880
2026-09-09T10:14:49+00:00,627,3,26,True,True,True,1788948880
2026-09-09T10:14:49+00:00,624,0,17,True,True,True,1788948880
2026-09-09T10:14:49+00:00,626,4,17,True,True,True,1788948880
2026-09-09T10:14:49+00:00,614,1,23,True,True,True,1788948880
2026-09-09T10:14:49+00:00,616,14,1,True,True,True,1788948880
2026-09-09T10:14:49+00:00,618,5,35,True,True,True,1788948880
2026-09-09T10:14:49+00:00,621,1,25,True,True,True,1788948880
2026-09-09T10:14:49+00:00,622,1,24,True,True,True,1788948880
2026-09-09T10:14:49+00:00,613,1,17,True,True,True,1788948880
2026-09-09T10:14:49+00:00,620,0,38,True,True,True,1788948880
2026-09-09T10:14:49+00:00,596,2,15,True,True,True,1788948880
2026-09-09T10:14:49+00:00,617,0,17,True,True,True,1788948880
2026-09-09T10:14:49+00:00,609,27,0,True,True,True,1788948880
2026-09-09T10:14:49+00:00,607,0,26,True,True,True,1788948880
2026-09-09T10:14:49+00:00,603,0,17,True,True,True,1788948880
2026-09-09T10:14:49+00:00,590,0,35,True,True,True,1788948880
2026-09-09T10:14:49+00:00,610,2,17,True,True,True,1788948880
2026-09-09T10:14:49+00:00,608,1,19,True,True,True,1788948880
2026-09-09T10:14:49+00:00,593,10,20,True,True,True,1788948880
2026-09-09T10:14:49+00:00,530,9,0,True,True,True,1788948880
2026-09-09T10:14:49+00:00,463,13,6,True,True,True,1788948880
2026-09-09T10:14:49+00:00,475,8,16,True,True,True,1788948880
2026-09-09T10:14:49+00:00,439,0,22,True,True,True,1788948880
2026-09-09T10:14:49+00:00,600,4,7,True,True,True,1788948880
2026-09-09T10:14:49+00:00,440,2,14,True,True,True,1788948880
2026-09-09T10:14:49+00:00,612,0,17,True,True,True,1788948880
2026-09-09T10:14:49+00:00,491,14,2,True,True,True,1788948880
2026-09-09T10:14:49+00:00,493,9,19,True,True,True,1788948880
2026-09-09T10:14:49+00:00,410,0,26,True,True,True,1788948880
2026-09-09T10:14:49+00:00,605,11,7,True,True,True,1788948880
2026-09-09T10:14:49+00:00,388,3,15,True,True,True,1788948880
2026-09-09T10:14:49+00:00,591,7,16,True,True,True,1788948880
2026-09-09T10:14:49+00:00,592,1,17,True,True,True,1788948880
2026-09-09T10:14:49+00:00,585,17,0,True,True,True,1788948880
2026-09-09T10:14:49+00:00,565,0,16,True,True,True,1788948880
2026-09-09T10:14:49+00:00,568,1,13,True,True,True,1788948880
2026-09-09T10:14:49+00:00,588,0,16,True,True,True,1788948880
2026-09-09T10:14:49+00:00,584,0,33,True,True,True,1788948880
2026-09-09T10:14:49+00:00,569,7,22,True,True,True,1788948880
2026-09-09T10:14:49+00:00,564,1,28,True,True,True,1788948880
2026-09-09T10:14:49+00:00,570,2,13,True,True,True,1788948880
2026-09-09T10:14:49+00:00,572,23,13,True,True,True,1788948880
2026-09-09T10:14:49+00:00,587,0,15,False,False,False,1788948880
2026-09-09T10:14:49+00:00,586,11,13,True,True,True,1788948880
2026-09-09T10:14:49+00:00,566,11,13,True,True,True,1788948880
2026-09-09T10:14:49+00:00,602,6,12,True,True,True,1788948880
2026-09-09T10:14:49+00:00,575,18,10,True,True,True,1788948880
2026-09-09T10:14:49+00:00,567,4,35,True,True,True,1788948880
2026-09-09T10:14:49+00:00,582,11,14,True,True,True,1788948880
2026-09-09T10:14:49+00:00,595,15,7,True,True,True,1788948880
2026-09-09T10:14:49+00:00,542,13,6,True,True,True,1788948880
2026-09-09T10:14:49+00:00,563,12,0,True,True,True,1788948880
2026-09-09T10:14:49+00:00,552,17,1,True,True,True,1788948880
2026-09-09T10:14:49+00:00,555,0,13,True,True,True,1788948880
2026-09-09T10:14:49+00:00,561,0,21,True,True,True,1788948880
2026-09-09T10:14:49+00:00,543,18,2,True,True,True,1788948880
2026-09-09T10:14:49+00:00,554,7,13,True,True,True,1788948880
2026-09-09T10:14:49+00:00,574,9,2,True,True,True,1788948880
2026-09-09T10:14:49+00:00,560,0,8,True,True,True,1788948880
2026-09-09T10:14:49+00:00,548,1,15,True,True,True,1788948880
2026-09-09T10:14:49+00:00,559,5,10,True,True,True,1788948880
2026-09-09T10:14:49+00:00,550,1,8,True,True,True,1788948880
2026-09-09T10:14:49+00:00,541,9,0,True,True,True,1788948880
2026-09-09T10:14:49+00:00,527,11,0,True,True,True,1788948880
2026-09-09T10:14:49+00:00,529,3,15,True,True,True,1788948880
2026-09-09T10:14:49+00:00,537,14,2,True,True,True,1788948880
2026-09-09T10:14:49+00:00,601,1,18,True,True,True,1788948880
2026-09-09T10:14:49+00:00,535,8,11,True,True,True,1788948880
2026-09-09T10:14:49+00:00,524,1,18,True,True,True,1788948880
2026-09-09T10:14:49+00:00,519,0,17,True,True,True,1788948880
2026-09-09T10:14:49+00:00,534,35,0,True,True,True,1788948880
2026-09-09T10:14:49+00:00,521,13,1,True,True,True,1788948880
2026-09-09T10:14:49+00:00,518,0,17,True,True,True,1788948880
2026-09-09T10:14:49+00:00,556,0,18,True,True,True,1788948880
2026-09-09T10:14:49+00:00,525,2,12,True,True,True,1788948880
2026-09-09T10:14:49+00:00,517,3,13,True,True,True,1788948880
2026-09-09T10:14:49+00:00,523,27,3,True,True,True,1788948880
2026-09-09T10:14:49+00:00,522,6,2,True,True,True,1788948880
2026-09-09T10:14:49+00:00,594,1,17,True,True,True,1788948880
2026-09-09T10:14:49+00:00,532,9,11,True,True,True,1788948880
2026-09-09T10:14:49+00:00,531,1,13,True,True,True,1788948880
2026-09-09T10:14:49+00:00,536,3,5,True,True,True,1788948880
2026-09-09T10:14:49+00:00,562,28,1,True,True,True,1788948880
2026-09-09T10:14:49+00:00,511,22,0,True,True,True,1788948880
2026-09-09T10:14:49+00:00,505,0,20,True,True,True,1788948880
2026-09-09T10:14:49+00:00,501,1,15,True,True,True,1788948880
2026-09-09T10:14:49+00:00,514,0,12,True,True,True,1788948880
2026-09-09T10:14:49+00:00,500,5,13,True,True,True,1788948880
2026-09-09T10:14:49+00:00,503,4,27,True,True,True,1788948880
2026-09-09T10:14:49+00:00,513,0,15,True,True,True,1788948880
2026-09-09T10:14:49+00:00,498,0,11,True,True,True,1788948880
2026-09-09T10:14:49+00:00,507,5,14,True,True,True,1788948880
2026-09-09T10:14:49+00:00,512,1,26,True,True,True,1788948880
2026-09-09T10:14:49+00:00,619,1,41,True,True,True,1788948880
2026-09-09T10:14:49+00:00,474,5,37,True,True,True,1788948880
2026-09-09T10:14:49+00:00,580,3,40,True,True,True,1788948880
2026-09-09T10:14:49+00:00,496,0,42,True,True,True,1788948880
2026-09-09T10:14:49+00:00,482,0,18,True,True,True,1788948880
2026-09-09T10:14:49+00:00,407,0,12,True,True,True,1788948880
2026-09-09T10:14:49+00:00,409,0,21,True,True,True,1788948880
2026-09-09T10:14:49+00:00,451,0,10,True,True,True,1788948880
2026-09-09T10:14:49+00:00,402,3,17,True,True,True,1788948880
2026-09-09T10:14:49+00:00,516,0,13,True,True,True,1788948880
2026-09-09T10:14:49+00:00,429,17,3,True,True,True,1788948880
2026-09-09T10:14:49+00:00,380,0,21,True,True,True,1788948880
2026-09-09T10:14:49+00:00,583,0,18,True,True,True,1788948880
2026-09-09T10:14:49+00:00,398,1,15,True,True,True,1788948880
2026-09-09T10:14:49+00:00,381,5,10,True,True,True,1788948880
2026-09-09T10:14:49+00:00,464,25,19,True,True,True,1788948880
2026-09-09T10:14:49+00:00,442,14,0,True,True,True,1788948880
2026-09-09T10:14:49+00:00,483,7,14,True,True,True,1788948880
2026-09-09T10:14:49+00:00,458,1,14,True,True,True,1788948880
2026-09-09T10:14:49+00:00,499,0,16,True,True,True,1788948880
2026-09-09T10:14:49+00:00,472,1,16,True,True,True,1788948880
2026-09-09T10:14:49+00:00,506,10,16,True,True,True,1788948880
2026-09-09T10:14:49+00:00,465,21,7,True,True,True,1788948880
2026-09-09T10:14:49+00:00,404,26,0,True,True,True,1788948880
2026-09-09T10:14:49+00:00,579,0,14,True,True,True,1788948880
2026-09-09T10:14:49+00:00,589,12,13,True,True,True,1788948880
2026-09-09T10:14:49+00:00,434,1,12,True,True,True,1788948880
2026-09-09T10:14:49+00:00,462,0,13,True,True,True,1788948880
2026-09-09T10:14:49+00:00,578,1,23,True,True,True,1788948880
2026-09-09T10:14:49+00:00,415,1,10,True,True,True,1788948880
2026-09-09T10:14:49+00:00,423,6,13,True,True,True,1788948880
2026-09-09T10:14:49+00:00,412,6,2,True,True,True,1788948880
2026-09-09T10:14:49+00:00,454,8,11,True,True,True,1788948880
2026-09-09T10:14:49+00:00,436,0,12,True,True,True,1788948880
2026-09-09T10:14:49+00:00,394,12,8,True,True,True,1788948880
2026-09-09T10:14:49+00:00,497,3,24,True,True,True,1788948880
2026-09-09T10:14:49+00:00,581,2,19,True,True,True,1788948880
2026-09-09T10:14:49+00:00,461,1,19,True,True,True,1788948880
2026-09-09T10:14:49+00:00,599,43,3,True,True,True,1788948880
2026-09-09T10:14:49+00:00,428,5,16,True,True,True,1788948880
2026-09-09T10:14:49+00:00,400,18,4,True,True,True,1788948880
2026-09-09T10:14:49+00:00,487,0,21,True,True,True,1788948880
2026-09-09T10:14:49+00:00,438,19,21,True,True,True,1788948880
2026-09-09T10:14:49+00:00,459,0,11,True,True,True,1788948880
2026-09-09T10:14:49+00:00,433,2,14,True,True,True,1788948880
2026-09-09T10:14:49+00:00,399,0,29,True,True,True,1788948880
2026-09-09T10:14:49+00:00,489,11,15,True,True,True,1788948880
2026-09-09T10:14:49+00:00,742,2,23,True,True,True,1788948880
2026-09-09T10:14:49+00:00,551,5,30,True,True,True,1788948880
2026-09-09T10:14:49+00:00,406,2,8,True,True,True,1788948880
2026-09-09T10:14:49+00:00,488,14,9,True,True,True,1788948880
2026-09-09T10:14:49+00:00,540,1,34,True,True,True,1788948880
2026-09-09T10:14:49+00:00,431,0,18,True,True,True,1788948880
2026-09-09T10:14:49+00:00,393,19,2,True,True,True,1788948880
2026-09-09T10:14:49+00:00,420,0,21,True,True,True,1788948880
2026-09-09T10:14:49+00:00,397,13,19,True,True,True,1788948880
2026-09-09T10:14:49+00:00,484,8,24,True,True,True,1788948880
2026-09-09T10:14:49+00:00,479,22,1,True,True,True,1788948880
2026-09-09T10:14:49+00:00,403,4,10,True,True,True,1788948880
2026-09-09T10:14:49+00:00,435,4,23,True,True,True,1788948880
2026-09-09T10:14:49+00:00,426,0,19,True,True,True,1788948880
2026-09-09T10:14:49+00:00,450,0,13,True,True,True,1788948880
2026-09-09T10:14:49+00:00,456,13,20,True,True,True,1788948880
2026-09-09T10:14:49+00:00,468,4,8,True,True,True,1788948880
2026-09-09T10:14:49+00:00,453,2,30,True,True,True,1788948880
2026-09-09T10:14:49+00:00,466,1,13,True,True,True,1788948880
2026-09-09T10:14:49+00:00,469,0,26,True,True,True,1788948880
2026-09-09T10:14:49+00:00,416,0,15,True,True,True,1788948880
2026-09-09T10:14:49+00:00,391,0,11,True,True,True,1788948880
2026-09-09T10:14:49+00:00,389,10,7,True,True,True,1788948880
2026-09-09T10:14:49+00:00,470,0,14,True,True,True,1788948880
2026-09-09T10:14:49+00:00,384,9,3,True,True,True,1788948880
2026-09-09T10:14:49+00:00,425,1,7,True,True,True,1788948880
2026-09-09T10:14:49+00:00,411,0,12,True,True,True,1788948880
2026-09-09T10:14:49+00:00,598,20,11,True,True,True,1788948880
2026-09-09T10:14:49+00:00,444,0,19,True,True,True,1788948880
2026-09-09T10:14:49+00:00,447,20,7,True,True,True,1788948880
2026-09-09T10:14:49+00:00,408,7,7,True,True,True,1788948880
2026-09-09T10:14:49+00:00,737,16,6,True,True,True,1788948880
2026-09-09T10:14:49+00:00,432,0,11,True,True,True,1788948880
2026-09-09T10:14:49+00:00,401,1,5,True,True,True,1788948880
2026-09-09T10:14:49+00:00,392,7,1,True,True,True,1788948880
2026-09-09T10:14:49+00:00,495,29,9,True,True,True,1788948880
2026-09-09T10:14:49+00:00,478,12,0,True,True,True,1788948880
2026-09-09T10:14:49+00:00,476,18,0,True,True,True,1788948880
2026-09-09T10:14:49+00:00,445,7,10,True,True,True,1788948880
2026-09-09T10:14:49+00:00,748,17,10,True,True,True,1788948880
2026-09-09T10:14:49+00:00,473,0,6,True,True,True,1788948880
2026-09-09T10:14:49+00:00,383,0,26,True,True,True,1788948880
2026-09-09T10:14:49+00:00,480,7,16,True,True,True,1788948880
2026-09-09T10:14:49+00:00,421,0,19,True,True,True,1788948880
2026-09-09T10:14:49+00:00,746,8,3,True,True,True,1788948880
2026-09-09T10:14:49+00:00,417,0,12,True,True,True,1788948880
2026-09-09T10:14:49+00:00,427,0,13,True,True,True,1788948880
2026-09-09T10:14:49+00:00,395,0,14,True,True,True,1788948880
2026-09-09T10:14:49+00:00,418,0,23,True,True,True,1788948880
2026-09-09T10:14:49+00:00,413,0,13,True,True,True,1788948880
2026-09-09T10:14:49+00:00,486,1,21,True,True,True,1788948880
2026-09-09T10:14:49+00:00,597,11,0,True,True,True,1788948880
2026-09-09T10:14:49+00:00,422,4,6,True,True,True,1788948880
2026-09-09T10:14:49+00:00,382,0,7,True,True,True,1788948880
2026-09-09T10:14:49+00:00,735,6,7,True,True,True,1788948880
2026-09-09T10:14:49+00:00,437,15,9,True,True,True,1788948880
2026-09-09T10:14:49+00:00,446,3,18,True,True,True,1788948880
2026-09-09T10:14:49+00:00,424,2,8,True,True,True,1788948880
2026-09-09T10:14:49+00:00,455,8,4,True,True,True,1788948880
2026-09-09T10:14:49+00:00,457,1,8,True,True,True,1788948880
2026-09-09T10:14:49+00:00,377,18,11,True,True,True,1788948880
2026-09-09T10:14:49+00:00,738,1,11,True,True,True,1788948880
2026-09-09T10:14:49+00:00,460,15,13,True,True,True,1788948880
2026-09-09T10:14:49+00:00,744,0,8,True,True,True,1788948880
2026-09-09T10:14:49+00:00,485,1,18,True,True,True,1788948880
2026-09-09T10:29:49+00:00,5431,1,17,True,True,True,1788949783
2026-09-09T10:29:49+00:00,5424,3,15,True,True,True,1788949783
2026-09-09T10:29:49+00:00,5220,1,18,True,True,True,1788949783
2026-09-09T10:29:49+00:00,5113,7,5,True,True,True,1788949783
2026-09-09T10:29:49+00:00,4683,4,14,True,True,True,1788949783
2026-09-09T10:29:49+00:00,4552,18,0,True,True,True,1788949783
2026-09-09T10:29:49+00:00,3725,0,18,True,True,True,1788949783
2026-09-09T10:29:49+00:00,2355,3,9,True,True,True,1788949783
2026-09-09T10:29:49+00:00,2351,0,16,True,True,True,1788949783
2026-09-09T10:29:49+00:00,2350,5,18,True,True,True,1788949783
2026-09-09T10:29:49+00:00,2349,1,19,True,True,True,1788949783
2026-09-09T10:29:49+00:00,2347,13,15,True,True,True,1788949783
2026-09-09T10:29:49+00:00,2340,0,23,True,True,True,1788949783
2026-09-09T10:29:49+00:00,2339,21,7,True,True,True,1788949783
2026-09-09T10:29:49+00:00,2334,12,0,True,True,True,1788949783
2026-09-09T10:29:49+00:00,2333,12,3,True,True,True,1788949783
2026-09-09T10:29:49+00:00,2332,8,3,True,True,True,1788949783
2026-09-09T10:29:49+00:00,2330,14,0,True,True,True,1788949783
2026-09-09T10:29:49+00:00,2328,19,0,True,True,True,1788949783
2026-09-09T10:29:49+00:00,2315,15,1,True,True,True,1788949783
2026-09-09T10:29:49+00:00,2308,6,0,True,True,True,1788949783
2026-09-09T10:29:49+00:00,2307,2,27,True,True,True,1788949783
2026-09-09T10:29:49+00:00,2306,1,17,True,True,True,1788949783
2026-09-09T10:29:49+00:00,2305,0,15,True,True,True,1788949783
2026-09-09T10:29:49+00:00,2304,5,13,True,True,True,1788949783
2026-09-09T10:29:49+00:00,2270,0,19,True,True,True,1788949783
2026-09-09T10:29:49+00:00,1919,3,2,True,True,True,1788949783
2026-09-09T10:29:49+00:00,1009,0,9,True,True,True,1788949783
2026-09-09T10:29:49+00:00,970,10,14,True,True,True,1788949783
2026-09-09T10:29:49+00:00,627,3,26,True,True,True,1788949783
2026-09-09T10:29:49+00:00,624,0,17,True,True,True,1788949783
2026-09-09T10:29:49+00:00,626,5,16,True,True,True,1788949783
2026-09-09T10:29:49+00:00,614,1,23,True,True,True,1788949783
2026-09-09T10:29:49+00:00,616,14,1,True,True,True,1788949783
2026-09-09T10:29:49+00:00,618,3,37,True,True,True,1788949783
2026-09-09T10:29:49+00:00,621,0,26,True,True,True,1788949783
2026-09-09T10:29:49+00:00,622,0,25,True,True,True,1788949783
2026-09-09T10:29:49+00:00,613,1,17,True,True,True,1788949783
2026-09-09T10:29:49+00:00,620,0,38,True,True,True,1788949783
2026-09-09T10:29:49+00:00,596,1,16,True,True,True,1788949783
2026-09-09T10:29:49+00:00,617,0,16,True,True,True,1788949783
2026-09-09T10:29:49+00:00,609,27,0,True,True,True,1788949783
2026-09-09T10:29:49+00:00,607,0,26,True,True,True,1788949783
2026-09-09T10:29:49+00:00,603,0,17,True,True,True,1788949783
2026-09-09T10:29:49+00:00,590,0,35,True,True,True,1788949783
2026-09-09T10:29:49+00:00,610,4,15,True,True,True,1788949783
2026-09-09T10:29:49+00:00,608,1,19,True,True,True,1788949783
2026-09-09T10:29:49+00:00,593,10,20,True,True,True,1788949783
2026-09-09T10:29:49+00:00,530,9,0,True,True,True,1788949783
2026-09-09T10:29:49+00:00,463,13,6,True,True,True,1788949783
2026-09-09T10:29:49+00:00,475,7,17,True,True,True,1788949783
2026-09-09T10:29:49+00:00,439,0,22,True,True,True,1788949783
2026-09-09T10:29:49+00:00,600,4,7,True,True,True,1788949783
2026-09-09T10:29:49+00:00,440,2,14,True,True,True,1788949783
2026-09-09T10:29:49+00:00,612,0,17,True,True,True,1788949783
2026-09-09T10:29:49+00:00,491,14,2,True,True,True,1788949783
2026-09-09T10:29:49+00:00,493,10,18,True,True,True,1788949783
2026-09-09T10:29:49+00:00,410,0,26,True,True,True,1788949783
2026-09-09T10:29:49+00:00,605,12,6,True,True,True,1788949783
2026-09-09T10:29:49+00:00,388,2,16,True,True,True,1788949783
2026-09-09T10:29:49+00:00,591,7,16,True,True,True,1788949783
2026-09-09T10:29:49+00:00,592,1,17,True,True,True,1788949783
2026-09-09T10:29:49+00:00,585,17,0,True,True,True,1788949783
2026-09-09T10:29:49+00:00,565,0,16,True,True,True,1788949783
2026-09-09T10:29:49+00:00,568,1,13,True,True,True,1788949783
2026-09-09T10:29:49+00:00,588,0,16,True,True,True,1788949783
2026-09-09T10:29:49+00:00,584,0,33,True,True,True,1788949783
2026-09-09T10:29:49+00:00,569,7,22,True,True,True,1788949783
2026-09-09T10:29:49+00:00,564,0,29,True,True,True,1788949783
2026-09-09T10:29:49+00:00,570,2,13,True,True,True,1788949783
2026-09-09T10:29:49+00:00,572,22,14,True,True,True,1788949783
2026-09-09T10:29:49+00:00,587,0,15,False,False,False,1788949783
2026-09-09T10:29:49+00:00,586,10,14,True,True,True,1788949783
2026-09-09T10:29:49+00:00,566,11,13,True,True,True,1788949783
2026-09-09T10:29:49+00:00,602,6,12,True,True,True,1788949783
2026-09-09T10:29:49+00:00,575,18,10,True,True,True,1788949783
2026-09-09T10:29:49+00:00,567,4,35,True,True,True,1788949783
2026-09-09T10:29:49+00:00,582,11,14,True,True,True,1788949783
2026-09-09T10:29:49+00:00,595,15,7,True,True,True,1788949783
2026-09-09T10:29:49+00:00,542,11,8,True,True,True,1788949783
2026-09-09T10:29:49+00:00,563,12,0,True,True,True,1788949783
2026-09-09T10:29:49+00:00,552,18,0,True,True,True,1788949783
2026-09-09T10:29:49+00:00,555,1,12,True,True,True,1788949783
2026-09-09T10:29:49+00:00,561,0,21,True,True,True,1788949783
2026-09-09T10:29:49+00:00,543,18,2,True,True,True,1788949783
2026-09-09T10:29:49+00:00,554,7,13,True,True,True,1788949783
2026-09-09T10:29:49+00:00,574,9,2,True,True,True,1788949783
2026-09-09T10:29:49+00:00,560,0,8,True,True,True,1788949783
2026-09-09T10:29:49+00:00,548,1,15,True,True,True,1788949783
2026-09-09T10:29:49+00:00,559,4,11,True,True,True,1788949783
2026-09-09T10:29:49+00:00,550,1,8,True,True,True,1788949783
2026-09-09T10:29:49+00:00,541,9,0,True,True,True,1788949783
2026-09-09T10:29:49+00:00,527,11,0,True,True,True,1788949783
2026-09-09T10:29:49+00:00,529,3,15,True,True,True,1788949783
2026-09-09T10:29:49+00:00,537,14,2,True,True,True,1788949783
2026-09-09T10:29:49+00:00,601,1,18,True,True,True,1788949783
2026-09-09T10:29:49+00:00,535,5,13,True,True,True,1788949783
2026-09-09T10:29:49+00:00,524,1,18,True,True,True,1788949783
2026-09-09T10:29:49+00:00,519,0,17,True,True,True,1788949783
2026-09-09T10:29:49+00:00,534,35,0,True,True,True,1788949783
2026-09-09T10:29:49+00:00,521,13,1,True,True,True,1788949783
2026-09-09T10:29:49+00:00,518,0,17,True,True,True,1788949783
2026-09-09T10:29:49+00:00,556,0,18,True,True,True,1788949783
2026-09-09T10:29:49+00:00,525,0,14,True,True,True,1788949783
2026-09-09T10:29:49+00:00,517,3,13,True,True,True,1788949783
2026-09-09T10:29:49+00:00,523,26,4,True,True,True,1788949783
2026-09-09T10:29:49+00:00,522,6,2,True,True,True,1788949783
2026-09-09T10:29:49+00:00,594,1,17,True,True,True,1788949783
2026-09-09T10:29:49+00:00,532,8,11,True,True,True,1788949783
2026-09-09T10:29:49+00:00,531,1,13,True,True,True,1788949783
2026-09-09T10:29:49+00:00,536,3,5,True,True,True,1788949783
2026-09-09T10:29:49+00:00,562,23,7,True,True,True,1788949783
2026-09-09T10:29:49+00:00,511,20,0,True,True,True,1788949783
2026-09-09T10:29:49+00:00,505,0,20,True,True,True,1788949783
2026-09-09T10:29:49+00:00,501,0,17,True,True,True,1788949783
2026-09-09T10:29:49+00:00,514,0,12,True,True,True,1788949783
2026-09-09T10:29:49+00:00,500,5,13,True,True,True,1788949783
2026-09-09T10:29:49+00:00,503,5,27,True,True,True,1788949783
2026-09-09T10:29:49+00:00,513,0,15,True,True,True,1788949783
2026-09-09T10:29:49+00:00,498,0,11,True,True,True,1788949783
2026-09-09T10:29:49+00:00,507,5,14,True,True,True,1788949783
2026-09-09T10:29:49+00:00,512,1,26,True,True,True,1788949783
2026-09-09T10:29:49+00:00,619,1,41,True,True,True,1788949783
2026-09-09T10:29:49+00:00,474,5,37,True,True,True,1788949783
2026-09-09T10:29:49+00:00,580,2,41,True,True,True,1788949783
2026-09-09T10:29:49+00:00,496,0,42,True,True,True,1788949783
2026-09-09T10:29:49+00:00,482,0,18,True,True,True,1788949783
2026-09-09T10:29:49+00:00,407,0,12,True,True,True,1788949783
2026-09-09T10:29:49+00:00,409,0,21,True,True,True,1788949783
2026-09-09T10:29:49+00:00,451,0,10,True,True,True,1788949783
2026-09-09T10:29:49+00:00,402,2,18,True,True,True,1788949783
2026-09-09T10:29:49+00:00,516,0,13,True,True,True,1788949783
2026-09-09T10:29:49+00:00,429,17,3,True,True,True,1788949783
2026-09-09T10:29:49+00:00,380,0,21,True,True,True,1788949783
2026-09-09T10:29:49+00:00,583,0,18,True,True,True,1788949783
2026-09-09T10:29:49+00:00,398,1,15,True,True,True,1788949783
2026-09-09T10:29:49+00:00,381,5,10,True,True,True,1788949783
2026-09-09T10:29:49+00:00,464,25,19,True,True,True,1788949783
2026-09-09T10:29:49+00:00,442,14,0,True,True,True,1788949783
2026-09-09T10:29:49+00:00,483,7,14,True,True,True,1788949783
2026-09-09T10:29:49+00:00,458,2,13,True,True,True,1788949783
2026-09-09T10:29:49+00:00,499,0,16,True,True,True,1788949783
2026-09-09T10:29:49+00:00,472,2,15,True,True,True,1788949783
2026-09-09T10:29:49+00:00,506,10,16,True,True,True,1788949783
2026-09-09T10:29:49+00:00,465,24,4,True,True,True,1788949783
2026-09-09T10:29:49+00:00,404,26,0,True,True,True,1788949783
2026-09-09T10:29:49+00:00,579,0,14,True,True,True,1788949783
2026-09-09T10:29:49+00:00,589,12,13,True,True,True,1788949783
2026-09-09T10:29:49+00:00,434,1,12,True,True,True,1788949783
2026-09-09T10:29:49+00:00,462,1,12,True,True,True,1788949783
2026-09-09T10:29:49+00:00,578,1,22,True,True,True,1788949783
2026-09-09T10:29:49+00:00,415,1,10,True,True,True,1788949783
2026-09-09T10:29:49+00:00,423,8,12,True,True,True,1788949783
2026-09-09T10:29:49+00:00,412,7,2,True,True,True,1788949783
2026-09-09T10:29:49+00:00,454,8,11,True,True,True,1788949783
2026-09-09T10:29:49+00:00,436,0,12,True,True,True,1788949783
2026-09-09T10:29:49+00:00,394,11,9,True,True,True,1788949783
2026-09-09T10:29:49+00:00,497,2,25,True,True,True,1788949783
2026-09-09T10:29:49+00:00,581,1,20,True,True,True,1788949783
2026-09-09T10:29:49+00:00,461,1,19,True,True,True,1788949783
2026-09-09T10:29:49+00:00,599,45,1,True,True,True,1788949783
2026-09-09T10:29:49+00:00,428,5,16,True,True,True,1788949783
2026-09-09T10:29:49+00:00,400,17,5,True,True,True,1788949783
2026-09-09T10:29:49+00:00,487,0,21,True,True,True,1788949783
2026-09-09T10:29:49+00:00,438,19,21,True,True,True,1788949783
2026-09-09T10:29:49+00:00,459,0,11,True,True,True,1788949783
2026-09-09T10:29:49+00:00,433,2,14,True,True,True,1788949783
2026-09-09T10:29:49+00:00,399,0,29,True,True,True,1788949783
2026-09-09T10:29:49+00:00,489,14,12,True,True,True,1788949783
2026-09-09T10:29:49+00:00,742,2,24,True,True,True,1788949783
2026-09-09T10:29:49+00:00,551,6,29,True,True,True,1788949783
2026-09-09T10:29:49+00:00,406,3,7,True,True,True,1788949783
2026-09-09T10:29:49+00:00,488,14,9,True,True,True,1788949783
2026-09-09T10:29:49+00:00,540,1,34,True,True,True,1788949783
2026-09-09T10:29:49+00:00,431,0,18,True,True,True,1788949783
2026-09-09T10:29:49+00:00,393,19,2,True,True,True,1788949783
2026-09-09T10:29:49+00:00,420,0,21,True,True,True,1788949783
2026-09-09T10:29:49+00:00,397,14,18,True,True,True,1788949783
2026-09-09T10:29:49+00:00,484,8,24,True,True,True,1788949783
2026-09-09T10:29:49+00:00,479,22,1,True,True,True,1788949783
2026-09-09T10:29:49+00:00,403,4,10,True,True,True,1788949783
2026-09-09T10:29:49+00:00,435,4,23,True,True,True,1788949783
2026-09-09T10:29:49+00:00,426,0,19,True,True,True,1788949783
2026-09-09T10:29:49+00:00,450,0,13,True,True,True,1788949783
2026-09-09T10:29:49+00:00,456,13,20,True,True,True,1788949783
2026-09-09T10:29:49+00:00,468,4,8,True,True,True,1788949783
2026-09-09T10:29:49+00:00,453,2,30,True,True,True,1788949783
2026-09-09T10:29:49+00:00,466,0,14,True,True,True,1788949783
2026-09-09T10:29:49+00:00,469,0,26,True,True,True,1788949783
2026-09-09T10:29:49+00:00,416,0,15,True,True,True,1788949783
2026-09-09T10:29:49+00:00,391,0,11,True,True,True,1788949783
2026-09-09T10:29:49+00:00,389,9,8,True,True,True,1788949783
2026-09-09T10:29:49+00:00,470,0,14,True,True,True,1788949783
2026-09-09T10:29:49+00:00,384,8,4,True,True,True,1788949783
2026-09-09T10:29:49+00:00,425,1,7,True,True,True,1788949783
2026-09-09T10:29:49+00:00,411,0,12,True,True,True,1788949783
2026-09-09T10:29:49+00:00,598,18,14,True,True,True,1788949783
2026-09-09T10:29:49+00:00,444,0,19,True,True,True,1788949783
2026-09-09T10:29:49+00:00,447,18,9,True,True,True,1788949783
2026-09-09T10:29:49+00:00,408,7,7,True,True,True,1788949783
2026-09-09T10:29:49+00:00,737,16,6,True,True,True,1788949783
2026-09-09T10:29:49+00:00,432,0,11,True,True,True,1788949783
2026-09-09T10:29:49+00:00,401,1,5,True,True,True,1788949783
2026-09-09T10:29:49+00:00,392,6,2,True,True,True,1788949783
2026-09-09T10:29:49+00:00,495,29,9,True,True,True,1788949783
2026-09-09T10:29:49+00:00,478,12,0,True,True,True,1788949783
2026-09-09T10:29:49+00:00,476,18,0,True,True,True,1788949783
2026-09-09T10:29:49+00:00,445,7,10,True,True,True,1788949783
2026-09-09T10:29:49+00:00,748,17,10,True,True,True,1788949783
2026-09-09T10:29:49+00:00,473,0,6,True,True,True,1788949783
2026-09-09T10:29:49+00:00,383,0,26,True,True,True,1788949783
2026-09-09T10:29:49+00:00,480,7,16,True,True,True,1788949783
2026-09-09T10:29:49+00:00,421,0,19,True,True,True,1788949783
2026-09-09T10:29:49+00:00,746,8,3,True,True,True,1788949783
2026-09-09T10:29:49+00:00,417,0,12,True,True,True,1788949783
2026-09-09T10:29:49+00:00,427,0,13,True,True,True,1788949783
2026-09-09T10:29:49+00:00,395,0,14,True,True,True,1788949783
2026-09-09T10:29:49+00:00,418,0,23,True,True,True,1788949783
2026-09-09T10:29:49+00:00,413,1,12,True,True,True,1788949783
2026-09-09T10:29:49+00:00,486,0,22,True,True,True,1788949783
2026-09-09T10:29:49+00:00,597,11,0,True,True,True,1788949783
2026-09-09T10:29:49+00:00,422,3,7,True,True,True,1788949783
2026-09-09T10:29:49+00:00,382,0,7,True,True,True,1788949783
2026-09-09T10:29:49+00:00,735,7,6,True,True,True,1788949783
2026-09-09T10:29:49+00:00,437,15,9,True,True,True,1788949783
2026-09-09T10:29:49+00:00,446,3,18,True,True,True,1788949783
2026-09-09T10:29:49+00:00,424,3,7,True,True,True,1788949783
2026-09-09T10:29:49+00:00,455,8,4,True,True,True,1788949783
2026-09-09T10:29:49+00:00,457,1,8,True,True,True,1788949783
2026-09-09T10:29:49+00:00,377,18,11,True,True,True,1788949783
2026-09-09T10:29:49+00:00,738,1,11,True,True,True,1788949783
2026-09-09T10:29:49+00:00,460,15,13,True,True,True,1788949783
2026-09-09T10:29:49+00:00,744,0,8,True,True,True,1788949783
2026-09-09T10:29:49+00:00,485,1,18,True,True,True,1788949783
2026-09-09T16:20:12+00:00,6026,0,35,True,True,True,1788970797
2026-09-09T16:20:12+00:00,5431,1,17,True,True,True,1788970797
2026-09-09T16:20:12+00:00,5424,3,15,True,True,True,1788970797
2026-09-09T16:20:12+00:00,5220,0,19,True,True,True,1788970797
2026-09-09T16:20:12+00:00,5217,0,30,True,True,True,1788970797
2026-09-09T16:20:12+00:00,5113,11,1,True,True,True,1788970797
2026-09-09T16:20:12+00:00,4683,4,14,True,True,True,1788970797
2026-09-09T16:20:12+00:00,4552,18,0,True,True,True,1788970797
2026-09-09T16:20:12+00:00,3725,0,18,True,True,True,1788970797
2026-09-09T16:20:12+00:00,2358,7,3,True,True,True,1788970797
2026-09-09T16:20:12+00:00,2357,19,0,True,True,True,1788970797
2026-09-09T16:20:12+00:00,2355,1,11,True,True,True,1788970797
2026-09-09T16:20:12+00:00,2351,2,14,True,True,True,1788970797
2026-09-09T16:20:12+00:00,2350,0,23,True,True,True,1788970797
2026-09-09T16:20:12+00:00,2349,1,19,True,True,True,1788970797
2026-09-09T16:20:12+00:00,2347,11,17,True,True,True,1788970797
2026-09-09T16:20:12+00:00,2340,0,23,True,True,True,1788970797
2026-09-09T16:20:12+00:00,2339,0,28,True,True,True,1788970797
2026-09-09T16:20:12+00:00,2334,12,0,True,True,True,1788970797
2026-09-09T16:20:12+00:00,2333,14,0,True,True,True,1788970797
2026-09-09T16:20:12+00:00,2332,9,2,True,True,True,1788970797
2026-09-09T16:20:12+00:00,2330,2,12,True,True,True,1788970797
2026-09-09T16:20:12+00:00,2329,7,7,True,True,True,1788970797
2026-09-09T16:20:12+00:00,2328,5,14,True,True,True,1788970797
2026-09-09T16:20:12+00:00,2315,12,4,True,True,True,1788970797
2026-09-09T16:20:12+00:00,2308,3,3,True,True,True,1788970797
2026-09-09T16:20:12+00:00,2307,0,29,True,True,True,1788970797
2026-09-09T16:20:12+00:00,2306,0,18,True,True,True,1788970797
2026-09-09T16:20:12+00:00,2305,3,12,True,True,True,1788970797
2026-09-09T16:20:12+00:00,2304,10,8,True,True,True,1788970797
2026-09-09T16:20:12+00:00,2280,12,1,True,True,True,1788970797
2026-09-09T16:20:12+00:00,2270,1,19,True,True,True,1788970797
2026-09-09T16:20:12+00:00,1919,3,3,True,True,True,1788970797
2026-09-09T16:20:12+00:00,1755,30,1,True,True,True,1788970797
2026-09-09T16:20:12+00:00,1101,18,2,True,True,True,1788970797
2026-09-09T16:20:12+00:00,1009,0,9,True,True,True,1788970797
2026-09-09T16:20:12+00:00,970,5,19,True,True,True,1788970797
2026-09-09T16:20:12+00:00,787,1,11,True,True,True,1788970797
2026-09-09T16:20:12+00:00,627,5,24,True,True,True,1788970797
2026-09-09T16:20:12+00:00,623,0,18,True,True,True,1788970797
2026-09-09T16:20:12+00:00,624,5,12,True,True,True,1788970797
2026-09-09T16:20:12+00:00,626,3,18,True,True,True,1788970797
2026-09-09T16:20:12+00:00,614,4,19,True,True,True,1788970797
2026-09-09T16:20:12+00:00,616,0,15,True,True,True,1788970797
2026-09-09T16:20:12+00:00,618,9,31,True,True,True,1788970797
2026-09-09T16:20:12+00:00,621,14,12,True,True,True,1788970797
2026-09-09T16:20:12+00:00,622,1,24,True,True,True,1788970797
2026-09-09T16:20:12+00:00,613,1,17,True,True,True,1788970797
2026-09-09T16:20:12+00:00,620,6,30,True,True,True,1788970797
2026-09-09T16:20:12+00:00,596,3,14,True,True,True,1788970797
2026-09-09T16:20:12+00:00,617,5,12,True,True,True,1788970797
2026-09-09T16:20:12+00:00,609,23,4,True,True,True,1788970797
2026-09-09T16:20:12+00:00,607,12,13,True,True,True,1788970797
2026-09-09T16:20:12+00:00,603,4,12,True,True,True,1788970797
2026-09-09T16:20:12+00:00,590,2,33,True,True,True,1788970797
2026-09-09T16:20:12+00:00,610,11,8,True,True,True,1788970797
2026-09-09T16:20:12+00:00,608,1,18,True,True,True,1788970797
2026-09-09T16:20:12+00:00,593,3,26,True,True,True,1788970797
2026-09-09T16:20:12+00:00,530,0,9,True,True,True,1788970797
2026-09-09T16:20:12+00:00,463,17,1,True,True,True,1788970797
2026-09-09T16:20:12+00:00,475,2,22,True,True,True,1788970797
2026-09-09T16:20:12+00:00,439,11,11,True,True,True,1788970797
2026-09-09T16:20:12+00:00,600,11,0,True,True,True,1788970797
2026-09-09T16:20:12+00:00,440,1,15,True,True,True,1788970797
2026-09-09T16:20:12+00:00,612,3,14,True,True,True,1788970797
2026-09-09T16:20:12+00:00,491,16,0,True,True,True,1788970797
2026-09-09T16:20:12+00:00,493,14,14,True,True,True,1788970797
2026-09-09T16:20:12+00:00,410,2,24,True,True,True,1788970797
2026-09-09T16:20:12+00:00,605,8,10,True,True,True,1788970797
2026-09-09T16:20:12+00:00,388,5,13,True,True,True,1788970797
2026-09-09T16:20:12+00:00,591,2,21,True,True,True,1788970797
2026-09-09T16:20:12+00:00,592,2,16,True,True,True,1788970797
2026-09-09T16:20:12+00:00,585,16,1,True,True,True,1788970797
2026-09-09T16:20:12+00:00,565,2,14,True,True,True,1788970797
2026-09-09T16:20:12+00:00,571,0,19,True,True,True,1788970797
2026-09-09T16:20:12+00:00,568,0,14,True,True,True,1788970797
2026-09-09T16:20:12+00:00,588,0,16,True,True,True,1788970797
2026-09-09T16:20:12+00:00,584,3,30,True,True,True,1788970797
2026-09-09T16:20:12+00:00,569,7,22,True,True,True,1788970797
2026-09-09T16:20:12+00:00,577,1,29,True,True,True,1788970797
2026-09-09T16:20:12+00:00,564,1,27,True,True,True,1788970797
2026-09-09T16:20:12+00:00,570,2,13,True,True,True,1788970797
2026-09-09T16:20:12+00:00,572,7,29,True,True,True,1788970797
2026-09-09T16:20:12+00:00,587,0,15,False,False,False,1788970797
2026-09-09T16:20:12+00:00,586,6,18,True,True,True,1788970797
2026-09-09T16:20:12+00:00,576,0,18,True,True,True,1788970797
2026-09-09T16:20:12+00:00,566,12,12,True,True,True,1788970797
2026-09-09T16:20:12+00:00,602,5,13,True,True,True,1788970797
2026-09-09T16:20:12+00:00,575,11,17,True,True,True,1788970797
2026-09-09T16:20:12+00:00,567,1,38,True,True,True,1788970797
2026-09-09T16:20:12+00:00,582,7,17,True,True,True,1788970797
2026-09-09T16:20:12+00:00,595,15,7,True,True,True,1788970797
2026-09-09T16:20:12+00:00,542,14,4,True,True,True,1788970797
2026-09-09T16:20:12+00:00,563,9,3,True,True,True,1788970797
2026-09-09T16:20:12+00:00,558,5,8,True,True,True,1788970797
2026-09-09T16:20:12+00:00,552,15,3,True,True,True,1788970797
2026-09-09T16:20:12+00:00,555,5,7,True,True,True,1788970797
2026-09-09T16:20:12+00:00,573,23,1,True,True,True,1788970797
2026-09-09T16:20:12+00:00,561,0,21,True,True,True,1788970797
2026-09-09T16:20:12+00:00,615,17,4,True,True,True,1788970797
2026-09-09T16:20:12+00:00,543,8,12,True,True,True,1788970797
2026-09-09T16:20:12+00:00,554,2,17,True,True,True,1788970797
2026-09-09T16:20:12+00:00,574,0,11,True,True,True,1788970797
2026-09-09T16:20:12+00:00,560,1,7,True,True,True,1788970797
2026-09-09T16:20:12+00:00,548,1,15,True,True,True,1788970797
2026-09-09T16:20:12+00:00,559,0,15,True,True,True,1788970797
2026-09-09T16:20:12+00:00,545,0,39,True,True,True,1788970797
2026-09-09T16:20:12+00:00,550,0,9,True,True,True,1788970797
2026-09-09T16:20:12+00:00,541,1,8,True,True,True,1788970797
2026-09-09T16:20:12+00:00,527,6,5,True,True,True,1788970797
2026-09-09T16:20:12+00:00,529,4,14,True,True,True,1788970797
2026-09-09T16:20:12+00:00,537,0,16,True,True,True,1788970797
2026-09-09T16:20:12+00:00,547,0,30,True,True,True,1788970797
2026-09-09T16:20:12+00:00,601,0,19,True,True,True,1788970797
2026-09-09T16:20:12+00:00,533,11,0,True,True,True,1788970797
2026-09-09T16:20:12+00:00,535,2,17,True,True,True,1788970797
2026-09-09T16:20:12+00:00,524,0,19,True,True,True,1788970797
2026-09-09T16:20:12+00:00,519,2,15,True,True,True,1788970797
2026-09-09T16:20:12+00:00,534,1,34,True,True,True,1788970797
2026-09-09T16:20:12+00:00,521,9,5,True,True,True,1788970797
2026-09-09T16:20:12+00:00,518,0,17,True,True,True,1788970797
2026-09-09T16:20:12+00:00,556,0,18,True,True,True,1788970797
2026-09-09T16:20:12+00:00,525,2,12,True,True,True,1788970797
2026-09-09T16:20:12+00:00,517,2,14,True,True,True,1788970797
2026-09-09T16:20:12+00:00,523,1,29,True,True,True,1788970797
2026-09-09T16:20:12+00:00,522,6,2,True,True,True,1788970797
2026-09-09T16:20:12+00:00,594,2,16,True,True,True,1788970797
2026-09-09T16:20:12+00:00,532,6,13,True,True,True,1788970797
2026-09-09T16:20:12+00:00,509,12,0,True,True,True,1788970797
2026-09-09T16:20:12+00:00,531,2,12,True,True,True,1788970797
2026-09-09T16:20:12+00:00,536,0,6,True,True,True,1788970797
2026-09-09T16:20:12+00:00,562,1,28,True,True,True,1788970797
2026-09-09T16:20:12+00:00,511,8,14,True,True,True,1788970797
2026-09-09T16:20:12+00:00,505,2,17,True,True,True,1788970797
2026-09-09T16:20:12+00:00,501,4,12,True,True,True,1788970797
2026-09-09T16:20:12+00:00,514,5,7,True,True,True,1788970797
2026-09-09T16:20:12+00:00,500,15,1,True,True,True,1788970797
2026-09-09T16:20:12+00:00,503,10,22,True,True,True,1788970797
2026-09-09T16:20:12+00:00,513,1,14,True,True,True,1788970797
2026-09-09T16:20:12+00:00,498,0,11,True,True,True,1788970797
2026-09-09T16:20:12+00:00,507,10,10,True,True,True,1788970797
2026-09-09T16:20:12+00:00,512,2,24,True,True,True,1788970797
2026-09-09T16:20:12+00:00,619,0,42,True,True,True,1788970797
2026-09-09T16:20:12+00:00,474,0,41,True,True,True,1788970797
2026-09-09T16:20:12+00:00,580,0,43,True,True,True,1788970797
2026-09-09T16:20:12+00:00,496,0,42,True,True,True,1788970797
2026-09-09T16:20:12+00:00,482,1,17,True,True,True,1788970797
2026-09-09T16:20:12+00:00,407,4,7,True,True,True,1788970797
2026-09-09T16:20:12+00:00,409,0,19,True,True,True,1788970797
2026-09-09T16:20:12+00:00,451,2,16,True,True,True,1788970797
2026-09-09T16:20:12+00:00,402,0,20,True,True,True,1788970797
2026-09-09T16:20:12+00:00,516,5,9,True,True,True,1788970797
2026-09-09T16:20:12+00:00,429,7,13,True,True,True,1788970797
2026-09-09T16:20:12+00:00,380,3,16,True,True,True,1788970797
2026-09-09T16:20:12+00:00,583,4,13,True,True,True,1788970797
2026-09-09T16:20:12+00:00,398,11,4,True,True,True,1788970797
2026-09-09T16:20:12+00:00,381,15,0,True,True,True,1788970797
2026-09-09T16:20:12+00:00,464,33,11,True,True,True,1788970797
2026-09-09T16:20:12+00:00,442,13,0,True,True,True,1788970797
2026-09-09T16:20:12+00:00,483,8,13,True,True,True,1788970797
2026-09-09T16:20:12+00:00,458,4,11,True,True,True,1788970797
2026-09-09T16:20:12+00:00,499,3,13,True,True,True,1788970797
2026-09-09T16:20:12+00:00,472,2,14,True,True,True,1788970797
2026-09-09T16:20:12+00:00,506,13,13,True,True,True,1788970797
2026-09-09T16:20:12+00:00,465,12,16,True,True,True,1788970797
2026-09-09T16:20:12+00:00,611,0,39,True,True,True,1788970797
2026-09-09T16:20:12+00:00,404,16,10,True,True,True,1788970797
2026-09-09T16:20:12+00:00,579,2,12,True,True,True,1788970797
2026-09-09T16:20:12+00:00,589,12,13,True,True,True,1788970797
2026-09-09T16:20:12+00:00,434,0,13,True,True,True,1788970797
2026-09-09T16:20:12+00:00,462,1,12,True,True,True,1788970797
2026-09-09T16:20:12+00:00,578,0,23,True,True,True,1788970797
2026-09-09T16:20:12+00:00,415,1,9,True,True,True,1788970797
2026-09-09T16:20:12+00:00,423,15,4,True,True,True,1788970797
2026-09-09T16:20:12+00:00,412,2,6,True,True,True,1788970797
2026-09-09T16:20:12+00:00,387,0,15,True,True,True,1788970797
2026-09-09T16:20:12+00:00,441,12,1,True,True,True,1788970797
2026-09-09T16:20:12+00:00,454,7,12,True,True,True,1788970797
2026-09-09T16:20:12+00:00,436,0,12,True,True,True,1788970797
2026-09-09T16:20:12+00:00,394,11,8,True,True,True,1788970797
2026-09-09T16:20:12+00:00,497,1,25,True,True,True,1788970797
2026-09-09T16:20:12+00:00,581,9,12,True,True,True,1788970797
2026-09-09T16:20:12+00:00,461,4,16,True,True,True,1788970797
2026-09-09T16:20:12+00:00,599,40,6,True,True,True,1788970797
2026-09-09T16:20:12+00:00,428,4,17,True,True,True,1788970797
2026-09-09T16:20:12+00:00,400,7,15,True,True,True,1788970797
2026-09-09T16:20:12+00:00,487,2,19,True,True,True,1788970797
2026-09-09T16:20:12+00:00,438,30,10,True,True,True,1788970797
2026-09-09T16:20:12+00:00,459,1,9,True,True,True,1788970797
2026-09-09T16:20:12+00:00,433,4,12,True,True,True,1788970797
2026-09-09T16:20:12+00:00,399,1,28,True,True,True,1788970797
2026-09-09T16:20:12+00:00,489,8,17,True,True,True,1788970797
2026-09-09T16:20:12+00:00,742,1,25,True,True,True,1788970797
2026-09-09T16:20:12+00:00,551,22,12,True,True,True,1788970797
2026-09-09T16:20:12+00:00,406,9,0,True,True,True,1788970797
2026-09-09T16:20:12+00:00,488,6,17,True,True,True,1788970797
2026-09-09T16:20:12+00:00,540,4,31,True,True,True,1788970797
2026-09-09T16:20:12+00:00,431,3,15,True,True,True,1788970797
2026-09-09T16:20:12+00:00,393,18,2,True,True,True,1788970797
2026-09-09T16:20:12+00:00,420,5,16,True,True,True,1788970797
2026-09-09T16:20:12+00:00,397,27,4,True,True,True,1788970797
2026-09-09T16:20:12+00:00,390,1,28,True,True,True,1788970797
2026-09-09T16:20:12+00:00,449,13,10,True,True,True,1788970797
2026-09-09T16:20:12+00:00,484,12,20,True,True,True,1788970797
2026-09-09T16:20:12+00:00,479,2,21,True,True,True,1788970797
2026-09-09T16:20:12+00:00,403,1,12,True,True,True,1788970797
2026-09-09T16:20:12+00:00,435,3,24,True,True,True,1788970797
2026-09-09T16:20:12+00:00,426,0,19,True,True,True,1788970797
2026-09-09T16:20:12+00:00,450,3,9,True,True,True,1788970797
2026-09-09T16:20:12+00:00,456,24,9,True,True,True,1788970797
2026-09-09T16:20:12+00:00,468,11,1,True,True,True,1788970797
2026-09-09T16:20:12+00:00,453,0,32,True,True,True,1788970797
2026-09-09T16:20:12+00:00,466,0,14,True,True,True,1788970797
2026-09-09T16:20:12+00:00,469,2,24,True,True,True,1788970797
2026-09-09T16:20:12+00:00,416,3,12,True,True,True,1788970797
2026-09-09T16:20:12+00:00,391,3,6,True,True,True,1788970797
2026-09-09T16:20:12+00:00,389,3,14,True,True,True,1788970797
2026-09-09T16:20:12+00:00,470,0,14,True,True,True,1788970797
2026-09-09T16:20:12+00:00,384,3,8,True,True,True,1788970797
2026-09-09T16:20:12+00:00,425,1,7,True,True,True,1788970797
2026-09-09T16:20:12+00:00,411,1,11,True,True,True,1788970797
2026-09-09T16:20:12+00:00,598,21,11,True,True,True,1788970797
2026-09-09T16:20:12+00:00,444,19,0,True,True,True,1788970797
2026-09-09T16:20:12+00:00,447,25,4,True,True,True,1788970797
2026-09-09T16:20:12+00:00,408,11,3,True,True,True,1788970797
2026-09-09T16:20:12+00:00,737,2,20,True,True,True,1788970797
2026-09-09T16:20:12+00:00,432,0,11,True,True,True,1788970797
2026-09-09T16:20:12+00:00,401,5,1,True,True,True,1788970797
2026-09-09T16:20:12+00:00,452,28,1,True,True,True,1788970797
2026-09-09T16:20:12+00:00,392,4,4,True,True,True,1788970797
2026-09-09T16:20:12+00:00,481,37,1,True,True,True,1788970797
2026-09-09T16:20:12+00:00,495,38,0,True,True,True,1788970797
2026-09-09T16:20:12+00:00,478,2,9,True,True,True,1788970797
2026-09-09T16:20:12+00:00,414,2,6,True,True,True,1788970797
2026-09-09T16:20:12+00:00,476,3,15,True,True,True,1788970797
2026-09-09T16:20:12+00:00,445,8,9,True,True,True,1788970797
2026-09-09T16:20:12+00:00,748,15,12,True,True,True,1788970797
2026-09-09T16:20:12+00:00,473,1,5,True,True,True,1788970797
2026-09-09T16:20:12+00:00,383,20,6,True,True,True,1788970797
2026-09-09T16:20:12+00:00,480,16,7,True,True,True,1788970797
2026-09-09T16:20:12+00:00,421,15,3,True,True,True,1788970797
2026-09-09T16:20:12+00:00,746,10,1,True,True,True,1788970797
2026-09-09T16:20:12+00:00,417,0,11,True,True,True,1788970797
2026-09-09T16:20:12+00:00,427,2,11,True,True,True,1788970797
2026-09-09T16:20:12+00:00,395,0,14,True,True,True,1788970797
2026-09-09T16:20:12+00:00,418,2,21,True,True,True,1788970797
2026-09-09T16:20:12+00:00,413,1,12,True,True,True,1788970797
2026-09-09T16:20:12+00:00,486,3,19,True,True,True,1788970797
2026-09-09T16:20:12+00:00,597,2,8,True,True,True,1788970797
2026-09-09T16:20:12+00:00,422,0,10,True,True,True,1788970797
2026-09-09T16:20:12+00:00,382,1,7,True,True,True,1788970797
2026-09-09T16:20:12+00:00,396,2,22,True,True,True,1788970797
2026-09-09T16:20:12+00:00,735,13,0,True,True,True,1788970797
2026-09-09T16:20:12+00:00,437,2,22,True,True,True,1788970797
2026-09-09T16:20:12+00:00,446,3,18,True,True,True,1788970797
2026-09-09T16:20:12+00:00,424,10,0,True,True,True,1788970797
2026-09-09T16:20:12+00:00,455,8,4,True,True,True,1788970797
2026-09-09T16:20:12+00:00,457,9,1,True,True,True,1788970797
2026-09-09T16:20:12+00:00,377,16,13,True,True,True,1788970797
2026-09-09T16:20:12+00:00,738,4,8,True,True,True,1788970797
2026-09-09T16:20:12+00:00,460,7,21,True,True,True,1788970797
2026-09-09T16:20:12+00:00,744,2,6,True,True,True,1788970797
2026-09-09T16:20:12+00:00,485,12,5,True,True,True,1788970797
2026-09-09T16:35:12+00:00,6026,0,35,True,True,True,1788971693
2026-09-09T16:35:12+00:00,5431,1,17,True,True,True,1788971693
2026-09-09T16:35:12+00:00,5424,3,15,True,True,True,1788971693
2026-09-09T16:35:12+00:00,5220,0,19,True,True,True,1788971693
2026-09-09T16:35:12+00:00,5217,0,30,True,True,True,1788971693
2026-09-09T16:35:12+00:00,5113,11,1,True,True,True,1788971693
2026-09-09T16:35:12+00:00,4683,4,14,True,True,True,1788971693
2026-09-09T16:35:12+00:00,4552,18,0,True,True,True,1788971693
2026-09-09T16:35:12+00:00,3725,0,18,True,True,True,1788971693
2026-09-09T16:35:12+00:00,2358,7,3,True,True,True,1788971693
2026-09-09T16:35:12+00:00,2357,16,3,True,True,True,1788971693
2026-09-09T16:35:12+00:00,2355,1,11,True,True,True,1788971693
2026-09-09T16:35:12+00:00,2351,2,14,True,True,True,1788971693
2026-09-09T16:35:12+00:00,2350,0,23,True,True,True,1788971693
2026-09-09T16:35:12+00:00,2349,1,19,True,True,True,1788971693
2026-09-09T16:35:12+00:00,2347,11,17,True,True,True,1788971693
2026-09-09T16:35:12+00:00,2340,0,23,True,True,True,1788971693
2026-09-09T16:35:12+00:00,2339,0,28,True,True,True,1788971693
2026-09-09T16:35:12+00:00,2337,0,15,True,True,True,1788971693
2026-09-09T16:35:12+00:00,2334,12,0,True,True,True,1788971693
2026-09-09T16:35:12+00:00,2333,13,1,True,True,True,1788971693
2026-09-09T16:35:12+00:00,2332,9,2,True,True,True,1788971693
2026-09-09T16:35:12+00:00,2330,1,13,True,True,True,1788971693
2026-09-09T16:35:12+00:00,2329,7,7,True,True,True,1788971693
2026-09-09T16:35:12+00:00,2328,5,14,True,True,True,1788971693
2026-09-09T16:35:12+00:00,2315,12,4,True,True,True,1788971693
2026-09-09T16:35:12+00:00,2308,3,3,True,True,True,1788971693
2026-09-09T16:35:12+00:00,2307,1,28,True,True,True,1788971693
2026-09-09T16:35:12+00:00,2306,0,18,True,True,True,1788971693
2026-09-09T16:35:12+00:00,2305,2,13,True,True,True,1788971693
2026-09-09T16:35:12+00:00,2304,7,11,True,True,True,1788971693
2026-09-09T16:35:12+00:00,2280,12,1,True,True,True,1788971693
2026-09-09T16:35:12+00:00,2270,1,19,True,True,True,1788971693
2026-09-09T16:35:12+00:00,1919,3,3,True,True,True,1788971693
2026-09-09T16:35:12+00:00,1755,30,1,True,True,True,1788971693
2026-09-09T16:35:12+00:00,1101,18,2,True,True,True,1788971693
2026-09-09T16:35:12+00:00,1023,0,14,True,True,True,1788971693
2026-09-09T16:35:12+00:00,1009,0,9,True,True,True,1788971693
2026-09-09T16:35:12+00:00,970,6,18,True,True,True,1788971693
2026-09-09T16:35:12+00:00,787,1,11,True,True,True,1788971693
2026-09-09T16:35:12+00:00,627,5,24,True,True,True,1788971693
2026-09-09T16:35:12+00:00,623,1,17,True,True,True,1788971693
2026-09-09T16:35:12+00:00,624,5,12,True,True,True,1788971693
2026-09-09T16:35:12+00:00,626,3,18,True,True,True,1788971693
2026-09-09T16:35:12+00:00,614,4,19,True,True,True,1788971693
2026-09-09T16:35:12+00:00,616,0,15,True,True,True,1788971693
2026-09-09T16:35:12+00:00,618,7,33,True,True,True,1788971693
2026-09-09T16:35:12+00:00,621,14,12,True,True,True,1788971693
2026-09-09T16:35:12+00:00,622,0,25,True,True,True,1788971693
2026-09-09T16:35:12+00:00,613,2,16,True,True,True,1788971693
2026-09-09T16:35:12+00:00,620,5,31,True,True,True,1788971693
2026-09-09T16:35:12+00:00,596,3,14,True,True,True,1788971693
2026-09-09T16:35:12+00:00,617,7,10,True,True,True,1788971693
2026-09-09T16:35:12+00:00,609,22,5,True,True,True,1788971693
2026-09-09T16:35:12+00:00,607,11,14,True,True,True,1788971693
2026-09-09T16:35:12+00:00,603,4,12,True,True,True,1788971693
2026-09-09T16:35:12+00:00,590,2,33,True,True,True,1788971693
2026-09-09T16:35:12+00:00,610,12,7,True,True,True,1788971693
2026-09-09T16:35:12+00:00,608,2,17,True,True,True,1788971693
2026-09-09T16:35:12+00:00,593,4,25,True,True,True,1788971693
2026-09-09T16:35:12+00:00,530,0,9,True,True,True,1788971693
2026-09-09T16:35:12+00:00,463,16,2,True,True,True,1788971693
2026-09-09T16:35:12+00:00,475,3,21,True,True,True,1788971693
2026-09-09T16:35:12+00:00,439,11,11,True,True,True,1788971693
2026-09-09T16:35:12+00:00,600,11,0,True,True,True,1788971693
2026-09-09T16:35:12+00:00,440,1,15,True,True,True,1788971693
2026-09-09T16:35:12+00:00,612,3,14,True,True,True,1788971693
2026-09-09T16:35:12+00:00,491,15,1,True,True,True,1788971693
2026-09-09T16:35:12+00:00,493,15,13,True,True,True,1788971693
2026-09-09T16:35:12+00:00,410,2,24,True,True,True,1788971693
2026-09-09T16:35:12+00:00,605,8,10,True,True,True,1788971693
2026-09-09T16:35:12+00:00,388,5,13,True,True,True,1788971693
2026-09-09T16:35:12+00:00,591,1,22,True,True,True,1788971693
2026-09-09T16:35:12+00:00,592,1,16,True,True,True,1788971693
2026-09-09T16:35:12+00:00,585,17,0,True,True,True,1788971693
2026-09-09T16:35:12+00:00,565,2,14,True,True,True,1788971693
2026-09-09T16:35:12+00:00,571,0,19,True,True,True,1788971693
2026-09-09T16:35:12+00:00,568,0,14,True,True,True,1788971693
2026-09-09T16:35:12+00:00,588,0,16,True,True,True,1788971693
2026-09-09T16:35:12+00:00,584,6,27,True,True,True,1788971693
2026-09-09T16:35:12+00:00,569,7,22,True,True,True,1788971693
2026-09-09T16:35:12+00:00,577,1,29,True,True,True,1788971693
2026-09-09T16:35:12+00:00,564,1,27,True,True,True,1788971693
2026-09-09T16:35:12+00:00,570,2,13,True,True,True,1788971693
2026-09-09T16:35:12+00:00,572,7,29,True,True,True,1788971693
2026-09-09T16:35:12+00:00,587,0,15,False,False,False,1788971693
2026-09-09T16:35:12+00:00,586,7,17,True,True,True,1788971693
2026-09-09T16:35:12+00:00,576,0,18,True,True,True,1788971693
2026-09-09T16:35:12+00:00,566,12,12,True,True,True,1788971693
2026-09-09T16:35:12+00:00,602,5,13,True,True,True,1788971693
2026-09-09T16:35:12+00:00,575,11,17,True,True,True,1788971693
2026-09-09T16:35:12+00:00,567,1,38,True,True,True,1788971693
2026-09-09T16:35:12+00:00,582,7,17,True,True,True,1788971693
2026-09-09T16:35:12+00:00,595,15,7,True,True,True,1788971693
2026-09-09T16:35:12+00:00,542,13,5,True,True,True,1788971693
2026-09-09T16:35:12+00:00,563,8,4,True,True,True,1788971693
2026-09-09T16:35:12+00:00,558,5,8,True,True,True,1788971693
2026-09-09T16:35:12+00:00,552,15,3,True,True,True,1788971693
2026-09-09T16:35:12+00:00,555,4,8,True,True,True,1788971693
2026-09-09T16:35:12+00:00,573,23,1,True,True,True,1788971693
2026-09-09T16:35:12+00:00,561,0,21,True,True,True,1788971693
2026-09-09T16:35:12+00:00,615,17,4,True,True,True,1788971693
2026-09-09T16:35:12+00:00,543,7,13,True,True,True,1788971693
2026-09-09T16:35:12+00:00,554,2,17,True,True,True,1788971693
2026-09-09T16:35:12+00:00,574,0,11,True,True,True,1788971693
2026-09-09T16:35:12+00:00,560,1,7,True,True,True,1788971693
2026-09-09T16:35:12+00:00,548,2,13,True,True,True,1788971693
2026-09-09T16:35:12+00:00,559,0,15,True,True,True,1788971693
2026-09-09T16:35:12+00:00,545,0,39,True,True,True,1788971693
2026-09-09T16:35:12+00:00,550,0,9,True,True,True,1788971693
2026-09-09T16:35:12+00:00,541,2,7,True,True,True,1788971693
2026-09-09T16:35:12+00:00,527,6,5,True,True,True,1788971693
2026-09-09T16:35:12+00:00,529,5,13,True,True,True,1788971693
2026-09-09T16:35:12+00:00,526,0,14,True,True,True,1788971693
2026-09-09T16:35:12+00:00,537,0,16,True,True,True,1788971693
2026-09-09T16:35:12+00:00,547,0,30,True,True,True,1788971693
2026-09-09T16:35:12+00:00,601,0,19,True,True,True,1788971693
2026-09-09T16:35:12+00:00,533,11,0,True,True,True,1788971693
2026-09-09T16:35:12+00:00,535,2,17,True,True,True,1788971693
2026-09-09T16:35:12+00:00,524,0,19,True,True,True,1788971693
2026-09-09T16:35:12+00:00,519,2,15,True,True,True,1788971693
2026-09-09T16:35:12+00:00,534,0,35,True,True,True,1788971693
2026-09-09T16:35:12+00:00,521,8,6,True,True,True,1788971693
2026-09-09T16:35:12+00:00,518,0,17,True,True,True,1788971693
2026-09-09T16:35:12+00:00,556,0,18,True,True,True,1788971693
2026-09-09T16:35:12+00:00,525,1,13,True,True,True,1788971693
2026-09-09T16:35:12+00:00,517,3,13,True,True,True,1788971693
2026-09-09T16:35:12+00:00,523,0,30,True,True,True,1788971693
2026-09-09T16:35:12+00:00,522,6,2,True,True,True,1788971693
2026-09-09T16:35:12+00:00,594,1,17,True,True,True,1788971693
2026-09-09T16:35:12+00:00,532,6,13,True,True,True,1788971693
2026-09-09T16:35:12+00:00,509,12,0,True,True,True,1788971693
2026-09-09T16:35:12+00:00,531,2,12,True,True,True,1788971693
2026-09-09T16:35:12+00:00,536,0,6,True,True,True,1788971693
2026-09-09T16:35:12+00:00,562,1,28,True,True,True,1788971693
2026-09-09T16:35:12+00:00,511,7,15,True,True,True,1788971693
2026-09-09T16:35:12+00:00,505,1,17,True,True,True,1788971693
2026-09-09T16:35:12+00:00,501,5,11,True,True,True,1788971693
2026-09-09T16:35:12+00:00,514,5,7,True,True,True,1788971693
2026-09-09T16:35:12+00:00,500,16,0,True,True,True,1788971693
2026-09-09T16:35:12+00:00,503,10,22,True,True,True,1788971693
2026-09-09T16:35:12+00:00,513,0,15,True,True,True,1788971693
2026-09-09T16:35:12+00:00,498,0,11,True,True,True,1788971693
2026-09-09T16:35:12+00:00,507,12,8,True,True,True,1788971693
2026-09-09T16:35:12+00:00,512,2,24,True,True,True,1788971693
2026-09-09T16:35:12+00:00,619,0,42,True,True,True,1788971693
2026-09-09T16:35:12+00:00,474,0,41,True,True,True,1788971693
2026-09-09T16:35:12+00:00,580,0,43,True,True,True,1788971693
2026-09-09T16:35:12+00:00,496,0,42,True,True,True,1788971693
2026-09-09T16:35:12+00:00,482,1,17,True,True,True,1788971693
2026-09-09T16:35:12+00:00,407,2,9,True,True,True,1788971693
2026-09-09T16:35:12+00:00,409,1,18,True,True,True,1788971693
2026-09-09T16:35:12+00:00,451,3,15,True,True,True,1788971693
2026-09-09T16:35:12+00:00,402,0,20,True,True,True,1788971693
2026-09-09T16:35:12+00:00,516,4,10,True,True,True,1788971693
2026-09-09T16:35:12+00:00,625,0,42,True,True,True,1788971693
2026-09-09T16:35:12+00:00,429,7,13,True,True,True,1788971693
2026-09-09T16:35:12+00:00,380,3,16,True,True,True,1788971693
2026-09-09T16:35:12+00:00,583,3,14,True,True,True,1788971693
2026-09-09T16:35:12+00:00,398,11,4,True,True,True,1788971693
2026-09-09T16:35:12+00:00,381,15,0,True,True,True,1788971693
2026-09-09T16:35:12+00:00,464,34,10,True,True,True,1788971693
2026-09-09T16:35:12+00:00,442,12,1,True,True,True,1788971693
2026-09-09T16:35:12+00:00,483,8,13,True,True,True,1788971693
2026-09-09T16:35:12+00:00,458,3,12,True,True,True,1788971693
2026-09-09T16:35:12+00:00,499,3,13,True,True,True,1788971693
2026-09-09T16:35:12+00:00,472,1,15,True,True,True,1788971693
2026-09-09T16:35:12+00:00,506,13,13,True,True,True,1788971693
2026-09-09T16:35:12+00:00,465,11,17,True,True,True,1788971693
2026-09-09T16:35:12+00:00,611,0,39,True,True,True,1788971693
2026-09-09T16:35:12+00:00,404,14,12,True,True,True,1788971693
2026-09-09T16:35:12+00:00,579,2,12,True,True,True,1788971693
2026-09-09T16:35:12+00:00,589,12,13,True,True,True,1788971693
2026-09-09T16:35:12+00:00,434,0,13,True,True,True,1788971693
2026-09-09T16:35:12+00:00,462,2,11,True,True,True,1788971693
2026-09-09T16:35:12+00:00,578,2,21,True,True,True,1788971693
2026-09-09T16:35:12+00:00,415,1,9,True,True,True,1788971693
2026-09-09T16:35:12+00:00,423,17,2,True,True,True,1788971693
2026-09-09T16:35:12+00:00,412,5,4,True,True,True,1788971693
2026-09-09T16:35:12+00:00,387,0,15,True,True,True,1788971693
2026-09-09T16:35:12+00:00,441,12,1,True,True,True,1788971693
2026-09-09T16:35:12+00:00,454,7,12,True,True,True,1788971693
2026-09-09T16:35:12+00:00,436,1,11,True,True,True,1788971693
2026-09-09T16:35:12+00:00,394,11,8,True,True,True,1788971693
2026-09-09T16:35:12+00:00,497,1,25,True,True,True,1788971693
2026-09-09T16:35:12+00:00,581,9,12,True,True,True,1788971693
2026-09-09T16:35:12+00:00,461,4,16,True,True,True,1788971693
2026-09-09T16:35:12+00:00,599,41,5,True,True,True,1788971693
2026-09-09T16:35:12+00:00,428,4,17,True,True,True,1788971693
2026-09-09T16:35:12+00:00,400,6,16,True,True,True,1788971693
2026-09-09T16:35:12+00:00,487,4,17,True,True,True,1788971693
2026-09-09T16:35:12+00:00,438,29,11,True,True,True,1788971693
2026-09-09T16:35:12+00:00,459,0,10,True,True,True,1788971693
2026-09-09T16:35:12+00:00,433,4,12,True,True,True,1788971693
2026-09-09T16:35:12+00:00,399,1,28,True,True,True,1788971693
2026-09-09T16:35:12+00:00,489,7,18,True,True,True,1788971693
2026-09-09T16:35:12+00:00,742,1,25,True,True,True,1788971693
2026-09-09T16:35:12+00:00,551,24,10,True,True,True,1788971693
2026-09-09T16:35:12+00:00,406,8,1,True,True,True,1788971693
2026-09-09T16:35:12+00:00,488,5,18,True,True,True,1788971693
2026-09-09T16:35:12+00:00,540,6,29,True,True,True,1788971693
2026-09-09T16:35:12+00:00,431,1,17,True,True,True,1788971693
2026-09-09T16:35:12+00:00,393,16,4,True,True,True,1788971693
2026-09-09T16:35:12+00:00,420,5,16,True,True,True,1788971693
2026-09-09T16:35:12+00:00,397,27,4,True,True,True,1788971693
2026-09-09T16:35:12+00:00,390,1,28,True,True,True,1788971693
2026-09-09T16:35:12+00:00,449,13,10,True,True,True,1788971693
2026-09-09T16:35:12+00:00,484,16,16,True,True,True,1788971693
2026-09-09T16:35:12+00:00,479,1,22,True,True,True,1788971693
2026-09-09T16:35:12+00:00,403,0,13,True,True,True,1788971693
2026-09-09T16:35:12+00:00,435,2,25,True,True,True,1788971693
2026-09-09T16:35:12+00:00,426,1,18,True,True,True,1788971693
2026-09-09T16:35:12+00:00,450,3,9,True,True,True,1788971693
2026-09-09T16:35:12+00:00,456,24,9,True,True,True,1788971693
2026-09-09T16:35:12+00:00,468,10,2,True,True,True,1788971693
2026-09-09T16:35:12+00:00,453,0,32,True,True,True,1788971693
2026-09-09T16:35:12+00:00,466,1,13,True,True,True,1788971693
2026-09-09T16:35:12+00:00,469,0,26,True,True,True,1788971693
2026-09-09T16:35:12+00:00,416,4,11,True,True,True,1788971693
2026-09-09T16:35:12+00:00,391,2,7,True,True,True,1788971693
2026-09-09T16:35:12+00:00,389,2,15,True,True,True,1788971693
2026-09-09T16:35:12+00:00,470,0,14,True,True,True,1788971693
2026-09-09T16:35:12+00:00,384,3,8,True,True,True,1788971693
2026-09-09T16:35:12+00:00,425,0,8,True,True,True,1788971693
2026-09-09T16:35:12+00:00,411,1,11,True,True,True,1788971693
2026-09-09T16:35:12+00:00,598,22,10,True,True,True,1788971693
2026-09-09T16:35:12+00:00,444,19,0,True,True,True,1788971693
2026-09-09T16:35:12+00:00,447,25,4,True,True,True,1788971693
2026-09-09T16:35:12+00:00,408,12,2,True,True,True,1788971693
2026-09-09T16:35:12+00:00,737,3,19,True,True,True,1788971693
2026-09-09T16:35:12+00:00,432,0,11,True,True,True,1788971693
2026-09-09T16:35:12+00:00,401,5,1,True,True,True,1788971693
2026-09-09T16:35:12+00:00,452,27,2,True,True,True,1788971693
2026-09-09T16:35:12+00:00,392,4,4,True,True,True,1788971693
2026-09-09T16:35:12+00:00,481,37,1,True,True,True,1788971693
2026-09-09T16:35:12+00:00,495,37,1,True,True,True,1788971693
2026-09-09T16:35:12+00:00,478,2,9,True,True,True,1788971693
2026-09-09T16:35:12+00:00,414,2,6,True,True,True,1788971693
2026-09-09T16:35:12+00:00,476,1,17,True,True,True,1788971693
2026-09-09T16:35:12+00:00,445,8,9,True,True,True,1788971693
2026-09-09T16:35:12+00:00,748,15,12,True,True,True,1788971693
2026-09-09T16:35:12+00:00,473,0,6,True,True,True,1788971693
2026-09-09T16:35:12+00:00,383,20,6,True,True,True,1788971693
2026-09-09T16:35:12+00:00,480,18,5,True,True,True,1788971693
2026-09-09T16:35:12+00:00,421,15,3,True,True,True,1788971693
2026-09-09T16:35:12+00:00,746,11,0,True,True,True,1788971693
2026-09-09T16:35:12+00:00,417,0,11,True,True,True,1788971693
2026-09-09T16:35:12+00:00,427,0,13,True,True,True,1788971693
2026-09-09T16:35:12+00:00,395,0,14,True,True,True,1788971693
2026-09-09T16:35:12+00:00,418,2,21,True,True,True,1788971693
2026-09-09T16:35:12+00:00,413,0,13,True,True,True,1788971693
2026-09-09T16:35:12+00:00,486,3,20,True,True,True,1788971693
2026-09-09T16:35:12+00:00,597,3,7,True,True,True,1788971693
2026-09-09T16:35:12+00:00,422,0,10,True,True,True,1788971693
2026-09-09T16:35:12+00:00,382,1,6,True,True,True,1788971693
2026-09-09T16:35:12+00:00,396,1,23,True,True,True,1788971693
2026-09-09T16:35:12+00:00,735,13,0,True,True,True,1788971693
2026-09-09T16:35:12+00:00,437,2,22,True,True,True,1788971693
2026-09-09T16:35:12+00:00,446,11,10,True,True,True,1788971693
2026-09-09T16:35:12+00:00,424,8,2,True,True,True,1788971693
2026-09-09T16:35:12+00:00,455,8,4,True,True,True,1788971693
2026-09-09T16:35:12+00:00,457,9,1,True,True,True,1788971693
2026-09-09T16:35:12+00:00,377,16,13,True,True,True,1788971693
2026-09-09T16:35:12+00:00,738,4,8,True,True,True,1788971693
2026-09-09T16:35:12+00:00,460,7,21,True,True,True,1788971693
2026-09-09T16:35:12+00:00,744,2,6,True,True,True,1788971693
2026-09-09T16:35:12+00:00,485,9,8,True,True,True,1788971693
2026-09-09T16:50:12+00:00,6026,0,35,True,True,True,1788972610
2026-09-09T16:50:12+00:00,5431,1,17,True,True,True,1788972610
2026-09-09T16:50:12+00:00,5424,3,15,True,True,True,1788972610
2026-09-09T16:50:12+00:00,5220,0,19,True,True,True,1788972610
2026-09-09T16:50:12+00:00,5217,0,30,True,True,True,1788972610
2026-09-09T16:50:12+00:00,5113,11,1,True,True,True,1788972610
2026-09-09T16:50:12+00:00,4683,4,14,True,True,True,1788972610
2026-09-09T16:50:12+00:00,4552,18,0,True,True,True,1788972610
2026-09-09T16:50:12+00:00,3725,0,18,True,True,True,1788972610
2026-09-09T16:50:12+00:00,2358,7,3,True,True,True,1788972610
2026-09-09T16:50:12+00:00,2357,16,3,True,True,True,1788972610
2026-09-09T16:50:12+00:00,2355,1,11,True,True,True,1788972610
2026-09-09T16:50:12+00:00,2351,2,14,True,True,True,1788972610
2026-09-09T16:50:12+00:00,2350,0,23,True,True,True,1788972610
2026-09-09T16:50:12+00:00,2349,1,19,True,True,True,1788972610
2026-09-09T16:50:12+00:00,2347,11,17,True,True,True,1788972610
2026-09-09T16:50:12+00:00,2340,0,23,True,True,True,1788972610
2026-09-09T16:50:12+00:00,2339,0,28,True,True,True,1788972610
2026-09-09T16:50:12+00:00,2337,0,15,True,True,True,1788972610
2026-09-09T16:50:12+00:00,2334,11,1,True,True,True,1788972610
2026-09-09T16:50:12+00:00,2333,11,3,True,True,True,1788972610
2026-09-09T16:50:12+00:00,2332,9,2,True,True,True,1788972610
2026-09-09T16:50:12+00:00,2330,3,11,True,True,True,1788972610
2026-09-09T16:50:12+00:00,2329,7,7,True,True,True,1788972610
2026-09-09T16:50:12+00:00,2328,5,14,True,True,True,1788972610
2026-09-09T16:50:12+00:00,2315,12,4,True,True,True,1788972610
2026-09-09T16:50:12+00:00,2308,2,4,True,True,True,1788972610
2026-09-09T16:50:12+00:00,2307,3,26,True,True,True,1788972610
2026-09-09T16:50:12+00:00,2306,0,18,True,True,True,1788972610
2026-09-09T16:50:12+00:00,2305,1,14,True,True,True,1788972610
2026-09-09T16:50:12+00:00,2304,7,11,True,True,True,1788972610
2026-09-09T16:50:12+00:00,2280,12,1,True,True,True,1788972610
2026-09-09T16:50:12+00:00,2270,1,19,True,True,True,1788972610
2026-09-09T16:50:12+00:00,1919,4,2,True,True,True,1788972610
2026-09-09T16:50:12+00:00,1755,30,1,True,True,True,1788972610
2026-09-09T16:50:12+00:00,1101,18,2,True,True,True,1788972610
2026-09-09T16:50:12+00:00,1023,0,14,True,True,True,1788972610
2026-09-09T16:50:12+00:00,1009,0,9,True,True,True,1788972610
2026-09-09T16:50:12+00:00,970,7,17,True,True,True,1788972610
2026-09-09T16:50:12+00:00,787,1,11,True,True,True,1788972610
2026-09-09T16:50:12+00:00,627,4,25,True,True,True,1788972610
2026-09-09T16:50:12+00:00,623,3,15,True,True,True,1788972610
2026-09-09T16:50:12+00:00,624,5,12,True,True,True,1788972610
2026-09-09T16:50:12+00:00,626,3,18,True,True,True,1788972610
2026-09-09T16:50:12+00:00,614,3,20,True,True,True,1788972610
2026-09-09T16:50:12+00:00,616,0,15,True,True,True,1788972610
2026-09-09T16:50:12+00:00,618,6,34,True,True,True,1788972610
2026-09-09T16:50:12+00:00,621,13,12,True,True,True,1788972610
2026-09-09T16:50:12+00:00,622,0,25,True,True,True,1788972610
2026-09-09T16:50:12+00:00,613,2,16,True,True,True,1788972610
2026-09-09T16:50:12+00:00,620,6,30,True,True,True,1788972610
2026-09-09T16:50:12+00:00,596,4,12,True,True,True,1788972610
2026-09-09T16:50:12+00:00,617,5,12,True,True,True,1788972610
2026-09-09T16:50:12+00:00,609,23,4,True,True,True,1788972610
2026-09-09T16:50:12+00:00,607,9,16,True,True,True,1788972610
2026-09-09T16:50:12+00:00,603,4,12,True,True,True,1788972610
2026-09-09T16:50:12+00:00,590,1,34,True,True,True,1788972610
2026-09-09T16:50:12+00:00,610,11,8,True,True,True,1788972610
2026-09-09T16:50:12+00:00,608,1,18,True,True,True,1788972610
2026-09-09T16:50:12+00:00,593,3,26,True,True,True,1788972610
2026-09-09T16:50:12+00:00,530,0,9,True,True,True,1788972610
2026-09-09T16:50:12+00:00,463,17,1,True,True,True,1788972610
2026-09-09T16:50:12+00:00,475,1,23,True,True,True,1788972610
2026-09-09T16:50:12+00:00,439,9,13,True,True,True,1788972610
2026-09-09T16:50:12+00:00,600,11,0,True,True,True,1788972610
2026-09-09T16:50:12+00:00,440,1,15,True,True,True,1788972610
2026-09-09T16:50:12+00:00,612,2,15,True,True,True,1788972610
2026-09-09T16:50:12+00:00,491,15,1,True,True,True,1788972610
2026-09-09T16:50:12+00:00,493,16,12,True,True,True,1788972610
2026-09-09T16:50:12+00:00,410,2,24,True,True,True,1788972610
2026-09-09T16:50:12+00:00,605,7,11,True,True,True,1788972610
2026-09-09T16:50:12+00:00,388,3,15,True,True,True,1788972610
2026-09-09T16:50:12+00:00,591,1,22,True,True,True,1788972610
2026-09-09T16:50:12+00:00,592,1,16,True,True,True,1788972610
2026-09-09T16:50:12+00:00,585,17,0,True,True,True,1788972610
2026-09-09T16:50:12+00:00,565,3,13,True,True,True,1788972610
2026-09-09T16:50:12+00:00,571,0,19,True,True,True,1788972610
2026-09-09T16:50:12+00:00,568,1,13,True,True,True,1788972610
2026-09-09T16:50:12+00:00,588,0,16,True,True,True,1788972610
2026-09-09T16:50:12+00:00,584,6,27,True,True,True,1788972610
2026-09-09T16:50:12+00:00,569,7,22,True,True,True,1788972610
2026-09-09T16:50:12+00:00,577,2,28,True,True,True,1788972610
2026-09-09T16:50:12+00:00,564,1,27,True,True,True,1788972610
2026-09-09T16:50:12+00:00,570,2,13,True,True,True,1788972610
2026-09-09T16:50:12+00:00,572,6,30,True,True,True,1788972610
2026-09-09T16:50:12+00:00,587,0,15,False,False,False,1788972610
2026-09-09T16:50:12+00:00,586,7,17,True,True,True,1788972610
2026-09-09T16:50:12+00:00,576,0,18,True,True,True,1788972610
2026-09-09T16:50:12+00:00,566,13,11,True,True,True,1788972610
2026-09-09T16:50:12+00:00,602,5,13,True,True,True,1788972610
2026-09-09T16:50:12+00:00,575,11,17,True,True,True,1788972610
2026-09-09T16:50:12+00:00,567,0,39,True,True,True,1788972610
2026-09-09T16:50:12+00:00,582,7,17,True,True,True,1788972610
2026-09-09T16:50:12+00:00,595,15,7,True,True,True,1788972610
2026-09-09T16:50:12+00:00,542,14,4,True,True,True,1788972610
2026-09-09T16:50:12+00:00,563,8,4,True,True,True,1788972610
2026-09-09T16:50:12+00:00,558,6,7,True,True,True,1788972610
2026-09-09T16:50:12+00:00,552,15,3,True,True,True,1788972610
2026-09-09T16:50:12+00:00,555,2,10,True,True,True,1788972610
2026-09-09T16:50:12+00:00,573,23,1,True,True,True,1788972610
2026-09-09T16:50:12+00:00,561,0,21,True,True,True,1788972610
2026-09-09T16:50:12+00:00,615,16,5,True,True,True,1788972610
2026-09-09T16:50:12+00:00,543,7,13,True,True,True,1788972610
2026-09-09T16:50:12+00:00,554,2,17,True,True,True,1788972610
2026-09-09T16:50:12+00:00,574,0,11,True,True,True,1788972610
2026-09-09T16:50:12+00:00,560,1,7,True,True,True,1788972610
2026-09-09T16:50:12+00:00,548,2,13,True,True,True,1788972610
2026-09-09T16:50:12+00:00,559,0,15,True,True,True,1788972610
2026-09-09T16:50:12+00:00,545,0,39,True,True,True,1788972610
2026-09-09T16:50:12+00:00,550,0,9,True,True,True,1788972610
2026-09-09T16:50:12+00:00,541,2,7,True,True,True,1788972610
2026-09-09T16:50:12+00:00,527,6,5,True,True,True,1788972610
2026-09-09T16:50:12+00:00,529,4,14,True,True,True,1788972610
2026-09-09T16:50:12+00:00,526,0,14,True,True,True,1788972610
2026-09-09T16:50:12+00:00,537,3,13,True,True,True,1788972610
2026-09-09T16:50:12+00:00,547,0,30,True,True,True,1788972610
2026-09-09T16:50:12+00:00,601,0,19,True,True,True,1788972610
2026-09-09T16:50:12+00:00,533,11,0,True,True,True,1788972610
2026-09-09T16:50:12+00:00,535,0,19,True,True,True,1788972610
2026-09-09T16:50:12+00:00,524,0,19,True,True,True,1788972610
2026-09-09T16:50:12+00:00,519,3,14,True,True,True,1788972610
2026-09-09T16:50:12+00:00,534,0,35,True,True,True,1788972610
2026-09-09T16:50:12+00:00,521,10,4,True,True,True,1788972610
2026-09-09T16:50:12+00:00,518,0,17,True,True,True,1788972610
2026-09-09T16:50:12+00:00,556,0,18,True,True,True,1788972610
2026-09-09T16:50:12+00:00,525,1,13,True,True,True,1788972610
2026-09-09T16:50:12+00:00,517,3,13,True,True,True,1788972610
2026-09-09T16:50:12+00:00,523,1,29,True,True,True,1788972610
2026-09-09T16:50:12+00:00,522,5,3,True,True,True,1788972610
2026-09-09T16:50:12+00:00,594,1,17,True,True,True,1788972610
2026-09-09T16:50:12+00:00,532,6,13,True,True,True,1788972610
2026-09-09T16:50:12+00:00,509,12,0,True,True,True,1788972610
2026-09-09T16:50:12+00:00,531,2,12,True,True,True,1788972610
2026-09-09T16:50:12+00:00,536,0,6,True,True,True,1788972610
2026-09-09T16:50:12+00:00,562,2,27,True,True,True,1788972610
2026-09-09T16:50:12+00:00,511,7,15,True,True,True,1788972610
2026-09-09T16:50:12+00:00,505,3,16,True,True,True,1788972610
2026-09-09T16:50:12+00:00,501,4,11,True,True,True,1788972610
2026-09-09T16:50:12+00:00,514,7,5,True,True,True,1788972610
2026-09-09T16:50:12+00:00,500,16,0,True,True,True,1788972610
2026-09-09T16:50:12+00:00,503,9,23,True,True,True,1788972610
2026-09-09T16:50:12+00:00,513,0,15,True,True,True,1788972610
2026-09-09T16:50:12+00:00,498,0,11,True,True,True,1788972610
2026-09-09T16:50:12+00:00,507,10,10,True,True,True,1788972610
2026-09-09T16:50:12+00:00,512,2,24,True,True,True,1788972610
2026-09-09T16:50:12+00:00,619,0,42,True,True,True,1788972610
2026-09-09T16:50:12+00:00,474,0,41,True,True,True,1788972610
2026-09-09T16:50:12+00:00,580,0,43,True,True,True,1788972610
2026-09-09T16:50:12+00:00,496,0,42,True,True,True,1788972610
2026-09-09T16:50:12+00:00,482,0,18,True,True,True,1788972610
2026-09-09T16:50:12+00:00,407,1,10,True,True,True,1788972610
2026-09-09T16:50:12+00:00,409,1,18,True,True,True,1788972610
2026-09-09T16:50:12+00:00,451,1,17,True,True,True,1788972610
2026-09-09T16:50:12+00:00,402,1,19,True,True,True,1788972610
2026-09-09T16:50:12+00:00,516,4,10,True,True,True,1788972610
2026-09-09T16:50:12+00:00,625,1,41,True,True,True,1788972610
2026-09-09T16:50:12+00:00,429,7,13,True,True,True,1788972610
2026-09-09T16:50:12+00:00,380,3,16,True,True,True,1788972610
2026-09-09T16:50:12+00:00,583,5,12,True,True,True,1788972610
2026-09-09T16:50:12+00:00,398,12,3,True,True,True,1788972610
2026-09-09T16:50:12+00:00,381,15,0,True,True,True,1788972610
2026-09-09T16:50:12+00:00,464,32,12,True,True,True,1788972610
2026-09-09T16:50:12+00:00,442,11,2,True,True,True,1788972610
2026-09-09T16:50:12+00:00,483,8,13,True,True,True,1788972610
2026-09-09T16:50:12+00:00,458,5,10,True,True,True,1788972610
2026-09-09T16:50:12+00:00,499,5,11,True,True,True,1788972610
2026-09-09T16:50:12+00:00,472,1,15,True,True,True,1788972610
2026-09-09T16:50:12+00:00,506,14,12,True,True,True,1788972610
2026-09-09T16:50:12+00:00,465,9,19,True,True,True,1788972610
2026-09-09T16:50:12+00:00,611,0,39,True,True,True,1788972610
2026-09-09T16:50:12+00:00,404,13,12,True,True,True,1788972610
2026-09-09T16:50:12+00:00,579,2,12,True,True,True,1788972610
2026-09-09T16:50:12+00:00,589,12,13,True,True,True,1788972610
2026-09-09T16:50:12+00:00,434,1,12,True,True,True,1788972610
2026-09-09T16:50:12+00:00,462,2,10,True,True,True,1788972610
2026-09-09T16:50:12+00:00,578,2,21,True,True,True,1788972610
2026-09-09T16:50:12+00:00,415,0,10,True,True,True,1788972610
2026-09-09T16:50:12+00:00,423,18,1,True,True,True,1788972610
2026-09-09T16:50:12+00:00,412,7,2,True,True,True,1788972610
2026-09-09T16:50:12+00:00,387,0,15,True,True,True,1788972610
2026-09-09T16:50:12+00:00,441,13,0,True,True,True,1788972610
2026-09-09T16:50:12+00:00,454,7,12,True,True,True,1788972610
2026-09-09T16:50:12+00:00,436,0,12,True,True,True,1788972610
2026-09-09T16:50:12+00:00,394,12,6,True,True,True,1788972610
2026-09-09T16:50:12+00:00,497,1,25,True,True,True,1788972610
2026-09-09T16:50:12+00:00,581,10,11,True,True,True,1788972610
2026-09-09T16:50:12+00:00,461,4,16,True,True,True,1788972610
2026-09-09T16:50:12+00:00,599,42,4,True,True,True,1788972610
2026-09-09T16:50:12+00:00,428,3,18,True,True,True,1788972610
2026-09-09T16:50:12+00:00,400,6,16,True,True,True,1788972610
2026-09-09T16:50:12+00:00,487,4,17,True,True,True,1788972610
2026-09-09T16:50:12+00:00,438,29,11,True,True,True,1788972610
2026-09-09T16:50:12+00:00,459,0,10,True,True,True,1788972610
2026-09-09T16:50:12+00:00,433,4,12,True,True,True,1788972610
2026-09-09T16:50:12+00:00,399,1,28,True,True,True,1788972610
2026-09-09T16:50:12+00:00,489,11,14,True,True,True,1788972610
2026-09-09T16:50:12+00:00,742,22,2,True,True,True,1788972610
2026-09-09T16:50:12+00:00,551,25,9,True,True,True,1788972610
2026-09-09T16:50:12+00:00,406,6,3,True,True,True,1788972610
2026-09-09T16:50:12+00:00,488,4,19,True,True,True,1788972610
2026-09-09T16:50:12+00:00,540,6,29,True,True,True,1788972610
2026-09-09T16:50:12+00:00,431,0,18,True,True,True,1788972610
2026-09-09T16:50:12+00:00,393,15,5,True,True,True,1788972610
2026-09-09T16:50:12+00:00,420,6,15,True,True,True,1788972610
2026-09-09T16:50:12+00:00,397,26,5,True,True,True,1788972610
2026-09-09T16:50:12+00:00,390,2,27,True,True,True,1788972610
2026-09-09T16:50:12+00:00,449,13,10,True,True,True,1788972610
2026-09-09T16:50:12+00:00,484,14,18,True,True,True,1788972610
2026-09-09T16:50:12+00:00,479,2,21,True,True,True,1788972610
2026-09-09T16:50:12+00:00,403,1,12,True,True,True,1788972610
2026-09-09T16:50:12+00:00,435,2,25,True,True,True,1788972610
2026-09-09T16:50:12+00:00,426,1,18,True,True,True,1788972610
2026-09-09T16:50:12+00:00,450,3,9,True,True,True,1788972610
2026-09-09T16:50:12+00:00,456,23,10,True,True,True,1788972610
2026-09-09T16:50:12+00:00,468,8,3,True,True,True,1788972610
2026-09-09T16:50:12+00:00,453,0,32,True,True,True,1788972610
2026-09-09T16:50:12+00:00,466,1,13,True,True,True,1788972610
2026-09-09T16:50:12+00:00,469,0,26,True,True,True,1788972610
2026-09-09T16:50:12+00:00,416,4,11,True,True,True,1788972610
2026-09-09T16:50:12+00:00,391,0,9,True,True,True,1788972610
2026-09-09T16:50:12+00:00,389,2,15,True,True,True,1788972610
2026-09-09T16:50:12+00:00,470,0,14,True,True,True,1788972610
2026-09-09T16:50:12+00:00,384,3,8,True,True,True,1788972610
2026-09-09T16:50:12+00:00,425,1,7,True,True,True,1788972610
2026-09-09T16:50:12+00:00,411,2,10,True,True,True,1788972610
2026-09-09T16:50:12+00:00,598,22,10,True,True,True,1788972610
2026-09-09T16:50:12+00:00,444,19,0,True,True,True,1788972610
2026-09-09T16:50:12+00:00,447,24,5,True,True,True,1788972610
2026-09-09T16:50:12+00:00,408,13,1,True,True,True,1788972610
2026-09-09T16:50:12+00:00,737,3,19,True,True,True,1788972610
2026-09-09T16:50:12+00:00,432,0,11,True,True,True,1788972610
2026-09-09T16:50:12+00:00,401,5,1,True,True,True,1788972610
2026-09-09T16:50:12+00:00,452,27,2,True,True,True,1788972610
2026-09-09T16:50:12+00:00,392,3,5,True,True,True,1788972610
2026-09-09T16:50:12+00:00,481,37,1,True,True,True,1788972610
2026-09-09T16:50:12+00:00,495,37,1,True,True,True,1788972610
2026-09-09T16:50:12+00:00,478,3,8,True,True,True,1788972610
2026-09-09T16:50:12+00:00,414,2,6,True,True,True,1788972610
2026-09-09T16:50:12+00:00,476,0,18,True,True,True,1788972610
2026-09-09T16:50:12+00:00,445,9,8,True,True,True,1788972610
2026-09-09T16:50:12+00:00,748,15,12,True,True,True,1788972610
2026-09-09T16:50:12+00:00,473,1,5,True,True,True,1788972610
2026-09-09T16:50:12+00:00,383,21,5,True,True,True,1788972610
2026-09-09T16:50:12+00:00,480,17,6,True,True,True,1788972610
2026-09-09T16:50:12+00:00,421,16,2,True,True,True,1788972610
2026-09-09T16:50:12+00:00,746,11,0,True,True,True,1788972610
2026-09-09T16:50:12+00:00,417,0,11,True,True,True,1788972610
2026-09-09T16:50:12+00:00,427,0,13,True,True,True,1788972610
2026-09-09T16:50:12+00:00,395,0,14,True,True,True,1788972610
2026-09-09T16:50:12+00:00,418,3,19,True,True,True,1788972610
2026-09-09T16:50:12+00:00,413,0,13,True,True,True,1788972610
2026-09-09T16:50:12+00:00,486,0,23,True,True,True,1788972610
2026-09-09T16:50:12+00:00,597,6,4,True,True,True,1788972610
2026-09-09T16:50:12+00:00,422,0,10,True,True,True,1788972610
2026-09-09T16:50:12+00:00,382,1,6,True,True,True,1788972610
2026-09-09T16:50:12+00:00,396,1,23,True,True,True,1788972610
2026-09-09T16:50:12+00:00,735,13,0,True,True,True,1788972610
2026-09-09T16:50:12+00:00,437,3,21,True,True,True,1788972610
2026-09-09T16:50:12+00:00,446,8,13,True,True,True,1788972610
2026-09-09T16:50:12+00:00,424,9,1,True,True,True,1788972610
2026-09-09T16:50:12+00:00,455,8,4,True,True,True,1788972610
2026-09-09T16:50:12+00:00,457,9,1,True,True,True,1788972610
2026-09-09T16:50:12+00:00,377,19,10,True,True,True,1788972610
2026-09-09T16:50:12+00:00,738,5,7,True,True,True,1788972610
2026-09-09T16:50:12+00:00,460,8,20,True,True,True,1788972610
2026-09-09T16:50:12+00:00,744,5,3,True,True,True,1788972610
2026-09-09T16:50:12+00:00,485,13,4,True,True,True,1788972610
2026-09-09T17:05:12+00:00,6026,0,35,True,True,True,1788973507
2026-09-09T17:05:12+00:00,5431,1,17,True,True,True,1788973507
2026-09-09T17:05:12+00:00,5424,3,15,True,True,True,1788973507
2026-09-09T17:05:12+00:00,5220,0,19,True,True,True,1788973507
2026-09-09T17:05:12+00:00,5217,1,29,True,True,True,1788973507
2026-09-09T17:05:12+00:00,5113,11,1,True,True,True,1788973507
2026-09-09T17:05:12+00:00,4683,3,15,True,True,True,1788973507
2026-09-09T17:05:12+00:00,4552,18,0,True,True,True,1788973507
2026-09-09T17:05:12+00:00,3725,0,18,True,True,True,1788973507
2026-09-09T17:05:12+00:00,2358,7,3,True,True,True,1788973507
2026-09-09T17:05:12+00:00,2357,17,2,True,True,True,1788973507
2026-09-09T17:05:12+00:00,2355,0,12,True,True,True,1788973507
2026-09-09T17:05:12+00:00,2351,2,14,True,True,True,1788973507
2026-09-09T17:05:12+00:00,2350,0,23,True,True,True,1788973507
2026-09-09T17:05:12+00:00,2349,1,19,True,True,True,1788973507
2026-09-09T17:05:12+00:00,2347,10,17,True,True,True,1788973507
2026-09-09T17:05:12+00:00,2340,0,23,True,True,True,1788973507
2026-09-09T17:05:12+00:00,2339,0,28,True,True,True,1788973507
2026-09-09T17:05:12+00:00,2337,0,15,True,True,True,1788973507
2026-09-09T17:05:12+00:00,2334,11,1,True,True,True,1788973507
2026-09-09T17:05:12+00:00,2333,11,3,True,True,True,1788973507
2026-09-09T17:05:12+00:00,2332,9,2,True,True,True,1788973507
2026-09-09T17:05:12+00:00,2330,3,11,True,True,True,1788973507
2026-09-09T17:05:12+00:00,2329,6,8,True,True,True,1788973507
2026-09-09T17:05:12+00:00,2328,5,14,True,True,True,1788973507
2026-09-09T17:05:12+00:00,2315,12,4,True,True,True,1788973507
2026-09-09T17:05:12+00:00,2308,2,4,True,True,True,1788973507
2026-09-09T17:05:12+00:00,2307,3,26,True,True,True,1788973507
2026-09-09T17:05:12+00:00,2306,0,18,True,True,True,1788973507
2026-09-09T17:05:12+00:00,2305,1,14,True,True,True,1788973507
2026-09-09T17:05:12+00:00,2304,7,11,True,True,True,1788973507
2026-09-09T17:05:12+00:00,2280,12,1,True,True,True,1788973507
2026-09-09T17:05:12+00:00,2270,1,19,True,True,True,1788973507
2026-09-09T17:05:12+00:00,1919,4,2,True,True,True,1788973507
2026-09-09T17:05:12+00:00,1755,31,0,True,True,True,1788973507
2026-09-09T17:05:12+00:00,1101,17,3,True,True,True,1788973507
2026-09-09T17:05:12+00:00,1023,0,14,True,True,True,1788973507
2026-09-09T17:05:12+00:00,1009,1,8,True,True,True,1788973507
2026-09-09T17:05:12+00:00,970,7,17,True,True,True,1788973507
2026-09-09T17:05:12+00:00,787,1,11,True,True,True,1788973507
2026-09-09T17:05:12+00:00,627,4,25,True,True,True,1788973507
2026-09-09T17:05:12+00:00,623,3,15,True,True,True,1788973507
2026-09-09T17:05:12+00:00,624,3,14,True,True,True,1788973507
2026-09-09T17:05:12+00:00,626,3,18,True,True,True,1788973507
2026-09-09T17:05:12+00:00,614,3,20,True,True,True,1788973507
2026-09-09T17:05:12+00:00,616,0,15,True,True,True,1788973507
2026-09-09T17:05:12+00:00,618,4,36,True,True,True,1788973507
2026-09-09T17:05:12+00:00,621,13,13,True,True,True,1788973507
2026-09-09T17:05:12+00:00,622,1,24,True,True,True,1788973507
2026-09-09T17:05:12+00:00,613,2,16,True,True,True,1788973507
2026-09-09T17:05:12+00:00,620,6,30,True,True,True,1788973507
2026-09-09T17:05:12+00:00,596,5,11,True,True,True,1788973507
2026-09-09T17:05:12+00:00,617,6,11,True,True,True,1788973507
2026-09-09T17:05:12+00:00,609,23,4,True,True,True,1788973507
2026-09-09T17:05:12+00:00,607,8,17,True,True,True,1788973507
2026-09-09T17:05:12+00:00,603,4,12,True,True,True,1788973507
2026-09-09T17:05:12+00:00,590,1,34,True,True,True,1788973507
2026-09-09T17:05:12+00:00,610,11,8,True,True,True,1788973507
2026-09-09T17:05:12+00:00,608,1,18,True,True,True,1788973507
2026-09-09T17:05:12+00:00,593,3,26,True,True,True,1788973507
2026-09-09T17:05:12+00:00,530,1,8,True,True,True,1788973507
2026-09-09T17:05:12+00:00,463,16,2,True,True,True,1788973507
2026-09-09T17:05:12+00:00,475,1,23,True,True,True,1788973507
2026-09-09T17:05:12+00:00,439,7,15,True,True,True,1788973507
2026-09-09T17:05:12+00:00,600,11,0,True,True,True,1788973507
2026-09-09T17:05:12+00:00,440,2,14,True,True,True,1788973507
2026-09-09T17:05:12+00:00,612,2,15,True,True,True,1788973507
2026-09-09T17:05:12+00:00,491,14,2,True,True,True,1788973507
2026-09-09T17:05:12+00:00,493,16,12,True,True,True,1788973507
2026-09-09T17:05:12+00:00,410,3,23,True,True,True,1788973507
2026-09-09T17:05:12+00:00,605,8,10,True,True,True,1788973507
2026-09-09T17:05:12+00:00,388,2,16,True,True,True,1788973507
2026-09-09T17:05:12+00:00,591,1,22,True,True,True,1788973507
2026-09-09T17:05:12+00:00,592,1,16,True,True,True,1788973507
2026-09-09T17:05:12+00:00,585,17,0,True,True,True,1788973507
2026-09-09T17:05:12+00:00,565,3,13,True,True,True,1788973507
2026-09-09T17:05:12+00:00,571,0,19,True,True,True,1788973507
2026-09-09T17:05:12+00:00,568,1,13,True,True,True,1788973507
2026-09-09T17:05:12+00:00,588,1,15,True,True,True,1788973507
2026-09-09T17:05:12+00:00,584,4,29,True,True,True,1788973507
2026-09-09T17:05:12+00:00,569,7,22,True,True,True,1788973507
2026-09-09T17:05:12+00:00,577,1,29,True,True,True,1788973507
2026-09-09T17:05:12+00:00,564,1,27,True,True,True,1788973507
2026-09-09T17:05:12+00:00,570,2,13,True,True,True,1788973507
2026-09-09T17:05:12+00:00,572,6,30,True,True,True,1788973507
2026-09-09T17:05:12+00:00,587,0,15,False,False,False,1788973507
2026-09-09T17:05:12+00:00,586,6,18,True,True,True,1788973507
2026-09-09T17:05:12+00:00,576,0,18,True,True,True,1788973507
2026-09-09T17:05:12+00:00,566,13,11,True,True,True,1788973507
2026-09-09T17:05:12+00:00,602,5,13,True,True,True,1788973507
2026-09-09T17:05:12+00:00,575,12,16,True,True,True,1788973507
2026-09-09T17:05:12+00:00,567,0,39,True,True,True,1788973507
2026-09-09T17:05:12+00:00,582,6,18,True,True,True,1788973507
2026-09-09T17:05:12+00:00,595,15,7,True,True,True,1788973507
2026-09-09T17:05:12+00:00,542,16,2,True,True,True,1788973507
2026-09-09T17:05:12+00:00,563,8,4,True,True,True,1788973507
2026-09-09T17:05:12+00:00,558,5,8,True,True,True,1788973507
2026-09-09T17:05:12+00:00,552,15,3,True,True,True,1788973507
2026-09-09T17:05:12+00:00,555,2,10,True,True,True,1788973507
2026-09-09T17:05:12+00:00,573,23,1,True,True,True,1788973507
2026-09-09T17:05:12+00:00,561,1,20,True,True,True,1788973507
2026-09-09T17:05:12+00:00,615,16,5,True,True,True,1788973507
2026-09-09T17:05:12+00:00,543,6,14,True,True,True,1788973507
2026-09-09T17:05:12+00:00,554,2,17,True,True,True,1788973507
2026-09-09T17:05:12+00:00,574,0,11,True,True,True,1788973507
2026-09-09T17:05:12+00:00,560,1,7,True,True,True,1788973507
2026-09-09T17:05:12+00:00,548,2,13,True,True,True,1788973507
2026-09-09T17:05:12+00:00,559,0,15,True,True,True,1788973507
2026-09-09T17:05:12+00:00,545,0,39,True,True,True,1788973507
2026-09-09T17:05:12+00:00,550,0,9,True,True,True,1788973507
2026-09-09T17:05:12+00:00,541,2,7,True,True,True,1788973507
2026-09-09T17:05:12+00:00,527,5,6,True,True,True,1788973507
2026-09-09T17:05:12+00:00,529,5,13,True,True,True,1788973507
2026-09-09T17:05:12+00:00,526,0,14,True,True,True,1788973507
2026-09-09T17:05:12+00:00,537,2,14,True,True,True,1788973507
2026-09-09T17:05:12+00:00,547,0,30,True,True,True,1788973507
2026-09-09T17:05:12+00:00,601,0,19,True,True,True,1788973507
2026-09-09T17:05:12+00:00,533,11,0,True,True,True,1788973507
2026-09-09T17:05:12+00:00,535,1,18,True,True,True,1788973507
2026-09-09T17:05:12+00:00,524,0,19,True,True,True,1788973507
2026-09-09T17:05:12+00:00,519,3,14,True,True,True,1788973507
2026-09-09T17:05:12+00:00,534,0,35,True,True,True,1788973507
2026-09-09T17:05:12+00:00,521,9,5,True,True,True,1788973507
2026-09-09T17:05:12+00:00,518,1,16,True,True,True,1788973507
2026-09-09T17:05:12+00:00,556,0,18,True,True,True,1788973507
2026-09-09T17:05:12+00:00,525,1,13,True,True,True,1788973507
2026-09-09T17:05:12+00:00,517,3,13,True,True,True,1788973507
2026-09-09T17:05:12+00:00,523,1,29,True,True,True,1788973507
2026-09-09T17:05:12+00:00,522,5,3,True,True,True,1788973507
2026-09-09T17:05:12+00:00,594,0,18,True,True,True,1788973507
2026-09-09T17:05:12+00:00,532,6,13,True,True,True,1788973507
2026-09-09T17:05:12+00:00,509,12,0,True,True,True,1788973507
2026-09-09T17:05:12+00:00,531,2,12,True,True,True,1788973507
2026-09-09T17:05:12+00:00,536,0,6,True,True,True,1788973507
2026-09-09T17:05:12+00:00,562,2,27,True,True,True,1788973507
2026-09-09T17:05:12+00:00,511,6,16,True,True,True,1788973507
2026-09-09T17:05:12+00:00,505,3,15,True,True,True,1788973507
2026-09-09T17:05:12+00:00,501,7,9,True,True,True,1788973507
2026-09-09T17:05:12+00:00,514,6,6,True,True,True,1788973507
2026-09-09T17:05:12+00:00,500,16,0,True,True,True,1788973507
2026-09-09T17:05:12+00:00,503,8,24,True,True,True,1788973507
2026-09-09T17:05:12+00:00,513,0,15,True,True,True,1788973507
2026-09-09T17:05:12+00:00,498,0,11,True,True,True,1788973507
2026-09-09T17:05:12+00:00,507,10,10,True,True,True,1788973507
2026-09-09T17:05:12+00:00,512,2,24,True,True,True,1788973507
2026-09-09T17:05:12+00:00,619,0,42,True,True,True,1788973507
2026-09-09T17:05:12+00:00,474,0,41,True,True,True,1788973507
2026-09-09T17:05:12+00:00,580,0,43,True,True,True,1788973507
2026-09-09T17:05:12+00:00,496,0,42,True,True,True,1788973507
2026-09-09T17:05:12+00:00,482,0,18,True,True,True,1788973507
2026-09-09T17:05:12+00:00,407,2,9,True,True,True,1788973507
2026-09-09T17:05:12+00:00,409,1,18,True,True,True,1788973507
2026-09-09T17:05:12+00:00,451,2,16,True,True,True,1788973507
2026-09-09T17:05:12+00:00,402,2,18,True,True,True,1788973507
2026-09-09T17:05:12+00:00,516,4,10,True,True,True,1788973507
2026-09-09T17:05:12+00:00,625,1,41,True,True,True,1788973507
2026-09-09T17:05:12+00:00,429,7,13,True,True,True,1788973507
2026-09-09T17:05:12+00:00,380,3,16,True,True,True,1788973507
2026-09-09T17:05:12+00:00,583,5,12,True,True,True,1788973507
2026-09-09T17:05:12+00:00,398,10,5,True,True,True,1788973507
2026-09-09T17:05:12+00:00,381,15,0,True,True,True,1788973507
2026-09-09T17:05:12+00:00,464,32,12,True,True,True,1788973507
2026-09-09T17:05:12+00:00,442,13,0,True,True,True,1788973507
2026-09-09T17:05:12+00:00,483,8,13,True,True,True,1788973507
2026-09-09T17:05:12+00:00,458,5,10,True,True,True,1788973507
2026-09-09T17:05:12+00:00,499,6,10,True,True,True,1788973507
2026-09-09T17:05:12+00:00,472,0,16,True,True,True,1788973507
2026-09-09T17:05:12+00:00,506,15,11,True,True,True,1788973507
2026-09-09T17:05:12+00:00,465,10,18,True,True,True,1788973507
2026-09-09T17:05:12+00:00,611,0,39,True,True,True,1788973507
2026-09-09T17:05:12+00:00,404,13,12,True,True,True,1788973507
2026-09-09T17:05:12+00:00,579,2,12,True,True,True,1788973507
2026-09-09T17:05:12+00:00,589,11,14,True,True,True,1788973507
2026-09-09T17:05:12+00:00,434,1,12,True,True,True,1788973507
2026-09-09T17:05:12+00:00,462,1,10,True,True,True,1788973507
2026-09-09T17:05:12+00:00,578,1,22,True,True,True,1788973507
2026-09-09T17:05:12+00:00,415,0,10,True,True,True,1788973507
2026-09-09T17:05:12+00:00,423,18,1,True,True,True,1788973507
2026-09-09T17:05:12+00:00,412,8,1,True,True,True,1788973507
2026-09-09T17:05:12+00:00,387,1,14,True,True,True,1788973507
2026-09-09T17:05:12+00:00,441,13,0,True,True,True,1788973507
2026-09-09T17:05:12+00:00,454,7,12,True,True,True,1788973507
2026-09-09T17:05:12+00:00,436,0,12,True,True,True,1788973507
2026-09-09T17:05:12+00:00,394,12,7,True,True,True,1788973507
2026-09-09T17:05:12+00:00,497,1,25,True,True,True,1788973507
2026-09-09T17:05:12+00:00,581,10,11,True,True,True,1788973507
2026-09-09T17:05:12+00:00,461,4,16,True,True,True,1788973507
2026-09-09T17:05:12+00:00,599,42,4,True,True,True,1788973507
2026-09-09T17:05:12+00:00,428,3,18,True,True,True,1788973507
2026-09-09T17:05:12+00:00,400,6,16,True,True,True,1788973507
2026-09-09T17:05:12+00:00,487,3,18,True,True,True,1788973507
2026-09-09T17:05:12+00:00,438,29,11,True,True,True,1788973507
2026-09-09T17:05:12+00:00,459,0,10,True,True,True,1788973507
2026-09-09T17:05:12+00:00,433,5,11,True,True,True,1788973507
2026-09-09T17:05:12+00:00,399,1,28,True,True,True,1788973507
2026-09-09T17:05:12+00:00,489,11,14,True,True,True,1788973507
2026-09-09T17:05:12+00:00,742,21,3,True,True,True,1788973507
2026-09-09T17:05:12+00:00,551,23,11,True,True,True,1788973507
2026-09-09T17:05:12+00:00,406,6,3,True,True,True,1788973507
2026-09-09T17:05:12+00:00,488,4,19,True,True,True,1788973507
2026-09-09T17:05:12+00:00,540,6,28,True,True,True,1788973507
2026-09-09T17:05:12+00:00,431,0,18,True,True,True,1788973507
2026-09-09T17:05:12+00:00,393,15,5,True,True,True,1788973507
2026-09-09T17:05:12+00:00,420,8,13,True,True,True,1788973507
2026-09-09T17:05:12+00:00,397,25,6,True,True,True,1788973507
2026-09-09T17:05:12+00:00,390,2,27,True,True,True,1788973507
2026-09-09T17:05:12+00:00,449,13,10,True,True,True,1788973507
2026-09-09T17:05:12+00:00,484,13,19,True,True,True,1788973507
2026-09-09T17:05:12+00:00,479,4,19,True,True,True,1788973507
2026-09-09T17:05:12+00:00,403,1,12,True,True,True,1788973507
2026-09-09T17:05:12+00:00,435,3,24,True,True,True,1788973507
2026-09-09T17:05:12+00:00,426,1,18,True,True,True,1788973507
2026-09-09T17:05:12+00:00,450,2,10,True,True,True,1788973507
2026-09-09T17:05:12+00:00,456,23,10,True,True,True,1788973507
2026-09-09T17:05:12+00:00,468,9,3,True,True,True,1788973507
2026-09-09T17:05:12+00:00,453,1,31,True,True,True,1788973507
2026-09-09T17:05:12+00:00,466,1,13,True,True,True,1788973507
2026-09-09T17:05:12+00:00,469,0,26,True,True,True,1788973507
2026-09-09T17:05:12+00:00,416,4,11,True,True,True,1788973507
2026-09-09T17:05:12+00:00,391,0,9,True,True,True,1788973507
2026-09-09T17:05:12+00:00,389,2,15,True,True,True,1788973507
2026-09-09T17:05:12+00:00,470,0,14,True,True,True,1788973507
2026-09-09T17:05:12+00:00,384,1,10,True,True,True,1788973507
2026-09-09T17:05:12+00:00,425,2,5,True,True,True,1788973507
2026-09-09T17:05:12+00:00,411,3,9,True,True,True,1788973507
2026-09-09T17:05:12+00:00,598,22,10,True,True,True,1788973507
2026-09-09T17:05:12+00:00,444,19,0,True,True,True,1788973507
2026-09-09T17:05:12+00:00,447,24,5,True,True,True,1788973507
2026-09-09T17:05:12+00:00,408,13,1,True,True,True,1788973507
2026-09-09T17:05:12+00:00,737,4,18,True,True,True,1788973507
2026-09-09T17:05:12+00:00,432,0,11,True,True,True,1788973507
2026-09-09T17:05:12+00:00,401,6,0,True,True,True,1788973507
2026-09-09T17:05:12+00:00,452,27,2,True,True,True,1788973507
2026-09-09T17:05:12+00:00,392,3,5,True,True,True,1788973507
2026-09-09T17:05:12+00:00,481,36,1,True,True,True,1788973507
2026-09-09T17:05:12+00:00,495,36,2,True,True,True,1788973507
2026-09-09T17:05:12+00:00,478,2,9,True,True,True,1788973507
2026-09-09T17:05:12+00:00,414,2,6,True,True,True,1788973507
2026-09-09T17:05:12+00:00,476,0,18,True,True,True,1788973507
2026-09-09T17:05:12+00:00,445,9,8,True,True,True,1788973507
2026-09-09T17:05:12+00:00,748,15,12,True,True,True,1788973507
2026-09-09T17:05:12+00:00,473,1,5,True,True,True,1788973507
2026-09-09T17:05:12+00:00,383,22,4,True,True,True,1788973507
2026-09-09T17:05:12+00:00,480,17,6,True,True,True,1788973507
2026-09-09T17:05:12+00:00,421,17,1,True,True,True,1788973507
2026-09-09T17:05:12+00:00,746,10,1,True,True,True,1788973507
2026-09-09T17:05:12+00:00,417,0,11,True,True,True,1788973507
2026-09-09T17:05:12+00:00,427,0,13,True,True,True,1788973507
2026-09-09T17:05:12+00:00,395,0,14,True,True,True,1788973507
2026-09-09T17:05:12+00:00,418,3,19,True,True,True,1788973507
2026-09-09T17:05:12+00:00,413,2,11,True,True,True,1788973507
2026-09-09T17:05:12+00:00,486,0,23,True,True,True,1788973507
2026-09-09T17:05:12+00:00,597,7,3,True,True,True,1788973507
2026-09-09T17:05:12+00:00,422,0,10,True,True,True,1788973507
2026-09-09T17:05:12+00:00,382,2,5,True,True,True,1788973507
2026-09-09T17:05:12+00:00,396,1,23,True,True,True,1788973507
2026-09-09T17:05:12+00:00,735,13,0,True,True,True,1788973507
2026-09-09T17:05:12+00:00,437,3,21,True,True,True,1788973507
2026-09-09T17:05:12+00:00,446,10,11,True,True,True,1788973507
2026-09-09T17:05:12+00:00,424,9,1,True,True,True,1788973507
2026-09-09T17:05:12+00:00,455,8,4,True,True,True,1788973507
2026-09-09T17:05:12+00:00,457,9,1,True,True,True,1788973507
2026-09-09T17:05:12+00:00,377,20,9,True,True,True,1788973507
2026-09-09T17:05:12+00:00,738,6,6,True,True,True,1788973507
2026-09-09T17:05:12+00:00,460,8,20,True,True,True,1788973507
2026-09-09T17:05:12+00:00,744,5,3,True,True,True,1788973507
2026-09-09T17:05:12+00:00,485,11,6,True,True,True,1788973507
2026-09-09T17:20:12+00:00,6026,0,35,True,True,True,1788974410
2026-09-09T17:20:12+00:00,5431,3,15,True,True,True,1788974410
2026-09-09T17:20:12+00:00,5424,3,15,True,True,True,1788974410
2026-09-09T17:20:12+00:00,5220,0,19,True,True,True,1788974410
2026-09-09T17:20:12+00:00,5217,1,29,True,True,True,1788974410
2026-09-09T17:20:12+00:00,5113,11,1,True,True,True,1788974410
2026-09-09T17:20:12+00:00,4683,3,15,True,True,True,1788974410
2026-09-09T17:20:12+00:00,4552,18,0,True,True,True,1788974410
2026-09-09T17:20:12+00:00,3725,0,18,True,True,True,1788974410
2026-09-09T17:20:12+00:00,2358,9,1,True,True,True,1788974410
2026-09-09T17:20:12+00:00,2357,17,2,True,True,True,1788974410
2026-09-09T17:20:12+00:00,2355,0,12,True,True,True,1788974410
2026-09-09T17:20:12+00:00,2351,2,14,True,True,True,1788974410
2026-09-09T17:20:12+00:00,2350,0,23,True,True,True,1788974410
2026-09-09T17:20:12+00:00,2349,3,17,True,True,True,1788974410
2026-09-09T17:20:12+00:00,2347,10,17,True,True,True,1788974410
2026-09-09T17:20:12+00:00,2340,0,23,True,True,True,1788974410
2026-09-09T17:20:12+00:00,2339,0,28,True,True,True,1788974410
2026-09-09T17:20:12+00:00,2337,0,15,True,True,True,1788974410
2026-09-09T17:20:12+00:00,2334,12,0,True,True,True,1788974410
2026-09-09T17:20:12+00:00,2333,11,3,True,True,True,1788974410
2026-09-09T17:20:12+00:00,2332,11,0,True,True,True,1788974410
2026-09-09T17:20:12+00:00,2330,3,11,True,True,True,1788974410
2026-09-09T17:20:12+00:00,2329,6,8,True,True,True,1788974410
2026-09-09T17:20:12+00:00,2328,6,13,True,True,True,1788974410
2026-09-09T17:20:12+00:00,2315,12,4,True,True,True,1788974410
2026-09-09T17:20:12+00:00,2308,3,3,True,True,True,1788974410
2026-09-09T17:20:12+00:00,2307,3,26,True,True,True,1788974410
2026-09-09T17:20:12+00:00,2306,0,18,True,True,True,1788974410
2026-09-09T17:20:12+00:00,2305,1,14,True,True,True,1788974410
2026-09-09T17:20:12+00:00,2304,7,11,True,True,True,1788974410
2026-09-09T17:20:12+00:00,2280,12,1,True,True,True,1788974410
2026-09-09T17:20:12+00:00,2270,0,20,True,True,True,1788974410
2026-09-09T17:20:12+00:00,1919,4,2,True,True,True,1788974410
2026-09-09T17:20:12+00:00,1755,30,1,True,True,True,1788974410
2026-09-09T17:20:12+00:00,1101,17,3,True,True,True,1788974410
2026-09-09T17:20:12+00:00,1023,0,14,True,True,True,1788974410
2026-09-09T17:20:12+00:00,1009,1,8,True,True,True,1788974410
2026-09-09T17:20:12+00:00,970,8,16,True,True,True,1788974410
2026-09-09T17:20:12+00:00,787,1,11,True,True,True,1788974410
2026-09-09T17:20:12+00:00,627,4,25,True,True,True,1788974410
2026-09-09T17:20:12+00:00,623,3,15,True,True,True,1788974410
2026-09-09T17:20:12+00:00,624,7,10,True,True,True,1788974410
2026-09-09T17:20:12+00:00,626,5,16,True,True,True,1788974410
2026-09-09T17:20:12+00:00,614,3,20,True,True,True,1788974410
2026-09-09T17:20:12+00:00,616,0,15,True,True,True,1788974410
2026-09-09T17:20:12+00:00,618,4,36,True,True,True,1788974410
2026-09-09T17:20:12+00:00,621,13,13,True,True,True,1788974410
2026-09-09T17:20:12+00:00,622,1,24,True,True,True,1788974410
2026-09-09T17:20:12+00:00,613,2,16,True,True,True,1788974410
2026-09-09T17:20:12+00:00,620,6,30,True,True,True,1788974410
2026-09-09T17:20:12+00:00,596,4,12,True,True,True,1788974410
2026-09-09T17:20:12+00:00,617,12,5,True,True,True,1788974410
2026-09-09T17:20:12+00:00,609,21,6,True,True,True,1788974410
2026-09-09T17:20:12+00:00,607,8,17,True,True,True,1788974410
2026-09-09T17:20:12+00:00,603,4,12,True,True,True,1788974410
2026-09-09T17:20:12+00:00,590,0,35,True,True,True,1788974410
2026-09-09T17:20:12+00:00,610,11,8,True,True,True,1788974410
2026-09-09T17:20:12+00:00,608,1,18,True,True,True,1788974410
2026-09-09T17:20:12+00:00,593,5,24,True,True,True,1788974410
2026-09-09T17:20:12+00:00,530,1,8,True,True,True,1788974410
2026-09-09T17:20:12+00:00,463,16,2,True,True,True,1788974410
2026-09-09T17:20:12+00:00,475,1,23,True,True,True,1788974410
2026-09-09T17:20:12+00:00,439,7,15,True,True,True,1788974410
2026-09-09T17:20:12+00:00,600,11,0,True,True,True,1788974410
2026-09-09T17:20:12+00:00,440,3,12,True,True,True,1788974410
2026-09-09T17:20:12+00:00,612,2,15,True,True,True,1788974410
2026-09-09T17:20:12+00:00,491,15,1,True,True,True,1788974410
2026-09-09T17:20:12+00:00,493,19,9,True,True,True,1788974410
2026-09-09T17:20:12+00:00,410,4,22,True,True,True,1788974410
2026-09-09T17:20:12+00:00,605,8,10,True,True,True,1788974410
2026-09-09T17:20:12+00:00,388,1,17,True,True,True,1788974410
2026-09-09T17:20:12+00:00,591,1,22,True,True,True,1788974410
2026-09-09T17:20:12+00:00,592,2,16,True,True,True,1788974410
2026-09-09T17:20:12+00:00,585,17,0,True,True,True,1788974410
2026-09-09T17:20:12+00:00,565,4,11,True,True,True,1788974410
2026-09-09T17:20:12+00:00,571,0,19,True,True,True,1788974410
2026-09-09T17:20:12+00:00,568,2,12,True,True,True,1788974410
2026-09-09T17:20:12+00:00,588,1,15,True,True,True,1788974410
2026-09-09T17:20:12+00:00,584,4,29,True,True,True,1788974410
2026-09-09T17:20:12+00:00,569,7,22,True,True,True,1788974410
2026-09-09T17:20:12+00:00,577,1,29,True,True,True,1788974410
2026-09-09T17:20:12+00:00,564,1,27,True,True,True,1788974410
2026-09-09T17:20:12+00:00,570,2,13,True,True,True,1788974410
2026-09-09T17:20:12+00:00,572,5,31,True,True,True,1788974410
2026-09-09T17:20:12+00:00,587,0,15,False,False,False,1788974410
2026-09-09T17:20:12+00:00,586,6,18,True,True,True,1788974410
2026-09-09T17:20:12+00:00,576,1,17,True,True,True,1788974410
2026-09-09T17:20:12+00:00,566,13,11,True,True,True,1788974410
2026-09-09T17:20:12+00:00,602,5,13,True,True,True,1788974410
2026-09-09T17:20:12+00:00,575,13,15,True,True,True,1788974410
2026-09-09T17:20:12+00:00,567,0,39,True,True,True,1788974410
2026-09-09T17:20:12+00:00,582,4,20,True,True,True,1788974410
2026-09-09T17:20:12+00:00,595,15,7,True,True,True,1788974410
2026-09-09T17:20:12+00:00,542,17,1,True,True,True,1788974410
2026-09-09T17:20:12+00:00,563,9,3,True,True,True,1788974410
2026-09-09T17:20:12+00:00,558,3,10,True,True,True,1788974410
2026-09-09T17:20:12+00:00,552,14,4,True,True,True,1788974410
2026-09-09T17:20:12+00:00,555,1,11,True,True,True,1788974410
2026-09-09T17:20:12+00:00,573,23,1,True,True,True,1788974410
2026-09-09T17:20:12+00:00,561,1,20,True,True,True,1788974410
2026-09-09T17:20:12+00:00,615,16,5,True,True,True,1788974410
2026-09-09T17:20:12+00:00,543,6,14,True,True,True,1788974410
2026-09-09T17:20:12+00:00,554,1,18,True,True,True,1788974410
2026-09-09T17:20:12+00:00,574,0,11,True,True,True,1788974410
2026-09-09T17:20:12+00:00,560,1,7,True,True,True,1788974410
2026-09-09T17:20:12+00:00,548,2,13,True,True,True,1788974410
2026-09-09T17:20:12+00:00,559,0,15,True,True,True,1788974410
2026-09-09T17:20:12+00:00,545,0,39,True,True,True,1788974410
2026-09-09T17:20:12+00:00,550,0,9,True,True,True,1788974410
2026-09-09T17:20:12+00:00,541,2,7,True,True,True,1788974410
2026-09-09T17:20:12+00:00,527,4,7,True,True,True,1788974410
2026-09-09T17:20:12+00:00,529,5,13,True,True,True,1788974410
2026-09-09T17:20:12+00:00,526,1,13,True,True,True,1788974410
2026-09-09T17:20:12+00:00,537,1,15,True,True,True,1788974410
2026-09-09T17:20:12+00:00,547,0,30,True,True,True,1788974410
2026-09-09T17:20:12+00:00,601,1,18,True,True,True,1788974410
2026-09-09T17:20:12+00:00,533,11,0,True,True,True,1788974410
2026-09-09T17:20:12+00:00,535,0,19,True,True,True,1788974410
2026-09-09T17:20:12+00:00,524,0,19,True,True,True,1788974410
2026-09-09T17:20:12+00:00,519,3,14,True,True,True,1788974410
2026-09-09T17:20:12+00:00,534,0,35,True,True,True,1788974410
2026-09-09T17:20:12+00:00,521,8,6,True,True,True,1788974410
2026-09-09T17:20:12+00:00,518,1,16,True,True,True,1788974410
2026-09-09T17:20:12+00:00,556,0,18,True,True,True,1788974410
2026-09-09T17:20:12+00:00,525,1,13,True,True,True,1788974410
2026-09-09T17:20:12+00:00,517,3,13,True,True,True,1788974410
2026-09-09T17:20:12+00:00,523,1,29,True,True,True,1788974410
2026-09-09T17:20:12+00:00,522,4,4,True,True,True,1788974410
2026-09-09T17:20:12+00:00,594,0,18,True,True,True,1788974410
2026-09-09T17:20:12+00:00,532,7,12,True,True,True,1788974410
2026-09-09T17:20:12+00:00,509,12,0,True,True,True,1788974410
2026-09-09T17:20:12+00:00,531,2,12,True,True,True,1788974410
2026-09-09T17:20:12+00:00,536,0,6,True,True,True,1788974410
2026-09-09T17:20:12+00:00,562,2,27,True,True,True,1788974410
2026-09-09T17:20:12+00:00,511,5,17,True,True,True,1788974410
2026-09-09T17:20:12+00:00,505,2,16,True,True,True,1788974410
2026-09-09T17:20:12+00:00,501,7,9,True,True,True,1788974410
2026-09-09T17:20:12+00:00,514,5,7,True,True,True,1788974410
2026-09-09T17:20:12+00:00,500,16,0,True,True,True,1788974410
2026-09-09T17:20:12+00:00,503,8,24,True,True,True,1788974410
2026-09-09T17:20:12+00:00,513,0,15,True,True,True,1788974410
2026-09-09T17:20:12+00:00,498,0,11,True,True,True,1788974410
2026-09-09T17:20:12+00:00,507,10,10,True,True,True,1788974410
2026-09-09T17:20:12+00:00,512,2,24,True,True,True,1788974410
2026-09-09T17:20:12+00:00,619,0,42,True,True,True,1788974410
2026-09-09T17:20:12+00:00,474,0,41,True,True,True,1788974410
2026-09-09T17:20:12+00:00,580,0,43,True,True,True,1788974410
2026-09-09T17:20:12+00:00,496,0,42,True,True,True,1788974410
2026-09-09T17:20:12+00:00,482,0,18,True,True,True,1788974410
2026-09-09T17:20:12+00:00,407,2,9,True,True,True,1788974410
2026-09-09T17:20:12+00:00,409,1,18,True,True,True,1788974410
2026-09-09T17:20:12+00:00,451,0,18,True,True,True,1788974410
2026-09-09T17:20:12+00:00,402,1,19,True,True,True,1788974410
2026-09-09T17:20:12+00:00,516,4,10,True,True,True,1788974410
2026-09-09T17:20:12+00:00,625,1,41,True,True,True,1788974410
2026-09-09T17:20:12+00:00,429,7,13,True,True,True,1788974410
2026-09-09T17:20:12+00:00,380,3,16,True,True,True,1788974410
2026-09-09T17:20:12+00:00,583,6,11,True,True,True,1788974410
2026-09-09T17:20:12+00:00,398,9,7,True,True,True,1788974410
2026-09-09T17:20:12+00:00,381,15,0,True,True,True,1788974410
2026-09-09T17:20:12+00:00,464,34,10,True,True,True,1788974410
2026-09-09T17:20:12+00:00,442,13,0,True,True,True,1788974410
2026-09-09T17:20:12+00:00,483,9,12,True,True,True,1788974410
2026-09-09T17:20:12+00:00,458,4,11,True,True,True,1788974410
2026-09-09T17:20:12+00:00,499,4,12,True,True,True,1788974410
2026-09-09T17:20:12+00:00,472,1,15,True,True,True,1788974410
2026-09-09T17:20:12+00:00,506,16,10,True,True,True,1788974410
2026-09-09T17:20:12+00:00,465,9,19,True,True,True,1788974410
2026-09-09T17:20:12+00:00,611,0,39,True,True,True,1788974410
2026-09-09T17:20:12+00:00,404,13,12,True,True,True,1788974410
2026-09-09T17:20:12+00:00,579,2,12,True,True,True,1788974410
2026-09-09T17:20:12+00:00,589,11,14,True,True,True,1788974410
2026-09-09T17:20:12+00:00,434,1,12,True,True,True,1788974410
2026-09-09T17:20:12+00:00,462,4,7,True,True,True,1788974410
2026-09-09T17:20:12+00:00,578,1,22,True,True,True,1788974410
2026-09-09T17:20:12+00:00,415,0,10,True,True,True,1788974410
2026-09-09T17:20:12+00:00,423,2,18,True,True,True,1788974410
2026-09-09T17:20:12+00:00,412,9,0,True,True,True,1788974410
2026-09-09T17:20:12+00:00,387,0,15,True,True,True,1788974410
2026-09-09T17:20:12+00:00,441,13,0,True,True,True,1788974410
2026-09-09T17:20:12+00:00,454,7,12,True,True,True,1788974410
2026-09-09T17:20:12+00:00,436,0,12,True,True,True,1788974410
2026-09-09T17:20:12+00:00,394,15,4,True,True,True,1788974410
2026-09-09T17:20:12+00:00,497,1,25,True,True,True,1788974410
2026-09-09T17:20:12+00:00,581,9,12,True,True,True,1788974410
2026-09-09T17:20:12+00:00,461,4,16,True,True,True,1788974410
2026-09-09T17:20:12+00:00,599,41,5,True,True,True,1788974410
2026-09-09T17:20:12+00:00,428,3,18,True,True,True,1788974410
2026-09-09T17:20:12+00:00,400,5,17,True,True,True,1788974410
2026-09-09T17:20:12+00:00,487,3,18,True,True,True,1788974410
2026-09-09T17:20:12+00:00,438,28,12,True,True,True,1788974410
2026-09-09T17:20:12+00:00,459,0,10,True,True,True,1788974410
2026-09-09T17:20:12+00:00,433,4,12,True,True,True,1788974410
2026-09-09T17:20:12+00:00,399,1,28,True,True,True,1788974410
2026-09-09T17:20:12+00:00,489,9,15,True,True,True,1788974410
2026-09-09T17:20:12+00:00,742,21,3,True,True,True,1788974410
2026-09-09T17:20:12+00:00,551,22,12,True,True,True,1788974410
2026-09-09T17:20:12+00:00,406,5,4,True,True,True,1788974410
2026-09-09T17:20:12+00:00,488,4,19,True,True,True,1788974410
2026-09-09T17:20:12+00:00,540,7,27,True,True,True,1788974410
2026-09-09T17:20:12+00:00,431,0,18,True,True,True,1788974410
2026-09-09T17:20:12+00:00,393,14,6,True,True,True,1788974410
2026-09-09T17:20:12+00:00,420,7,14,True,True,True,1788974410
2026-09-09T17:20:12+00:00,397,24,7,True,True,True,1788974410
2026-09-09T17:20:12+00:00,390,2,27,True,True,True,1788974410
2026-09-09T17:20:12+00:00,449,13,10,True,True,True,1788974410
2026-09-09T17:20:12+00:00,484,13,19,True,True,True,1788974410
2026-09-09T17:20:12+00:00,479,2,21,True,True,True,1788974410
2026-09-09T17:20:12+00:00,403,0,13,True,True,True,1788974410
2026-09-09T17:20:12+00:00,435,6,21,True,True,True,1788974410
2026-09-09T17:20:12+00:00,426,2,17,True,True,True,1788974410
2026-09-09T17:20:12+00:00,450,2,10,True,True,True,1788974410
2026-09-09T17:20:12+00:00,456,23,10,True,True,True,1788974410
2026-09-09T17:20:12+00:00,468,9,3,True,True,True,1788974410
2026-09-09T17:20:12+00:00,453,1,31,True,True,True,1788974410
2026-09-09T17:20:12+00:00,466,1,13,True,True,True,1788974410
2026-09-09T17:20:12+00:00,469,0,26,True,True,True,1788974410
2026-09-09T17:20:12+00:00,416,4,11,True,True,True,1788974410
2026-09-09T17:20:12+00:00,391,0,9,True,True,True,1788974410
2026-09-09T17:20:12+00:00,389,1,16,True,True,True,1788974410
2026-09-09T17:20:12+00:00,470,0,14,True,True,True,1788974410
2026-09-09T17:20:12+00:00,384,0,11,True,True,True,1788974410
2026-09-09T17:20:12+00:00,425,2,5,True,True,True,1788974410
2026-09-09T17:20:12+00:00,411,3,9,True,True,True,1788974410
2026-09-09T17:20:12+00:00,598,22,10,True,True,True,1788974410
2026-09-09T17:20:12+00:00,444,19,0,True,True,True,1788974410
2026-09-09T17:20:12+00:00,447,25,4,True,True,True,1788974410
2026-09-09T17:20:12+00:00,408,13,1,True,True,True,1788974410
2026-09-09T17:20:12+00:00,737,4,18,True,True,True,1788974410
2026-09-09T17:20:12+00:00,432,0,11,True,True,True,1788974410
2026-09-09T17:20:12+00:00,401,4,2,True,True,True,1788974410
2026-09-09T17:20:12+00:00,452,27,2,True,True,True,1788974410
2026-09-09T17:20:12+00:00,392,1,7,True,True,True,1788974410
2026-09-09T17:20:12+00:00,481,37,1,True,True,True,1788974410
2026-09-09T17:20:12+00:00,495,37,1,True,True,True,1788974410
2026-09-09T17:20:12+00:00,478,1,10,True,True,True,1788974410
2026-09-09T17:20:12+00:00,414,2,6,True,True,True,1788974410
2026-09-09T17:20:12+00:00,476,0,18,True,True,True,1788974410
2026-09-09T17:20:12+00:00,445,9,8,True,True,True,1788974410
2026-09-09T17:20:12+00:00,748,17,10,True,True,True,1788974410
2026-09-09T17:20:12+00:00,473,1,5,True,True,True,1788974410
2026-09-09T17:20:12+00:00,383,21,5,True,True,True,1788974410
2026-09-09T17:20:12+00:00,480,16,7,True,True,True,1788974410
2026-09-09T17:20:12+00:00,421,16,2,True,True,True,1788974410
2026-09-09T17:20:12+00:00,746,10,1,True,True,True,1788974410
2026-09-09T17:20:12+00:00,417,0,11,True,True,True,1788974410
2026-09-09T17:20:12+00:00,427,1,12,True,True,True,1788974410
2026-09-09T17:20:12+00:00,395,0,14,True,True,True,1788974410
2026-09-09T17:20:12+00:00,418,3,19,True,True,True,1788974410
2026-09-09T17:20:12+00:00,413,3,9,True,True,True,1788974410
2026-09-09T17:20:12+00:00,486,0,23,True,True,True,1788974410
2026-09-09T17:20:12+00:00,597,10,0,True,True,True,1788974410
2026-09-09T17:20:12+00:00,422,0,10,True,True,True,1788974410
2026-09-09T17:20:12+00:00,382,2,5,True,True,True,1788974410
2026-09-09T17:20:12+00:00,396,1,23,True,True,True,1788974410
2026-09-09T17:20:12+00:00,735,13,0,True,True,True,1788974410
2026-09-09T17:20:12+00:00,437,3,21,True,True,True,1788974410
2026-09-09T17:20:12+00:00,446,12,9,True,True,True,1788974410
2026-09-09T17:20:12+00:00,424,9,1,True,True,True,1788974410
2026-09-09T17:20:12+00:00,455,8,4,True,True,True,1788974410
2026-09-09T17:20:12+00:00,457,9,1,True,True,True,1788974410
2026-09-09T17:20:12+00:00,377,22,7,True,True,True,1788974410
2026-09-09T17:20:12+00:00,738,6,6,True,True,True,1788974410
2026-09-09T17:20:12+00:00,460,7,21,True,True,True,1788974410
2026-09-09T17:20:12+00:00,744,5,3,True,True,True,1788974410
2026-09-09T17:20:12+00:00,485,10,7,True,True,True,1788974410
