polled_at_utc,station_id,num_bikes_available,num_docks_available,is_renting,is_returning,is_installed,last_reported
2026-09-28T05:11:31+00:00,6026,11,23,True,True,True,1790572276
2026-09-28T05:11:31+00:00,5431,0,21,True,True,True,1790572276
2026-09-28T05:11:31+00:00,5424,1,16,True,True,True,1790572276
2026-09-28T05:11:31+00:00,5220,0,19,True,True,True,1790572276
2026-09-28T05:11:31+00:00,5217,19,11,True,True,True,1790572276
2026-09-28T05:11:31+00:00,5113,13,2,True,True,True,1790572276
2026-09-28T05:11:31+00:00,4683,3,18,True,True,True,1790572276
2026-09-28T05:11:31+00:00,4552,1,17,True,True,True,1790572276
2026-09-28T05:11:31+00:00,3725,0,18,True,True,True,1790572276
2026-09-28T05:11:31+00:00,2358,4,8,True,True,True,1790572276
2026-09-28T05:11:31+00:00,2357,10,13,True,True,True,1790572276
2026-09-28T05:11:31+00:00,2355,0,11,True,True,True,1790572276
2026-09-28T05:11:31+00:00,2351,0,17,True,True,True,1790572276
2026-09-28T05:11:31+00:00,2350,8,16,True,True,True,1790572276
2026-09-28T05:11:31+00:00,2349,1,20,True,True,True,1790572276
2026-09-28T05:11:31+00:00,2347,7,23,True,True,True,1790572276
2026-09-28T05:11:31+00:00,2340,17,8,True,True,True,1790572276
2026-09-28T05:11:31+00:00,2339,18,12,True,True,True,1790572276
2026-09-28T05:11:31+00:00,2337,12,1,True,True,True,1790572276
2026-09-28T05:11:31+00:00,2334,1,11,True,True,True,1790572276
2026-09-28T05:11:31+00:00,2333,14,1,True,True,True,1790572276
2026-09-28T05:11:31+00:00,2332,4,7,True,True,True,1790572276
2026-09-28T05:11:31+00:00,2330,11,0,True,True,True,1790572276
2026-09-28T05:11:31+00:00,2329,12,2,True,True,True,1790572276
2026-09-28T05:11:31+00:00,2328,5,15,True,True,True,1790572276
2026-09-28T05:11:31+00:00,2315,15,0,True,True,True,1790572276
2026-09-28T05:11:31+00:00,2308,4,4,True,True,True,1790572276
2026-09-28T05:11:31+00:00,2307,1,29,True,True,True,1790572276
2026-09-28T05:11:31+00:00,2306,1,17,True,True,True,1790572276
2026-09-28T05:11:31+00:00,2305,9,5,True,True,True,1790572276
2026-09-28T05:11:31+00:00,2304,1,14,True,True,True,1790572276
2026-09-28T05:11:31+00:00,2280,13,2,True,True,True,1790572276
2026-09-28T05:11:31+00:00,2270,3,15,True,True,True,1790572276
2026-09-28T05:11:31+00:00,1919,6,0,True,True,True,1790572276
2026-09-28T05:11:31+00:00,1755,21,11,True,True,True,1790572276
2026-09-28T05:11:31+00:00,1101,8,14,True,True,True,1790572276
2026-09-28T05:11:31+00:00,1023,3,10,True,True,True,1790572276
2026-09-28T05:11:31+00:00,1009,1,8,True,True,True,1790572276
2026-09-28T05:11:31+00:00,970,2,21,True,True,True,1790572276
2026-09-28T05:11:31+00:00,787,10,1,True,True,True,1790572276
2026-09-28T05:11:31+00:00,627,25,5,True,True,True,1790572276
2026-09-28T05:11:31+00:00,623,11,10,True,True,True,1790572276
2026-09-28T05:11:31+00:00,624,2,17,True,True,True,1790572276
2026-09-28T05:11:31+00:00,626,8,16,True,True,True,1790572276
2026-09-28T05:11:31+00:00,614,1,20,True,True,True,1790572276
2026-09-28T05:11:31+00:00,616,12,2,True,True,True,1790572276
2026-09-28T05:11:31+00:00,618,9,33,True,True,True,1790572276
2026-09-28T05:11:31+00:00,621,2,25,True,True,True,1790572276
2026-09-28T05:11:31+00:00,622,6,22,True,True,True,1790572276
2026-09-28T05:11:31+00:00,613,2,15,True,True,True,1790572276
2026-09-28T05:11:31+00:00,620,7,32,True,True,True,1790572276
2026-09-28T05:11:31+00:00,596,0,17,True,True,True,1790572276
2026-09-28T05:11:31+00:00,617,1,15,True,True,True,1790572276
2026-09-28T05:11:31+00:00,609,4,23,True,True,True,1790572276
2026-09-28T05:11:31+00:00,607,2,0,True,True,True,1790572276
2026-09-28T05:11:31+00:00,603,4,12,True,True,True,1790572276
2026-09-28T05:11:31+00:00,590,24,14,True,True,True,1790572276
2026-09-28T05:11:31+00:00,610,6,11,True,True,True,1790572276
2026-09-28T05:11:31+00:00,608,2,19,True,True,True,1790572276
2026-09-28T05:11:31+00:00,593,2,28,True,True,True,1790572276
2026-09-28T05:11:31+00:00,530,6,3,True,True,True,1790572276
2026-09-28T05:11:31+00:00,463,17,0,True,True,True,1790572276
2026-09-28T05:11:31+00:00,475,6,17,True,True,True,1790572276
2026-09-28T05:11:31+00:00,439,16,9,True,True,True,1790572276
2026-09-28T05:11:31+00:00,600,10,0,True,True,True,1790572276
2026-09-28T05:11:31+00:00,440,15,2,True,True,True,1790572276
2026-09-28T05:11:31+00:00,612,2,13,True,True,True,1790572276
2026-09-28T05:11:31+00:00,491,11,7,True,True,True,1790572276
2026-09-28T05:11:31+00:00,493,23,5,True,True,True,1790572276
2026-09-28T05:11:31+00:00,410,7,17,True,True,True,1790572276
2026-09-28T05:11:31+00:00,605,11,6,True,True,True,1790572276
2026-09-28T05:11:31+00:00,388,6,11,True,True,True,1790572276
2026-09-28T05:11:31+00:00,591,3,21,True,True,True,1790572276
2026-09-28T05:11:31+00:00,592,8,10,True,True,True,1790572276
2026-09-28T05:11:31+00:00,585,12,5,True,True,True,1790572276
2026-09-28T05:11:31+00:00,565,1,15,True,True,True,1790572276
2026-09-28T05:11:31+00:00,571,4,15,True,True,True,1790572276
2026-09-28T05:11:31+00:00,568,4,11,True,True,True,1790572276
2026-09-28T05:11:31+00:00,588,5,15,True,True,True,1790572276
2026-09-28T05:11:31+00:00,584,22,12,True,True,True,1790572276
2026-09-28T05:11:31+00:00,569,18,10,True,True,True,1790572276
2026-09-28T05:11:31+00:00,577,12,17,True,True,True,1790572276
2026-09-28T05:11:31+00:00,564,0,29,True,True,True,1790572276
2026-09-28T05:11:31+00:00,570,3,12,True,True,True,1790572276
2026-09-28T05:11:31+00:00,572,14,23,True,True,True,1790572276
2026-09-28T05:11:31+00:00,586,0,26,True,True,True,1790572276
2026-09-28T05:11:31+00:00,576,13,5,True,True,True,1790572276
2026-09-28T05:11:31+00:00,566,20,4,True,True,True,1790572276
2026-09-28T05:11:31+00:00,602,3,15,True,True,True,1790572276
2026-09-28T05:11:31+00:00,575,0,26,True,True,True,1790572276
2026-09-28T05:11:31+00:00,567,1,38,True,True,True,1790572276
2026-09-28T05:11:31+00:00,582,1,26,True,True,True,1790572276
2026-09-28T05:11:31+00:00,595,22,0,True,True,True,1790572276
2026-09-28T05:11:31+00:00,542,14,4,True,True,True,1790572276
2026-09-28T05:11:31+00:00,563,13,2,True,True,True,1790572276
2026-09-28T05:11:31+00:00,558,15,0,True,True,True,1790572276
2026-09-28T05:11:31+00:00,552,13,4,True,True,True,1790572276
2026-09-28T05:11:31+00:00,555,1,14,True,True,True,1790572276
2026-09-28T05:11:31+00:00,573,9,15,True,True,True,1790572276
2026-09-28T05:11:31+00:00,561,1,20,True,True,True,1790572276
2026-09-28T05:11:31+00:00,615,20,1,True,True,True,1790572276
2026-09-28T05:11:31+00:00,543,2,17,True,True,True,1790572276
2026-09-28T05:11:31+00:00,554,2,19,True,True,True,1790572276
2026-09-28T05:11:31+00:00,574,10,2,True,True,True,1790572276
2026-09-28T05:11:31+00:00,560,2,6,True,True,True,1790572276
2026-09-28T05:11:31+00:00,548,15,2,True,True,True,1790572276
2026-09-28T05:11:31+00:00,559,4,5,True,True,True,1790572276
2026-09-28T05:11:31+00:00,545,26,13,True,True,True,1790572276
2026-09-28T05:11:31+00:00,550,0,9,True,True,True,1790572276
2026-09-28T05:11:31+00:00,541,10,1,True,True,True,1790572276
2026-09-28T05:11:31+00:00,527,6,4,True,True,True,1790572276
2026-09-28T05:11:31+00:00,529,4,17,True,True,True,1790572276
2026-09-28T05:11:31+00:00,526,7,8,True,True,True,1790572276
2026-09-28T05:11:31+00:00,537,14,4,True,True,True,1790572276
2026-09-28T05:11:31+00:00,547,15,15,True,True,True,1790572276
2026-09-28T05:11:31+00:00,601,2,17,True,True,True,1790572276
2026-09-28T05:11:31+00:00,533,7,5,True,True,True,1790572276
2026-09-28T05:11:31+00:00,535,3,23,True,True,True,1790572276
2026-09-28T05:11:31+00:00,524,1,19,True,True,True,1790572276
2026-09-28T05:11:31+00:00,519,8,16,True,True,True,1790572276
2026-09-28T05:11:31+00:00,534,15,24,True,True,True,1790572276
2026-09-28T05:11:31+00:00,521,9,0,True,True,True,1790572276
2026-09-28T05:11:31+00:00,518,0,18,True,True,True,1790572276
2026-09-28T05:11:31+00:00,556,2,16,True,True,True,1790572276
2026-09-28T05:11:31+00:00,525,0,15,True,True,True,1790572276
2026-09-28T05:11:31+00:00,517,0,17,True,True,True,1790572276
2026-09-28T05:11:31+00:00,523,18,12,True,True,True,1790572276
2026-09-28T05:11:31+00:00,522,7,2,True,True,True,1790572276
2026-09-28T05:11:31+00:00,594,2,17,True,True,True,1790572276
2026-09-28T05:11:31+00:00,532,4,16,True,True,True,1790572276
2026-09-28T05:11:31+00:00,509,4,8,True,True,True,1790572276
2026-09-28T05:11:31+00:00,531,0,17,True,True,True,1790572276
2026-09-28T05:11:31+00:00,536,1,8,True,True,True,1790572276
2026-09-28T05:11:31+00:00,562,25,15,True,True,True,1790572276
2026-09-28T05:11:31+00:00,511,21,1,True,True,True,1790572276
2026-09-28T05:11:31+00:00,505,1,21,True,True,True,1790572276
2026-09-28T05:11:31+00:00,501,0,16,True,True,True,1790572276
2026-09-28T05:11:31+00:00,514,9,2,True,True,True,1790572276
2026-09-28T05:11:31+00:00,500,4,14,True,True,True,1790572276
2026-09-28T05:11:31+00:00,503,7,23,True,True,True,1790572276
2026-09-28T05:11:31+00:00,513,13,0,True,True,True,1790572276
2026-09-28T05:11:31+00:00,498,1,11,True,True,True,1790572276
2026-09-28T05:11:31+00:00,507,15,2,True,True,True,1790572276
2026-09-28T05:11:31+00:00,512,8,17,True,True,True,1790572276
2026-09-28T05:11:31+00:00,619,0,42,True,True,True,1790572276
2026-09-28T05:11:31+00:00,474,9,33,True,True,True,1790572276
2026-09-28T05:11:31+00:00,580,0,45,True,True,True,1790572276
2026-09-28T05:11:31+00:00,496,0,41,True,True,True,1790572276
2026-09-28T05:11:31+00:00,482,0,17,True,True,True,1790572276
2026-09-28T05:11:31+00:00,407,0,12,True,True,True,1790572276
2026-09-28T05:11:31+00:00,409,0,25,True,True,True,1790572276
2026-09-28T05:11:31+00:00,451,1,18,True,True,True,1790572276
2026-09-28T05:11:31+00:00,402,12,7,True,True,True,1790572276
2026-09-28T05:11:31+00:00,516,4,11,True,True,True,1790572276
2026-09-28T05:11:31+00:00,625,9,29,True,True,True,1790572276
2026-09-28T05:11:31+00:00,429,15,5,True,True,True,1790572276
2026-09-28T05:11:31+00:00,380,0,21,True,True,True,1790572276
2026-09-28T05:11:31+00:00,583,6,11,True,True,True,1790572276
2026-09-28T05:11:31+00:00,398,6,5,True,True,True,1790572276
2026-09-28T05:11:31+00:00,381,9,5,True,True,True,1790572276
2026-09-28T05:11:31+00:00,464,31,9,True,True,True,1790572276
2026-09-28T05:11:31+00:00,442,12,6,True,True,True,1790572276
2026-09-28T05:11:31+00:00,483,7,12,True,True,True,1790572276
2026-09-28T05:11:31+00:00,458,3,12,True,True,True,1790572276
2026-09-28T05:11:31+00:00,499,6,9,True,True,True,1790572276
2026-09-28T05:11:31+00:00,472,2,17,True,True,True,1790572276
2026-09-28T05:11:31+00:00,506,4,22,True,True,True,1790572276
2026-09-28T05:11:31+00:00,465,10,19,True,True,True,1790572276
2026-09-28T05:11:31+00:00,611,10,27,True,True,True,1790572276
2026-09-28T05:11:31+00:00,404,24,0,True,True,True,1790572276
2026-09-28T05:11:31+00:00,579,2,16,True,True,True,1790572276
2026-09-28T05:11:31+00:00,589,3,24,True,True,True,1790572276
2026-09-28T05:11:31+00:00,434,3,18,True,True,True,1790572276
2026-09-28T05:11:31+00:00,462,0,12,True,True,True,1790572276
2026-09-28T05:11:31+00:00,578,22,1,True,True,True,1790572276
2026-09-28T05:11:31+00:00,415,2,10,True,True,True,1790572276
2026-09-28T05:11:31+00:00,423,17,2,True,True,True,1790572276
2026-09-28T05:11:31+00:00,412,4,2,True,True,True,1790572276
2026-09-28T05:11:31+00:00,387,12,1,True,True,True,1790572276
2026-09-28T05:11:31+00:00,441,1,14,True,True,True,1790572276
2026-09-28T05:11:31+00:00,454,3,20,True,True,True,1790572276
2026-09-28T05:11:31+00:00,436,3,11,True,True,True,1790572276
2026-09-28T05:11:31+00:00,394,1,17,True,True,True,1790572276
2026-09-28T05:11:31+00:00,497,2,22,True,True,True,1790572276
2026-09-28T05:11:31+00:00,581,15,6,True,True,True,1790572276
2026-09-28T05:11:31+00:00,461,2,17,True,True,True,1790572276
2026-09-28T05:11:31+00:00,599,7,41,True,True,True,1790572276
2026-09-28T05:11:31+00:00,428,2,21,True,True,True,1790572276
2026-09-28T05:11:31+00:00,400,2,20,True,True,True,1790572276
2026-09-28T05:11:31+00:00,487,0,21,True,True,True,1790572276
2026-09-28T05:11:31+00:00,438,1,40,True,True,True,1790572276
2026-09-28T05:11:31+00:00,459,4,6,True,True,True,1790572276
2026-09-28T05:11:31+00:00,433,1,15,True,True,True,1790572276
2026-09-28T05:11:31+00:00,399,17,12,True,True,True,1790572276
2026-09-28T05:11:31+00:00,489,26,2,True,True,True,1790572276
2026-09-28T05:11:31+00:00,742,8,18,True,True,True,1790572276
2026-09-28T05:11:31+00:00,551,28,3,True,True,True,1790572276
2026-09-28T05:11:31+00:00,406,1,10,True,True,True,1790572276
2026-09-28T05:11:31+00:00,488,2,21,True,True,True,1790572276
2026-09-28T05:11:31+00:00,540,0,36,True,True,True,1790572276
2026-09-28T05:11:31+00:00,431,1,18,True,True,True,1790572276
2026-09-28T05:11:31+00:00,393,2,17,True,True,True,1790572276
2026-09-28T05:11:31+00:00,420,0,17,True,True,True,1790572276
2026-09-28T05:11:31+00:00,397,1,29,True,True,True,1790572276
2026-09-28T05:11:31+00:00,390,3,27,True,True,True,1790572276
2026-09-28T05:11:31+00:00,449,9,15,True,True,True,1790572276
2026-09-28T05:11:31+00:00,430,5,36,True,True,True,1790572276
2026-09-28T05:11:31+00:00,484,9,25,True,True,True,1790572276
2026-09-28T05:11:31+00:00,479,10,19,True,True,True,1790572276
2026-09-28T05:11:31+00:00,403,4,9,True,True,True,1790572276
2026-09-28T05:11:31+00:00,435,10,19,True,True,True,1790572276
2026-09-28T05:11:31+00:00,426,4,16,True,True,True,1790572276
2026-09-28T05:11:31+00:00,450,8,7,True,True,True,1790572276
2026-09-28T05:11:31+00:00,456,3,31,True,True,True,1790572276
2026-09-28T05:11:31+00:00,468,5,9,True,True,True,1790572276
2026-09-28T05:11:31+00:00,453,4,29,True,True,True,1790572276
2026-09-28T05:11:31+00:00,466,0,14,True,True,True,1790572276
2026-09-28T05:11:31+00:00,469,0,30,True,True,True,1790572276
2026-09-28T05:11:31+00:00,416,2,12,True,True,True,1790572276
2026-09-28T05:11:31+00:00,391,1,12,True,True,True,1790572276
2026-09-28T05:11:31+00:00,389,3,13,True,True,True,1790572276
2026-09-28T05:11:31+00:00,470,0,14,True,True,True,1790572276
2026-09-28T05:11:31+00:00,384,11,6,True,True,True,1790572276
2026-09-28T05:11:31+00:00,425,3,5,True,True,True,1790572276
2026-09-28T05:11:31+00:00,411,1,11,True,True,True,1790572276
2026-09-28T05:11:31+00:00,598,6,27,True,True,True,1790572276
2026-09-28T05:11:31+00:00,444,11,7,True,True,True,1790572276
2026-09-28T05:11:31+00:00,447,18,12,True,True,True,1790572276
2026-09-28T05:11:31+00:00,408,6,8,True,True,True,1790572276
2026-09-28T05:11:31+00:00,737,24,0,True,True,True,1790572276
2026-09-28T05:11:31+00:00,432,1,11,True,True,True,1790572276
2026-09-28T05:11:31+00:00,401,5,0,True,True,True,1790572276
2026-09-28T05:11:31+00:00,452,9,20,True,True,True,1790572276
2026-09-28T05:11:31+00:00,392,2,2,True,True,True,1790572276
2026-09-28T05:11:31+00:00,481,21,21,True,True,True,1790572276
2026-09-28T05:11:31+00:00,495,22,18,True,True,True,1790572276
2026-09-28T05:11:31+00:00,478,14,1,True,True,True,1790572276
2026-09-28T05:11:31+00:00,414,10,1,True,True,True,1790572276
2026-09-28T05:11:31+00:00,476,3,16,True,True,True,1790572276
2026-09-28T05:11:31+00:00,445,18,0,True,True,True,1790572276
2026-09-28T05:11:31+00:00,748,8,20,True,True,True,1790572276
2026-09-28T05:11:31+00:00,473,1,4,True,True,True,1790572276
2026-09-28T05:11:31+00:00,383,0,26,True,True,True,1790572276
2026-09-28T05:11:31+00:00,480,15,9,True,True,True,1790572276
2026-09-28T05:11:31+00:00,421,10,10,True,True,True,1790572276
2026-09-28T05:11:31+00:00,746,7,3,True,True,True,1790572276
2026-09-28T05:11:31+00:00,417,2,12,True,True,True,1790572276
2026-09-28T05:11:31+00:00,427,1,13,True,True,True,1790572276
2026-09-28T05:11:31+00:00,395,1,13,True,True,True,1790572276
2026-09-28T05:11:31+00:00,418,17,9,True,True,True,1790572276
2026-09-28T05:11:31+00:00,413,3,8,True,True,True,1790572276
2026-09-28T05:11:31+00:00,486,0,23,True,True,True,1790572276
2026-09-28T05:11:31+00:00,597,9,6,True,True,True,1790572276
2026-09-28T05:11:31+00:00,422,4,5,True,True,True,1790572276
2026-09-28T05:11:31+00:00,382,0,7,True,True,True,1790572276
2026-09-28T05:11:31+00:00,396,5,14,True,True,True,1790572276
2026-09-28T05:11:31+00:00,735,14,0,True,True,True,1790572276
2026-09-28T05:11:31+00:00,437,1,22,True,True,True,1790572276
2026-09-28T05:11:31+00:00,446,4,15,True,True,True,1790572276
2026-09-28T05:11:31+00:00,424,5,3,True,True,True,1790572276
2026-09-28T05:11:31+00:00,455,10,2,True,True,True,1790572276
2026-09-28T05:11:31+00:00,457,10,0,True,True,True,1790572276
2026-09-28T05:11:31+00:00,377,5,24,True,True,True,1790572276
2026-09-28T05:11:31+00:00,738,8,4,True,True,True,1790572276
2026-09-28T05:11:31+00:00,460,25,1,True,True,True,1790572276
2026-09-28T05:11:31+00:00,744,8,1,True,True,True,1790572276
2026-09-28T05:11:31+00:00,485,5,14,True,True,True,1790572276
2026-09-28T05:26:31+00:00,6026,11,23,True,True,True,1790573182
2026-09-28T05:26:31+00:00,5431,0,21,True,True,True,1790573182
2026-09-28T05:26:31+00:00,5424,1,16,True,True,True,1790573182
2026-09-28T05:26:31+00:00,5220,0,19,True,True,True,1790573182
2026-09-28T05:26:31+00:00,5217,19,11,True,True,True,1790573182
2026-09-28T05:26:31+00:00,5113,13,2,True,True,True,1790573182
2026-09-28T05:26:31+00:00,4683,3,18,True,True,True,1790573182
2026-09-28T05:26:31+00:00,4552,1,17,True,True,True,1790573182
2026-09-28T05:26:31+00:00,3725,0,18,True,True,True,1790573182
2026-09-28T05:26:31+00:00,2358,3,9,True,True,True,1790573182
2026-09-28T05:26:31+00:00,2357,8,14,True,True,True,1790573182
2026-09-28T05:26:31+00:00,2355,0,11,True,True,True,1790573182
2026-09-28T05:26:31+00:00,2351,0,17,True,True,True,1790573182
2026-09-28T05:26:31+00:00,2350,8,16,True,True,True,1790573182
2026-09-28T05:26:31+00:00,2349,1,20,True,True,True,1790573182
2026-09-28T05:26:31+00:00,2347,7,23,True,True,True,1790573182
2026-09-28T05:26:31+00:00,2340,16,9,True,True,True,1790573182
2026-09-28T05:26:31+00:00,2339,20,10,True,True,True,1790573182
2026-09-28T05:26:31+00:00,2337,12,1,True,True,True,1790573182
2026-09-28T05:26:31+00:00,2334,1,11,True,True,True,1790573182
2026-09-28T05:26:31+00:00,2333,15,0,True,True,True,1790573182
2026-09-28T05:26:31+00:00,2332,4,7,True,True,True,1790573182
2026-09-28T05:26:31+00:00,2330,11,0,True,True,True,1790573182
2026-09-28T05:26:31+00:00,2329,14,0,True,True,True,1790573182
2026-09-28T05:26:31+00:00,2328,11,9,True,True,True,1790573182
2026-09-28T05:26:31+00:00,2315,15,0,True,True,True,1790573182
2026-09-28T05:26:31+00:00,2308,4,4,True,True,True,1790573182
2026-09-28T05:26:31+00:00,2307,1,29,True,True,True,1790573182
2026-09-28T05:26:31+00:00,2306,1,17,True,True,True,1790573182
2026-09-28T05:26:31+00:00,2305,8,6,True,True,True,1790573182
2026-09-28T05:26:31+00:00,2304,1,14,True,True,True,1790573182
2026-09-28T05:26:31+00:00,2280,13,2,True,True,True,1790573182
2026-09-28T05:26:31+00:00,2270,2,16,True,True,True,1790573182
2026-09-28T05:26:31+00:00,1919,6,0,True,True,True,1790573182
2026-09-28T05:26:31+00:00,1755,21,11,True,True,True,1790573182
2026-09-28T05:26:31+00:00,1101,8,14,True,True,True,1790573182
2026-09-28T05:26:31+00:00,1023,3,10,True,True,True,1790573182
2026-09-28T05:26:31+00:00,1009,1,8,True,True,True,1790573182
2026-09-28T05:26:31+00:00,970,2,21,True,True,True,1790573182
2026-09-28T05:26:31+00:00,787,10,1,True,True,True,1790573182
2026-09-28T05:26:31+00:00,627,26,4,True,True,True,1790573182
2026-09-28T05:26:31+00:00,623,12,9,True,True,True,1790573182
2026-09-28T05:26:31+00:00,624,2,17,True,True,True,1790573182
2026-09-28T05:26:31+00:00,626,8,16,True,True,True,1790573182
2026-09-28T05:26:31+00:00,614,2,19,True,True,True,1790573182
2026-09-28T05:26:31+00:00,616,12,2,True,True,True,1790573182
2026-09-28T05:26:31+00:00,618,9,33,True,True,True,1790573182
2026-09-28T05:26:31+00:00,621,2,25,True,True,True,1790573182
2026-09-28T05:26:31+00:00,622,6,22,True,True,True,1790573182
2026-09-28T05:26:31+00:00,613,1,16,True,True,True,1790573182
2026-09-28T05:26:31+00:00,620,6,33,True,True,True,1790573182
2026-09-28T05:26:31+00:00,596,0,17,True,True,True,1790573182
2026-09-28T05:26:31+00:00,617,1,15,True,True,True,1790573182
2026-09-28T05:26:31+00:00,609,5,22,True,True,True,1790573182
2026-09-28T05:26:31+00:00,607,28,0,True,True,True,1790573182
2026-09-28T05:26:31+00:00,603,4,12,True,True,True,1790573182
2026-09-28T05:26:31+00:00,590,23,15,True,True,True,1790573182
2026-09-28T05:26:31+00:00,610,6,11,True,True,True,1790573182
2026-09-28T05:26:31+00:00,608,2,19,True,True,True,1790573182
2026-09-28T05:26:31+00:00,593,0,30,True,True,True,1790573182
2026-09-28T05:26:31+00:00,530,6,3,True,True,True,1790573182
2026-09-28T05:26:31+00:00,463,14,2,True,True,True,1790573182
2026-09-28T05:26:31+00:00,475,6,17,True,True,True,1790573182
2026-09-28T05:26:31+00:00,439,16,9,True,True,True,1790573182
2026-09-28T05:26:31+00:00,600,10,0,True,True,True,1790573182
2026-09-28T05:26:31+00:00,440,13,4,True,True,True,1790573182
2026-09-28T05:26:31+00:00,612,2,13,True,True,True,1790573182
2026-09-28T05:26:31+00:00,491,11,7,True,True,True,1790573182
2026-09-28T05:26:31+00:00,493,22,5,True,True,True,1790573182
2026-09-28T05:26:31+00:00,410,7,17,True,True,True,1790573182
2026-09-28T05:26:31+00:00,605,11,6,True,True,True,1790573182
2026-09-28T05:26:31+00:00,388,6,11,True,True,True,1790573182
2026-09-28T05:26:31+00:00,591,3,21,True,True,True,1790573182
2026-09-28T05:26:31+00:00,592,8,10,True,True,True,1790573182
2026-09-28T05:26:31+00:00,585,12,5,True,True,True,1790573182
2026-09-28T05:26:31+00:00,565,1,15,True,True,True,1790573182
2026-09-28T05:26:31+00:00,571,5,14,True,True,True,1790573182
2026-09-28T05:26:31+00:00,568,4,11,True,True,True,1790573182
2026-09-28T05:26:31+00:00,588,5,15,True,True,True,1790573182
2026-09-28T05:26:31+00:00,584,22,12,True,True,True,1790573182
2026-09-28T05:26:31+00:00,569,17,11,True,True,True,1790573182
2026-09-28T05:26:31+00:00,577,12,17,True,True,True,1790573182
2026-09-28T05:26:31+00:00,564,0,29,True,True,True,1790573182
2026-09-28T05:26:31+00:00,570,3,12,True,True,True,1790573182
2026-09-28T05:26:31+00:00,572,14,23,True,True,True,1790573182
2026-09-28T05:26:31+00:00,586,0,26,True,True,True,1790573182
2026-09-28T05:26:31+00:00,576,13,5,True,True,True,1790573182
2026-09-28T05:26:31+00:00,566,20,4,True,True,True,1790573182
2026-09-28T05:26:31+00:00,602,3,15,True,True,True,1790573182
2026-09-28T05:26:31+00:00,575,0,26,True,True,True,1790573182
2026-09-28T05:26:31+00:00,567,1,38,True,True,True,1790573182
2026-09-28T05:26:31+00:00,582,0,27,True,True,True,1790573182
2026-09-28T05:26:31+00:00,595,22,0,True,True,True,1790573182
2026-09-28T05:26:31+00:00,542,14,4,True,True,True,1790573182
2026-09-28T05:26:31+00:00,563,13,2,True,True,True,1790573182
2026-09-28T05:26:31+00:00,558,15,0,True,True,True,1790573182
2026-09-28T05:26:31+00:00,552,13,4,True,True,True,1790573182
2026-09-28T05:26:31+00:00,555,2,13,True,True,True,1790573182
2026-09-28T05:26:31+00:00,573,10,14,True,True,True,1790573182
2026-09-28T05:26:31+00:00,561,0,21,True,True,True,1790573182
2026-09-28T05:26:31+00:00,615,20,1,True,True,True,1790573182
2026-09-28T05:26:31+00:00,543,2,17,True,True,True,1790573182
2026-09-28T05:26:31+00:00,554,2,19,True,True,True,1790573182
2026-09-28T05:26:31+00:00,574,11,1,True,True,True,1790573182
2026-09-28T05:26:31+00:00,560,2,6,True,True,True,1790573182
2026-09-28T05:26:31+00:00,548,15,2,True,True,True,1790573182
2026-09-28T05:26:31+00:00,559,11,5,True,True,True,1790573182
2026-09-28T05:26:31+00:00,545,26,13,True,True,True,1790573182
2026-09-28T05:26:31+00:00,550,0,9,True,True,True,1790573182
2026-09-28T05:26:31+00:00,541,10,1,True,True,True,1790573182
2026-09-28T05:26:31+00:00,527,6,4,True,True,True,1790573182
2026-09-28T05:26:31+00:00,529,4,17,True,True,True,1790573182
2026-09-28T05:26:31+00:00,526,7,8,True,True,True,1790573182
2026-09-28T05:26:31+00:00,537,14,4,True,True,True,1790573182
2026-09-28T05:26:31+00:00,547,15,15,True,True,True,1790573182
2026-09-28T05:26:31+00:00,601,2,17,True,True,True,1790573182
2026-09-28T05:26:31+00:00,533,7,5,True,True,True,1790573182
2026-09-28T05:26:31+00:00,535,3,23,True,True,True,1790573182
2026-09-28T05:26:31+00:00,524,1,19,True,True,True,1790573182
2026-09-28T05:26:31+00:00,519,8,16,True,True,True,1790573182
2026-09-28T05:26:31+00:00,534,16,23,True,True,True,1790573182
2026-09-28T05:26:31+00:00,521,9,0,True,True,True,1790573182
2026-09-28T05:26:31+00:00,518,0,18,True,True,True,1790573182
2026-09-28T05:26:31+00:00,556,2,16,True,True,True,1790573182
2026-09-28T05:26:31+00:00,525,0,15,True,True,True,1790573182
2026-09-28T05:26:31+00:00,517,0,17,True,True,True,1790573182
2026-09-28T05:26:31+00:00,523,20,10,True,True,True,1790573182
2026-09-28T05:26:31+00:00,522,6,3,True,True,True,1790573182
2026-09-28T05:26:31+00:00,594,2,17,True,True,True,1790573182
2026-09-28T05:26:31+00:00,532,4,16,True,True,True,1790573182
2026-09-28T05:26:31+00:00,509,4,8,True,True,True,1790573182
2026-09-28T05:26:31+00:00,531,0,17,True,True,True,1790573182
2026-09-28T05:26:31+00:00,536,1,8,True,True,True,1790573182
2026-09-28T05:26:31+00:00,562,24,16,True,True,True,1790573182
2026-09-28T05:26:31+00:00,511,21,1,True,True,True,1790573182
2026-09-28T05:26:31+00:00,505,1,21,True,True,True,1790573182
2026-09-28T05:26:31+00:00,501,0,16,True,True,True,1790573182
2026-09-28T05:26:31+00:00,514,8,3,True,True,True,1790573182
2026-09-28T05:26:31+00:00,500,4,14,True,True,True,1790573182
2026-09-28T05:26:31+00:00,503,5,25,True,True,True,1790573182
2026-09-28T05:26:31+00:00,513,13,0,True,True,True,1790573182
2026-09-28T05:26:31+00:00,498,2,10,True,True,True,1790573182
2026-09-28T05:26:31+00:00,507,13,4,True,True,True,1790573182
2026-09-28T05:26:31+00:00,512,8,17,True,True,True,1790573182
2026-09-28T05:26:31+00:00,619,0,42,True,True,True,1790573182
2026-09-28T05:26:31+00:00,474,9,33,True,True,True,1790573182
2026-09-28T05:26:31+00:00,580,0,45,True,True,True,1790573182
2026-09-28T05:26:31+00:00,496,1,40,True,True,True,1790573182
2026-09-28T05:26:31+00:00,482,0,17,True,True,True,1790573182
2026-09-28T05:26:31+00:00,407,1,11,True,True,True,1790573182
2026-09-28T05:26:31+00:00,409,1,24,True,True,True,1790573182
2026-09-28T05:26:31+00:00,451,0,19,True,True,True,1790573182
2026-09-28T05:26:31+00:00,402,13,6,True,True,True,1790573182
2026-09-28T05:26:31+00:00,516,4,11,True,True,True,1790573182
2026-09-28T05:26:31+00:00,625,9,29,True,True,True,1790573182
2026-09-28T05:26:31+00:00,429,15,5,True,True,True,1790573182
2026-09-28T05:26:31+00:00,380,0,21,True,True,True,1790573182
2026-09-28T05:26:31+00:00,583,5,12,True,True,True,1790573182
2026-09-28T05:26:31+00:00,398,4,7,True,True,True,1790573182
2026-09-28T05:26:31+00:00,381,9,5,True,True,True,1790573182
2026-09-28T05:26:31+00:00,464,32,8,True,True,True,1790573182
2026-09-28T05:26:31+00:00,442,11,7,True,True,True,1790573182
2026-09-28T05:26:31+00:00,483,8,11,True,True,True,1790573182
2026-09-28T05:26:31+00:00,458,2,13,True,True,True,1790573182
2026-09-28T05:26:31+00:00,499,5,10,True,True,True,1790573182
2026-09-28T05:26:31+00:00,472,2,17,True,True,True,1790573182
2026-09-28T05:26:31+00:00,506,4,22,True,True,True,1790573182
2026-09-28T05:26:31+00:00,465,8,21,True,True,True,1790573182
2026-09-28T05:26:31+00:00,611,9,27,True,True,True,1790573182
2026-09-28T05:26:31+00:00,404,24,0,True,True,True,1790573182
2026-09-28T05:26:31+00:00,579,0,18,True,True,True,1790573182
2026-09-28T05:26:31+00:00,589,3,24,True,True,True,1790573182
2026-09-28T05:26:31+00:00,434,4,17,True,True,True,1790573182
2026-09-28T05:26:31+00:00,462,0,12,True,True,True,1790573182
2026-09-28T05:26:31+00:00,578,22,1,True,True,True,1790573182
2026-09-28T05:26:31+00:00,415,3,9,True,True,True,1790573182
2026-09-28T05:26:31+00:00,423,16,3,True,True,True,1790573182
2026-09-28T05:26:31+00:00,412,4,2,True,True,True,1790573182
2026-09-28T05:26:31+00:00,387,12,1,True,True,True,1790573182
2026-09-28T05:26:31+00:00,441,1,14,True,True,True,1790573182
2026-09-28T05:26:31+00:00,454,3,20,True,True,True,1790573182
2026-09-28T05:26:31+00:00,436,3,11,True,True,True,1790573182
2026-09-28T05:26:31+00:00,394,1,17,True,True,True,1790573182
2026-09-28T05:26:31+00:00,497,2,22,True,True,True,1790573182
2026-09-28T05:26:31+00:00,581,15,6,True,True,True,1790573182
2026-09-28T05:26:31+00:00,461,1,18,True,True,True,1790573182
2026-09-28T05:26:31+00:00,599,7,41,True,True,True,1790573182
2026-09-28T05:26:31+00:00,428,2,21,True,True,True,1790573182
2026-09-28T05:26:31+00:00,400,2,20,True,True,True,1790573182
2026-09-28T05:26:31+00:00,487,0,21,True,True,True,1790573182
2026-09-28T05:26:31+00:00,438,1,40,True,True,True,1790573182
2026-09-28T05:26:31+00:00,459,4,6,True,True,True,1790573182
2026-09-28T05:26:31+00:00,433,1,15,True,True,True,1790573182
2026-09-28T05:26:31+00:00,399,17,12,True,True,True,1790573182
2026-09-28T05:26:31+00:00,489,10,18,True,True,True,1790573182
2026-09-28T05:26:31+00:00,742,6,20,True,True,True,1790573182
2026-09-28T05:26:31+00:00,551,28,3,True,True,True,1790573182
2026-09-28T05:26:31+00:00,406,1,10,True,True,True,1790573182
2026-09-28T05:26:31+00:00,488,1,22,True,True,True,1790573182
2026-09-28T05:26:31+00:00,540,0,36,True,True,True,1790573182
2026-09-28T05:26:31+00:00,431,1,18,True,True,True,1790573182
2026-09-28T05:26:31+00:00,393,1,18,True,True,True,1790573182
2026-09-28T05:26:31+00:00,420,0,17,True,True,True,1790573182
2026-09-28T05:26:31+00:00,397,3,27,True,True,True,1790573182
2026-09-28T05:26:31+00:00,390,3,27,True,True,True,1790573182
2026-09-28T05:26:31+00:00,449,9,15,True,True,True,1790573182
2026-09-28T05:26:31+00:00,430,5,36,True,True,True,1790573182
2026-09-28T05:26:31+00:00,484,9,25,True,True,True,1790573182
2026-09-28T05:26:31+00:00,479,10,19,True,True,True,1790573182
2026-09-28T05:26:31+00:00,403,4,9,True,True,True,1790573182
2026-09-28T05:26:31+00:00,435,10,19,True,True,True,1790573182
2026-09-28T05:26:31+00:00,426,4,16,True,True,True,1790573182
2026-09-28T05:26:31+00:00,450,8,7,True,True,True,1790573182
2026-09-28T05:26:31+00:00,456,4,30,True,True,True,1790573182
2026-09-28T05:26:31+00:00,468,3,11,True,True,True,1790573182
2026-09-28T05:26:31+00:00,453,4,29,True,True,True,1790573182
2026-09-28T05:26:31+00:00,466,0,14,True,True,True,1790573182
2026-09-28T05:26:31+00:00,469,0,30,True,True,True,1790573182
2026-09-28T05:26:31+00:00,416,1,13,True,True,True,1790573182
2026-09-28T05:26:31+00:00,391,1,12,True,True,True,1790573182
2026-09-28T05:26:31+00:00,389,3,13,True,True,True,1790573182
2026-09-28T05:26:31+00:00,470,0,14,True,True,True,1790573182
2026-09-28T05:26:31+00:00,384,13,4,True,True,True,1790573182
2026-09-28T05:26:31+00:00,425,2,6,True,True,True,1790573182
2026-09-28T05:26:31+00:00,411,1,11,True,True,True,1790573182
2026-09-28T05:26:31+00:00,598,4,29,True,True,True,1790573182
2026-09-28T05:26:31+00:00,444,11,7,True,True,True,1790573182
2026-09-28T05:26:31+00:00,447,18,12,True,True,True,1790573182
2026-09-28T05:26:31+00:00,408,6,8,True,True,True,1790573182
2026-09-28T05:26:31+00:00,737,23,1,True,True,True,1790573182
2026-09-28T05:26:31+00:00,432,1,11,True,True,True,1790573182
2026-09-28T05:26:31+00:00,401,5,0,True,True,True,1790573182
2026-09-28T05:26:31+00:00,452,11,18,True,True,True,1790573182
2026-09-28T05:26:31+00:00,392,2,2,True,True,True,1790573182
2026-09-28T05:26:31+00:00,481,21,21,True,True,True,1790573182
2026-09-28T05:26:31+00:00,495,22,18,True,True,True,1790573182
2026-09-28T05:26:31+00:00,478,14,1,True,True,True,1790573182
2026-09-28T05:26:31+00:00,414,10,1,True,True,True,1790573182
2026-09-28T05:26:31+00:00,476,3,16,True,True,True,1790573182
2026-09-28T05:26:31+00:00,445,18,0,True,True,True,1790573182
2026-09-28T05:26:31+00:00,748,8,20,True,True,True,1790573182
2026-09-28T05:26:31+00:00,473,1,4,True,True,True,1790573182
2026-09-28T05:26:31+00:00,383,1,25,True,True,True,1790573182
2026-09-28T05:26:31+00:00,480,15,9,True,True,True,1790573182
2026-09-28T05:26:31+00:00,421,10,10,True,True,True,1790573182
2026-09-28T05:26:31+00:00,746,7,3,True,True,True,1790573182
2026-09-28T05:26:31+00:00,417,2,12,True,True,True,1790573182
2026-09-28T05:26:31+00:00,427,1,13,True,True,True,1790573182
2026-09-28T05:26:31+00:00,395,1,13,True,True,True,1790573182
2026-09-28T05:26:31+00:00,418,17,9,True,True,True,1790573182
2026-09-28T05:26:31+00:00,413,3,8,True,True,True,1790573182
2026-09-28T05:26:31+00:00,486,0,23,True,True,True,1790573182
2026-09-28T05:26:31+00:00,597,8,7,True,True,True,1790573182
2026-09-28T05:26:31+00:00,422,3,5,True,True,True,1790573182
2026-09-28T05:26:31+00:00,382,0,7,True,True,True,1790573182
2026-09-28T05:26:31+00:00,396,5,14,True,True,True,1790573182
2026-09-28T05:26:31+00:00,735,14,0,True,True,True,1790573182
2026-09-28T05:26:31+00:00,437,1,22,True,True,True,1790573182
2026-09-28T05:26:31+00:00,446,4,15,True,True,True,1790573182
2026-09-28T05:26:31+00:00,424,5,3,True,True,True,1790573182
2026-09-28T05:26:31+00:00,455,10,2,True,True,True,1790573182
2026-09-28T05:26:31+00:00,457,9,1,True,True,True,1790573182
2026-09-28T05:26:31+00:00,377,4,25,True,True,True,1790573182
2026-09-28T05:26:31+00:00,738,8,4,True,True,True,1790573182
2026-09-28T05:26:31+00:00,460,24,2,True,True,True,1790573182
2026-09-28T05:26:31+00:00,744,7,2,True,True,True,1790573182
2026-09-28T05:26:31+00:00,485,5,14,True,True,True,1790573182
2026-09-28T05:41:31+00:00,6026,10,24,True,True,True,1790574084
2026-09-28T05:41:31+00:00,5431,0,21,True,True,True,1790574084
2026-09-28T05:41:31+00:00,5424,1,16,True,True,True,1790574084
2026-09-28T05:41:31+00:00,5220,0,19,True,True,True,1790574084
2026-09-28T05:41:31+00:00,5217,20,10,True,True,True,1790574084
2026-09-28T05:41:31+00:00,5113,12,3,True,True,True,1790574084
2026-09-28T05:41:31+00:00,4683,4,17,True,True,True,1790574084
2026-09-28T05:41:31+00:00,4552,1,17,True,True,True,1790574084
2026-09-28T05:41:31+00:00,3725,0,18,True,True,True,1790574084
2026-09-28T05:41:31+00:00,2358,4,8,True,True,True,1790574084
2026-09-28T05:41:31+00:00,2357,8,15,True,True,True,1790574084
2026-09-28T05:41:31+00:00,2355,0,11,True,True,True,1790574084
2026-09-28T05:41:31+00:00,2351,0,17,True,True,True,1790574084
2026-09-28T05:41:31+00:00,2350,8,16,True,True,True,1790574084
2026-09-28T05:41:31+00:00,2349,1,20,True,True,True,1790574084
2026-09-28T05:41:31+00:00,2347,7,23,True,True,True,1790574084
2026-09-28T05:41:31+00:00,2340,16,9,True,True,True,1790574084
2026-09-28T05:41:31+00:00,2339,20,10,True,True,True,1790574084
2026-09-28T05:41:31+00:00,2337,12,1,True,True,True,1790574084
2026-09-28T05:41:31+00:00,2334,1,10,True,True,True,1790574084
2026-09-28T05:41:31+00:00,2333,15,0,True,True,True,1790574084
2026-09-28T05:41:31+00:00,2332,5,6,True,True,True,1790574084
2026-09-28T05:41:31+00:00,2330,11,0,True,True,True,1790574084
2026-09-28T05:41:31+00:00,2329,14,0,True,True,True,1790574084
2026-09-28T05:41:31+00:00,2328,14,6,True,True,True,1790574084
2026-09-28T05:41:31+00:00,2315,15,0,True,True,True,1790574084
2026-09-28T05:41:31+00:00,2308,5,3,True,True,True,1790574084
2026-09-28T05:41:31+00:00,2307,1,29,True,True,True,1790574084
2026-09-28T05:41:31+00:00,2306,1,17,True,True,True,1790574084
2026-09-28T05:41:31+00:00,2305,7,7,True,True,True,1790574084
2026-09-28T05:41:31+00:00,2304,1,14,True,True,True,1790574084
2026-09-28T05:41:31+00:00,2280,13,2,True,True,True,1790574084
2026-09-28T05:41:31+00:00,2270,2,16,True,True,True,1790574084
2026-09-28T05:41:31+00:00,1919,6,0,True,True,True,1790574084
2026-09-28T05:41:31+00:00,1755,23,9,True,True,True,1790574084
2026-09-28T05:41:31+00:00,1101,8,14,True,True,True,1790574084
2026-09-28T05:41:31+00:00,1023,4,9,True,True,True,1790574084
2026-09-28T05:41:31+00:00,1009,1,8,True,True,True,1790574084
2026-09-28T05:41:31+00:00,970,1,22,True,True,True,1790574084
2026-09-28T05:41:31+00:00,787,10,1,True,True,True,1790574084
2026-09-28T05:41:31+00:00,627,26,4,True,True,True,1790574084
2026-09-28T05:41:31+00:00,623,13,8,True,True,True,1790574084
2026-09-28T05:41:31+00:00,624,2,17,True,True,True,1790574084
2026-09-28T05:41:31+00:00,626,8,16,True,True,True,1790574084
2026-09-28T05:41:31+00:00,614,2,19,True,True,True,1790574084
2026-09-28T05:41:31+00:00,616,12,2,True,True,True,1790574084
2026-09-28T05:41:31+00:00,618,9,33,True,True,True,1790574084
2026-09-28T05:41:31+00:00,621,2,25,True,True,True,1790574084
2026-09-28T05:41:31+00:00,622,6,22,True,True,True,1790574084
2026-09-28T05:41:31+00:00,613,1,16,True,True,True,1790574084
2026-09-28T05:41:31+00:00,620,6,33,True,True,True,1790574084
2026-09-28T05:41:31+00:00,596,0,17,True,True,True,1790574084
2026-09-28T05:41:31+00:00,617,1,15,True,True,True,1790574084
2026-09-28T05:41:31+00:00,609,6,21,True,True,True,1790574084
2026-09-28T05:41:31+00:00,607,24,5,True,True,True,1790574084
2026-09-28T05:41:31+00:00,603,3,13,True,True,True,1790574084
2026-09-28T05:41:31+00:00,590,23,15,True,True,True,1790574084
2026-09-28T05:41:31+00:00,610,5,12,True,True,True,1790574084
2026-09-28T05:41:31+00:00,608,2,19,True,True,True,1790574084
2026-09-28T05:41:31+00:00,593,5,25,True,True,True,1790574084
2026-09-28T05:41:31+00:00,530,5,4,True,True,True,1790574084
2026-09-28T05:41:31+00:00,463,14,3,True,True,True,1790574084
2026-09-28T05:41:31+00:00,475,6,17,True,True,True,1790574084
2026-09-28T05:41:31+00:00,439,15,10,True,True,True,1790574084
2026-09-28T05:41:31+00:00,600,10,0,True,True,True,1790574084
2026-09-28T05:41:31+00:00,440,12,5,True,True,True,1790574084
2026-09-28T05:41:31+00:00,612,2,13,True,True,True,1790574084
2026-09-28T05:41:31+00:00,491,11,7,True,True,True,1790574084
2026-09-28T05:41:31+00:00,493,21,7,True,True,True,1790574084
2026-09-28T05:41:31+00:00,410,6,17,True,True,True,1790574084
2026-09-28T05:41:31+00:00,605,10,7,True,True,True,1790574084
2026-09-28T05:41:31+00:00,388,6,11,True,True,True,1790574084
2026-09-28T05:41:31+00:00,591,3,21,True,True,True,1790574084
2026-09-28T05:41:31+00:00,592,8,10,True,True,True,1790574084
2026-09-28T05:41:31+00:00,585,12,5,True,True,True,1790574084
2026-09-28T05:41:31+00:00,565,1,15,True,True,True,1790574084
2026-09-28T05:41:31+00:00,571,6,13,True,True,True,1790574084
2026-09-28T05:41:31+00:00,568,4,11,True,True,True,1790574084
2026-09-28T05:41:31+00:00,588,5,15,True,True,True,1790574084
2026-09-28T05:41:31+00:00,584,21,13,True,True,True,1790574084
2026-09-28T05:41:31+00:00,569,16,12,True,True,True,1790574084
2026-09-28T05:41:31+00:00,577,12,17,True,True,True,1790574084
2026-09-28T05:41:31+00:00,564,0,29,True,True,True,1790574084
2026-09-28T05:41:31+00:00,570,3,12,True,True,True,1790574084
2026-09-28T05:41:31+00:00,572,14,23,True,True,True,1790574084
2026-09-28T05:41:31+00:00,586,0,26,True,True,True,1790574084
2026-09-28T05:41:31+00:00,576,13,5,True,True,True,1790574084
2026-09-28T05:41:31+00:00,566,20,4,True,True,True,1790574084
2026-09-28T05:41:31+00:00,602,3,15,True,True,True,1790574084
2026-09-28T05:41:31+00:00,575,0,26,True,True,True,1790574084
2026-09-28T05:41:31+00:00,567,2,37,True,True,True,1790574084
2026-09-28T05:41:31+00:00,582,0,27,True,True,True,1790574084
2026-09-28T05:41:31+00:00,595,22,0,True,True,True,1790574084
2026-09-28T05:41:31+00:00,542,14,4,True,True,True,1790574084
2026-09-28T05:41:31+00:00,563,12,3,True,True,True,1790574084
2026-09-28T05:41:31+00:00,558,15,0,True,True,True,1790574084
2026-09-28T05:41:31+00:00,552,13,4,True,True,True,1790574084
2026-09-28T05:41:31+00:00,555,1,14,True,True,True,1790574084
2026-09-28T05:41:31+00:00,573,10,14,True,True,True,1790574084
2026-09-28T05:41:31+00:00,561,0,21,True,True,True,1790574084
2026-09-28T05:41:31+00:00,615,19,2,True,True,True,1790574084
2026-09-28T05:41:31+00:00,543,4,15,True,True,True,1790574084
2026-09-28T05:41:31+00:00,554,2,19,True,True,True,1790574084
2026-09-28T05:41:31+00:00,574,11,1,True,True,True,1790574084
2026-09-28T05:41:31+00:00,560,2,6,True,True,True,1790574084
2026-09-28T05:41:31+00:00,548,15,2,True,True,True,1790574084
2026-09-28T05:41:31+00:00,559,11,5,True,True,True,1790574084
2026-09-28T05:41:31+00:00,545,26,13,True,True,True,1790574084
2026-09-28T05:41:31+00:00,550,0,9,True,True,True,1790574084
2026-09-28T05:41:31+00:00,541,10,1,True,True,True,1790574084
2026-09-28T05:41:31+00:00,527,7,3,True,True,True,1790574084
2026-09-28T05:41:31+00:00,529,4,17,True,True,True,1790574084
2026-09-28T05:41:31+00:00,526,9,6,True,True,True,1790574084
2026-09-28T05:41:31+00:00,537,15,3,True,True,True,1790574084
2026-09-28T05:41:31+00:00,547,15,15,True,True,True,1790574084
2026-09-28T05:41:31+00:00,601,2,17,True,True,True,1790574084
2026-09-28T05:41:31+00:00,533,7,5,True,True,True,1790574084
2026-09-28T05:41:31+00:00,535,3,23,True,True,True,1790574084
2026-09-28T05:41:31+00:00,524,2,18,True,True,True,1790574084
2026-09-28T05:41:31+00:00,519,8,16,True,True,True,1790574084
2026-09-28T05:41:31+00:00,534,17,22,True,True,True,1790574084
2026-09-28T05:41:31+00:00,521,9,0,True,True,True,1790574084
2026-09-28T05:41:31+00:00,518,0,18,True,True,True,1790574084
2026-09-28T05:41:31+00:00,556,2,16,True,True,True,1790574084
2026-09-28T05:41:31+00:00,525,0,15,True,True,True,1790574084
2026-09-28T05:41:31+00:00,517,0,17,True,True,True,1790574084
2026-09-28T05:41:31+00:00,523,22,8,True,True,True,1790574084
2026-09-28T05:41:31+00:00,522,6,3,True,True,True,1790574084
2026-09-28T05:41:31+00:00,594,2,17,True,True,True,1790574084
2026-09-28T05:41:31+00:00,532,4,16,True,True,True,1790574084
2026-09-28T05:41:31+00:00,509,4,8,True,True,True,1790574084
2026-09-28T05:41:31+00:00,531,0,17,True,True,True,1790574084
2026-09-28T05:41:31+00:00,536,1,8,True,True,True,1790574084
2026-09-28T05:41:31+00:00,562,24,16,True,True,True,1790574084
2026-09-28T05:41:31+00:00,511,22,0,True,True,True,1790574084
2026-09-28T05:41:31+00:00,505,1,21,True,True,True,1790574084
2026-09-28T05:41:31+00:00,501,0,16,True,True,True,1790574084
2026-09-28T05:41:31+00:00,514,8,3,True,True,True,1790574084
2026-09-28T05:41:31+00:00,500,4,14,True,True,True,1790574084
2026-09-28T05:41:31+00:00,503,3,27,True,True,True,1790574084
2026-09-28T05:41:31+00:00,513,13,0,True,True,True,1790574084
2026-09-28T05:41:31+00:00,498,2,10,True,True,True,1790574084
2026-09-28T05:41:31+00:00,507,10,6,True,True,True,1790574084
2026-09-28T05:41:31+00:00,512,7,18,True,True,True,1790574084
2026-09-28T05:41:31+00:00,619,0,42,True,True,True,1790574084
2026-09-28T05:41:31+00:00,474,9,33,True,True,True,1790574084
2026-09-28T05:41:31+00:00,580,0,45,True,True,True,1790574084
2026-09-28T05:41:31+00:00,496,1,40,True,True,True,1790574084
2026-09-28T05:41:31+00:00,482,0,17,True,True,True,1790574084
2026-09-28T05:41:31+00:00,407,0,12,True,True,True,1790574084
2026-09-28T05:41:31+00:00,409,1,24,True,True,True,1790574084
2026-09-28T05:41:31+00:00,451,1,18,True,True,True,1790574084
2026-09-28T05:41:31+00:00,402,13,6,True,True,True,1790574084
2026-09-28T05:41:31+00:00,516,2,13,True,True,True,1790574084
2026-09-28T05:41:31+00:00,625,9,29,True,True,True,1790574084
2026-09-28T05:41:31+00:00,429,7,13,True,True,True,1790574084
2026-09-28T05:41:31+00:00,380,0,21,True,True,True,1790574084
2026-09-28T05:41:31+00:00,583,5,12,True,True,True,1790574084
2026-09-28T05:41:31+00:00,398,4,7,True,True,True,1790574084
2026-09-28T05:41:31+00:00,381,12,2,True,True,True,1790574084
2026-09-28T05:41:31+00:00,464,32,9,True,True,True,1790574084
2026-09-28T05:41:31+00:00,442,11,7,True,True,True,1790574084
2026-09-28T05:41:31+00:00,483,8,11,True,True,True,1790574084
2026-09-28T05:41:31+00:00,458,1,14,True,True,True,1790574084
2026-09-28T05:41:31+00:00,499,2,13,True,True,True,1790574084
2026-09-28T05:41:31+00:00,472,2,17,True,True,True,1790574084
2026-09-28T05:41:31+00:00,506,4,22,True,True,True,1790574084
2026-09-28T05:41:31+00:00,465,10,19,True,True,True,1790574084
2026-09-28T05:41:31+00:00,611,11,25,True,True,True,1790574084
2026-09-28T05:41:31+00:00,404,23,1,True,True,True,1790574084
2026-09-28T05:41:31+00:00,579,0,18,True,True,True,1790574084
2026-09-28T05:41:31+00:00,589,3,24,True,True,True,1790574084
2026-09-28T05:41:31+00:00,434,5,16,True,True,True,1790574084
2026-09-28T05:41:31+00:00,462,0,12,True,True,True,1790574084
2026-09-28T05:41:31+00:00,578,19,4,True,True,True,1790574084
2026-09-28T05:41:31+00:00,415,1,11,True,True,True,1790574084
2026-09-28T05:41:31+00:00,423,15,4,True,True,True,1790574084
2026-09-28T05:41:31+00:00,412,4,2,True,True,True,1790574084
2026-09-28T05:41:31+00:00,387,12,1,True,True,True,1790574084
2026-09-28T05:41:31+00:00,441,1,14,True,True,True,1790574084
2026-09-28T05:41:31+00:00,454,3,20,True,True,True,1790574084
2026-09-28T05:41:31+00:00,436,2,12,True,True,True,1790574084
2026-09-28T05:41:31+00:00,394,1,17,True,True,True,1790574084
2026-09-28T05:41:31+00:00,497,2,22,True,True,True,1790574084
2026-09-28T05:41:31+00:00,581,14,7,True,True,True,1790574084
2026-09-28T05:41:31+00:00,461,1,18,True,True,True,1790574084
2026-09-28T05:41:31+00:00,599,7,41,True,True,True,1790574084
2026-09-28T05:41:31+00:00,428,2,21,True,True,True,1790574084
2026-09-28T05:41:31+00:00,400,2,20,True,True,True,1790574084
2026-09-28T05:41:31+00:00,487,0,21,True,True,True,1790574084
2026-09-28T05:41:31+00:00,438,1,40,True,True,True,1790574084
2026-09-28T05:41:31+00:00,459,4,6,True,True,True,1790574084
2026-09-28T05:41:31+00:00,433,1,15,True,True,True,1790574084
2026-09-28T05:41:31+00:00,399,16,13,True,True,True,1790574084
2026-09-28T05:41:31+00:00,489,10,18,True,True,True,1790574084
2026-09-28T05:41:31+00:00,742,6,20,True,True,True,1790574084
2026-09-28T05:41:31+00:00,551,27,4,True,True,True,1790574084
2026-09-28T05:41:31+00:00,406,1,10,True,True,True,1790574084
2026-09-28T05:41:31+00:00,488,0,23,True,True,True,1790574084
2026-09-28T05:41:31+00:00,540,0,36,True,True,True,1790574084
2026-09-28T05:41:31+00:00,431,1,18,True,True,True,1790574084
2026-09-28T05:41:31+00:00,393,16,3,True,True,True,1790574084
2026-09-28T05:41:31+00:00,420,0,17,True,True,True,1790574084
2026-09-28T05:41:31+00:00,397,3,27,True,True,True,1790574084
2026-09-28T05:41:31+00:00,390,3,26,True,True,True,1790574084
2026-09-28T05:41:31+00:00,449,9,15,True,True,True,1790574084
2026-09-28T05:41:31+00:00,430,5,36,True,True,True,1790574084
2026-09-28T05:41:31+00:00,484,9,25,True,True,True,1790574084
2026-09-28T05:41:31+00:00,479,11,18,True,True,True,1790574084
2026-09-28T05:41:31+00:00,403,3,10,True,True,True,1790574084
2026-09-28T05:41:31+00:00,435,10,19,True,True,True,1790574084
2026-09-28T05:41:31+00:00,426,5,15,True,True,True,1790574084
2026-09-28T05:41:31+00:00,450,8,7,True,True,True,1790574084
2026-09-28T05:41:31+00:00,456,4,30,True,True,True,1790574084
2026-09-28T05:41:31+00:00,468,3,11,True,True,True,1790574084
2026-09-28T05:41:31+00:00,453,4,29,True,True,True,1790574084
2026-09-28T05:41:31+00:00,466,0,14,True,True,True,1790574084
2026-09-28T05:41:31+00:00,469,1,29,True,True,True,1790574084
2026-09-28T05:41:31+00:00,416,1,13,True,True,True,1790574084
2026-09-28T05:41:31+00:00,391,1,12,True,True,True,1790574084
2026-09-28T05:41:31+00:00,389,3,13,True,True,True,1790574084
2026-09-28T05:41:31+00:00,470,0,14,True,True,True,1790574084
2026-09-28T05:41:31+00:00,384,11,6,True,True,True,1790574084
2026-09-28T05:41:31+00:00,425,0,8,True,True,True,1790574084
2026-09-28T05:41:31+00:00,411,0,12,True,True,True,1790574084
2026-09-28T05:41:31+00:00,598,4,29,True,True,True,1790574084
2026-09-28T05:41:31+00:00,444,12,6,True,True,True,1790574084
2026-09-28T05:41:31+00:00,447,20,10,True,True,True,1790574084
2026-09-28T05:41:31+00:00,408,6,8,True,True,True,1790574084
2026-09-28T05:41:31+00:00,737,23,1,True,True,True,1790574084
2026-09-28T05:41:31+00:00,432,1,11,True,True,True,1790574084
2026-09-28T05:41:31+00:00,401,5,0,True,True,True,1790574084
2026-09-28T05:41:31+00:00,452,14,15,True,True,True,1790574084
2026-09-28T05:41:31+00:00,392,2,2,True,True,True,1790574084
2026-09-28T05:41:31+00:00,481,21,21,True,True,True,1790574084
2026-09-28T05:41:31+00:00,495,25,15,True,True,True,1790574084
2026-09-28T05:41:31+00:00,478,14,1,True,True,True,1790574084
2026-09-28T05:41:31+00:00,414,11,0,True,True,True,1790574084
2026-09-28T05:41:31+00:00,476,3,16,True,True,True,1790574084
2026-09-28T05:41:31+00:00,445,17,1,True,True,True,1790574084
2026-09-28T05:41:31+00:00,748,7,21,True,True,True,1790574084
2026-09-28T05:41:31+00:00,473,1,4,True,True,True,1790574084
2026-09-28T05:41:31+00:00,383,1,25,True,True,True,1790574084
2026-09-28T05:41:31+00:00,480,16,8,True,True,True,1790574084
2026-09-28T05:41:31+00:00,421,9,11,True,True,True,1790574084
2026-09-28T05:41:31+00:00,746,7,3,True,True,True,1790574084
2026-09-28T05:41:31+00:00,417,2,12,True,True,True,1790574084
2026-09-28T05:41:31+00:00,427,2,12,True,True,True,1790574084
2026-09-28T05:41:31+00:00,395,1,13,True,True,True,1790574084
2026-09-28T05:41:31+00:00,418,17,9,True,True,True,1790574084
2026-09-28T05:41:31+00:00,413,3,8,True,True,True,1790574084
2026-09-28T05:41:31+00:00,486,0,23,True,True,True,1790574084
2026-09-28T05:41:31+00:00,597,7,8,True,True,True,1790574084
2026-09-28T05:41:31+00:00,422,2,7,True,True,True,1790574084
2026-09-28T05:41:31+00:00,382,0,7,True,True,True,1790574084
2026-09-28T05:41:31+00:00,396,6,13,True,True,True,1790574084
2026-09-28T05:41:31+00:00,735,11,3,True,True,True,1790574084
2026-09-28T05:41:31+00:00,437,2,21,True,True,True,1790574084
2026-09-28T05:41:31+00:00,446,4,15,True,True,True,1790574084
2026-09-28T05:41:31+00:00,424,5,3,True,True,True,1790574084
2026-09-28T05:41:31+00:00,455,10,2,True,True,True,1790574084
2026-09-28T05:41:31+00:00,457,7,3,True,True,True,1790574084
2026-09-28T05:41:31+00:00,377,4,25,True,True,True,1790574084
2026-09-28T05:41:31+00:00,738,8,4,True,True,True,1790574084
2026-09-28T05:41:31+00:00,460,25,1,True,True,True,1790574084
2026-09-28T05:41:31+00:00,744,7,2,True,True,True,1790574084
2026-09-28T05:41:31+00:00,485,2,17,True,True,True,1790574084
2026-09-28T05:56:31+00:00,6026,11,23,True,True,True,1790574979
2026-09-28T05:56:31+00:00,5431,0,21,True,True,True,1790574979
2026-09-28T05:56:31+00:00,5424,1,16,True,True,True,1790574979
2026-09-28T05:56:31+00:00,5220,0,19,True,True,True,1790574979
2026-09-28T05:56:31+00:00,5217,22,8,True,True,True,1790574979
2026-09-28T05:56:31+00:00,5113,11,4,True,True,True,1790574979
2026-09-28T05:56:31+00:00,4683,4,17,True,True,True,1790574979
2026-09-28T05:56:31+00:00,4552,1,17,True,True,True,1790574979
2026-09-28T05:56:31+00:00,3725,0,18,True,True,True,1790574979
2026-09-28T05:56:31+00:00,2358,3,9,True,True,True,1790574979
2026-09-28T05:56:31+00:00,2357,7,16,True,True,True,1790574979
2026-09-28T05:56:31+00:00,2355,0,11,True,True,True,1790574979
2026-09-28T05:56:31+00:00,2351,0,17,True,True,True,1790574979
2026-09-28T05:56:31+00:00,2350,7,16,True,True,True,1790574979
2026-09-28T05:56:31+00:00,2349,1,20,True,True,True,1790574979
2026-09-28T05:56:31+00:00,2347,7,23,True,True,True,1790574979
2026-09-28T05:56:31+00:00,2340,15,10,True,True,True,1790574979
2026-09-28T05:56:31+00:00,2339,22,8,True,True,True,1790574979
2026-09-28T05:56:31+00:00,2337,12,1,True,True,True,1790574979
2026-09-28T05:56:31+00:00,2334,1,10,True,True,True,1790574979
2026-09-28T05:56:31+00:00,2333,15,0,True,True,True,1790574979
2026-09-28T05:56:31+00:00,2332,6,5,True,True,True,1790574979
2026-09-28T05:56:31+00:00,2330,11,0,True,True,True,1790574979
2026-09-28T05:56:31+00:00,2329,14,0,True,True,True,1790574979
2026-09-28T05:56:31+00:00,2328,17,3,True,True,True,1790574979
2026-09-28T05:56:31+00:00,2315,15,0,True,True,True,1790574979
2026-09-28T05:56:31+00:00,2308,8,0,True,True,True,1790574979
2026-09-28T05:56:31+00:00,2307,1,29,True,True,True,1790574979
2026-09-28T05:56:31+00:00,2306,1,17,True,True,True,1790574979
2026-09-28T05:56:31+00:00,2305,2,12,True,True,True,1790574979
2026-09-28T05:56:31+00:00,2304,1,14,True,True,True,1790574979
2026-09-28T05:56:31+00:00,2280,13,2,True,True,True,1790574979
2026-09-28T05:56:31+00:00,2270,2,16,True,True,True,1790574979
2026-09-28T05:56:31+00:00,1919,6,0,True,True,True,1790574979
2026-09-28T05:56:31+00:00,1755,24,8,True,True,True,1790574979
2026-09-28T05:56:31+00:00,1101,10,12,True,True,True,1790574979
2026-09-28T05:56:31+00:00,1023,4,9,True,True,True,1790574979
2026-09-28T05:56:31+00:00,1009,1,8,True,True,True,1790574979
2026-09-28T05:56:31+00:00,970,1,22,True,True,True,1790574979
2026-09-28T05:56:31+00:00,787,10,1,True,True,True,1790574979
2026-09-28T05:56:31+00:00,627,27,3,True,True,True,1790574979
2026-09-28T05:56:31+00:00,623,15,6,True,True,True,1790574979
2026-09-28T05:56:31+00:00,624,2,17,True,True,True,1790574979
2026-09-28T05:56:31+00:00,626,8,16,True,True,True,1790574979
2026-09-28T05:56:31+00:00,614,2,19,True,True,True,1790574979
2026-09-28T05:56:31+00:00,616,14,1,True,True,True,1790574979
2026-09-28T05:56:31+00:00,618,9,33,True,True,True,1790574979
2026-09-28T05:56:31+00:00,621,1,26,True,True,True,1790574979
2026-09-28T05:56:31+00:00,622,6,22,True,True,True,1790574979
2026-09-28T05:56:31+00:00,613,0,17,True,True,True,1790574979
2026-09-28T05:56:31+00:00,620,6,33,True,True,True,1790574979
2026-09-28T05:56:31+00:00,596,0,17,True,True,True,1790574979
2026-09-28T05:56:31+00:00,617,0,16,True,True,True,1790574979
2026-09-28T05:56:31+00:00,609,7,20,True,True,True,1790574979
2026-09-28T05:56:31+00:00,607,20,9,True,True,True,1790574979
2026-09-28T05:56:31+00:00,603,3,13,True,True,True,1790574979
2026-09-28T05:56:31+00:00,590,22,16,True,True,True,1790574979
2026-09-28T05:56:31+00:00,610,5,12,True,True,True,1790574979
2026-09-28T05:56:31+00:00,608,2,19,True,True,True,1790574979
2026-09-28T05:56:31+00:00,593,15,15,True,True,True,1790574979
2026-09-28T05:56:31+00:00,530,5,4,True,True,True,1790574979
2026-09-28T05:56:31+00:00,463,11,6,True,True,True,1790574979
2026-09-28T05:56:31+00:00,475,6,16,True,True,True,1790574979
2026-09-28T05:56:31+00:00,439,15,10,True,True,True,1790574979
2026-09-28T05:56:31+00:00,600,10,0,True,True,True,1790574979
2026-09-28T05:56:31+00:00,440,9,8,True,True,True,1790574979
2026-09-28T05:56:31+00:00,612,2,13,True,True,True,1790574979
2026-09-28T05:56:31+00:00,491,13,5,True,True,True,1790574979
2026-09-28T05:56:31+00:00,493,19,9,True,True,True,1790574979
2026-09-28T05:56:31+00:00,410,0,24,True,True,True,1790574979
2026-09-28T05:56:31+00:00,605,10,7,True,True,True,1790574979
2026-09-28T05:56:31+00:00,388,6,11,True,True,True,1790574979
2026-09-28T05:56:31+00:00,591,2,22,True,True,True,1790574979
2026-09-28T05:56:31+00:00,592,6,12,True,True,True,1790574979
2026-09-28T05:56:31+00:00,585,14,3,True,True,True,1790574979
2026-09-28T05:56:31+00:00,565,1,15,True,True,True,1790574979
2026-09-28T05:56:31+00:00,571,6,13,True,True,True,1790574979
2026-09-28T05:56:31+00:00,568,3,12,True,True,True,1790574979
2026-09-28T05:56:31+00:00,588,5,15,True,True,True,1790574979
2026-09-28T05:56:31+00:00,584,20,14,True,True,True,1790574979
2026-09-28T05:56:31+00:00,569,16,12,True,True,True,1790574979
2026-09-28T05:56:31+00:00,577,12,17,True,True,True,1790574979
2026-09-28T05:56:31+00:00,564,0,29,True,True,True,1790574979
2026-09-28T05:56:31+00:00,570,3,12,True,True,True,1790574979
2026-09-28T05:56:31+00:00,572,15,22,True,True,True,1790574979
2026-09-28T05:56:31+00:00,586,0,26,True,True,True,1790574979
2026-09-28T05:56:31+00:00,576,13,5,True,True,True,1790574979
2026-09-28T05:56:31+00:00,566,19,5,True,True,True,1790574979
2026-09-28T05:56:31+00:00,602,3,15,True,True,True,1790574979
2026-09-28T05:56:31+00:00,575,0,26,True,True,True,1790574979
2026-09-28T05:56:31+00:00,567,2,37,True,True,True,1790574979
2026-09-28T05:56:31+00:00,582,0,27,True,True,True,1790574979
2026-09-28T05:56:31+00:00,595,22,0,True,True,True,1790574979
2026-09-28T05:56:31+00:00,542,11,7,True,True,True,1790574979
2026-09-28T05:56:31+00:00,563,12,3,True,True,True,1790574979
2026-09-28T05:56:31+00:00,558,15,0,True,True,True,1790574979
2026-09-28T05:56:31+00:00,552,13,4,True,True,True,1790574979
2026-09-28T05:56:31+00:00,555,0,15,True,True,True,1790574979
2026-09-28T05:56:31+00:00,573,10,14,True,True,True,1790574979
2026-09-28T05:56:31+00:00,561,0,21,True,True,True,1790574979
2026-09-28T05:56:31+00:00,615,18,3,True,True,True,1790574979
2026-09-28T05:56:31+00:00,543,4,15,True,True,True,1790574979
2026-09-28T05:56:31+00:00,554,2,19,True,True,True,1790574979
2026-09-28T05:56:31+00:00,574,11,1,True,True,True,1790574979
2026-09-28T05:56:31+00:00,560,2,6,True,True,True,1790574979
2026-09-28T05:56:31+00:00,548,14,3,True,True,True,1790574979
2026-09-28T05:56:31+00:00,559,10,5,True,True,True,1790574979
2026-09-28T05:56:31+00:00,545,27,12,True,True,True,1790574979
2026-09-28T05:56:31+00:00,550,0,9,True,True,True,1790574979
2026-09-28T05:56:31+00:00,541,11,0,True,True,True,1790574979
2026-09-28T05:56:31+00:00,527,8,2,True,True,True,1790574979
2026-09-28T05:56:31+00:00,529,3,18,True,True,True,1790574979
2026-09-28T05:56:31+00:00,526,7,7,True,True,True,1790574979
2026-09-28T05:56:31+00:00,537,15,3,True,True,True,1790574979
2026-09-28T05:56:31+00:00,547,15,15,True,True,True,1790574979
2026-09-28T05:56:31+00:00,601,2,17,True,True,True,1790574979
2026-09-28T05:56:31+00:00,533,7,5,True,True,True,1790574979
2026-09-28T05:56:31+00:00,535,2,24,True,True,True,1790574979
2026-09-28T05:56:31+00:00,524,2,18,True,True,True,1790574979
2026-09-28T05:56:31+00:00,519,7,17,True,True,True,1790574979
2026-09-28T05:56:31+00:00,534,15,24,True,True,True,1790574979
2026-09-28T05:56:31+00:00,521,6,3,True,True,True,1790574979
2026-09-28T05:56:31+00:00,518,0,18,True,True,True,1790574979
2026-09-28T05:56:31+00:00,556,2,16,True,True,True,1790574979
2026-09-28T05:56:31+00:00,525,0,15,True,True,True,1790574979
2026-09-28T05:56:31+00:00,517,0,17,True,True,True,1790574979
2026-09-28T05:56:31+00:00,523,30,0,True,True,True,1790574979
2026-09-28T05:56:31+00:00,522,6,3,True,True,True,1790574979
2026-09-28T05:56:31+00:00,594,2,17,True,True,True,1790574979
2026-09-28T05:56:31+00:00,532,4,16,True,True,True,1790574979
2026-09-28T05:56:31+00:00,509,4,8,True,True,True,1790574979
2026-09-28T05:56:31+00:00,531,0,17,True,True,True,1790574979
2026-09-28T05:56:31+00:00,536,1,8,True,True,True,1790574979
2026-09-28T05:56:31+00:00,562,24,16,True,True,True,1790574979
2026-09-28T05:56:31+00:00,511,22,0,True,True,True,1790574979
2026-09-28T05:56:31+00:00,505,1,21,True,True,True,1790574979
2026-09-28T05:56:31+00:00,501,0,16,True,True,True,1790574979
2026-09-28T05:56:31+00:00,514,5,6,True,True,True,1790574979
2026-09-28T05:56:31+00:00,500,2,16,True,True,True,1790574979
2026-09-28T05:56:31+00:00,503,0,30,True,True,True,1790574979
2026-09-28T05:56:31+00:00,513,13,0,True,True,True,1790574979
2026-09-28T05:56:31+00:00,498,3,9,True,True,True,1790574979
2026-09-28T05:56:31+00:00,507,6,11,True,True,True,1790574979
2026-09-28T05:56:31+00:00,512,7,18,True,True,True,1790574979
2026-09-28T05:56:31+00:00,619,0,42,True,True,True,1790574979
2026-09-28T05:56:31+00:00,474,9,33,True,True,True,1790574979
2026-09-28T05:56:31+00:00,580,0,45,True,True,True,1790574979
2026-09-28T05:56:31+00:00,496,1,40,True,True,True,1790574979
2026-09-28T05:56:31+00:00,482,0,17,True,True,True,1790574979
2026-09-28T05:56:31+00:00,407,0,12,True,True,True,1790574979
2026-09-28T05:56:31+00:00,409,0,25,True,True,True,1790574979
2026-09-28T05:56:31+00:00,451,0,19,True,True,True,1790574979
2026-09-28T05:56:31+00:00,402,14,5,True,True,True,1790574979
2026-09-28T05:56:31+00:00,516,0,15,True,True,True,1790574979
2026-09-28T05:56:31+00:00,625,10,29,True,True,True,1790574979
2026-09-28T05:56:31+00:00,429,3,17,True,True,True,1790574979
2026-09-28T05:56:31+00:00,380,0,21,True,True,True,1790574979
2026-09-28T05:56:31+00:00,583,4,13,True,True,True,1790574979
2026-09-28T05:56:31+00:00,398,4,7,True,True,True,1790574979
2026-09-28T05:56:31+00:00,381,12,2,True,True,True,1790574979
2026-09-28T05:56:31+00:00,464,29,11,True,True,True,1790574979
2026-09-28T05:56:31+00:00,442,11,7,True,True,True,1790574979
2026-09-28T05:56:31+00:00,483,8,11,True,True,True,1790574979
2026-09-28T05:56:31+00:00,458,1,14,True,True,True,1790574979
2026-09-28T05:56:31+00:00,499,0,15,True,True,True,1790574979
2026-09-28T05:56:31+00:00,472,2,17,True,True,True,1790574979
2026-09-28T05:56:31+00:00,506,4,22,True,True,True,1790574979
2026-09-28T05:56:31+00:00,465,18,11,True,True,True,1790574979
2026-09-28T05:56:31+00:00,611,18,18,True,True,True,1790574979
2026-09-28T05:56:31+00:00,404,24,0,True,True,True,1790574979
2026-09-28T05:56:31+00:00,579,0,18,True,True,True,1790574979
2026-09-28T05:56:31+00:00,589,3,24,True,True,True,1790574979
2026-09-28T05:56:31+00:00,434,4,17,True,True,True,1790574979
2026-09-28T05:56:31+00:00,462,0,12,True,True,True,1790574979
2026-09-28T05:56:31+00:00,578,18,5,True,True,True,1790574979
2026-09-28T05:56:31+00:00,415,1,11,True,True,True,1790574979
2026-09-28T05:56:31+00:00,423,12,7,True,True,True,1790574979
2026-09-28T05:56:31+00:00,412,3,3,True,True,True,1790574979
2026-09-28T05:56:31+00:00,387,12,1,True,True,True,1790574979
2026-09-28T05:56:31+00:00,441,1,14,True,True,True,1790574979
2026-09-28T05:56:31+00:00,454,3,20,True,True,True,1790574979
2026-09-28T05:56:31+00:00,436,1,13,True,True,True,1790574979
2026-09-28T05:56:31+00:00,394,1,16,True,True,True,1790574979
2026-09-28T05:56:31+00:00,497,1,23,True,True,True,1790574979
2026-09-28T05:56:31+00:00,581,14,7,True,True,True,1790574979
2026-09-28T05:56:31+00:00,461,1,18,True,True,True,1790574979
2026-09-28T05:56:31+00:00,599,8,40,True,True,True,1790574979
2026-09-28T05:56:31+00:00,428,1,22,True,True,True,1790574979
2026-09-28T05:56:31+00:00,400,2,20,True,True,True,1790574979
2026-09-28T05:56:31+00:00,487,0,21,True,True,True,1790574979
2026-09-28T05:56:31+00:00,438,1,40,True,True,True,1790574979
2026-09-28T05:56:31+00:00,459,2,8,True,True,True,1790574979
2026-09-28T05:56:31+00:00,433,1,15,True,True,True,1790574979
2026-09-28T05:56:31+00:00,399,15,14,True,True,True,1790574979
2026-09-28T05:56:31+00:00,489,13,15,True,True,True,1790574979
2026-09-28T05:56:31+00:00,742,6,20,True,True,True,1790574979
2026-09-28T05:56:31+00:00,551,27,4,True,True,True,1790574979
2026-09-28T05:56:31+00:00,406,0,11,True,True,True,1790574979
2026-09-28T05:56:31+00:00,488,0,23,True,True,True,1790574979
2026-09-28T05:56:31+00:00,540,0,36,True,True,True,1790574979
2026-09-28T05:56:31+00:00,431,0,19,True,True,True,1790574979
2026-09-28T05:56:31+00:00,393,13,5,True,True,True,1790574979
2026-09-28T05:56:31+00:00,420,0,17,True,True,True,1790574979
2026-09-28T05:56:31+00:00,397,3,27,True,True,True,1790574979
2026-09-28T05:56:31+00:00,390,1,29,True,True,True,1790574979
2026-09-28T05:56:31+00:00,449,10,14,True,True,True,1790574979
2026-09-28T05:56:31+00:00,430,8,34,True,True,True,1790574979
2026-09-28T05:56:31+00:00,484,10,24,True,True,True,1790574979
2026-09-28T05:56:31+00:00,479,14,15,True,True,True,1790574979
2026-09-28T05:56:31+00:00,403,2,11,True,True,True,1790574979
2026-09-28T05:56:31+00:00,435,12,17,True,True,True,1790574979
2026-09-28T05:56:31+00:00,426,19,1,True,True,True,1790574979
2026-09-28T05:56:31+00:00,450,8,7,True,True,True,1790574979
2026-09-28T05:56:31+00:00,456,2,32,True,True,True,1790574979
2026-09-28T05:56:31+00:00,468,3,11,True,True,True,1790574979
2026-09-28T05:56:31+00:00,453,5,28,True,True,True,1790574979
2026-09-28T05:56:31+00:00,466,1,13,True,True,True,1790574979
2026-09-28T05:56:31+00:00,469,1,29,True,True,True,1790574979
2026-09-28T05:56:31+00:00,416,0,14,True,True,True,1790574979
2026-09-28T05:56:31+00:00,391,1,12,True,True,True,1790574979
2026-09-28T05:56:31+00:00,389,3,13,True,True,True,1790574979
2026-09-28T05:56:31+00:00,470,0,14,True,True,True,1790574979
2026-09-28T05:56:31+00:00,384,9,8,True,True,True,1790574979
2026-09-28T05:56:31+00:00,425,0,8,True,True,True,1790574979
2026-09-28T05:56:31+00:00,411,0,12,True,True,True,1790574979
2026-09-28T05:56:31+00:00,598,2,31,True,True,True,1790574979
2026-09-28T05:56:31+00:00,444,10,8,True,True,True,1790574979
2026-09-28T05:56:31+00:00,447,20,10,True,True,True,1790574979
2026-09-28T05:56:31+00:00,408,7,7,True,True,True,1790574979
2026-09-28T05:56:31+00:00,737,22,2,True,True,True,1790574979
2026-09-28T05:56:31+00:00,432,1,11,True,True,True,1790574979
2026-09-28T05:56:31+00:00,401,5,0,True,True,True,1790574979
2026-09-28T05:56:31+00:00,452,14,15,True,True,True,1790574979
2026-09-28T05:56:31+00:00,392,1,3,True,True,True,1790574979
2026-09-28T05:56:31+00:00,481,24,18,True,True,True,1790574979
2026-09-28T05:56:31+00:00,495,28,12,True,True,True,1790574979
2026-09-28T05:56:31+00:00,478,14,1,True,True,True,1790574979
2026-09-28T05:56:31+00:00,414,11,0,True,True,True,1790574979
2026-09-28T05:56:31+00:00,476,4,15,True,True,True,1790574979
2026-09-28T05:56:31+00:00,445,17,1,True,True,True,1790574979
2026-09-28T05:56:31+00:00,748,6,22,True,True,True,1790574979
2026-09-28T05:56:31+00:00,473,1,4,True,True,True,1790574979
2026-09-28T05:56:31+00:00,383,1,25,True,True,True,1790574979
2026-09-28T05:56:31+00:00,480,18,6,True,True,True,1790574979
2026-09-28T05:56:31+00:00,421,5,15,True,True,True,1790574979
2026-09-28T05:56:31+00:00,746,7,3,True,True,True,1790574979
2026-09-28T05:56:31+00:00,417,1,13,True,True,True,1790574979
2026-09-28T05:56:31+00:00,427,2,12,True,True,True,1790574979
2026-09-28T05:56:31+00:00,395,1,13,True,True,True,1790574979
2026-09-28T05:56:31+00:00,418,18,8,True,True,True,1790574979
2026-09-28T05:56:31+00:00,413,2,9,True,True,True,1790574979
2026-09-28T05:56:31+00:00,486,0,23,True,True,True,1790574979
2026-09-28T05:56:31+00:00,597,8,7,True,True,True,1790574979
2026-09-28T05:56:31+00:00,422,2,7,True,True,True,1790574979
2026-09-28T05:56:31+00:00,382,0,7,True,True,True,1790574979
2026-09-28T05:56:31+00:00,396,8,11,True,True,True,1790574979
2026-09-28T05:56:31+00:00,735,11,3,True,True,True,1790574979
2026-09-28T05:56:31+00:00,437,5,18,True,True,True,1790574979
2026-09-28T05:56:31+00:00,446,2,17,True,True,True,1790574979
2026-09-28T05:56:31+00:00,424,1,7,True,True,True,1790574979
2026-09-28T05:56:31+00:00,455,10,2,True,True,True,1790574979
2026-09-28T05:56:31+00:00,457,3,7,True,True,True,1790574979
2026-09-28T05:56:31+00:00,377,4,25,True,True,True,1790574979
2026-09-28T05:56:31+00:00,738,7,5,True,True,True,1790574979
2026-09-28T05:56:31+00:00,460,24,2,True,True,True,1790574979
2026-09-28T05:56:31+00:00,744,5,4,True,True,True,1790574979
2026-09-28T05:56:31+00:00,485,0,19,True,True,True,1790574979
2026-09-28T06:11:31+00:00,6026,13,21,True,True,True,1790575888
2026-09-28T06:11:31+00:00,5431,0,21,True,True,True,1790575888
2026-09-28T06:11:31+00:00,5424,1,16,True,True,True,1790575888
2026-09-28T06:11:31+00:00,5220,0,19,True,True,True,1790575888
2026-09-28T06:11:31+00:00,5217,23,7,True,True,True,1790575888
2026-09-28T06:11:31+00:00,5113,10,5,True,True,True,1790575888
2026-09-28T06:11:31+00:00,4683,4,17,True,True,True,1790575888
2026-09-28T06:11:31+00:00,4552,1,17,True,True,True,1790575888
2026-09-28T06:11:31+00:00,3725,1,17,True,True,True,1790575888
2026-09-28T06:11:31+00:00,2358,9,3,True,True,True,1790575888
2026-09-28T06:11:31+00:00,2357,7,16,True,True,True,1790575888
2026-09-28T06:11:31+00:00,2355,0,11,True,True,True,1790575888
2026-09-28T06:11:31+00:00,2351,0,17,True,True,True,1790575888
2026-09-28T06:11:31+00:00,2350,8,15,True,True,True,1790575888
2026-09-28T06:11:31+00:00,2349,1,20,True,True,True,1790575888
2026-09-28T06:11:31+00:00,2347,7,23,True,True,True,1790575888
2026-09-28T06:11:31+00:00,2340,15,10,True,True,True,1790575888
2026-09-28T06:11:31+00:00,2339,21,9,True,True,True,1790575888
2026-09-28T06:11:31+00:00,2337,13,0,True,True,True,1790575888
2026-09-28T06:11:31+00:00,2334,1,10,True,True,True,1790575888
2026-09-28T06:11:31+00:00,2333,14,1,True,True,True,1790575888
2026-09-28T06:11:31+00:00,2332,6,5,True,True,True,1790575888
2026-09-28T06:11:31+00:00,2330,11,0,True,True,True,1790575888
2026-09-28T06:11:31+00:00,2329,14,0,True,True,True,1790575888
2026-09-28T06:11:31+00:00,2328,18,2,True,True,True,1790575888
2026-09-28T06:11:31+00:00,2315,14,1,True,True,True,1790575888
2026-09-28T06:11:31+00:00,2308,8,0,True,True,True,1790575888
2026-09-28T06:11:31+00:00,2307,1,29,True,True,True,1790575888
2026-09-28T06:11:31+00:00,2306,3,15,True,True,True,1790575888
2026-09-28T06:11:31+00:00,2305,0,14,True,True,True,1790575888
2026-09-28T06:11:31+00:00,2304,1,14,True,True,True,1790575888
2026-09-28T06:11:31+00:00,2280,14,1,True,True,True,1790575888
2026-09-28T06:11:31+00:00,2270,2,16,True,True,True,1790575888
2026-09-28T06:11:31+00:00,1919,6,0,True,True,True,1790575888
2026-09-28T06:11:31+00:00,1755,26,6,True,True,True,1790575888
2026-09-28T06:11:31+00:00,1101,10,12,True,True,True,1790575888
2026-09-28T06:11:31+00:00,1023,5,8,True,True,True,1790575888
2026-09-28T06:11:31+00:00,1009,1,8,True,True,True,1790575888
2026-09-28T06:11:31+00:00,970,2,21,True,True,True,1790575888
2026-09-28T06:11:31+00:00,787,11,0,True,True,True,1790575888
2026-09-28T06:11:31+00:00,627,26,4,True,True,True,1790575888
2026-09-28T06:11:31+00:00,623,16,5,True,True,True,1790575888
2026-09-28T06:11:31+00:00,624,0,19,True,True,True,1790575888
2026-09-28T06:11:31+00:00,626,8,16,True,True,True,1790575888
2026-09-28T06:11:31+00:00,614,2,19,True,True,True,1790575888
2026-09-28T06:11:31+00:00,616,14,1,True,True,True,1790575888
2026-09-28T06:11:31+00:00,618,9,33,True,True,True,1790575888
2026-09-28T06:11:31+00:00,621,1,26,True,True,True,1790575888
2026-09-28T06:11:31+00:00,622,5,23,True,True,True,1790575888
2026-09-28T06:11:31+00:00,613,0,17,True,True,True,1790575888
2026-09-28T06:11:31+00:00,620,4,35,True,True,True,1790575888
2026-09-28T06:11:31+00:00,596,1,16,True,True,True,1790575888
2026-09-28T06:11:31+00:00,617,0,16,True,True,True,1790575888
2026-09-28T06:11:31+00:00,609,8,19,True,True,True,1790575888
2026-09-28T06:11:31+00:00,607,14,15,True,True,True,1790575888
2026-09-28T06:11:31+00:00,603,2,14,True,True,True,1790575888
2026-09-28T06:11:31+00:00,590,23,15,True,True,True,1790575888
2026-09-28T06:11:31+00:00,610,5,12,True,True,True,1790575888
2026-09-28T06:11:31+00:00,608,2,19,True,True,True,1790575888
2026-09-28T06:11:31+00:00,593,14,16,True,True,True,1790575888
2026-09-28T06:11:31+00:00,530,5,4,True,True,True,1790575888
2026-09-28T06:11:31+00:00,463,9,8,True,True,True,1790575888
2026-09-28T06:11:31+00:00,475,6,16,True,True,True,1790575888
2026-09-28T06:11:31+00:00,439,16,9,True,True,True,1790575888
2026-09-28T06:11:31+00:00,600,10,0,True,True,True,1790575888
2026-09-28T06:11:31+00:00,440,9,8,True,True,True,1790575888
2026-09-28T06:11:31+00:00,612,2,13,True,True,True,1790575888
2026-09-28T06:11:31+00:00,491,13,5,True,True,True,1790575888
2026-09-28T06:11:31+00:00,493,16,12,True,True,True,1790575888
2026-09-28T06:11:31+00:00,410,0,24,True,True,True,1790575888
2026-09-28T06:11:31+00:00,605,9,8,True,True,True,1790575888
2026-09-28T06:11:31+00:00,388,6,11,True,True,True,1790575888
2026-09-28T06:11:31+00:00,591,2,22,True,True,True,1790575888
2026-09-28T06:11:31+00:00,592,6,12,True,True,True,1790575888
2026-09-28T06:11:31+00:00,585,13,4,True,True,True,1790575888
2026-09-28T06:11:31+00:00,565,0,16,True,True,True,1790575888
2026-09-28T06:11:31+00:00,571,10,9,True,True,True,1790575888
2026-09-28T06:11:31+00:00,568,3,12,True,True,True,1790575888
2026-09-28T06:11:31+00:00,588,5,15,True,True,True,1790575888
2026-09-28T06:11:31+00:00,584,18,16,True,True,True,1790575888
2026-09-28T06:11:31+00:00,569,16,12,True,True,True,1790575888
2026-09-28T06:11:31+00:00,577,9,20,True,True,True,1790575888
2026-09-28T06:11:31+00:00,564,0,29,True,True,True,1790575888
2026-09-28T06:11:31+00:00,570,3,12,True,True,True,1790575888
2026-09-28T06:11:31+00:00,572,15,22,True,True,True,1790575888
2026-09-28T06:11:31+00:00,586,0,26,True,True,True,1790575888
2026-09-28T06:11:31+00:00,576,14,4,True,True,True,1790575888
2026-09-28T06:11:31+00:00,566,19,5,True,True,True,1790575888
2026-09-28T06:11:31+00:00,602,2,16,True,True,True,1790575888
2026-09-28T06:11:31+00:00,575,0,26,True,True,True,1790575888
2026-09-28T06:11:31+00:00,567,2,37,True,True,True,1790575888
2026-09-28T06:11:31+00:00,582,0,27,True,True,True,1790575888
2026-09-28T06:11:31+00:00,595,22,0,True,True,True,1790575888
2026-09-28T06:11:31+00:00,542,8,10,True,True,True,1790575888
2026-09-28T06:11:31+00:00,563,11,4,True,True,True,1790575888
2026-09-28T06:11:31+00:00,558,15,0,True,True,True,1790575888
2026-09-28T06:11:31+00:00,552,17,0,True,True,True,1790575888
2026-09-28T06:11:31+00:00,555,0,15,True,True,True,1790575888
2026-09-28T06:11:31+00:00,573,10,14,True,True,True,1790575888
2026-09-28T06:11:31+00:00,561,0,21,True,True,True,1790575888
2026-09-28T06:11:31+00:00,615,18,3,True,True,True,1790575888
2026-09-28T06:11:31+00:00,543,5,14,True,True,True,1790575888
2026-09-28T06:11:31+00:00,554,2,19,True,True,True,1790575888
2026-09-28T06:11:31+00:00,574,11,1,True,True,True,1790575888
2026-09-28T06:11:31+00:00,560,2,6,True,True,True,1790575888
2026-09-28T06:11:31+00:00,548,13,4,True,True,True,1790575888
2026-09-28T06:11:31+00:00,559,12,3,True,True,True,1790575888
2026-09-28T06:11:31+00:00,545,14,25,True,True,True,1790575888
2026-09-28T06:11:31+00:00,550,0,9,True,True,True,1790575888
2026-09-28T06:11:31+00:00,541,11,0,True,True,True,1790575888
2026-09-28T06:11:31+00:00,527,8,2,True,True,True,1790575888
2026-09-28T06:11:31+00:00,529,3,18,True,True,True,1790575888
2026-09-28T06:11:31+00:00,526,7,7,True,True,True,1790575888
2026-09-28T06:11:31+00:00,537,17,1,True,True,True,1790575888
2026-09-28T06:11:31+00:00,547,15,15,True,True,True,1790575888
2026-09-28T06:11:31+00:00,601,2,17,True,True,True,1790575888
2026-09-28T06:11:31+00:00,533,8,4,True,True,True,1790575888
2026-09-28T06:11:31+00:00,535,2,24,True,True,True,1790575888
2026-09-28T06:11:31+00:00,524,2,18,True,True,True,1790575888
2026-09-28T06:11:31+00:00,519,6,18,True,True,True,1790575888
2026-09-28T06:11:31+00:00,534,17,22,True,True,True,1790575888
2026-09-28T06:11:31+00:00,521,4,5,True,True,True,1790575888
2026-09-28T06:11:31+00:00,518,0,18,True,True,True,1790575888
2026-09-28T06:11:31+00:00,556,0,18,True,True,True,1790575888
2026-09-28T06:11:31+00:00,525,0,15,True,True,True,1790575888
2026-09-28T06:11:31+00:00,517,0,17,True,True,True,1790575888
2026-09-28T06:11:31+00:00,523,30,0,True,True,True,1790575888
2026-09-28T06:11:31+00:00,522,8,1,True,True,True,1790575888
2026-09-28T06:11:31+00:00,594,1,18,True,True,True,1790575888
2026-09-28T06:11:31+00:00,532,5,15,True,True,True,1790575888
2026-09-28T06:11:31+00:00,509,4,8,True,True,True,1790575888
2026-09-28T06:11:31+00:00,531,0,17,True,True,True,1790575888
2026-09-28T06:11:31+00:00,536,1,8,True,True,True,1790575888
2026-09-28T06:11:31+00:00,562,25,15,True,True,True,1790575888
2026-09-28T06:11:31+00:00,511,22,0,True,True,True,1790575888
2026-09-28T06:11:31+00:00,505,0,22,True,True,True,1790575888
2026-09-28T06:11:31+00:00,501,0,16,True,True,True,1790575888
2026-09-28T06:11:31+00:00,514,2,9,True,True,True,1790575888
2026-09-28T06:11:31+00:00,500,3,15,True,True,True,1790575888
2026-09-28T06:11:31+00:00,503,0,30,True,True,True,1790575888
2026-09-28T06:11:31+00:00,513,12,0,True,True,True,1790575888
2026-09-28T06:11:31+00:00,498,3,9,True,True,True,1790575888
2026-09-28T06:11:31+00:00,507,1,16,True,True,True,1790575888
2026-09-28T06:11:31+00:00,512,7,18,True,True,True,1790575888
2026-09-28T06:11:31+00:00,619,0,42,True,True,True,1790575888
2026-09-28T06:11:31+00:00,474,8,33,True,True,True,1790575888
2026-09-28T06:11:31+00:00,580,0,45,True,True,True,1790575888
2026-09-28T06:11:31+00:00,496,2,39,True,True,True,1790575888
2026-09-28T06:11:31+00:00,482,0,17,True,True,True,1790575888
2026-09-28T06:11:31+00:00,407,0,12,True,True,True,1790575888
2026-09-28T06:11:31+00:00,409,0,25,True,True,True,1790575888
2026-09-28T06:11:31+00:00,451,0,19,True,True,True,1790575888
2026-09-28T06:11:31+00:00,402,13,6,True,True,True,1790575888
2026-09-28T06:11:31+00:00,516,0,15,True,True,True,1790575888
2026-09-28T06:11:31+00:00,625,12,27,True,True,True,1790575888
2026-09-28T06:11:31+00:00,429,5,15,True,True,True,1790575888
2026-09-28T06:11:31+00:00,380,0,21,True,True,True,1790575888
2026-09-28T06:11:31+00:00,583,3,14,True,True,True,1790575888
2026-09-28T06:11:31+00:00,398,2,9,True,True,True,1790575888
2026-09-28T06:11:31+00:00,381,14,0,True,True,True,1790575888
2026-09-28T06:11:31+00:00,464,28,13,True,True,True,1790575888
2026-09-28T06:11:31+00:00,442,11,7,True,True,True,1790575888
2026-09-28T06:11:31+00:00,483,10,9,True,True,True,1790575888
2026-09-28T06:11:31+00:00,458,0,15,True,True,True,1790575888
2026-09-28T06:11:31+00:00,499,0,15,True,True,True,1790575888
2026-09-28T06:11:31+00:00,472,0,19,True,True,True,1790575888
2026-09-28T06:11:31+00:00,506,3,23,True,True,True,1790575888
2026-09-28T06:11:31+00:00,465,25,4,True,True,True,1790575888
2026-09-28T06:11:31+00:00,611,20,16,True,True,True,1790575888
2026-09-28T06:11:31+00:00,404,24,0,True,True,True,1790575888
2026-09-28T06:11:31+00:00,579,0,18,True,True,True,1790575888
2026-09-28T06:11:31+00:00,589,3,24,True,True,True,1790575888
2026-09-28T06:11:31+00:00,434,3,17,True,True,True,1790575888
2026-09-28T06:11:31+00:00,462,0,12,True,True,True,1790575888
2026-09-28T06:11:31+00:00,578,12,11,True,True,True,1790575888
2026-09-28T06:11:31+00:00,415,0,12,True,True,True,1790575888
2026-09-28T06:11:31+00:00,423,11,8,True,True,True,1790575888
2026-09-28T06:11:31+00:00,412,3,3,True,True,True,1790575888
2026-09-28T06:11:31+00:00,387,14,0,True,True,True,1790575888
2026-09-28T06:11:31+00:00,441,1,14,True,True,True,1790575888
2026-09-28T06:11:31+00:00,454,2,21,True,True,True,1790575888
2026-09-28T06:11:31+00:00,436,0,14,True,True,True,1790575888
2026-09-28T06:11:31+00:00,394,1,16,True,True,True,1790575888
2026-09-28T06:11:31+00:00,497,1,23,True,True,True,1790575888
2026-09-28T06:11:31+00:00,581,13,8,True,True,True,1790575888
2026-09-28T06:11:31+00:00,461,0,19,True,True,True,1790575888
2026-09-28T06:11:31+00:00,599,8,40,True,True,True,1790575888
2026-09-28T06:11:31+00:00,428,1,22,True,True,True,1790575888
2026-09-28T06:11:31+00:00,400,1,21,True,True,True,1790575888
2026-09-28T06:11:31+00:00,487,0,21,True,True,True,1790575888
2026-09-28T06:11:31+00:00,438,1,40,True,True,True,1790575888
2026-09-28T06:11:31+00:00,459,2,8,True,True,True,1790575888
2026-09-28T06:11:31+00:00,433,1,15,True,True,True,1790575888
2026-09-28T06:11:31+00:00,399,12,17,True,True,True,1790575888
2026-09-28T06:11:31+00:00,489,13,14,True,True,True,1790575888
2026-09-28T06:11:31+00:00,742,6,20,True,True,True,1790575888
2026-09-28T06:11:31+00:00,551,25,6,True,True,True,1790575888
2026-09-28T06:11:31+00:00,406,0,11,True,True,True,1790575888
2026-09-28T06:11:31+00:00,488,0,23,True,True,True,1790575888
2026-09-28T06:11:31+00:00,540,0,36,True,True,True,1790575888
2026-09-28T06:11:31+00:00,431,0,19,True,True,True,1790575888
2026-09-28T06:11:31+00:00,393,11,8,True,True,True,1790575888
2026-09-28T06:11:31+00:00,420,0,17,True,True,True,1790575888
2026-09-28T06:11:31+00:00,397,3,27,True,True,True,1790575888
2026-09-28T06:11:31+00:00,390,0,30,True,True,True,1790575888
2026-09-28T06:11:31+00:00,449,14,10,True,True,True,1790575888
2026-09-28T06:11:31+00:00,430,11,31,True,True,True,1790575888
2026-09-28T06:11:31+00:00,484,10,24,True,True,True,1790575888
2026-09-28T06:11:31+00:00,479,17,12,True,True,True,1790575888
2026-09-28T06:11:31+00:00,403,3,10,True,True,True,1790575888
2026-09-28T06:11:31+00:00,435,13,16,True,True,True,1790575888
2026-09-28T06:11:31+00:00,426,19,1,True,True,True,1790575888
2026-09-28T06:11:31+00:00,450,6,9,True,True,True,1790575888
2026-09-28T06:11:31+00:00,456,0,33,True,True,True,1790575888
2026-09-28T06:11:31+00:00,468,0,14,True,True,True,1790575888
2026-09-28T06:11:31+00:00,453,7,26,True,True,True,1790575888
2026-09-28T06:11:31+00:00,466,0,14,True,True,True,1790575888
2026-09-28T06:11:31+00:00,469,1,29,True,True,True,1790575888
2026-09-28T06:11:31+00:00,416,0,14,True,True,True,1790575888
2026-09-28T06:11:31+00:00,391,1,12,True,True,True,1790575888
2026-09-28T06:11:31+00:00,389,2,14,True,True,True,1790575888
2026-09-28T06:11:31+00:00,470,0,14,True,True,True,1790575888
2026-09-28T06:11:31+00:00,384,9,8,True,True,True,1790575888
2026-09-28T06:11:31+00:00,425,0,8,True,True,True,1790575888
2026-09-28T06:11:31+00:00,411,0,12,True,True,True,1790575888
2026-09-28T06:11:31+00:00,598,1,32,True,True,True,1790575888
2026-09-28T06:11:31+00:00,444,4,14,True,True,True,1790575888
2026-09-28T06:11:31+00:00,447,16,14,True,True,True,1790575888
2026-09-28T06:11:31+00:00,408,5,9,True,True,True,1790575888
2026-09-28T06:11:31+00:00,737,22,2,True,True,True,1790575888
2026-09-28T06:11:31+00:00,432,0,12,True,True,True,1790575888
2026-09-28T06:11:31+00:00,401,4,0,True,True,True,1790575888
2026-09-28T06:11:31+00:00,452,20,9,True,True,True,1790575888
2026-09-28T06:11:31+00:00,392,0,4,True,True,True,1790575888
2026-09-28T06:11:31+00:00,481,26,16,True,True,True,1790575888
2026-09-28T06:11:31+00:00,495,33,7,True,True,True,1790575888
2026-09-28T06:11:31+00:00,478,13,2,True,True,True,1790575888
2026-09-28T06:11:31+00:00,414,11,0,True,True,True,1790575888
2026-09-28T06:11:31+00:00,476,5,14,True,True,True,1790575888
2026-09-28T06:11:31+00:00,445,18,0,True,True,True,1790575888
2026-09-28T06:11:31+00:00,748,5,23,True,True,True,1790575888
2026-09-28T06:11:31+00:00,473,1,4,True,True,True,1790575888
2026-09-28T06:11:31+00:00,383,0,26,True,True,True,1790575888
2026-09-28T06:11:31+00:00,480,17,7,True,True,True,1790575888
2026-09-28T06:11:31+00:00,421,4,16,True,True,True,1790575888
2026-09-28T06:11:31+00:00,746,7,3,True,True,True,1790575888
2026-09-28T06:11:31+00:00,417,0,14,True,True,True,1790575888
2026-09-28T06:11:31+00:00,427,2,12,True,True,True,1790575888
2026-09-28T06:11:31+00:00,395,1,13,True,True,True,1790575888
2026-09-28T06:11:31+00:00,418,18,8,True,True,True,1790575888
2026-09-28T06:11:31+00:00,413,3,8,True,True,True,1790575888
2026-09-28T06:11:31+00:00,486,0,23,True,True,True,1790575888
2026-09-28T06:11:31+00:00,597,9,6,True,True,True,1790575888
2026-09-28T06:11:31+00:00,422,2,7,True,True,True,1790575888
2026-09-28T06:11:31+00:00,382,0,7,True,True,True,1790575888
2026-09-28T06:11:31+00:00,396,13,6,True,True,True,1790575888
2026-09-28T06:11:31+00:00,735,11,3,True,True,True,1790575888
2026-09-28T06:11:31+00:00,437,10,13,True,True,True,1790575888
2026-09-28T06:11:31+00:00,446,2,17,True,True,True,1790575888
2026-09-28T06:11:31+00:00,424,2,6,True,True,True,1790575888
2026-09-28T06:11:31+00:00,455,9,3,True,True,True,1790575888
2026-09-28T06:11:31+00:00,457,1,9,True,True,True,1790575888
2026-09-28T06:11:31+00:00,377,4,25,True,True,True,1790575888
2026-09-28T06:11:31+00:00,738,8,4,True,True,True,1790575888
2026-09-28T06:11:31+00:00,460,21,5,True,True,True,1790575888
2026-09-28T06:11:31+00:00,744,5,4,True,True,True,1790575888
2026-09-28T06:11:31+00:00,485,0,19,True,True,True,1790575888
2026-09-28T06:26:31+00:00,6026,13,21,True,True,True,1790576775
2026-09-28T06:26:31+00:00,5431,0,21,True,True,True,1790576775
2026-09-28T06:26:31+00:00,5424,1,16,True,True,True,1790576775
2026-09-28T06:26:31+00:00,5220,0,18,True,True,True,1790576775
2026-09-28T06:26:31+00:00,5217,28,2,True,True,True,1790576775
2026-09-28T06:26:31+00:00,5113,10,5,True,True,True,1790576775
2026-09-28T06:26:31+00:00,4683,4,17,True,True,True,1790576775
2026-09-28T06:26:31+00:00,4552,1,17,True,True,True,1790576775
2026-09-28T06:26:31+00:00,3725,0,18,True,True,True,1790576775
2026-09-28T06:26:31+00:00,2358,9,3,True,True,True,1790576775
2026-09-28T06:26:31+00:00,2357,9,14,True,True,True,1790576775
2026-09-28T06:26:31+00:00,2355,0,11,True,True,True,1790576775
2026-09-28T06:26:31+00:00,2351,0,17,True,True,True,1790576775
2026-09-28T06:26:31+00:00,2350,8,15,True,True,True,1790576775
2026-09-28T06:26:31+00:00,2349,1,20,True,True,True,1790576775
2026-09-28T06:26:31+00:00,2347,7,23,True,True,True,1790576775
2026-09-28T06:26:31+00:00,2340,14,10,True,True,True,1790576775
2026-09-28T06:26:31+00:00,2339,23,7,True,True,True,1790576775
2026-09-28T06:26:31+00:00,2337,13,0,True,True,True,1790576775
2026-09-28T06:26:31+00:00,2334,1,10,True,True,True,1790576775
2026-09-28T06:26:31+00:00,2333,15,0,True,True,True,1790576775
2026-09-28T06:26:31+00:00,2332,6,5,True,True,True,1790576775
2026-09-28T06:26:31+00:00,2330,11,0,True,True,True,1790576775
2026-09-28T06:26:31+00:00,2329,14,0,True,True,True,1790576775
2026-09-28T06:26:31+00:00,2328,19,1,True,True,True,1790576775
2026-09-28T06:26:31+00:00,2315,15,0,True,True,True,1790576775
2026-09-28T06:26:31+00:00,2308,7,1,True,True,True,1790576775
2026-09-28T06:26:31+00:00,2307,1,29,True,True,True,1790576775
2026-09-28T06:26:31+00:00,2306,4,14,True,True,True,1790576775
2026-09-28T06:26:31+00:00,2305,0,14,True,True,True,1790576775
2026-09-28T06:26:31+00:00,2304,1,14,True,True,True,1790576775
2026-09-28T06:26:31+00:00,2280,14,1,True,True,True,1790576775
2026-09-28T06:26:31+00:00,2270,2,16,True,True,True,1790576775
2026-09-28T06:26:31+00:00,1919,6,0,True,True,True,1790576775
2026-09-28T06:26:31+00:00,1755,31,1,True,True,True,1790576775
2026-09-28T06:26:31+00:00,1101,11,11,True,True,True,1790576775
2026-09-28T06:26:31+00:00,1023,7,6,True,True,True,1790576775
2026-09-28T06:26:31+00:00,1009,1,8,True,True,True,1790576775
2026-09-28T06:26:31+00:00,970,2,21,True,True,True,1790576775
2026-09-28T06:26:31+00:00,787,11,0,True,True,True,1790576775
2026-09-28T06:26:31+00:00,627,28,2,True,True,True,1790576775
2026-09-28T06:26:31+00:00,623,16,5,True,True,True,1790576775
2026-09-28T06:26:31+00:00,624,0,19,True,True,True,1790576775
2026-09-28T06:26:31+00:00,626,7,17,True,True,True,1790576775
2026-09-28T06:26:31+00:00,614,0,21,True,True,True,1790576775
2026-09-28T06:26:31+00:00,616,14,1,True,True,True,1790576775
2026-09-28T06:26:31+00:00,618,8,34,True,True,True,1790576775
2026-09-28T06:26:31+00:00,621,2,25,True,True,True,1790576775
2026-09-28T06:26:31+00:00,622,2,26,True,True,True,1790576775
2026-09-28T06:26:31+00:00,613,0,17,True,True,True,1790576775
2026-09-28T06:26:31+00:00,620,1,38,True,True,True,1790576775
2026-09-28T06:26:31+00:00,596,0,17,True,True,True,1790576775
2026-09-28T06:26:31+00:00,617,0,16,True,True,True,1790576775
2026-09-28T06:26:31+00:00,609,8,19,True,True,True,1790576775
2026-09-28T06:26:31+00:00,607,13,16,True,True,True,1790576775
2026-09-28T06:26:31+00:00,603,2,14,True,True,True,1790576775
2026-09-28T06:26:31+00:00,590,26,12,True,True,True,1790576775
2026-09-28T06:26:31+00:00,610,5,12,True,True,True,1790576775
2026-09-28T06:26:31+00:00,608,0,21,True,True,True,1790576775
2026-09-28T06:26:31+00:00,593,13,17,True,True,True,1790576775
2026-09-28T06:26:31+00:00,530,4,5,True,True,True,1790576775
2026-09-28T06:26:31+00:00,463,7,10,True,True,True,1790576775
2026-09-28T06:26:31+00:00,475,6,16,True,True,True,1790576775
2026-09-28T06:26:31+00:00,439,13,12,True,True,True,1790576775
2026-09-28T06:26:31+00:00,600,10,0,True,True,True,1790576775
2026-09-28T06:26:31+00:00,440,5,12,True,True,True,1790576775
2026-09-28T06:26:31+00:00,612,1,14,True,True,True,1790576775
2026-09-28T06:26:31+00:00,491,14,4,True,True,True,1790576775
2026-09-28T06:26:31+00:00,493,13,15,True,True,True,1790576775
2026-09-28T06:26:31+00:00,410,0,24,True,True,True,1790576775
2026-09-28T06:26:31+00:00,605,9,8,True,True,True,1790576775
2026-09-28T06:26:31+00:00,388,6,11,True,True,True,1790576775
2026-09-28T06:26:31+00:00,591,0,24,True,True,True,1790576775
2026-09-28T06:26:31+00:00,592,6,12,True,True,True,1790576775
2026-09-28T06:26:31+00:00,585,13,4,True,True,True,1790576775
2026-09-28T06:26:31+00:00,565,0,16,True,True,True,1790576775
2026-09-28T06:26:31+00:00,571,11,8,True,True,True,1790576775
2026-09-28T06:26:31+00:00,568,2,13,True,True,True,1790576775
2026-09-28T06:26:31+00:00,588,4,16,True,True,True,1790576775
2026-09-28T06:26:31+00:00,584,12,23,True,True,True,1790576775
2026-09-28T06:26:31+00:00,569,16,12,True,True,True,1790576775
2026-09-28T06:26:31+00:00,577,11,18,True,True,True,1790576775
2026-09-28T06:26:31+00:00,564,0,29,True,True,True,1790576775
2026-09-28T06:26:31+00:00,570,3,12,True,True,True,1790576775
2026-09-28T06:26:31+00:00,572,20,17,True,True,True,1790576775
2026-09-28T06:26:31+00:00,586,0,26,True,True,True,1790576775
2026-09-28T06:26:31+00:00,576,15,3,True,True,True,1790576775
2026-09-28T06:26:31+00:00,566,19,5,True,True,True,1790576775
2026-09-28T06:26:31+00:00,602,2,16,True,True,True,1790576775
2026-09-28T06:26:31+00:00,575,0,26,True,True,True,1790576775
2026-09-28T06:26:31+00:00,567,3,36,True,True,True,1790576775
2026-09-28T06:26:31+00:00,582,0,27,True,True,True,1790576775
2026-09-28T06:26:31+00:00,595,22,0,True,True,True,1790576775
2026-09-28T06:26:31+00:00,542,6,12,True,True,True,1790576775
2026-09-28T06:26:31+00:00,563,10,5,True,True,True,1790576775
2026-09-28T06:26:31+00:00,558,14,1,True,True,True,1790576775
2026-09-28T06:26:31+00:00,552,17,0,True,True,True,1790576775
2026-09-28T06:26:31+00:00,555,0,15,True,True,True,1790576775
2026-09-28T06:26:31+00:00,573,12,12,True,True,True,1790576775
2026-09-28T06:26:31+00:00,561,0,21,True,True,True,1790576775
2026-09-28T06:26:31+00:00,615,18,3,True,True,True,1790576775
2026-09-28T06:26:31+00:00,543,5,14,True,True,True,1790576775
2026-09-28T06:26:31+00:00,554,2,19,True,True,True,1790576775
2026-09-28T06:26:31+00:00,574,11,1,True,True,True,1790576775
2026-09-28T06:26:31+00:00,560,3,5,True,True,True,1790576775
2026-09-28T06:26:31+00:00,548,13,4,True,True,True,1790576775
2026-09-28T06:26:31+00:00,559,14,1,True,True,True,1790576775
2026-09-28T06:26:31+00:00,545,14,25,True,True,True,1790576775
2026-09-28T06:26:31+00:00,550,0,9,True,True,True,1790576775
2026-09-28T06:26:31+00:00,541,11,0,True,True,True,1790576775
2026-09-28T06:26:31+00:00,527,8,2,True,True,True,1790576775
2026-09-28T06:26:31+00:00,529,2,19,True,True,True,1790576775
2026-09-28T06:26:31+00:00,526,14,0,True,True,True,1790576775
2026-09-28T06:26:31+00:00,537,15,3,True,True,True,1790576775
2026-09-28T06:26:31+00:00,547,17,13,True,True,True,1790576775
2026-09-28T06:26:31+00:00,601,2,17,True,True,True,1790576775
2026-09-28T06:26:31+00:00,533,11,1,True,True,True,1790576775
2026-09-28T06:26:31+00:00,535,0,26,True,True,True,1790576775
2026-09-28T06:26:31+00:00,524,2,18,True,True,True,1790576775
2026-09-28T06:26:31+00:00,519,5,19,True,True,True,1790576775
2026-09-28T06:26:31+00:00,534,18,21,True,True,True,1790576775
2026-09-28T06:26:31+00:00,521,3,5,True,True,True,1790576775
2026-09-28T06:26:31+00:00,518,1,17,True,True,True,1790576775
2026-09-28T06:26:31+00:00,556,0,18,True,True,True,1790576775
2026-09-28T06:26:31+00:00,525,0,15,True,True,True,1790576775
2026-09-28T06:26:31+00:00,517,0,17,True,True,True,1790576775
2026-09-28T06:26:31+00:00,523,17,13,True,True,True,1790576775
2026-09-28T06:26:31+00:00,522,8,1,True,True,True,1790576775
2026-09-28T06:26:31+00:00,594,0,19,True,True,True,1790576775
2026-09-28T06:26:31+00:00,532,5,15,True,True,True,1790576775
2026-09-28T06:26:31+00:00,509,5,7,True,True,True,1790576775
2026-09-28T06:26:31+00:00,531,0,17,True,True,True,1790576775
2026-09-28T06:26:31+00:00,536,2,7,True,True,True,1790576775
2026-09-28T06:26:31+00:00,562,27,13,True,True,True,1790576775
2026-09-28T06:26:31+00:00,511,21,1,True,True,True,1790576775
2026-09-28T06:26:31+00:00,505,0,22,True,True,True,1790576775
2026-09-28T06:26:31+00:00,501,0,16,True,True,True,1790576775
2026-09-28T06:26:31+00:00,514,0,11,True,True,True,1790576775
2026-09-28T06:26:31+00:00,500,3,15,True,True,True,1790576775
2026-09-28T06:26:31+00:00,503,0,30,True,True,True,1790576775
2026-09-28T06:26:31+00:00,513,12,0,True,True,True,1790576775
2026-09-28T06:26:31+00:00,498,3,9,True,True,True,1790576775
2026-09-28T06:26:31+00:00,507,0,17,True,True,True,1790576775
2026-09-28T06:26:31+00:00,512,5,20,True,True,True,1790576775
2026-09-28T06:26:31+00:00,619,1,41,True,True,True,1790576775
2026-09-28T06:26:31+00:00,474,8,33,True,True,True,1790576775
2026-09-28T06:26:31+00:00,580,0,45,True,True,True,1790576775
2026-09-28T06:26:31+00:00,496,2,39,True,True,True,1790576775
2026-09-28T06:26:31+00:00,482,2,15,True,True,True,1790576775
2026-09-28T06:26:31+00:00,407,0,12,True,True,True,1790576775
2026-09-28T06:26:31+00:00,409,0,25,True,True,True,1790576775
2026-09-28T06:26:31+00:00,451,0,19,True,True,True,1790576775
2026-09-28T06:26:31+00:00,402,12,7,True,True,True,1790576775
2026-09-28T06:26:31+00:00,516,0,15,True,True,True,1790576775
2026-09-28T06:26:31+00:00,625,12,27,True,True,True,1790576775
2026-09-28T06:26:31+00:00,429,7,13,True,True,True,1790576775
2026-09-28T06:26:31+00:00,380,0,21,True,True,True,1790576775
2026-09-28T06:26:31+00:00,583,3,14,True,True,True,1790576775
2026-09-28T06:26:31+00:00,398,0,11,True,True,True,1790576775
2026-09-28T06:26:31+00:00,381,14,0,True,True,True,1790576775
2026-09-28T06:26:31+00:00,464,30,12,True,True,True,1790576775
2026-09-28T06:26:31+00:00,442,11,7,True,True,True,1790576775
2026-09-28T06:26:31+00:00,483,11,8,True,True,True,1790576775
2026-09-28T06:26:31+00:00,458,0,15,True,True,True,1790576775
2026-09-28T06:26:31+00:00,499,0,15,True,True,True,1790576775
2026-09-28T06:26:31+00:00,472,0,19,True,True,True,1790576775
2026-09-28T06:26:31+00:00,506,3,23,True,True,True,1790576775
2026-09-28T06:26:31+00:00,465,29,0,True,True,True,1790576775
2026-09-28T06:26:31+00:00,611,14,22,True,True,True,1790576775
2026-09-28T06:26:31+00:00,404,24,0,True,True,True,1790576775
2026-09-28T06:26:31+00:00,579,0,18,True,True,True,1790576775
2026-09-28T06:26:31+00:00,589,3,24,True,True,True,1790576775
2026-09-28T06:26:31+00:00,434,2,19,True,True,True,1790576775
2026-09-28T06:26:31+00:00,462,0,12,True,True,True,1790576775
2026-09-28T06:26:31+00:00,578,11,12,True,True,True,1790576775
2026-09-28T06:26:31+00:00,415,0,12,True,True,True,1790576775
2026-09-28T06:26:31+00:00,423,8,11,True,True,True,1790576775
2026-09-28T06:26:31+00:00,412,3,3,True,True,True,1790576775
2026-09-28T06:26:31+00:00,387,14,0,True,True,True,1790576775
2026-09-28T06:26:31+00:00,441,1,14,True,True,True,1790576775
2026-09-28T06:26:31+00:00,454,2,21,True,True,True,1790576775
2026-09-28T06:26:31+00:00,436,0,14,True,True,True,1790576775
2026-09-28T06:26:31+00:00,394,0,17,True,True,True,1790576775
2026-09-28T06:26:31+00:00,497,1,23,True,True,True,1790576775
2026-09-28T06:26:31+00:00,581,11,9,True,True,True,1790576775
2026-09-28T06:26:31+00:00,461,0,19,True,True,True,1790576775
2026-09-28T06:26:31+00:00,599,7,41,True,True,True,1790576775
2026-09-28T06:26:31+00:00,428,2,21,True,True,True,1790576775
2026-09-28T06:26:31+00:00,400,4,19,True,True,True,1790576775
2026-09-28T06:26:31+00:00,487,0,21,True,True,True,1790576775
2026-09-28T06:26:31+00:00,438,1,40,True,True,True,1790576775
2026-09-28T06:26:31+00:00,459,1,9,True,True,True,1790576775
2026-09-28T06:26:31+00:00,433,1,15,True,True,True,1790576775
2026-09-28T06:26:31+00:00,399,9,20,True,True,True,1790576775
2026-09-28T06:26:31+00:00,489,15,12,True,True,True,1790576775
2026-09-28T06:26:31+00:00,742,6,20,True,True,True,1790576775
2026-09-28T06:26:31+00:00,551,22,9,True,True,True,1790576775
2026-09-28T06:26:31+00:00,406,0,11,True,True,True,1790576775
2026-09-28T06:26:31+00:00,488,0,23,True,True,True,1790576775
2026-09-28T06:26:31+00:00,540,0,36,True,True,True,1790576775
2026-09-28T06:26:31+00:00,431,0,19,True,True,True,1790576775
2026-09-28T06:26:31+00:00,393,10,9,True,True,True,1790576775
2026-09-28T06:26:31+00:00,420,0,17,True,True,True,1790576775
2026-09-28T06:26:31+00:00,397,3,27,True,True,True,1790576775
2026-09-28T06:26:31+00:00,390,0,30,True,True,True,1790576775
2026-09-28T06:26:31+00:00,449,16,8,True,True,True,1790576775
2026-09-28T06:26:31+00:00,430,12,30,True,True,True,1790576775
2026-09-28T06:26:31+00:00,484,12,22,True,True,True,1790576775
2026-09-28T06:26:31+00:00,479,21,8,True,True,True,1790576775
2026-09-28T06:26:31+00:00,403,2,11,True,True,True,1790576775
2026-09-28T06:26:31+00:00,435,14,15,True,True,True,1790576775
2026-09-28T06:26:31+00:00,426,16,4,True,True,True,1790576775
2026-09-28T06:26:31+00:00,450,5,9,True,True,True,1790576775
2026-09-28T06:26:31+00:00,456,0,34,True,True,True,1790576775
2026-09-28T06:26:31+00:00,468,1,13,True,True,True,1790576775
2026-09-28T06:26:31+00:00,453,7,26,True,True,True,1790576775
2026-09-28T06:26:31+00:00,466,0,14,True,True,True,1790576775
2026-09-28T06:26:31+00:00,469,2,28,True,True,True,1790576775
2026-09-28T06:26:31+00:00,416,0,14,True,True,True,1790576775
2026-09-28T06:26:31+00:00,391,0,13,True,True,True,1790576775
2026-09-28T06:26:31+00:00,389,2,14,True,True,True,1790576775
2026-09-28T06:26:31+00:00,470,0,14,True,True,True,1790576775
2026-09-28T06:26:31+00:00,384,7,9,True,True,True,1790576775
2026-09-28T06:26:31+00:00,425,0,8,True,True,True,1790576775
2026-09-28T06:26:31+00:00,411,0,12,True,True,True,1790576775
2026-09-28T06:26:31+00:00,598,0,33,True,True,True,1790576775
2026-09-28T06:26:31+00:00,444,0,18,True,True,True,1790576775
2026-09-28T06:26:31+00:00,447,14,16,True,True,True,1790576775
2026-09-28T06:26:31+00:00,408,6,8,True,True,True,1790576775
2026-09-28T06:26:31+00:00,737,21,3,True,True,True,1790576775
2026-09-28T06:26:31+00:00,432,0,12,True,True,True,1790576775
2026-09-28T06:26:31+00:00,401,3,2,True,True,True,1790576775
2026-09-28T06:26:31+00:00,452,26,3,True,True,True,1790576775
2026-09-28T06:26:31+00:00,392,1,3,True,True,True,1790576775
2026-09-28T06:26:31+00:00,481,26,16,True,True,True,1790576775
2026-09-28T06:26:31+00:00,495,37,3,True,True,True,1790576775
2026-09-28T06:26:31+00:00,478,13,2,True,True,True,1790576775
2026-09-28T06:26:31+00:00,414,11,0,True,True,True,1790576775
2026-09-28T06:26:31+00:00,476,7,12,True,True,True,1790576775
2026-09-28T06:26:31+00:00,445,18,0,True,True,True,1790576775
2026-09-28T06:26:31+00:00,748,6,22,True,True,True,1790576775
2026-09-28T06:26:31+00:00,473,2,4,True,True,True,1790576775
2026-09-28T06:26:31+00:00,383,0,26,True,True,True,1790576775
2026-09-28T06:26:31+00:00,480,16,8,True,True,True,1790576775
2026-09-28T06:26:31+00:00,421,0,20,True,True,True,1790576775
2026-09-28T06:26:31+00:00,746,7,3,True,True,True,1790576775
2026-09-28T06:26:31+00:00,417,0,14,True,True,True,1790576775
2026-09-28T06:26:31+00:00,427,0,14,True,True,True,1790576775
2026-09-28T06:26:31+00:00,395,1,13,True,True,True,1790576775
2026-09-28T06:26:31+00:00,418,18,8,True,True,True,1790576775
2026-09-28T06:26:31+00:00,413,4,8,True,True,True,1790576775
2026-09-28T06:26:31+00:00,486,1,22,True,True,True,1790576775
2026-09-28T06:26:31+00:00,597,11,4,True,True,True,1790576775
2026-09-28T06:26:31+00:00,422,1,8,True,True,True,1790576775
2026-09-28T06:26:31+00:00,382,0,7,True,True,True,1790576775
2026-09-28T06:26:31+00:00,396,18,1,True,True,True,1790576775
2026-09-28T06:26:31+00:00,735,11,3,True,True,True,1790576775
2026-09-28T06:26:31+00:00,437,14,9,True,True,True,1790576775
2026-09-28T06:26:31+00:00,446,1,18,True,True,True,1790576775
2026-09-28T06:26:31+00:00,424,0,8,True,True,True,1790576775
2026-09-28T06:26:31+00:00,455,5,7,True,True,True,1790576775
2026-09-28T06:26:31+00:00,457,0,10,True,True,True,1790576775
2026-09-28T06:26:31+00:00,377,4,25,True,True,True,1790576775
2026-09-28T06:26:31+00:00,738,7,5,True,True,True,1790576775
2026-09-28T06:26:31+00:00,460,18,8,True,True,True,1790576775
2026-09-28T06:26:31+00:00,744,0,9,True,True,True,1790576775
2026-09-28T06:26:31+00:00,485,0,19,True,True,True,1790576775
2026-09-28T06:41:31+00:00,6026,15,19,True,True,True,1790577691
2026-09-28T06:41:31+00:00,5431,0,21,True,True,True,1790577691
2026-09-28T06:41:31+00:00,5424,1,16,True,True,True,1790577691
2026-09-28T06:41:31+00:00,5220,0,18,True,True,True,1790577691
2026-09-28T06:41:31+00:00,5217,28,2,True,True,True,1790577691
2026-09-28T06:41:31+00:00,5113,10,5,True,True,True,1790577691
2026-09-28T06:41:31+00:00,4683,4,17,True,True,True,1790577691
2026-09-28T06:41:31+00:00,4552,1,17,True,True,True,1790577691
2026-09-28T06:41:31+00:00,3725,0,18,True,True,True,1790577691
2026-09-28T06:41:31+00:00,2358,10,2,True,True,True,1790577691
2026-09-28T06:41:31+00:00,2357,8,15,True,True,True,1790577691
2026-09-28T06:41:31+00:00,2355,0,11,True,True,True,1790577691
2026-09-28T06:41:31+00:00,2351,0,17,True,True,True,1790577691
2026-09-28T06:41:31+00:00,2350,8,15,True,True,True,1790577691
2026-09-28T06:41:31+00:00,2349,1,20,True,True,True,1790577691
2026-09-28T06:41:31+00:00,2347,7,23,True,True,True,1790577691
2026-09-28T06:41:31+00:00,2340,14,11,True,True,True,1790577691
2026-09-28T06:41:31+00:00,2339,23,7,True,True,True,1790577691
2026-09-28T06:41:31+00:00,2337,13,0,True,True,True,1790577691
2026-09-28T06:41:31+00:00,2334,1,10,True,True,True,1790577691
2026-09-28T06:41:31+00:00,2333,15,0,True,True,True,1790577691
2026-09-28T06:41:31+00:00,2332,6,5,True,True,True,1790577691
2026-09-28T06:41:31+00:00,2330,10,1,True,True,True,1790577691
2026-09-28T06:41:31+00:00,2329,14,0,True,True,True,1790577691
2026-09-28T06:41:31+00:00,2328,20,0,True,True,True,1790577691
2026-09-28T06:41:31+00:00,2315,15,0,True,True,True,1790577691
2026-09-28T06:41:31+00:00,2308,8,0,True,True,True,1790577691
2026-09-28T06:41:31+00:00,2307,1,29,True,True,True,1790577691
2026-09-28T06:41:31+00:00,2306,3,15,True,True,True,1790577691
2026-09-28T06:41:31+00:00,2305,0,14,True,True,True,1790577691
2026-09-28T06:41:31+00:00,2304,1,14,True,True,True,1790577691
2026-09-28T06:41:31+00:00,2280,11,4,True,True,True,1790577691
2026-09-28T06:41:31+00:00,2270,1,17,True,True,True,1790577691
2026-09-28T06:41:31+00:00,1919,6,0,True,True,True,1790577691
2026-09-28T06:41:31+00:00,1755,32,0,True,True,True,1790577691
2026-09-28T06:41:31+00:00,1101,13,9,True,True,True,1790577691
2026-09-28T06:41:31+00:00,1023,8,5,True,True,True,1790577691
2026-09-28T06:41:31+00:00,1009,0,9,True,True,True,1790577691
2026-09-28T06:41:31+00:00,970,2,21,True,True,True,1790577691
2026-09-28T06:41:31+00:00,787,11,0,True,True,True,1790577691
2026-09-28T06:41:31+00:00,627,29,1,True,True,True,1790577691
2026-09-28T06:41:31+00:00,623,20,1,True,True,True,1790577691
2026-09-28T06:41:31+00:00,624,0,19,True,True,True,1790577691
2026-09-28T06:41:31+00:00,626,9,15,True,True,True,1790577691
2026-09-28T06:41:31+00:00,614,0,21,True,True,True,1790577691
2026-09-28T06:41:31+00:00,616,14,1,True,True,True,1790577691
2026-09-28T06:41:31+00:00,618,8,34,True,True,True,1790577691
2026-09-28T06:41:31+00:00,621,2,25,True,True,True,1790577691
2026-09-28T06:41:31+00:00,622,0,28,True,True,True,1790577691
2026-09-28T06:41:31+00:00,613,0,17,True,True,True,1790577691
2026-09-28T06:41:31+00:00,620,9,30,True,True,True,1790577691
2026-09-28T06:41:31+00:00,596,0,17,True,True,True,1790577691
2026-09-28T06:41:31+00:00,617,0,16,True,True,True,1790577691
2026-09-28T06:41:31+00:00,609,15,12,True,True,True,1790577691
2026-09-28T06:41:31+00:00,607,9,20,True,True,True,1790577691
2026-09-28T06:41:31+00:00,603,1,15,True,True,True,1790577691
2026-09-28T06:41:31+00:00,590,30,8,True,True,True,1790577691
2026-09-28T06:41:31+00:00,610,3,14,True,True,True,1790577691
2026-09-28T06:41:31+00:00,608,0,21,True,True,True,1790577691
2026-09-28T06:41:31+00:00,593,9,20,True,True,True,1790577691
2026-09-28T06:41:31+00:00,530,4,5,True,True,True,1790577691
2026-09-28T06:41:31+00:00,463,4,13,True,True,True,1790577691
2026-09-28T06:41:31+00:00,475,6,16,True,True,True,1790577691
2026-09-28T06:41:31+00:00,439,8,17,True,True,True,1790577691
2026-09-28T06:41:31+00:00,600,10,0,True,True,True,1790577691
2026-09-28T06:41:31+00:00,440,6,11,True,True,True,1790577691
2026-09-28T06:41:31+00:00,612,1,14,True,True,True,1790577691
2026-09-28T06:41:31+00:00,491,16,2,True,True,True,1790577691
2026-09-28T06:41:31+00:00,493,7,21,True,True,True,1790577691
2026-09-28T06:41:31+00:00,410,0,24,True,True,True,1790577691
2026-09-28T06:41:31+00:00,605,8,9,True,True,True,1790577691
2026-09-28T06:41:31+00:00,388,7,10,True,True,True,1790577691
2026-09-28T06:41:31+00:00,591,0,24,True,True,True,1790577691
2026-09-28T06:41:31+00:00,592,4,13,True,True,True,1790577691
2026-09-28T06:41:31+00:00,585,14,3,True,True,True,1790577691
2026-09-28T06:41:31+00:00,565,0,16,True,True,True,1790577691
2026-09-28T06:41:31+00:00,571,13,6,True,True,True,1790577691
2026-09-28T06:41:31+00:00,568,2,13,True,True,True,1790577691
2026-09-28T06:41:31+00:00,588,3,17,True,True,True,1790577691
2026-09-28T06:41:31+00:00,584,4,29,True,True,True,1790577691
2026-09-28T06:41:31+00:00,569,16,12,True,True,True,1790577691
2026-09-28T06:41:31+00:00,577,13,16,True,True,True,1790577691
2026-09-28T06:41:31+00:00,564,1,28,True,True,True,1790577691
2026-09-28T06:41:31+00:00,570,3,12,True,True,True,1790577691
2026-09-28T06:41:31+00:00,572,22,15,True,True,True,1790577691
2026-09-28T06:41:31+00:00,586,0,26,True,True,True,1790577691
2026-09-28T06:41:31+00:00,576,15,3,True,True,True,1790577691
2026-09-28T06:41:31+00:00,566,20,4,True,True,True,1790577691
2026-09-28T06:41:31+00:00,602,2,16,True,True,True,1790577691
2026-09-28T06:41:31+00:00,575,0,26,True,True,True,1790577691
2026-09-28T06:41:31+00:00,567,3,36,True,True,True,1790577691
2026-09-28T06:41:31+00:00,582,11,16,True,True,True,1790577691
2026-09-28T06:41:31+00:00,595,22,0,True,True,True,1790577691
2026-09-28T06:41:31+00:00,542,5,13,True,True,True,1790577691
2026-09-28T06:41:31+00:00,563,10,5,True,True,True,1790577691
2026-09-28T06:41:31+00:00,558,15,0,True,True,True,1790577691
2026-09-28T06:41:31+00:00,552,17,0,True,True,True,1790577691
2026-09-28T06:41:31+00:00,555,0,15,True,True,True,1790577691
2026-09-28T06:41:31+00:00,573,12,12,True,True,True,1790577691
2026-09-28T06:41:31+00:00,561,0,21,True,True,True,1790577691
2026-09-28T06:41:31+00:00,615,19,2,True,True,True,1790577691
2026-09-28T06:41:31+00:00,543,5,14,True,True,True,1790577691
2026-09-28T06:41:31+00:00,554,2,19,True,True,True,1790577691
2026-09-28T06:41:31+00:00,574,11,1,True,True,True,1790577691
2026-09-28T06:41:31+00:00,560,3,5,True,True,True,1790577691
2026-09-28T06:41:31+00:00,548,11,6,True,True,True,1790577691
2026-09-28T06:41:31+00:00,559,13,1,True,True,True,1790577691
2026-09-28T06:41:31+00:00,545,14,25,True,True,True,1790577691
2026-09-28T06:41:31+00:00,550,0,9,True,True,True,1790577691
2026-09-28T06:41:31+00:00,541,11,0,True,True,True,1790577691
2026-09-28T06:41:31+00:00,527,9,1,True,True,True,1790577691
2026-09-28T06:41:31+00:00,529,2,19,True,True,True,1790577691
2026-09-28T06:41:31+00:00,526,14,0,True,True,True,1790577691
2026-09-28T06:41:31+00:00,537,17,1,True,True,True,1790577691
2026-09-28T06:41:31+00:00,547,16,14,True,True,True,1790577691
2026-09-28T06:41:31+00:00,601,2,17,True,True,True,1790577691
2026-09-28T06:41:31+00:00,533,12,0,True,True,True,1790577691
2026-09-28T06:41:31+00:00,535,0,26,True,True,True,1790577691
2026-09-28T06:41:31+00:00,524,2,18,True,True,True,1790577691
2026-09-28T06:41:31+00:00,519,4,20,True,True,True,1790577691
2026-09-28T06:41:31+00:00,534,18,21,True,True,True,1790577691
2026-09-28T06:41:31+00:00,521,1,8,True,True,True,1790577691
2026-09-28T06:41:31+00:00,518,0,18,True,True,True,1790577691
2026-09-28T06:41:31+00:00,556,0,18,True,True,True,1790577691
2026-09-28T06:41:31+00:00,525,0,15,True,True,True,1790577691
2026-09-28T06:41:31+00:00,517,0,16,True,True,True,1790577691
2026-09-28T06:41:31+00:00,523,20,10,True,True,True,1790577691
2026-09-28T06:41:31+00:00,522,7,2,True,True,True,1790577691
2026-09-28T06:41:31+00:00,594,16,3,True,True,True,1790577691
2026-09-28T06:41:31+00:00,532,5,15,True,True,True,1790577691
2026-09-28T06:41:31+00:00,509,5,7,True,True,True,1790577691
2026-09-28T06:41:31+00:00,531,0,17,True,True,True,1790577691
2026-09-28T06:41:31+00:00,536,2,7,True,True,True,1790577691
2026-09-28T06:41:31+00:00,562,27,13,True,True,True,1790577691
2026-09-28T06:41:31+00:00,511,21,1,True,True,True,1790577691
2026-09-28T06:41:31+00:00,505,0,22,True,True,True,1790577691
2026-09-28T06:41:31+00:00,501,0,16,True,True,True,1790577691
2026-09-28T06:41:31+00:00,514,0,11,True,True,True,1790577691
2026-09-28T06:41:31+00:00,500,2,16,True,True,True,1790577691
2026-09-28T06:41:31+00:00,503,0,30,True,True,True,1790577691
2026-09-28T06:41:31+00:00,513,10,3,True,True,True,1790577691
2026-09-28T06:41:31+00:00,498,4,8,True,True,True,1790577691
2026-09-28T06:41:31+00:00,507,0,17,True,True,True,1790577691
2026-09-28T06:41:31+00:00,512,4,21,True,True,True,1790577691
2026-09-28T06:41:31+00:00,619,1,41,True,True,True,1790577691
2026-09-28T06:41:31+00:00,474,8,33,True,True,True,1790577691
2026-09-28T06:41:31+00:00,580,0,45,True,True,True,1790577691
2026-09-28T06:41:31+00:00,496,2,39,True,True,True,1790577691
2026-09-28T06:41:31+00:00,482,2,15,True,True,True,1790577691
2026-09-28T06:41:31+00:00,407,0,12,True,True,True,1790577691
2026-09-28T06:41:31+00:00,409,0,25,True,True,True,1790577691
2026-09-28T06:41:31+00:00,451,0,19,True,True,True,1790577691
2026-09-28T06:41:31+00:00,402,11,8,True,True,True,1790577691
2026-09-28T06:41:31+00:00,516,0,15,True,True,True,1790577691
2026-09-28T06:41:31+00:00,625,13,26,True,True,True,1790577691
2026-09-28T06:41:31+00:00,429,8,12,True,True,True,1790577691
2026-09-28T06:41:31+00:00,380,0,21,True,True,True,1790577691
2026-09-28T06:41:31+00:00,583,3,14,True,True,True,1790577691
2026-09-28T06:41:31+00:00,398,0,11,True,True,True,1790577691
2026-09-28T06:41:31+00:00,381,14,0,True,True,True,1790577691
2026-09-28T06:41:31+00:00,464,29,12,True,True,True,1790577691
2026-09-28T06:41:31+00:00,442,10,8,True,True,True,1790577691
2026-09-28T06:41:31+00:00,483,12,7,True,True,True,1790577691
2026-09-28T06:41:31+00:00,458,0,15,True,True,True,1790577691
2026-09-28T06:41:31+00:00,499,0,15,True,True,True,1790577691
2026-09-28T06:41:31+00:00,472,0,19,True,True,True,1790577691
2026-09-28T06:41:31+00:00,506,0,26,True,True,True,1790577691
2026-09-28T06:41:31+00:00,465,29,0,True,True,True,1790577691
2026-09-28T06:41:31+00:00,611,19,17,True,True,True,1790577691
2026-09-28T06:41:31+00:00,404,22,2,True,True,True,1790577691
2026-09-28T06:41:31+00:00,579,0,18,True,True,True,1790577691
2026-09-28T06:41:31+00:00,589,3,24,True,True,True,1790577691
2026-09-28T06:41:31+00:00,434,0,21,True,True,True,1790577691
2026-09-28T06:41:31+00:00,462,0,12,True,True,True,1790577691
2026-09-28T06:41:31+00:00,578,9,14,True,True,True,1790577691
2026-09-28T06:41:31+00:00,415,0,12,True,True,True,1790577691
2026-09-28T06:41:31+00:00,423,3,16,True,True,True,1790577691
2026-09-28T06:41:31+00:00,412,4,2,True,True,True,1790577691
2026-09-28T06:41:31+00:00,387,14,0,True,True,True,1790577691
2026-09-28T06:41:31+00:00,441,4,11,True,True,True,1790577691
2026-09-28T06:41:31+00:00,454,2,21,True,True,True,1790577691
2026-09-28T06:41:31+00:00,436,0,14,True,True,True,1790577691
2026-09-28T06:41:31+00:00,394,0,17,True,True,True,1790577691
2026-09-28T06:41:31+00:00,497,1,23,True,True,True,1790577691
2026-09-28T06:41:31+00:00,581,7,14,True,True,True,1790577691
2026-09-28T06:41:31+00:00,461,0,19,True,True,True,1790577691
2026-09-28T06:41:31+00:00,599,7,41,True,True,True,1790577691
2026-09-28T06:41:31+00:00,428,1,22,True,True,True,1790577691
2026-09-28T06:41:31+00:00,400,5,17,True,True,True,1790577691
2026-09-28T06:41:31+00:00,487,0,21,True,True,True,1790577691
2026-09-28T06:41:31+00:00,438,1,40,True,True,True,1790577691
2026-09-28T06:41:31+00:00,459,0,10,True,True,True,1790577691
2026-09-28T06:41:31+00:00,433,1,15,True,True,True,1790577691
2026-09-28T06:41:31+00:00,399,1,28,True,True,True,1790577691
2026-09-28T06:41:31+00:00,489,18,9,True,True,True,1790577691
2026-09-28T06:41:31+00:00,742,6,20,True,True,True,1790577691
2026-09-28T06:41:31+00:00,551,21,10,True,True,True,1790577691
2026-09-28T06:41:31+00:00,406,0,11,True,True,True,1790577691
2026-09-28T06:41:31+00:00,488,0,23,True,True,True,1790577691
2026-09-28T06:41:31+00:00,540,0,36,True,True,True,1790577691
2026-09-28T06:41:31+00:00,431,0,19,True,True,True,1790577691
2026-09-28T06:41:31+00:00,393,10,9,True,True,True,1790577691
2026-09-28T06:41:31+00:00,420,0,17,True,True,True,1790577691
2026-09-28T06:41:31+00:00,397,2,28,True,True,True,1790577691
2026-09-28T06:41:31+00:00,390,1,29,True,True,True,1790577691
2026-09-28T06:41:31+00:00,449,20,4,True,True,True,1790577691
2026-09-28T06:41:31+00:00,430,16,26,True,True,True,1790577691
2026-09-28T06:41:31+00:00,484,15,19,True,True,True,1790577691
2026-09-28T06:41:31+00:00,479,23,6,True,True,True,1790577691
2026-09-28T06:41:31+00:00,403,0,13,True,True,True,1790577691
2026-09-28T06:41:31+00:00,435,14,15,True,True,True,1790577691
2026-09-28T06:41:31+00:00,426,13,7,True,True,True,1790577691
2026-09-28T06:41:31+00:00,450,4,11,True,True,True,1790577691
2026-09-28T06:41:31+00:00,456,0,34,True,True,True,1790577691
2026-09-28T06:41:31+00:00,468,1,13,True,True,True,1790577691
2026-09-28T06:41:31+00:00,453,5,28,True,True,True,1790577691
2026-09-28T06:41:31+00:00,466,0,14,True,True,True,1790577691
2026-09-28T06:41:31+00:00,469,0,30,True,True,True,1790577691
2026-09-28T06:41:31+00:00,416,0,14,True,True,True,1790577691
2026-09-28T06:41:31+00:00,391,0,13,True,True,True,1790577691
2026-09-28T06:41:31+00:00,389,2,14,True,True,True,1790577691
2026-09-28T06:41:31+00:00,470,0,14,True,True,True,1790577691
2026-09-28T06:41:31+00:00,384,8,8,True,True,True,1790577691
2026-09-28T06:41:31+00:00,425,0,8,True,True,True,1790577691
2026-09-28T06:41:31+00:00,411,0,12,True,True,True,1790577691
2026-09-28T06:41:31+00:00,598,0,33,True,True,True,1790577691
2026-09-28T06:41:31+00:00,444,0,18,True,True,True,1790577691
2026-09-28T06:41:31+00:00,447,15,15,True,True,True,1790577691
2026-09-28T06:41:31+00:00,408,4,10,True,True,True,1790577691
2026-09-28T06:41:31+00:00,737,19,5,True,True,True,1790577691
2026-09-28T06:41:31+00:00,432,0,12,True,True,True,1790577691
2026-09-28T06:41:31+00:00,401,3,2,True,True,True,1790577691
2026-09-28T06:41:31+00:00,452,29,0,True,True,True,1790577691
2026-09-28T06:41:31+00:00,392,4,0,True,True,True,1790577691
2026-09-28T06:41:31+00:00,481,26,16,True,True,True,1790577691
2026-09-28T06:41:31+00:00,495,40,0,True,True,True,1790577691
2026-09-28T06:41:31+00:00,478,14,1,True,True,True,1790577691
2026-09-28T06:41:31+00:00,414,11,0,True,True,True,1790577691
2026-09-28T06:41:31+00:00,476,9,10,True,True,True,1790577691
2026-09-28T06:41:31+00:00,445,18,0,True,True,True,1790577691
2026-09-28T06:41:31+00:00,748,6,22,True,True,True,1790577691
2026-09-28T06:41:31+00:00,473,1,4,True,True,True,1790577691
2026-09-28T06:41:31+00:00,383,0,26,True,True,True,1790577691
2026-09-28T06:41:31+00:00,480,17,7,True,True,True,1790577691
2026-09-28T06:41:31+00:00,421,0,20,True,True,True,1790577691
2026-09-28T06:41:31+00:00,746,7,3,True,True,True,1790577691
2026-09-28T06:41:31+00:00,417,0,14,True,True,True,1790577691
2026-09-28T06:41:31+00:00,427,0,14,True,True,True,1790577691
2026-09-28T06:41:31+00:00,395,1,14,True,True,True,1790577691
2026-09-28T06:41:31+00:00,418,18,8,True,True,True,1790577691
2026-09-28T06:41:31+00:00,413,5,8,True,True,True,1790577691
2026-09-28T06:41:31+00:00,486,1,22,True,True,True,1790577691
2026-09-28T06:41:31+00:00,597,11,4,True,True,True,1790577691
2026-09-28T06:41:31+00:00,422,1,8,True,True,True,1790577691
2026-09-28T06:41:31+00:00,382,0,7,True,True,True,1790577691
2026-09-28T06:41:31+00:00,396,18,1,True,True,True,1790577691
2026-09-28T06:41:31+00:00,735,12,2,True,True,True,1790577691
2026-09-28T06:41:31+00:00,437,18,5,True,True,True,1790577691
2026-09-28T06:41:31+00:00,446,0,19,True,True,True,1790577691
2026-09-28T06:41:31+00:00,424,0,8,True,True,True,1790577691
2026-09-28T06:41:31+00:00,455,3,9,True,True,True,1790577691
2026-09-28T06:41:31+00:00,457,0,10,True,True,True,1790577691
2026-09-28T06:41:31+00:00,377,4,25,True,True,True,1790577691
2026-09-28T06:41:31+00:00,738,6,6,True,True,True,1790577691
2026-09-28T06:41:31+00:00,460,15,11,True,True,True,1790577691
2026-09-28T06:41:31+00:00,744,0,9,True,True,True,1790577691
2026-09-28T06:41:31+00:00,485,0,19,True,True,True,1790577691
2026-09-28T06:56:31+00:00,6026,25,9,True,True,True,1790578577
2026-09-28T06:56:31+00:00,5431,1,20,True,True,True,1790578577
2026-09-28T06:56:31+00:00,5424,1,16,True,True,True,1790578577
2026-09-28T06:56:31+00:00,5220,0,18,True,True,True,1790578577
2026-09-28T06:56:31+00:00,5217,29,1,True,True,True,1790578577
2026-09-28T06:56:31+00:00,5113,8,7,True,True,True,1790578577
2026-09-28T06:56:31+00:00,4683,5,16,True,True,True,1790578577
2026-09-28T06:56:31+00:00,4552,1,17,True,True,True,1790578577
2026-09-28T06:56:31+00:00,3725,0,18,True,True,True,1790578577
2026-09-28T06:56:31+00:00,2358,8,3,True,True,True,1790578577
2026-09-28T06:56:31+00:00,2357,11,12,True,True,True,1790578577
2026-09-28T06:56:31+00:00,2355,0,11,True,True,True,1790578577
2026-09-28T06:56:31+00:00,2351,0,17,True,True,True,1790578577
2026-09-28T06:56:31+00:00,2350,8,15,True,True,True,1790578577
2026-09-28T06:56:31+00:00,2349,1,20,True,True,True,1790578577
2026-09-28T06:56:31+00:00,2347,7,23,True,True,True,1790578577
2026-09-28T06:56:31+00:00,2340,13,12,True,True,True,1790578577
2026-09-28T06:56:31+00:00,2339,25,5,True,True,True,1790578577
2026-09-28T06:56:31+00:00,2337,13,0,True,True,True,1790578577
2026-09-28T06:56:31+00:00,2334,1,10,True,True,True,1790578577
2026-09-28T06:56:31+00:00,2333,14,1,True,True,True,1790578577
2026-09-28T06:56:31+00:00,2332,5,6,True,True,True,1790578577
2026-09-28T06:56:31+00:00,2330,11,0,True,True,True,1790578577
2026-09-28T06:56:31+00:00,2329,14,0,True,True,True,1790578577
2026-09-28T06:56:31+00:00,2328,20,0,True,True,True,1790578577
2026-09-28T06:56:31+00:00,2315,15,1,True,True,True,1790578577
2026-09-28T06:56:31+00:00,2308,7,1,True,True,True,1790578577
2026-09-28T06:56:31+00:00,2307,2,28,True,True,True,1790578577
2026-09-28T06:56:31+00:00,2306,3,15,True,True,True,1790578577
2026-09-28T06:56:31+00:00,2305,0,14,True,True,True,1790578577
2026-09-28T06:56:31+00:00,2304,1,14,True,True,True,1790578577
2026-09-28T06:56:31+00:00,2280,12,3,True,True,True,1790578577
2026-09-28T06:56:31+00:00,2270,1,17,True,True,True,1790578577
2026-09-28T06:56:31+00:00,1919,6,0,True,True,True,1790578577
2026-09-28T06:56:31+00:00,1755,32,0,True,True,True,1790578577
2026-09-28T06:56:31+00:00,1101,14,8,True,True,True,1790578577
2026-09-28T06:56:31+00:00,1023,13,0,True,True,True,1790578577
2026-09-28T06:56:31+00:00,1009,0,9,True,True,True,1790578577
2026-09-28T06:56:31+00:00,970,1,22,True,True,True,1790578577
2026-09-28T06:56:31+00:00,787,11,0,True,True,True,1790578577
2026-09-28T06:56:31+00:00,627,29,1,True,True,True,1790578577
2026-09-28T06:56:31+00:00,623,19,1,True,True,True,1790578577
2026-09-28T06:56:31+00:00,624,0,19,True,True,True,1790578577
2026-09-28T06:56:31+00:00,626,9,15,True,True,True,1790578577
2026-09-28T06:56:31+00:00,614,0,21,True,True,True,1790578577
2026-09-28T06:56:31+00:00,616,15,0,True,True,True,1790578577
2026-09-28T06:56:31+00:00,618,8,34,True,True,True,1790578577
2026-09-28T06:56:31+00:00,621,2,25,True,True,True,1790578577
2026-09-28T06:56:31+00:00,622,0,28,True,True,True,1790578577
2026-09-28T06:56:31+00:00,613,0,17,True,True,True,1790578577
2026-09-28T06:56:31+00:00,620,11,28,True,True,True,1790578577
2026-09-28T06:56:31+00:00,596,0,16,True,True,True,1790578577
2026-09-28T06:56:31+00:00,617,0,16,True,True,True,1790578577
2026-09-28T06:56:31+00:00,609,17,10,True,True,True,1790578577
2026-09-28T06:56:31+00:00,607,1,28,True,True,True,1790578577
2026-09-28T06:56:31+00:00,603,1,15,True,True,True,1790578577
2026-09-28T06:56:31+00:00,590,30,8,True,True,True,1790578577
2026-09-28T06:56:31+00:00,610,3,14,True,True,True,1790578577
2026-09-28T06:56:31+00:00,608,0,21,True,True,True,1790578577
2026-09-28T06:56:31+00:00,593,8,22,True,True,True,1790578577
2026-09-28T06:56:31+00:00,530,5,4,True,True,True,1790578577
2026-09-28T06:56:31+00:00,463,4,13,True,True,True,1790578577
2026-09-28T06:56:31+00:00,475,6,16,True,True,True,1790578577
2026-09-28T06:56:31+00:00,439,0,25,True,True,True,1790578577
2026-09-28T06:56:31+00:00,600,10,0,True,True,True,1790578577
2026-09-28T06:56:31+00:00,440,4,13,True,True,True,1790578577
2026-09-28T06:56:31+00:00,612,1,14,True,True,True,1790578577
2026-09-28T06:56:31+00:00,491,18,0,True,True,True,1790578577
2026-09-28T06:56:31+00:00,493,0,28,True,True,True,1790578577
2026-09-28T06:56:31+00:00,410,0,24,True,True,True,1790578577
2026-09-28T06:56:31+00:00,605,5,12,True,True,True,1790578577
2026-09-28T06:56:31+00:00,388,8,9,True,True,True,1790578577
2026-09-28T06:56:31+00:00,591,0,24,True,True,True,1790578577
2026-09-28T06:56:31+00:00,592,0,18,True,True,True,1790578577
2026-09-28T06:56:31+00:00,585,14,3,True,True,True,1790578577
2026-09-28T06:56:31+00:00,565,0,16,True,True,True,1790578577
2026-09-28T06:56:31+00:00,571,18,1,True,True,True,1790578577
2026-09-28T06:56:31+00:00,568,2,13,True,True,True,1790578577
2026-09-28T06:56:31+00:00,588,2,18,True,True,True,1790578577
2026-09-28T06:56:31+00:00,584,0,35,True,True,True,1790578577
2026-09-28T06:56:31+00:00,569,13,15,True,True,True,1790578577
2026-09-28T06:56:31+00:00,577,14,15,True,True,True,1790578577
2026-09-28T06:56:31+00:00,564,0,29,True,True,True,1790578577
2026-09-28T06:56:31+00:00,570,3,12,True,True,True,1790578577
2026-09-28T06:56:31+00:00,572,24,13,True,True,True,1790578577
2026-09-28T06:56:31+00:00,586,0,26,True,True,True,1790578577
2026-09-28T06:56:31+00:00,576,15,3,True,True,True,1790578577
2026-09-28T06:56:31+00:00,566,21,3,True,True,True,1790578577
2026-09-28T06:56:31+00:00,602,2,16,True,True,True,1790578577
2026-09-28T06:56:31+00:00,575,0,26,True,True,True,1790578577
2026-09-28T06:56:31+00:00,567,3,36,True,True,True,1790578577
2026-09-28T06:56:31+00:00,582,9,18,True,True,True,1790578577
2026-09-28T06:56:31+00:00,595,22,0,True,True,True,1790578577
2026-09-28T06:56:31+00:00,542,4,14,True,True,True,1790578577
2026-09-28T06:56:31+00:00,563,12,3,True,True,True,1790578577
2026-09-28T06:56:31+00:00,558,15,0,True,True,True,1790578577
2026-09-28T06:56:31+00:00,552,17,0,True,True,True,1790578577
2026-09-28T06:56:31+00:00,555,0,15,True,True,True,1790578577
2026-09-28T06:56:31+00:00,573,12,12,True,True,True,1790578577
2026-09-28T06:56:31+00:00,561,0,21,True,True,True,1790578577
2026-09-28T06:56:31+00:00,615,19,2,True,True,True,1790578577
2026-09-28T06:56:31+00:00,543,4,15,True,True,True,1790578577
2026-09-28T06:56:31+00:00,554,2,19,True,True,True,1790578577
2026-09-28T06:56:31+00:00,574,11,1,True,True,True,1790578577
2026-09-28T06:56:31+00:00,560,3,5,True,True,True,1790578577
2026-09-28T06:56:31+00:00,548,12,5,True,True,True,1790578577
2026-09-28T06:56:31+00:00,559,12,3,True,True,True,1790578577
2026-09-28T06:56:31+00:00,545,15,24,True,True,True,1790578577
2026-09-28T06:56:31+00:00,550,0,9,True,True,True,1790578577
2026-09-28T06:56:31+00:00,541,11,0,True,True,True,1790578577
2026-09-28T06:56:31+00:00,527,9,1,True,True,True,1790578577
2026-09-28T06:56:31+00:00,529,3,18,True,True,True,1790578577
2026-09-28T06:56:31+00:00,526,14,0,True,True,True,1790578577
2026-09-28T06:56:31+00:00,537,17,1,True,True,True,1790578577
2026-09-28T06:56:31+00:00,547,19,11,True,True,True,1790578577
2026-09-28T06:56:31+00:00,601,2,17,True,True,True,1790578577
2026-09-28T06:56:31+00:00,533,12,0,True,True,True,1790578577
2026-09-28T06:56:31+00:00,535,0,26,True,True,True,1790578577
2026-09-28T06:56:31+00:00,524,2,18,True,True,True,1790578577
2026-09-28T06:56:31+00:00,519,0,24,True,True,True,1790578577
2026-09-28T06:56:31+00:00,534,18,20,True,True,True,1790578577
2026-09-28T06:56:31+00:00,521,0,9,True,True,True,1790578577
2026-09-28T06:56:31+00:00,518,0,18,True,True,True,1790578577
2026-09-28T06:56:31+00:00,556,0,18,True,True,True,1790578577
2026-09-28T06:56:31+00:00,525,0,15,True,True,True,1790578577
2026-09-28T06:56:31+00:00,517,0,16,True,True,True,1790578577
2026-09-28T06:56:31+00:00,523,23,7,True,True,True,1790578577
2026-09-28T06:56:31+00:00,522,8,1,True,True,True,1790578577
2026-09-28T06:56:31+00:00,594,14,5,True,True,True,1790578577
2026-09-28T06:56:31+00:00,532,5,15,True,True,True,1790578577
2026-09-28T06:56:31+00:00,509,5,7,True,True,True,1790578577
2026-09-28T06:56:31+00:00,531,0,17,True,True,True,1790578577
2026-09-28T06:56:31+00:00,536,2,7,True,True,True,1790578577
2026-09-28T06:56:31+00:00,562,28,12,True,True,True,1790578577
2026-09-28T06:56:31+00:00,511,22,0,True,True,True,1790578577
2026-09-28T06:56:31+00:00,505,0,22,True,True,True,1790578577
2026-09-28T06:56:31+00:00,501,0,16,True,True,True,1790578577
2026-09-28T06:56:31+00:00,514,0,11,True,True,True,1790578577
2026-09-28T06:56:31+00:00,500,2,16,True,True,True,1790578577
2026-09-28T06:56:31+00:00,503,0,30,True,True,True,1790578577
2026-09-28T06:56:31+00:00,513,12,1,True,True,True,1790578577
2026-09-28T06:56:31+00:00,498,4,8,True,True,True,1790578577
2026-09-28T06:56:31+00:00,507,0,17,True,True,True,1790578577
2026-09-28T06:56:31+00:00,512,3,22,True,True,True,1790578577
2026-09-28T06:56:31+00:00,619,1,41,True,True,True,1790578577
2026-09-28T06:56:31+00:00,474,8,33,True,True,True,1790578577
2026-09-28T06:56:31+00:00,580,1,44,True,True,True,1790578577
2026-09-28T06:56:31+00:00,496,2,39,True,True,True,1790578577
2026-09-28T06:56:31+00:00,482,2,15,True,True,True,1790578577
2026-09-28T06:56:31+00:00,407,0,12,True,True,True,1790578577
2026-09-28T06:56:31+00:00,409,0,25,True,True,True,1790578577
2026-09-28T06:56:31+00:00,451,0,19,True,True,True,1790578577
2026-09-28T06:56:31+00:00,402,11,8,True,True,True,1790578577
2026-09-28T06:56:31+00:00,516,0,15,True,True,True,1790578577
2026-09-28T06:56:31+00:00,625,16,23,True,True,True,1790578577
2026-09-28T06:56:31+00:00,429,10,10,True,True,True,1790578577
2026-09-28T06:56:31+00:00,380,0,21,True,True,True,1790578577
2026-09-28T06:56:31+00:00,583,1,16,True,True,True,1790578577
2026-09-28T06:56:31+00:00,398,0,10,True,True,True,1790578577
2026-09-28T06:56:31+00:00,381,14,0,True,True,True,1790578577
2026-09-28T06:56:31+00:00,464,26,16,True,True,True,1790578577
2026-09-28T06:56:31+00:00,442,8,10,True,True,True,1790578577
2026-09-28T06:56:31+00:00,483,12,7,True,True,True,1790578577
2026-09-28T06:56:31+00:00,458,1,14,True,True,True,1790578577
2026-09-28T06:56:31+00:00,499,0,15,True,True,True,1790578577
2026-09-28T06:56:31+00:00,472,0,19,True,True,True,1790578577
2026-09-28T06:56:31+00:00,506,0,26,True,True,True,1790578577
2026-09-28T06:56:31+00:00,465,29,0,True,True,True,1790578577
2026-09-28T06:56:31+00:00,611,23,13,True,True,True,1790578577
2026-09-28T06:56:31+00:00,404,24,0,True,True,True,1790578577
2026-09-28T06:56:31+00:00,579,0,18,True,True,True,1790578577
2026-09-28T06:56:31+00:00,589,3,24,True,True,True,1790578577
2026-09-28T06:56:31+00:00,434,1,20,True,True,True,1790578577
2026-09-28T06:56:31+00:00,462,0,12,True,True,True,1790578577
2026-09-28T06:56:31+00:00,578,2,21,True,True,True,1790578577
2026-09-28T06:56:31+00:00,415,0,12,True,True,True,1790578577
2026-09-28T06:56:31+00:00,423,2,17,True,True,True,1790578577
2026-09-28T06:56:31+00:00,412,6,0,True,True,True,1790578577
2026-09-28T06:56:31+00:00,387,14,0,True,True,True,1790578577
2026-09-28T06:56:31+00:00,441,7,8,True,True,True,1790578577
2026-09-28T06:56:31+00:00,454,2,21,True,True,True,1790578577
2026-09-28T06:56:31+00:00,436,0,14,True,True,True,1790578577
2026-09-28T06:56:31+00:00,394,0,17,True,True,True,1790578577
2026-09-28T06:56:31+00:00,497,0,24,True,True,True,1790578577
2026-09-28T06:56:31+00:00,581,6,15,True,True,True,1790578577
2026-09-28T06:56:31+00:00,461,0,19,True,True,True,1790578577
2026-09-28T06:56:31+00:00,599,9,39,True,True,True,1790578577
2026-09-28T06:56:31+00:00,428,0,23,True,True,True,1790578577
2026-09-28T06:56:31+00:00,400,5,17,True,True,True,1790578577
2026-09-28T06:56:31+00:00,487,0,21,True,True,True,1790578577
2026-09-28T06:56:31+00:00,438,1,40,True,True,True,1790578577
2026-09-28T06:56:31+00:00,459,0,10,True,True,True,1790578577
2026-09-28T06:56:31+00:00,433,0,16,True,True,True,1790578577
2026-09-28T06:56:31+00:00,399,0,29,True,True,True,1790578577
2026-09-28T06:56:31+00:00,489,19,8,True,True,True,1790578577
2026-09-28T06:56:31+00:00,742,6,20,True,True,True,1790578577
2026-09-28T06:56:31+00:00,551,14,17,True,True,True,1790578577
2026-09-28T06:56:31+00:00,406,0,11,True,True,True,1790578577
2026-09-28T06:56:31+00:00,488,0,23,True,True,True,1790578577
2026-09-28T06:56:31+00:00,540,0,36,True,True,True,1790578577
2026-09-28T06:56:31+00:00,431,0,19,True,True,True,1790578577
2026-09-28T06:56:31+00:00,393,8,11,True,True,True,1790578577
2026-09-28T06:56:31+00:00,420,2,15,True,True,True,1790578577
2026-09-28T06:56:31+00:00,397,2,28,True,True,True,1790578577
2026-09-28T06:56:31+00:00,390,2,27,True,True,True,1790578577
2026-09-28T06:56:31+00:00,449,21,2,True,True,True,1790578577
2026-09-28T06:56:31+00:00,430,19,23,True,True,True,1790578577
2026-09-28T06:56:31+00:00,484,17,16,True,True,True,1790578577
2026-09-28T06:56:31+00:00,479,25,4,True,True,True,1790578577
2026-09-28T06:56:31+00:00,403,0,13,True,True,True,1790578577
2026-09-28T06:56:31+00:00,435,15,14,True,True,True,1790578577
2026-09-28T06:56:31+00:00,426,8,11,True,True,True,1790578577
2026-09-28T06:56:31+00:00,450,3,12,True,True,True,1790578577
2026-09-28T06:56:31+00:00,456,1,33,True,True,True,1790578577
2026-09-28T06:56:31+00:00,468,1,13,True,True,True,1790578577
2026-09-28T06:56:31+00:00,453,6,27,True,True,True,1790578577
2026-09-28T06:56:31+00:00,466,0,14,True,True,True,1790578577
2026-09-28T06:56:31+00:00,469,1,29,True,True,True,1790578577
2026-09-28T06:56:31+00:00,416,0,14,True,True,True,1790578577
2026-09-28T06:56:31+00:00,391,0,13,True,True,True,1790578577
2026-09-28T06:56:31+00:00,389,1,15,True,True,True,1790578577
2026-09-28T06:56:31+00:00,470,0,14,True,True,True,1790578577
2026-09-28T06:56:31+00:00,384,5,11,True,True,True,1790578577
2026-09-28T06:56:31+00:00,425,1,7,True,True,True,1790578577
2026-09-28T06:56:31+00:00,411,0,12,True,True,True,1790578577
2026-09-28T06:56:31+00:00,598,0,33,True,True,True,1790578577
2026-09-28T06:56:31+00:00,444,0,18,True,True,True,1790578577
2026-09-28T06:56:31+00:00,447,15,15,True,True,True,1790578577
2026-09-28T06:56:31+00:00,408,6,8,True,True,True,1790578577
2026-09-28T06:56:31+00:00,737,20,4,True,True,True,1790578577
2026-09-28T06:56:31+00:00,432,0,12,True,True,True,1790578577
2026-09-28T06:56:31+00:00,401,1,4,True,True,True,1790578577
2026-09-28T06:56:31+00:00,452,29,0,True,True,True,1790578577
2026-09-28T06:56:31+00:00,392,4,0,True,True,True,1790578577
2026-09-28T06:56:31+00:00,481,27,15,True,True,True,1790578577
2026-09-28T06:56:31+00:00,495,40,0,True,True,True,1790578577
2026-09-28T06:56:31+00:00,478,14,1,True,True,True,1790578577
2026-09-28T06:56:31+00:00,414,11,0,True,True,True,1790578577
2026-09-28T06:56:31+00:00,476,10,9,True,True,True,1790578577
2026-09-28T06:56:31+00:00,445,18,0,True,True,True,1790578577
2026-09-28T06:56:31+00:00,748,6,22,True,True,True,1790578577
2026-09-28T06:56:31+00:00,473,1,4,True,True,True,1790578577
2026-09-28T06:56:31+00:00,383,0,26,True,True,True,1790578577
2026-09-28T06:56:31+00:00,480,15,9,True,True,True,1790578577
2026-09-28T06:56:31+00:00,421,0,20,True,True,True,1790578577
2026-09-28T06:56:31+00:00,746,7,3,True,True,True,1790578577
2026-09-28T06:56:31+00:00,417,0,14,True,True,True,1790578577
2026-09-28T06:56:31+00:00,427,0,14,True,True,True,1790578577
2026-09-28T06:56:31+00:00,395,1,14,True,True,True,1790578577
2026-09-28T06:56:31+00:00,418,18,8,True,True,True,1790578577
2026-09-28T06:56:31+00:00,413,6,7,True,True,True,1790578577
2026-09-28T06:56:31+00:00,486,0,23,True,True,True,1790578577
2026-09-28T06:56:31+00:00,597,10,4,True,True,True,1790578577
2026-09-28T06:56:31+00:00,422,0,9,True,True,True,1790578577
2026-09-28T06:56:31+00:00,382,0,7,True,True,True,1790578577
2026-09-28T06:56:31+00:00,396,18,1,True,True,True,1790578577
2026-09-28T06:56:31+00:00,735,11,3,True,True,True,1790578577
2026-09-28T06:56:31+00:00,437,20,3,True,True,True,1790578577
2026-09-28T06:56:31+00:00,446,1,18,True,True,True,1790578577
2026-09-28T06:56:31+00:00,424,0,8,True,True,True,1790578577
2026-09-28T06:56:31+00:00,455,0,12,True,True,True,1790578577
2026-09-28T06:56:31+00:00,457,0,10,True,True,True,1790578577
2026-09-28T06:56:31+00:00,377,4,25,True,True,True,1790578577
2026-09-28T06:56:31+00:00,738,4,8,True,True,True,1790578577
2026-09-28T06:56:31+00:00,460,12,14,True,True,True,1790578577
2026-09-28T06:56:31+00:00,744,0,9,True,True,True,1790578577
2026-09-28T06:56:31+00:00,485,0,19,True,True,True,1790578577
2026-09-28T07:11:31+00:00,6026,25,9,True,True,True,1790579488
2026-09-28T07:11:31+00:00,5431,2,19,True,True,True,1790579488
2026-09-28T07:11:31+00:00,5424,1,16,True,True,True,1790579488
2026-09-28T07:11:31+00:00,5220,0,18,True,True,True,1790579488
2026-09-28T07:11:31+00:00,5217,30,0,True,True,True,1790579488
2026-09-28T07:11:31+00:00,5113,6,9,True,True,True,1790579488
2026-09-28T07:11:31+00:00,4683,5,16,True,True,True,1790579488
2026-09-28T07:11:31+00:00,4552,3,15,True,True,True,1790579488
2026-09-28T07:11:31+00:00,3725,0,18,True,True,True,1790579488
2026-09-28T07:11:31+00:00,2358,11,1,True,True,True,1790579488
2026-09-28T07:11:31+00:00,2357,17,6,True,True,True,1790579488
2026-09-28T07:11:31+00:00,2355,0,11,True,True,True,1790579488
2026-09-28T07:11:31+00:00,2351,0,17,True,True,True,1790579488
2026-09-28T07:11:31+00:00,2350,9,14,True,True,True,1790579488
2026-09-28T07:11:31+00:00,2349,1,20,True,True,True,1790579488
2026-09-28T07:11:31+00:00,2347,7,23,True,True,True,1790579488
2026-09-28T07:11:31+00:00,2340,12,13,True,True,True,1790579488
2026-09-28T07:11:31+00:00,2339,27,3,True,True,True,1790579488
2026-09-28T07:11:31+00:00,2337,13,0,True,True,True,1790579488
2026-09-28T07:11:31+00:00,2334,1,10,True,True,True,1790579488
2026-09-28T07:11:31+00:00,2333,13,1,True,True,True,1790579488
2026-09-28T07:11:31+00:00,2332,5,6,True,True,True,1790579488
2026-09-28T07:11:31+00:00,2330,11,0,True,True,True,1790579488
2026-09-28T07:11:31+00:00,2329,14,0,True,True,True,1790579488
2026-09-28T07:11:31+00:00,2328,20,0,True,True,True,1790579488
2026-09-28T07:11:31+00:00,2315,16,0,True,True,True,1790579488
2026-09-28T07:11:31+00:00,2308,8,0,True,True,True,1790579488
2026-09-28T07:11:31+00:00,2307,3,27,True,True,True,1790579488
2026-09-28T07:11:31+00:00,2306,2,16,True,True,True,1790579488
2026-09-28T07:11:31+00:00,2305,0,14,True,True,True,1790579488
2026-09-28T07:11:31+00:00,2304,1,14,True,True,True,1790579488
2026-09-28T07:11:31+00:00,2280,13,2,True,True,True,1790579488
2026-09-28T07:11:31+00:00,2270,1,17,True,True,True,1790579488
2026-09-28T07:11:31+00:00,1919,6,0,True,True,True,1790579488
2026-09-28T07:11:31+00:00,1755,32,0,True,True,True,1790579488
2026-09-28T07:11:31+00:00,1101,14,8,True,True,True,1790579488
2026-09-28T07:11:31+00:00,1023,12,0,True,True,True,1790579488
2026-09-28T07:11:31+00:00,1009,0,9,True,True,True,1790579488
2026-09-28T07:11:31+00:00,970,0,23,True,True,True,1790579488
2026-09-28T07:11:31+00:00,787,11,0,True,True,True,1790579488
2026-09-28T07:11:31+00:00,627,28,2,True,True,True,1790579488
2026-09-28T07:11:31+00:00,623,21,0,True,True,True,1790579488
2026-09-28T07:11:31+00:00,624,0,19,True,True,True,1790579488
2026-09-28T07:11:31+00:00,626,10,14,True,True,True,1790579488
2026-09-28T07:11:31+00:00,614,0,21,True,True,True,1790579488
2026-09-28T07:11:31+00:00,616,15,0,True,True,True,1790579488
2026-09-28T07:11:31+00:00,618,9,33,True,True,True,1790579488
2026-09-28T07:11:31+00:00,621,2,25,True,True,True,1790579488
2026-09-28T07:11:31+00:00,622,0,28,True,True,True,1790579488
2026-09-28T07:11:31+00:00,613,0,17,True,True,True,1790579488
2026-09-28T07:11:31+00:00,620,7,32,True,True,True,1790579488
2026-09-28T07:11:31+00:00,596,0,17,True,True,True,1790579488
2026-09-28T07:11:31+00:00,617,0,16,True,True,True,1790579488
2026-09-28T07:11:31+00:00,609,20,7,True,True,True,1790579488
2026-09-28T07:11:31+00:00,607,0,29,True,True,True,1790579488
2026-09-28T07:11:31+00:00,603,1,15,True,True,True,1790579488
2026-09-28T07:11:31+00:00,590,29,9,True,True,True,1790579488
2026-09-28T07:11:31+00:00,610,3,14,True,True,True,1790579488
2026-09-28T07:11:31+00:00,608,0,21,True,True,True,1790579488
2026-09-28T07:11:31+00:00,593,6,24,True,True,True,1790579488
2026-09-28T07:11:31+00:00,530,3,6,True,True,True,1790579488
2026-09-28T07:11:31+00:00,463,1,15,True,True,True,1790579488
2026-09-28T07:11:31+00:00,475,5,17,True,True,True,1790579488
2026-09-28T07:11:31+00:00,439,0,25,True,True,True,1790579488
2026-09-28T07:11:31+00:00,600,10,0,True,True,True,1790579488
2026-09-28T07:11:31+00:00,440,3,14,True,True,True,1790579488
2026-09-28T07:11:31+00:00,612,1,14,True,True,True,1790579488
2026-09-28T07:11:31+00:00,491,18,0,True,True,True,1790579488
2026-09-28T07:11:31+00:00,493,0,28,True,True,True,1790579488
2026-09-28T07:11:31+00:00,410,0,24,True,True,True,1790579488
2026-09-28T07:11:31+00:00,605,4,13,True,True,True,1790579488
2026-09-28T07:11:31+00:00,388,8,9,True,True,True,1790579488
2026-09-28T07:11:31+00:00,591,0,24,True,True,True,1790579488
2026-09-28T07:11:31+00:00,592,0,18,True,True,True,1790579488
2026-09-28T07:11:31+00:00,585,14,3,True,True,True,1790579488
2026-09-28T07:11:31+00:00,565,0,16,True,True,True,1790579488
2026-09-28T07:11:31+00:00,571,19,0,True,True,True,1790579488
2026-09-28T07:11:31+00:00,568,2,13,True,True,True,1790579488
2026-09-28T07:11:31+00:00,588,1,19,True,True,True,1790579488
2026-09-28T07:11:31+00:00,584,0,35,True,True,True,1790579488
2026-09-28T07:11:31+00:00,569,12,16,True,True,True,1790579488
2026-09-28T07:11:31+00:00,577,20,9,True,True,True,1790579488
2026-09-28T07:11:31+00:00,564,0,29,True,True,True,1790579488
2026-09-28T07:11:31+00:00,570,3,12,True,True,True,1790579488
2026-09-28T07:11:31+00:00,572,26,11,True,True,True,1790579488
2026-09-28T07:11:31+00:00,586,0,26,True,True,True,1790579488
2026-09-28T07:11:31+00:00,576,16,2,True,True,True,1790579488
2026-09-28T07:11:31+00:00,566,22,2,True,True,True,1790579488
2026-09-28T07:11:31+00:00,602,2,16,True,True,True,1790579488
2026-09-28T07:11:31+00:00,575,0,25,True,True,True,1790579488
2026-09-28T07:11:31+00:00,567,4,35,True,True,True,1790579488
2026-09-28T07:11:31+00:00,582,7,20,True,True,True,1790579488
2026-09-28T07:11:31+00:00,595,22,0,True,True,True,1790579488
2026-09-28T07:11:31+00:00,542,3,15,True,True,True,1790579488
2026-09-28T07:11:31+00:00,563,13,2,True,True,True,1790579488
2026-09-28T07:11:31+00:00,558,15,0,True,True,True,1790579488
2026-09-28T07:11:31+00:00,552,17,0,True,True,True,1790579488
2026-09-28T07:11:31+00:00,555,0,15,True,True,True,1790579488
2026-09-28T07:11:31+00:00,573,12,12,True,True,True,1790579488
2026-09-28T07:11:31+00:00,561,0,21,True,True,True,1790579488
2026-09-28T07:11:31+00:00,615,19,2,True,True,True,1790579488
2026-09-28T07:11:31+00:00,543,4,15,True,True,True,1790579488
2026-09-28T07:11:31+00:00,554,2,19,True,True,True,1790579488
2026-09-28T07:11:31+00:00,574,11,1,True,True,True,1790579488
2026-09-28T07:11:31+00:00,560,3,5,True,True,True,1790579488
2026-09-28T07:11:31+00:00,548,11,6,True,True,True,1790579488
2026-09-28T07:11:31+00:00,559,13,2,True,True,True,1790579488
2026-09-28T07:11:31+00:00,545,18,21,True,True,True,1790579488
2026-09-28T07:11:31+00:00,550,0,9,True,True,True,1790579488
2026-09-28T07:11:31+00:00,541,11,0,True,True,True,1790579488
2026-09-28T07:11:31+00:00,527,9,1,True,True,True,1790579488
2026-09-28T07:11:31+00:00,529,3,18,True,True,True,1790579488
2026-09-28T07:11:31+00:00,526,15,0,True,True,True,1790579488
2026-09-28T07:11:31+00:00,537,17,1,True,True,True,1790579488
2026-09-28T07:11:31+00:00,547,20,10,True,True,True,1790579488
2026-09-28T07:11:31+00:00,601,2,17,True,True,True,1790579488
2026-09-28T07:11:31+00:00,533,12,0,True,True,True,1790579488
2026-09-28T07:11:31+00:00,535,1,25,True,True,True,1790579488
2026-09-28T07:11:31+00:00,524,2,18,True,True,True,1790579488
2026-09-28T07:11:31+00:00,519,0,24,True,True,True,1790579488
2026-09-28T07:11:31+00:00,534,24,14,True,True,True,1790579488
2026-09-28T07:11:31+00:00,521,0,9,True,True,True,1790579488
2026-09-28T07:11:31+00:00,518,0,18,True,True,True,1790579488
2026-09-28T07:11:31+00:00,556,1,17,True,True,True,1790579488
2026-09-28T07:11:31+00:00,525,0,15,True,True,True,1790579488
2026-09-28T07:11:31+00:00,517,0,16,True,True,True,1790579488
2026-09-28T07:11:31+00:00,523,30,0,True,True,True,1790579488
2026-09-28T07:11:31+00:00,522,8,1,True,True,True,1790579488
2026-09-28T07:11:31+00:00,594,12,7,True,True,True,1790579488
2026-09-28T07:11:31+00:00,532,3,17,True,True,True,1790579488
2026-09-28T07:11:31+00:00,509,5,7,True,True,True,1790579488
2026-09-28T07:11:31+00:00,531,0,17,True,True,True,1790579488
2026-09-28T07:11:31+00:00,536,2,7,True,True,True,1790579488
2026-09-28T07:11:31+00:00,562,29,11,True,True,True,1790579488
2026-09-28T07:11:31+00:00,511,22,0,True,True,True,1790579488
2026-09-28T07:11:31+00:00,505,1,21,True,True,True,1790579488
2026-09-28T07:11:31+00:00,501,0,16,True,True,True,1790579488
2026-09-28T07:11:31+00:00,514,0,11,True,True,True,1790579488
2026-09-28T07:11:31+00:00,500,2,15,True,True,True,1790579488
2026-09-28T07:11:31+00:00,503,0,30,True,True,True,1790579488
2026-09-28T07:11:31+00:00,513,11,2,True,True,True,1790579488
2026-09-28T07:11:31+00:00,498,5,7,True,True,True,1790579488
2026-09-28T07:11:31+00:00,507,1,16,True,True,True,1790579488
2026-09-28T07:11:31+00:00,512,4,21,True,True,True,1790579488
2026-09-28T07:11:31+00:00,619,2,40,True,True,True,1790579488
2026-09-28T07:11:31+00:00,474,9,32,True,True,True,1790579488
2026-09-28T07:11:31+00:00,580,2,43,True,True,True,1790579488
2026-09-28T07:11:31+00:00,496,3,38,True,True,True,1790579488
2026-09-28T07:11:31+00:00,482,2,15,True,True,True,1790579488
2026-09-28T07:11:31+00:00,407,0,12,True,True,True,1790579488
2026-09-28T07:11:31+00:00,409,0,25,True,True,True,1790579488
2026-09-28T07:11:31+00:00,451,0,19,True,True,True,1790579488
2026-09-28T07:11:31+00:00,402,11,8,True,True,True,1790579488
2026-09-28T07:11:31+00:00,516,0,15,True,True,True,1790579488
2026-09-28T07:11:31+00:00,625,22,17,True,True,True,1790579488
2026-09-28T07:11:31+00:00,429,10,10,True,True,True,1790579488
2026-09-28T07:11:31+00:00,380,0,21,True,True,True,1790579488
2026-09-28T07:11:31+00:00,583,1,16,True,True,True,1790579488
2026-09-28T07:11:31+00:00,398,1,10,True,True,True,1790579488
2026-09-28T07:11:31+00:00,381,14,0,True,True,True,1790579488
2026-09-28T07:11:31+00:00,464,27,16,True,True,True,1790579488
2026-09-28T07:11:31+00:00,442,4,13,True,True,True,1790579488
2026-09-28T07:11:31+00:00,483,15,4,True,True,True,1790579488
2026-09-28T07:11:31+00:00,458,0,15,True,True,True,1790579488
2026-09-28T07:11:31+00:00,499,0,15,True,True,True,1790579488
2026-09-28T07:11:31+00:00,472,0,19,True,True,True,1790579488
2026-09-28T07:11:31+00:00,506,0,26,True,True,True,1790579488
2026-09-28T07:11:31+00:00,465,20,9,True,True,True,1790579488
2026-09-28T07:11:31+00:00,611,35,1,True,True,True,1790579488
2026-09-28T07:11:31+00:00,404,24,0,True,True,True,1790579488
2026-09-28T07:11:31+00:00,579,0,18,True,True,True,1790579488
2026-09-28T07:11:31+00:00,589,3,24,True,True,True,1790579488
2026-09-28T07:11:31+00:00,434,0,21,True,True,True,1790579488
2026-09-28T07:11:31+00:00,462,0,12,True,True,True,1790579488
2026-09-28T07:11:31+00:00,578,1,22,True,True,True,1790579488
2026-09-28T07:11:31+00:00,415,0,12,True,True,True,1790579488
2026-09-28T07:11:31+00:00,423,0,19,True,True,True,1790579488
2026-09-28T07:11:31+00:00,412,6,0,True,True,True,1790579488
2026-09-28T07:11:31+00:00,387,14,0,True,True,True,1790579488
2026-09-28T07:11:31+00:00,441,11,4,True,True,True,1790579488
2026-09-28T07:11:31+00:00,454,2,21,True,True,True,1790579488
2026-09-28T07:11:31+00:00,436,0,14,True,True,True,1790579488
2026-09-28T07:11:31+00:00,394,0,17,True,True,True,1790579488
2026-09-28T07:11:31+00:00,497,0,24,True,True,True,1790579488
2026-09-28T07:11:31+00:00,581,3,18,True,True,True,1790579488
2026-09-28T07:11:31+00:00,461,0,19,True,True,True,1790579488
2026-09-28T07:11:31+00:00,599,11,37,True,True,True,1790579488
2026-09-28T07:11:31+00:00,428,0,23,True,True,True,1790579488
2026-09-28T07:11:31+00:00,400,6,16,True,True,True,1790579488
2026-09-28T07:11:31+00:00,487,0,21,True,True,True,1790579488
2026-09-28T07:11:31+00:00,438,1,40,True,True,True,1790579488
2026-09-28T07:11:31+00:00,459,0,10,True,True,True,1790579488
2026-09-28T07:11:31+00:00,433,0,16,True,True,True,1790579488
2026-09-28T07:11:31+00:00,399,0,29,True,True,True,1790579488
2026-09-28T07:11:31+00:00,489,25,2,True,True,True,1790579488
2026-09-28T07:11:31+00:00,742,6,20,True,True,True,1790579488
2026-09-28T07:11:31+00:00,551,11,20,True,True,True,1790579488
2026-09-28T07:11:31+00:00,406,2,9,True,True,True,1790579488
2026-09-28T07:11:31+00:00,488,0,23,True,True,True,1790579488
2026-09-28T07:11:31+00:00,540,0,36,True,True,True,1790579488
2026-09-28T07:11:31+00:00,431,0,19,True,True,True,1790579488
2026-09-28T07:11:31+00:00,393,7,12,True,True,True,1790579488
2026-09-28T07:11:31+00:00,420,2,15,True,True,True,1790579488
2026-09-28T07:11:31+00:00,397,1,28,True,True,True,1790579488
2026-09-28T07:11:31+00:00,390,5,24,True,True,True,1790579488
2026-09-28T07:11:31+00:00,449,23,0,True,True,True,1790579488
2026-09-28T07:11:31+00:00,430,25,17,True,True,True,1790579488
2026-09-28T07:11:31+00:00,484,19,14,True,True,True,1790579488
2026-09-28T07:11:31+00:00,479,29,0,True,True,True,1790579488
2026-09-28T07:11:31+00:00,403,0,13,True,True,True,1790579488
2026-09-28T07:11:31+00:00,435,16,14,True,True,True,1790579488
2026-09-28T07:11:31+00:00,426,4,16,True,True,True,1790579488
2026-09-28T07:11:31+00:00,450,2,13,True,True,True,1790579488
2026-09-28T07:11:31+00:00,456,2,32,True,True,True,1790579488
2026-09-28T07:11:31+00:00,468,2,12,True,True,True,1790579488
2026-09-28T07:11:31+00:00,453,5,27,True,True,True,1790579488
2026-09-28T07:11:31+00:00,466,0,14,True,True,True,1790579488
2026-09-28T07:11:31+00:00,469,0,30,True,True,True,1790579488
2026-09-28T07:11:31+00:00,416,0,14,True,True,True,1790579488
2026-09-28T07:11:31+00:00,391,0,13,True,True,True,1790579488
2026-09-28T07:11:31+00:00,389,1,15,True,True,True,1790579488
2026-09-28T07:11:31+00:00,470,0,14,True,True,True,1790579488
2026-09-28T07:11:31+00:00,384,7,9,True,True,True,1790579488
2026-09-28T07:11:31+00:00,425,1,7,True,True,True,1790579488
2026-09-28T07:11:31+00:00,411,0,12,True,True,True,1790579488
2026-09-28T07:11:31+00:00,598,0,33,True,True,True,1790579488
2026-09-28T07:11:31+00:00,444,1,17,True,True,True,1790579488
2026-09-28T07:11:31+00:00,447,15,15,True,True,True,1790579488
2026-09-28T07:11:31+00:00,408,4,10,True,True,True,1790579488
2026-09-28T07:11:31+00:00,737,20,4,True,True,True,1790579488
2026-09-28T07:11:31+00:00,432,0,12,True,True,True,1790579488
2026-09-28T07:11:31+00:00,401,0,5,True,True,True,1790579488
2026-09-28T07:11:31+00:00,452,29,0,True,True,True,1790579488
2026-09-28T07:11:31+00:00,392,4,0,True,True,True,1790579488
2026-09-28T07:11:31+00:00,481,28,14,True,True,True,1790579488
2026-09-28T07:11:31+00:00,495,25,15,True,True,True,1790579488
2026-09-28T07:11:31+00:00,478,13,2,True,True,True,1790579488
2026-09-28T07:11:31+00:00,414,11,0,True,True,True,1790579488
2026-09-28T07:11:31+00:00,476,13,6,True,True,True,1790579488
2026-09-28T07:11:31+00:00,445,18,0,True,True,True,1790579488
2026-09-28T07:11:31+00:00,748,11,18,True,True,True,1790579488
2026-09-28T07:11:31+00:00,473,1,4,True,True,True,1790579488
2026-09-28T07:11:31+00:00,383,0,26,True,True,True,1790579488
2026-09-28T07:11:31+00:00,480,17,7,True,True,True,1790579488
2026-09-28T07:11:31+00:00,421,0,20,True,True,True,1790579488
2026-09-28T07:11:31+00:00,746,7,3,True,True,True,1790579488
2026-09-28T07:11:31+00:00,417,0,14,True,True,True,1790579488
2026-09-28T07:11:31+00:00,427,0,14,True,True,True,1790579488
2026-09-28T07:11:31+00:00,395,1,14,True,True,True,1790579488
2026-09-28T07:11:31+00:00,418,18,8,True,True,True,1790579488
2026-09-28T07:11:31+00:00,413,5,8,True,True,True,1790579488
2026-09-28T07:11:31+00:00,486,0,23,True,True,True,1790579488
2026-09-28T07:11:31+00:00,597,14,1,True,True,True,1790579488
2026-09-28T07:11:31+00:00,422,0,9,True,True,True,1790579488
2026-09-28T07:11:31+00:00,382,1,6,True,True,True,1790579488
2026-09-28T07:11:31+00:00,396,19,0,True,True,True,1790579488
2026-09-28T07:11:31+00:00,735,11,3,True,True,True,1790579488
2026-09-28T07:11:31+00:00,437,23,0,True,True,True,1790579488
2026-09-28T07:11:31+00:00,446,0,19,True,True,True,1790579488
2026-09-28T07:11:31+00:00,424,1,7,True,True,True,1790579488
2026-09-28T07:11:31+00:00,455,2,10,True,True,True,1790579488
2026-09-28T07:11:31+00:00,457,0,10,True,True,True,1790579488
2026-09-28T07:11:31+00:00,377,4,25,True,True,True,1790579488
2026-09-28T07:11:31+00:00,738,4,8,True,True,True,1790579488
2026-09-28T07:11:31+00:00,460,9,17,True,True,True,1790579488
2026-09-28T07:11:31+00:00,744,0,9,True,True,True,1790579488
2026-09-28T07:11:31+00:00,485,0,19,True,True,True,1790579488
2026-09-28T07:26:31+00:00,6026,26,8,True,True,True,1790580383
2026-09-28T07:26:31+00:00,5431,3,18,True,True,True,1790580383
2026-09-28T07:26:31+00:00,5424,1,16,True,True,True,1790580383
2026-09-28T07:26:31+00:00,5220,0,18,True,True,True,1790580383
2026-09-28T07:26:31+00:00,5217,30,0,True,True,True,1790580383
2026-09-28T07:26:31+00:00,5113,6,9,True,True,True,1790580383
2026-09-28T07:26:31+00:00,4683,5,16,True,True,True,1790580383
2026-09-28T07:26:31+00:00,4552,3,15,True,True,True,1790580383
2026-09-28T07:26:31+00:00,3725,0,18,True,True,True,1790580383
2026-09-28T07:26:31+00:00,2358,11,1,True,True,True,1790580383
2026-09-28T07:26:31+00:00,2357,17,6,True,True,True,1790580383
2026-09-28T07:26:31+00:00,2355,0,11,True,True,True,1790580383
2026-09-28T07:26:31+00:00,2351,0,17,True,True,True,1790580383
2026-09-28T07:26:31+00:00,2350,9,14,True,True,True,1790580383
2026-09-28T07:26:31+00:00,2349,1,20,True,True,True,1790580383
2026-09-28T07:26:31+00:00,2347,7,23,True,True,True,1790580383
2026-09-28T07:26:31+00:00,2340,12,13,True,True,True,1790580383
2026-09-28T07:26:31+00:00,2339,28,2,True,True,True,1790580383
2026-09-28T07:26:31+00:00,2337,13,0,True,True,True,1790580383
2026-09-28T07:26:31+00:00,2334,1,10,True,True,True,1790580383
2026-09-28T07:26:31+00:00,2333,13,1,True,True,True,1790580383
2026-09-28T07:26:31+00:00,2332,4,7,True,True,True,1790580383
2026-09-28T07:26:31+00:00,2330,11,0,True,True,True,1790580383
2026-09-28T07:26:31+00:00,2329,14,0,True,True,True,1790580383
2026-09-28T07:26:31+00:00,2328,20,0,True,True,True,1790580383
2026-09-28T07:26:31+00:00,2315,16,0,True,True,True,1790580383
2026-09-28T07:26:31+00:00,2308,8,0,True,True,True,1790580383
2026-09-28T07:26:31+00:00,2307,2,28,True,True,True,1790580383
2026-09-28T07:26:31+00:00,2306,2,16,True,True,True,1790580383
2026-09-28T07:26:31+00:00,2305,0,14,True,True,True,1790580383
2026-09-28T07:26:31+00:00,2304,1,14,True,True,True,1790580383
2026-09-28T07:26:31+00:00,2280,14,1,True,True,True,1790580383
2026-09-28T07:26:31+00:00,2270,1,17,True,True,True,1790580383
2026-09-28T07:26:31+00:00,1919,4,1,True,True,True,1790580383
2026-09-28T07:26:31+00:00,1755,32,0,True,True,True,1790580383
2026-09-28T07:26:31+00:00,1101,15,7,True,True,True,1790580383
2026-09-28T07:26:31+00:00,1023,12,0,True,True,True,1790580383
2026-09-28T07:26:31+00:00,1009,0,9,True,True,True,1790580383
2026-09-28T07:26:31+00:00,970,0,23,True,True,True,1790580383
2026-09-28T07:26:31+00:00,787,11,0,True,True,True,1790580383
2026-09-28T07:26:31+00:00,627,28,2,True,True,True,1790580383
2026-09-28T07:26:31+00:00,623,21,0,True,True,True,1790580383
2026-09-28T07:26:31+00:00,624,0,19,True,True,True,1790580383
2026-09-28T07:26:31+00:00,626,10,14,True,True,True,1790580383
2026-09-28T07:26:31+00:00,614,0,21,True,True,True,1790580383
2026-09-28T07:26:31+00:00,616,15,0,True,True,True,1790580383
2026-09-28T07:26:31+00:00,618,9,33,True,True,True,1790580383
2026-09-28T07:26:31+00:00,621,1,26,True,True,True,1790580383
2026-09-28T07:26:31+00:00,622,1,27,True,True,True,1790580383
2026-09-28T07:26:31+00:00,613,0,17,True,True,True,1790580383
2026-09-28T07:26:31+00:00,620,6,33,True,True,True,1790580383
2026-09-28T07:26:31+00:00,596,0,17,True,True,True,1790580383
2026-09-28T07:26:31+00:00,617,0,16,True,True,True,1790580383
2026-09-28T07:26:31+00:00,609,18,9,True,True,True,1790580383
2026-09-28T07:26:31+00:00,607,0,29,True,True,True,1790580383
2026-09-28T07:26:31+00:00,603,1,15,True,True,True,1790580383
2026-09-28T07:26:31+00:00,590,29,9,True,True,True,1790580383
2026-09-28T07:26:31+00:00,610,3,14,True,True,True,1790580383
2026-09-28T07:26:31+00:00,608,0,21,True,True,True,1790580383
2026-09-28T07:26:31+00:00,593,2,28,True,True,True,1790580383
2026-09-28T07:26:31+00:00,530,4,5,True,True,True,1790580383
2026-09-28T07:26:31+00:00,463,0,17,True,True,True,1790580383
2026-09-28T07:26:31+00:00,475,5,17,True,True,True,1790580383
2026-09-28T07:26:31+00:00,439,0,25,True,True,True,1790580383
2026-09-28T07:26:31+00:00,600,10,0,True,True,True,1790580383
2026-09-28T07:26:31+00:00,440,3,14,True,True,True,1790580383
2026-09-28T07:26:31+00:00,612,2,13,True,True,True,1790580383
2026-09-28T07:26:31+00:00,491,18,0,True,True,True,1790580383
2026-09-28T07:26:31+00:00,493,0,28,True,True,True,1790580383
2026-09-28T07:26:31+00:00,410,0,24,True,True,True,1790580383
2026-09-28T07:26:31+00:00,605,3,14,True,True,True,1790580383
2026-09-28T07:26:31+00:00,388,7,10,True,True,True,1790580383
2026-09-28T07:26:31+00:00,591,0,24,True,True,True,1790580383
2026-09-28T07:26:31+00:00,592,0,18,True,True,True,1790580383
2026-09-28T07:26:31+00:00,585,13,4,True,True,True,1790580383
2026-09-28T07:26:31+00:00,565,0,16,True,True,True,1790580383
2026-09-28T07:26:31+00:00,571,19,0,True,True,True,1790580383
2026-09-28T07:26:31+00:00,568,2,13,True,True,True,1790580383
2026-09-28T07:26:31+00:00,588,1,19,True,True,True,1790580383
2026-09-28T07:26:31+00:00,584,0,35,True,True,True,1790580383
2026-09-28T07:26:31+00:00,569,11,17,True,True,True,1790580383
2026-09-28T07:26:31+00:00,577,22,6,True,True,True,1790580383
2026-09-28T07:26:31+00:00,564,0,29,True,True,True,1790580383
2026-09-28T07:26:31+00:00,570,3,12,True,True,True,1790580383
2026-09-28T07:26:31+00:00,572,27,10,True,True,True,1790580383
2026-09-28T07:26:31+00:00,586,0,26,True,True,True,1790580383
2026-09-28T07:26:31+00:00,576,16,2,True,True,True,1790580383
2026-09-28T07:26:31+00:00,566,23,1,True,True,True,1790580383
2026-09-28T07:26:31+00:00,602,2,16,True,True,True,1790580383
2026-09-28T07:26:31+00:00,575,2,23,True,True,True,1790580383
2026-09-28T07:26:31+00:00,567,3,36,True,True,True,1790580383
2026-09-28T07:26:31+00:00,582,3,24,True,True,True,1790580383
2026-09-28T07:26:31+00:00,595,22,0,True,True,True,1790580383
2026-09-28T07:26:31+00:00,542,2,16,True,True,True,1790580383
2026-09-28T07:26:31+00:00,563,13,2,True,True,True,1790580383
2026-09-28T07:26:31+00:00,558,14,1,True,True,True,1790580383
2026-09-28T07:26:31+00:00,552,17,0,True,True,True,1790580383
2026-09-28T07:26:31+00:00,555,0,15,True,True,True,1790580383
2026-09-28T07:26:31+00:00,573,12,12,True,True,True,1790580383
2026-09-28T07:26:31+00:00,561,0,21,True,True,True,1790580383
2026-09-28T07:26:31+00:00,615,19,2,True,True,True,1790580383
2026-09-28T07:26:31+00:00,543,4,15,True,True,True,1790580383
2026-09-28T07:26:31+00:00,554,2,19,True,True,True,1790580383
2026-09-28T07:26:31+00:00,574,11,1,True,True,True,1790580383
2026-09-28T07:26:31+00:00,560,3,5,True,True,True,1790580383
2026-09-28T07:26:31+00:00,548,11,6,True,True,True,1790580383
2026-09-28T07:26:31+00:00,559,13,2,True,True,True,1790580383
2026-09-28T07:26:31+00:00,545,21,18,True,True,True,1790580383
2026-09-28T07:26:31+00:00,550,0,9,True,True,True,1790580383
2026-09-28T07:26:31+00:00,541,11,0,True,True,True,1790580383
2026-09-28T07:26:31+00:00,527,9,1,True,True,True,1790580383
2026-09-28T07:26:31+00:00,529,3,18,True,True,True,1790580383
2026-09-28T07:26:31+00:00,526,15,0,True,True,True,1790580383
2026-09-28T07:26:31+00:00,537,17,1,True,True,True,1790580383
2026-09-28T07:26:31+00:00,547,21,9,True,True,True,1790580383
2026-09-28T07:26:31+00:00,601,2,17,True,True,True,1790580383
2026-09-28T07:26:31+00:00,533,12,0,True,True,True,1790580383
2026-09-28T07:26:31+00:00,535,1,25,True,True,True,1790580383
2026-09-28T07:26:31+00:00,524,2,18,True,True,True,1790580383
2026-09-28T07:26:31+00:00,519,0,24,True,True,True,1790580383
2026-09-28T07:26:31+00:00,534,24,13,True,True,True,1790580383
2026-09-28T07:26:31+00:00,521,0,9,True,True,True,1790580383
2026-09-28T07:26:31+00:00,518,0,18,True,True,True,1790580383
2026-09-28T07:26:31+00:00,556,0,18,True,True,True,1790580383
2026-09-28T07:26:31+00:00,525,0,15,True,True,True,1790580383
2026-09-28T07:26:31+00:00,517,0,16,True,True,True,1790580383
2026-09-28T07:26:31+00:00,523,30,0,True,True,True,1790580383
2026-09-28T07:26:31+00:00,522,7,2,True,True,True,1790580383
2026-09-28T07:26:31+00:00,594,10,9,True,True,True,1790580383
2026-09-28T07:26:31+00:00,532,3,17,True,True,True,1790580383
2026-09-28T07:26:31+00:00,509,5,7,True,True,True,1790580383
2026-09-28T07:26:31+00:00,531,0,17,True,True,True,1790580383
2026-09-28T07:26:31+00:00,536,2,7,True,True,True,1790580383
2026-09-28T07:26:31+00:00,562,29,11,True,True,True,1790580383
2026-09-28T07:26:31+00:00,511,22,0,True,True,True,1790580383
2026-09-28T07:26:31+00:00,505,1,21,True,True,True,1790580383
2026-09-28T07:26:31+00:00,501,0,16,True,True,True,1790580383
2026-09-28T07:26:31+00:00,514,0,11,True,True,True,1790580383
2026-09-28T07:26:31+00:00,500,1,16,True,True,True,1790580383
2026-09-28T07:26:31+00:00,503,0,30,True,True,True,1790580383
2026-09-28T07:26:31+00:00,513,13,0,True,True,True,1790580383
2026-09-28T07:26:31+00:00,498,5,7,True,True,True,1790580383
2026-09-28T07:26:31+00:00,507,0,17,True,True,True,1790580383
2026-09-28T07:26:31+00:00,512,4,21,True,True,True,1790580383
2026-09-28T07:26:31+00:00,619,2,40,True,True,True,1790580383
2026-09-28T07:26:31+00:00,474,9,32,True,True,True,1790580383
2026-09-28T07:26:31+00:00,580,2,43,True,True,True,1790580383
2026-09-28T07:26:31+00:00,496,4,37,True,True,True,1790580383
2026-09-28T07:26:31+00:00,482,1,16,True,True,True,1790580383
2026-09-28T07:26:31+00:00,407,0,12,True,True,True,1790580383
2026-09-28T07:26:31+00:00,409,0,25,True,True,True,1790580383
2026-09-28T07:26:31+00:00,451,0,19,True,True,True,1790580383
2026-09-28T07:26:31+00:00,402,11,8,True,True,True,1790580383
2026-09-28T07:26:31+00:00,516,0,15,True,True,True,1790580383
2026-09-28T07:26:31+00:00,625,22,17,True,True,True,1790580383
2026-09-28T07:26:31+00:00,429,11,9,True,True,True,1790580383
2026-09-28T07:26:31+00:00,380,0,21,True,True,True,1790580383
2026-09-28T07:26:31+00:00,583,1,16,True,True,True,1790580383
2026-09-28T07:26:31+00:00,398,0,11,True,True,True,1790580383
2026-09-28T07:26:31+00:00,381,14,0,True,True,True,1790580383
2026-09-28T07:26:31+00:00,464,26,17,True,True,True,1790580383
2026-09-28T07:26:31+00:00,442,3,14,True,True,True,1790580383
2026-09-28T07:26:31+00:00,483,14,5,True,True,True,1790580383
2026-09-28T07:26:31+00:00,458,1,14,True,True,True,1790580383
2026-09-28T07:26:31+00:00,499,0,15,True,True,True,1790580383
2026-09-28T07:26:31+00:00,472,0,19,True,True,True,1790580383
2026-09-28T07:26:31+00:00,506,0,26,True,True,True,1790580383
2026-09-28T07:26:31+00:00,465,26,3,True,True,True,1790580383
2026-09-28T07:26:31+00:00,611,36,0,True,True,True,1790580383
2026-09-28T07:26:31+00:00,404,24,0,True,True,True,1790580383
2026-09-28T07:26:31+00:00,579,0,18,True,True,True,1790580383
2026-09-28T07:26:31+00:00,589,3,24,True,True,True,1790580383
2026-09-28T07:26:31+00:00,434,1,20,True,True,True,1790580383
2026-09-28T07:26:31+00:00,462,0,12,True,True,True,1790580383
2026-09-28T07:26:31+00:00,578,1,22,True,True,True,1790580383
2026-09-28T07:26:31+00:00,415,0,12,True,True,True,1790580383
2026-09-28T07:26:31+00:00,423,0,19,True,True,True,1790580383
2026-09-28T07:26:31+00:00,412,5,1,True,True,True,1790580383
2026-09-28T07:26:31+00:00,387,14,0,True,True,True,1790580383
2026-09-28T07:26:31+00:00,441,12,3,True,True,True,1790580383
2026-09-28T07:26:31+00:00,454,2,21,True,True,True,1790580383
2026-09-28T07:26:31+00:00,436,0,14,True,True,True,1790580383
2026-09-28T07:26:31+00:00,394,0,17,True,True,True,1790580383
2026-09-28T07:26:31+00:00,497,0,24,True,True,True,1790580383
2026-09-28T07:26:31+00:00,581,3,18,True,True,True,1790580383
2026-09-28T07:26:31+00:00,461,0,19,True,True,True,1790580383
2026-09-28T07:26:31+00:00,599,12,36,True,True,True,1790580383
2026-09-28T07:26:31+00:00,428,1,22,True,True,True,1790580383
2026-09-28T07:26:31+00:00,400,8,14,True,True,True,1790580383
2026-09-28T07:26:31+00:00,487,0,21,True,True,True,1790580383
2026-09-28T07:26:31+00:00,438,2,39,True,True,True,1790580383
2026-09-28T07:26:31+00:00,459,0,10,True,True,True,1790580383
2026-09-28T07:26:31+00:00,433,0,16,True,True,True,1790580383
2026-09-28T07:26:31+00:00,399,0,29,True,True,True,1790580383
2026-09-28T07:26:31+00:00,489,27,0,True,True,True,1790580383
2026-09-28T07:26:31+00:00,742,5,21,True,True,True,1790580383
2026-09-28T07:26:31+00:00,551,9,22,True,True,True,1790580383
2026-09-28T07:26:31+00:00,406,0,11,True,True,True,1790580383
2026-09-28T07:26:31+00:00,488,0,23,True,True,True,1790580383
2026-09-28T07:26:31+00:00,540,0,36,True,True,True,1790580383
2026-09-28T07:26:31+00:00,431,0,19,True,True,True,1790580383
2026-09-28T07:26:31+00:00,393,7,12,True,True,True,1790580383
2026-09-28T07:26:31+00:00,420,1,15,True,True,True,1790580383
2026-09-28T07:26:31+00:00,397,1,28,True,True,True,1790580383
2026-09-28T07:26:31+00:00,390,5,24,True,True,True,1790580383
2026-09-28T07:26:31+00:00,449,23,0,True,True,True,1790580383
2026-09-28T07:26:31+00:00,430,28,14,True,True,True,1790580383
2026-09-28T07:26:31+00:00,484,19,14,True,True,True,1790580383
2026-09-28T07:26:31+00:00,479,29,0,True,True,True,1790580383
2026-09-28T07:26:31+00:00,403,0,13,True,True,True,1790580383
2026-09-28T07:26:31+00:00,435,16,14,True,True,True,1790580383
2026-09-28T07:26:31+00:00,426,3,17,True,True,True,1790580383
2026-09-28T07:26:31+00:00,450,1,14,True,True,True,1790580383
2026-09-28T07:26:31+00:00,456,2,32,True,True,True,1790580383
2026-09-28T07:26:31+00:00,468,2,12,True,True,True,1790580383
2026-09-28T07:26:31+00:00,453,6,27,True,True,True,1790580383
2026-09-28T07:26:31+00:00,466,0,14,True,True,True,1790580383
2026-09-28T07:26:31+00:00,469,0,30,True,True,True,1790580383
2026-09-28T07:26:31+00:00,416,0,14,True,True,True,1790580383
2026-09-28T07:26:31+00:00,391,0,13,True,True,True,1790580383
2026-09-28T07:26:31+00:00,389,1,15,True,True,True,1790580383
2026-09-28T07:26:31+00:00,470,0,14,True,True,True,1790580383
2026-09-28T07:26:31+00:00,384,6,11,True,True,True,1790580383
2026-09-28T07:26:31+00:00,425,0,8,True,True,True,1790580383
2026-09-28T07:26:31+00:00,411,0,12,True,True,True,1790580383
2026-09-28T07:26:31+00:00,598,6,25,True,True,True,1790580383
2026-09-28T07:26:31+00:00,444,1,17,True,True,True,1790580383
2026-09-28T07:26:31+00:00,447,15,15,True,True,True,1790580383
2026-09-28T07:26:31+00:00,408,4,10,True,True,True,1790580383
2026-09-28T07:26:31+00:00,737,20,4,True,True,True,1790580383
2026-09-28T07:26:31+00:00,432,0,12,True,True,True,1790580383
2026-09-28T07:26:31+00:00,401,0,5,True,True,True,1790580383
2026-09-28T07:26:31+00:00,452,29,0,True,True,True,1790580383
2026-09-28T07:26:31+00:00,392,3,1,True,True,True,1790580383
2026-09-28T07:26:31+00:00,481,29,13,True,True,True,1790580383
2026-09-28T07:26:31+00:00,495,25,15,True,True,True,1790580383
2026-09-28T07:26:31+00:00,478,14,1,True,True,True,1790580383
2026-09-28T07:26:31+00:00,414,11,0,True,True,True,1790580383
2026-09-28T07:26:31+00:00,476,15,4,True,True,True,1790580383
2026-09-28T07:26:31+00:00,445,18,0,True,True,True,1790580383
2026-09-28T07:26:31+00:00,748,10,19,True,True,True,1790580383
2026-09-28T07:26:31+00:00,473,1,4,True,True,True,1790580383
2026-09-28T07:26:31+00:00,383,0,26,True,True,True,1790580383
2026-09-28T07:26:31+00:00,480,18,6,True,True,True,1790580383
2026-09-28T07:26:31+00:00,421,0,20,True,True,True,1790580383
2026-09-28T07:26:31+00:00,746,8,2,True,True,True,1790580383
2026-09-28T07:26:31+00:00,417,0,14,True,True,True,1790580383
2026-09-28T07:26:31+00:00,427,0,14,True,True,True,1790580383
2026-09-28T07:26:31+00:00,395,1,14,True,True,True,1790580383
2026-09-28T07:26:31+00:00,418,18,8,True,True,True,1790580383
2026-09-28T07:26:31+00:00,413,3,10,True,True,True,1790580383
2026-09-28T07:26:31+00:00,486,0,23,True,True,True,1790580383
2026-09-28T07:26:31+00:00,597,13,2,True,True,True,1790580383
2026-09-28T07:26:31+00:00,422,0,9,True,True,True,1790580383
2026-09-28T07:26:31+00:00,382,0,7,True,True,True,1790580383
2026-09-28T07:26:31+00:00,396,19,0,True,True,True,1790580383
2026-09-28T07:26:31+00:00,735,12,2,True,True,True,1790580383
2026-09-28T07:26:31+00:00,437,23,0,True,True,True,1790580383
2026-09-28T07:26:31+00:00,446,0,19,True,True,True,1790580383
2026-09-28T07:26:31+00:00,424,0,8,True,True,True,1790580383
2026-09-28T07:26:31+00:00,455,0,12,True,True,True,1790580383
2026-09-28T07:26:31+00:00,457,0,10,True,True,True,1790580383
2026-09-28T07:26:31+00:00,377,4,25,True,True,True,1790580383
2026-09-28T07:26:31+00:00,738,3,9,True,True,True,1790580383
2026-09-28T07:26:31+00:00,460,7,19,True,True,True,1790580383
2026-09-28T07:26:31+00:00,744,0,9,True,True,True,1790580383
2026-09-28T07:26:31+00:00,485,0,19,True,True,True,1790580383
